effective_start	effective_end	program_family	product	otr_rupiah	dp_thousand_rupiah	voucher_thousand_rupiah	cukup_bayar_thousand_rupiah	installment_12_thousand	installment_24_thousand	installment_36_thousand	installment_42_thousand	installment_48_thousand	source_filename	source_sheet	source_rows	offer_row	unit_note	data_quality
2026-08-01	2026-08-31	SMH	BeAT Sporty CBS	18035000	1450	150	1300	1751.869206242476	1017.0778227786018	787	707.7194730845362	660.5775650714539	1. PL SMH periode Agustus 2026.xlsx	PL 1	7-9	7	DP/voucher/cukup bayar/installment values are source-stated in thousands (000) Rupiah; OTR is stored as full Rupiah.	Structured from source workbook cells. Blank voucher treated as 0 only where source voucher cell is blank; no financing formula was invented.
2026-08-01	2026-08-31	SMH	BeAT Sporty CBS	18035000	1850	150	1700	1713.2668107983952	995.1224237389183	769.7642786186371	692.6763749954897	646.6367064650685	1. PL SMH periode Agustus 2026.xlsx	PL 1	7-9	8	DP/voucher/cukup bayar/installment values are source-stated in thousands (000) Rupiah; OTR is stored as full Rupiah.	Structured from source workbook cells. Blank voucher treated as 0 only where source voucher cell is blank; no financing formula was invented.
2026-08-01	2026-08-31	SMH	BeAT Sporty CBS	18035000	2750	150	2600	1626.411421049213	945.7227758996305	731.8535088952092	658.8294042951355	615.2697746007011	1. PL SMH periode Agustus 2026.xlsx	PL 1	7-9	9	DP/voucher/cukup bayar/installment values are source-stated in thousands (000) Rupiah; OTR is stored as full Rupiah.	Structured from source workbook cells. Blank voucher treated as 0 only where source voucher cell is blank; no financing formula was invented.
2026-08-01	2026-08-31	SMH	BeAT Sporty ISS Deluxe	18850000	1550	150	1400	1823.474381900514	1058.7387413413774	819	736.7545327836567	687.6981985346828	1. PL SMH periode Agustus 2026.xlsx	PL 1	11-13	11	DP/voucher/cukup bayar/installment values are source-stated in thousands (000) Rupiah; OTR is stored as full Rupiah.	Structured from source workbook cells. Blank voucher treated as 0 only where source voucher cell is blank; no financing formula was invented.
2026-08-01	2026-08-31	SMH	BeAT Sporty ISS Deluxe	18850000	1900	150	1750	1789.697285886943	1039.527767181654	804.1169119881338	723.5918219557411	675.4999472540953	1. PL SMH periode Agustus 2026.xlsx	PL 1	11-13	12	DP/voucher/cukup bayar/installment values are source-stated in thousands (000) Rupiah; OTR is stored as full Rupiah.	Structured from source workbook cells. Blank voucher treated as 0 only where source voucher cell is blank; no financing formula was invented.
2026-08-01	2026-08-31	SMH	BeAT Sporty ISS Deluxe	18850000	2850	150	2700	1698.016596707251	987.3836944624059	764.0999883911823	687.8644639942561	642.3904080639297	1. PL SMH periode Agustus 2026.xlsx	PL 1	11-13	13	DP/voucher/cukup bayar/installment values are source-stated in thousands (000) Rupiah; OTR is stored as full Rupiah.	Structured from source workbook cells. Blank voucher treated as 0 only where source voucher cell is blank; no financing formula was invented.
2026-08-01	2026-08-31	SMH	BeAT Sporty Deluxe Smart Key	19380000	1550	150	1400	1876.3155604221101	1089.4005538702472	843	758.0818850994023	707.6013881062867	1. PL SMH periode Agustus 2026.xlsx	PL 1	15-17	15	DP/voucher/cukup bayar/installment values are source-stated in thousands (000) Rupiah; OTR is stored as full Rupiah.	Structured from source workbook cells. Blank voucher treated as 0 only where source voucher cell is blank; no financing formula was invented.
2026-08-01	2026-08-31	SMH	BeAT Sporty Deluxe Smart Key	19380000	1950	150	1800	1837.713164978029	1067.4451548305638	825.7201534996418	743.0387870103558	693.6605294999011	1. PL SMH periode Agustus 2026.xlsx	PL 1	15-17	16	DP/voucher/cukup bayar/installment values are source-stated in thousands (000) Rupiah; OTR is stored as full Rupiah.	Structured from source workbook cells. Blank voucher treated as 0 only where source voucher cell is blank; no financing formula was invented.
2026-08-01	2026-08-31	SMH	BeAT Sporty Deluxe Smart Key	19380000	2950	150	2800	1741.2071763678268	1012.5566572313551	783.5970760291665	705.4310417877401	658.8083829839373	1. PL SMH periode Agustus 2026.xlsx	PL 1	15-17	17	DP/voucher/cukup bayar/installment values are source-stated in thousands (000) Rupiah; OTR is stored as full Rupiah.	Structured from source workbook cells. Blank voucher treated as 0 only where source voucher cell is blank; no financing formula was invented.
2026-08-01	2026-08-31	SMH	Scoopy Fashion	21815000	1833	333	1500	2166.705397678785	1295.076135960767	1025.4929065047297	935.2672812797796	882.4525422613208	1. PL SMH periode Agustus 2026.xlsx	PL 1	19-21	19	DP/voucher/cukup bayar/installment values are source-stated in thousands (000) Rupiah; OTR is stored as full Rupiah.	Structured from source workbook cells. Blank voucher treated as 0 only where source voucher cell is blank; no financing formula was invented.
2026-08-01	2026-08-31	SMH	Scoopy Fashion	21815000	2233	333	1900	2126.72020274434	1271.6686884748951	1007.1029752813113	918.6255517234882	866.8640297181521	1. PL SMH periode Agustus 2026.xlsx	PL 1	19-21	20	DP/voucher/cukup bayar/installment values are source-stated in thousands (000) Rupiah; OTR is stored as full Rupiah.	Structured from source workbook cells. Blank voucher treated as 0 only where source voucher cell is blank; no financing formula was invented.
2026-08-01	2026-08-31	SMH	Scoopy Fashion	21815000	3333	333	3000	2016.7609166746151	1207.2982078887474	956.5306644169112	872.8607954436864	823.9956202244383	1. PL SMH periode Agustus 2026.xlsx	PL 1	19-21	21	DP/voucher/cukup bayar/installment values are source-stated in thousands (000) Rupiah; OTR is stored as full Rupiah.	Structured from source workbook cells. Blank voucher treated as 0 only where source voucher cell is blank; no financing formula was invented.
2026-08-01	2026-08-31	SMH	Scoopy Prestige / Scoopy Stylish	22625000	1833	333	1500	2250.3555250745057	1345.035821502238	1065.0413730972516	971.3257487958745	916.4657023484809	1. PL SMH periode Agustus 2026.xlsx	PL 1	23-25	23	DP/voucher/cukup bayar/installment values are source-stated in thousands (000) Rupiah; OTR is stored as full Rupiah.	Structured from source workbook cells. Blank voucher treated as 0 only where source voucher cell is blank; no financing formula was invented.
2026-08-01	2026-08-31	SMH	Scoopy Prestige / Scoopy Stylish	22625000	2333	333	2000	2200.3740314064485	1315.7765121448979	1042.0539590679787	950.5235868505101	896.9800616695201	1. PL SMH periode Agustus 2026.xlsx	PL 1	23-25	24	DP/voucher/cukup bayar/installment values are source-stated in thousands (000) Rupiah; OTR is stored as full Rupiah.	Structured from source workbook cells. Blank voucher treated as 0 only where source voucher cell is blank; no financing formula was invented.
2026-08-01	2026-08-31	SMH	Scoopy Prestige / Scoopy Stylish	22625000	3433	333	3100	2090.414745336724	1251.4060315587499	991.4816482035787	904.7588305707083	854.1116521758061	1. PL SMH periode Agustus 2026.xlsx	PL 1	23-25	25	DP/voucher/cukup bayar/installment values are source-stated in thousands (000) Rupiah; OTR is stored as full Rupiah.	Structured from source workbook cells. Blank voucher treated as 0 only where source voucher cell is blank; no financing formula was invented.
2026-08-01	2026-08-31	SMH	Vario 125 CBS	23220000	1900	0	1900	2270.7585634034704	1340.8212042965254	1051.328417295143	953.4656240737421	895.6498887027606	1. PL SMH periode Agustus 2026.xlsx	PL 1	27-29	27	DP/voucher/cukup bayar/installment values are source-stated in thousands (000) Rupiah; OTR is stored as full Rupiah.	Structured from source workbook cells. Blank voucher treated as 0 only where source voucher cell is blank; no financing formula was invented.
2026-08-01	2026-08-31	SMH	Vario 125 CBS	23220000	2400	0	2400	2221.5217957247787	1312.3474723366146	1029.177130661172	933.5323225719746	877.0606516636984	1. PL SMH periode Agustus 2026.xlsx	PL 1	27-29	28	DP/voucher/cukup bayar/installment values are source-stated in thousands (000) Rupiah; OTR is stored as full Rupiah.	Structured from source workbook cells. Blank voucher treated as 0 only where source voucher cell is blank; no financing formula was invented.
2026-08-01	2026-08-31	SMH	Vario 125 CBS	23220000	3500	0	3500	2113.200906831658	1249.705262024811	980.4443000664367	889.6790592680861	836.1643301777616	1. PL SMH periode Agustus 2026.xlsx	PL 1	27-29	29	DP/voucher/cukup bayar/installment values are source-stated in thousands (000) Rupiah; OTR is stored as full Rupiah.	Structured from source workbook cells. Blank voucher treated as 0 only where source voucher cell is blank; no financing formula was invented.
2026-08-01	2026-08-31	SMH	Vario 125 CBS ISS	24980000	2000	0	2000	2439.9613063725055	1440.7662813743689	1129.7049857149236	1024.5557505496456	962.4372995367034	1. PL SMH periode Agustus 2026.xlsx	PL 1	31-33	31	DP/voucher/cukup bayar/installment values are source-stated in thousands (000) Rupiah; OTR is stored as full Rupiah.	Structured from source workbook cells. Blank voucher treated as 0 only where source voucher cell is blank; no financing formula was invented.
2026-08-01	2026-08-31	SMH	Vario 125 CBS ISS	24980000	2500	0	2500	2390.724538693814	1412.2925494144579	1107.5536990809526	1004.622449047878	943.8480624976411	1. PL SMH periode Agustus 2026.xlsx	PL 1	31-33	32	DP/voucher/cukup bayar/installment values are source-stated in thousands (000) Rupiah; OTR is stored as full Rupiah.	Structured from source workbook cells. Blank voucher treated as 0 only where source voucher cell is blank; no financing formula was invented.
2026-08-01	2026-08-31	SMH	Vario 125 CBS ISS	24980000	3800	0	3800	2262.7089427292167	1338.26084631869	1049.9603538326287	952.7958651432825	895.5160461960794	1. PL SMH periode Agustus 2026.xlsx	PL 1	31-33	33	DP/voucher/cukup bayar/installment values are source-stated in thousands (000) Rupiah; OTR is stored as full Rupiah.	Structured from source workbook cells. Blank voucher treated as 0 only where source voucher cell is blank; no financing formula was invented.
2026-08-01	2026-08-31	SMH	Vario 125 Street	25315000	2100	600	1500	2414.958765791541	1402.5663280375566	1084.9021854831528	976.2237308759246	911.3108775366004	1. PL SMH periode Agustus 2026.xlsx	PL 1	35-37	35	DP/voucher/cukup bayar/installment values are source-stated in thousands (000) Rupiah; OTR is stored as full Rupiah.	Structured from source workbook cells. Blank voucher treated as 0 only where source voucher cell is blank; no financing formula was invented.
2026-08-01	2026-08-31	SMH	Vario 125 Street	25315000	2600	600	2000	2366.7057714864395	1375.1220792379522	1063.8406467479151	957.4198582646167	893.8848042786186	1. PL SMH periode Agustus 2026.xlsx	PL 1	35-37	36	DP/voucher/cukup bayar/installment values are source-stated in thousands (000) Rupiah; OTR is stored as full Rupiah.	Structured from source workbook cells. Blank voucher treated as 0 only where source voucher cell is blank; no financing formula was invented.
2026-08-01	2026-08-31	SMH	Vario 125 Street	25315000	3800	600	3200	2250.8985851541966	1309.255882118902	1013.2929537833446	912.2905639974776	852.0622284594622	1. PL SMH periode Agustus 2026.xlsx	PL 1	35-37	37	DP/voucher/cukup bayar/installment values are source-stated in thousands (000) Rupiah; OTR is stored as full Rupiah.	Structured from source workbook cells. Blank voucher treated as 0 only where source voucher cell is blank; no financing formula was invented.
2026-08-01	2026-08-31	SMH	BeAT Street	18940000	1600	0	1600	1827.6221127849917	1061.2010393436776	821	738.495771387464	689.3353781172701	1. PL SMH periode Agustus 2026.xlsx	PL 1	7-9	7	DP/voucher/cukup bayar/installment values are source-stated in thousands (000) Rupiah; OTR is stored as full Rupiah.	Structured from source workbook cells. Blank voucher treated as 0 only where source voucher cell is blank; no financing formula was invented.
2026-08-01	2026-08-31	SMH	BeAT Street	18940000	1900	0	1900	1798.6703162019312	1044.734490063915	808.1430357327619	727.2134478206791	678.8797341624809	1. PL SMH periode Agustus 2026.xlsx	PL 1	7-9	8	DP/voucher/cukup bayar/installment values are source-stated in thousands (000) Rupiah; OTR is stored as full Rupiah.	Structured from source workbook cells. Blank voucher treated as 0 only where source voucher cell is blank; no financing formula was invented.
2026-08-01	2026-08-31	SMH	BeAT Street	18940000	2900	0	2900	1702.1643275917286	989.8459924647063	766.0199582622865	689.6057025980632	644.0275876465171	1. PL SMH periode Agustus 2026.xlsx	PL 1	7-9	9	DP/voucher/cukup bayar/installment values are source-stated in thousands (000) Rupiah; OTR is stored as full Rupiah.	Structured from source workbook cells. Blank voucher treated as 0 only where source voucher cell is blank; no financing formula was invented.
2026-08-01	2026-08-31	SMH	Genio CBS - BK	19205000	1600	0	1600	1872.8920239985146	1096.6220596201185	854.0322152774871	771.4903886723031	722.4382117336174	1. PL SMH periode Agustus 2026.xlsx	PL 1	11-13	11	DP/voucher/cukup bayar/installment values are source-stated in thousands (000) Rupiah; OTR is stored as full Rupiah.	Structured from source workbook cells. Blank voucher treated as 0 only where source voucher cell is blank; no financing formula was invented.
2026-08-01	2026-08-31	SMH	Genio CBS - BK	19205000	2000	0	2000	1833.897173203179	1074.2569314760774	836.7499823661431	755.9988859894224	708.0358142174487	1. PL SMH periode Agustus 2026.xlsx	PL 1	11-13	12	DP/voucher/cukup bayar/installment values are source-stated in thousands (000) Rupiah; OTR is stored as full Rupiah.	Structured from source workbook cells. Blank voucher treated as 0 only where source voucher cell is blank; no financing formula was invented.
2026-08-01	2026-08-31	SMH	Genio CBS - BK	19205000	2900	0	2900	1746.1587589136745	1023.935393151985	797.8649583156188	721.1430049529409	675.6304198060691	1. PL SMH periode Agustus 2026.xlsx	PL 1	11-13	13	DP/voucher/cukup bayar/installment values are source-stated in thousands (000) Rupiah; OTR is stored as full Rupiah.	Structured from source workbook cells. Blank voucher treated as 0 only where source voucher cell is blank; no financing formula was invented.
2026-08-01	2026-08-31	SMH	Genio CBS PH / PD	19405000	1600	0	1600	1893.0348141768447	1108.408482152028	863.209080953411	779.7783426076442	730.1975033954534	1. PL SMH periode Agustus 2026.xlsx	PL 1	15-17	15	DP/voucher/cukup bayar/installment values are source-stated in thousands (000) Rupiah; OTR is stored as full Rupiah.	Structured from source workbook cells. Blank voucher treated as 0 only where source voucher cell is blank; no financing formula was invented.
2026-08-01	2026-08-31	SMH	Genio CBS PH / PD	19405000	2000	0	2000	1854.0399633815096	1086.043354007987	845.9268480420668	764.2868399247635	715.7951058792845	1. PL SMH periode Agustus 2026.xlsx	PL 1	15-17	16	DP/voucher/cukup bayar/installment values are source-stated in thousands (000) Rupiah; OTR is stored as full Rupiah.	Structured from source workbook cells. Blank voucher treated as 0 only where source voucher cell is blank; no financing formula was invented.
2026-08-01	2026-08-31	SMH	Genio CBS PH / PD	19405000	3000	0	3000	1756.5528363931712	1030.1305336478842	802.7212657637066	725.558083217562	679.7891120888628	1. PL SMH periode Agustus 2026.xlsx	PL 1	15-17	17	DP/voucher/cukup bayar/installment values are source-stated in thousands (000) Rupiah; OTR is stored as full Rupiah.	Structured from source workbook cells. Blank voucher treated as 0 only where source voucher cell is blank; no financing formula was invented.
2026-08-01	2026-08-31	SMH	Genio CBS ISS	19745000	1600	0	1600	1927.2775574800064	1128.4454004562745	878.8097526024811	793.867864297724	743.3882992205745	1. PL SMH periode Agustus 2026.xlsx	PL 1	19-21	19	DP/voucher/cukup bayar/installment values are source-stated in thousands (000) Rupiah; OTR is stored as full Rupiah.	Structured from source workbook cells. Blank voucher treated as 0 only where source voucher cell is blank; no financing formula was invented.
2026-08-01	2026-08-31	SMH	Genio CBS ISS	19745000	2000	0	2000	1888.2827066846714	1106.0802723122335	861.5275196911372	778.3763616148435	728.9859017044058	1. PL SMH periode Agustus 2026.xlsx	PL 1	19-21	20	DP/voucher/cukup bayar/installment values are source-stated in thousands (000) Rupiah; OTR is stored as full Rupiah.	Structured from source workbook cells. Blank voucher treated as 0 only where source voucher cell is blank; no financing formula was invented.
2026-08-01	2026-08-31	SMH	Genio CBS ISS	19745000	3000	0	3000	1790.795579696333	1050.1674519521307	818.3219374127767	739.6476049076418	692.9799079139838	1. PL SMH periode Agustus 2026.xlsx	PL 1	19-21	21	DP/voucher/cukup bayar/installment values are source-stated in thousands (000) Rupiah; OTR is stored as full Rupiah.	Structured from source workbook cells. Blank voucher treated as 0 only where source voucher cell is blank; no financing formula was invented.
2026-08-01	2026-08-31	SMH	STYLO 160 CBS	28500000	2300	0	2300	2838.4946847614224	1710.5055199418791	1363	1247.8094159206687	1180.7317915037852	1. PL SMH periode Agustus 2026.xlsx	PL 1	23-25	23	DP/voucher/cukup bayar/installment values are source-stated in thousands (000) Rupiah; OTR is stored as full Rupiah.	Structured from source workbook cells. Blank voucher treated as 0 only where source voucher cell is blank; no financing formula was invented.
2026-08-01	2026-08-31	SMH	STYLO 160 CBS	28500000	2900	0	2900	2777.9171928095598	1674.7582781458107	1334.9249079326298	1222.1396069118093	1156.6186157653167	1. PL SMH periode Agustus 2026.xlsx	PL 1	23-25	24	DP/voucher/cukup bayar/installment values are source-stated in thousands (000) Rupiah; OTR is stored as full Rupiah.	Structured from source workbook cells. Blank voucher treated as 0 only where source voucher cell is blank; no financing formula was invented.
2026-08-01	2026-08-31	SMH	STYLO 160 CBS	28500000	4300	0	4300	2636.569711588547	1591.3480472883173	1268.9747748567006	1162.2433858911368	1100.3545390422235	1. PL SMH periode Agustus 2026.xlsx	PL 1	23-25	25	DP/voucher/cukup bayar/installment values are source-stated in thousands (000) Rupiah; OTR is stored as full Rupiah.	Structured from source workbook cells. Blank voucher treated as 0 only where source voucher cell is blank; no financing formula was invented.
2026-08-01	2026-08-31	SMH	STYLO 160 ABS	31225000	2500	0	2500	3102.531527276058	1869.7088402174868	1490	1363.99738894702	1290.6954082386203	1. PL SMH periode Agustus 2026.xlsx	PL 1	27-29	27	DP/voucher/cukup bayar/installment values are source-stated in thousands (000) Rupiah; OTR is stored as full Rupiah.	Structured from source workbook cells. Blank voucher treated as 0 only where source voucher cell is blank; no financing formula was invented.
2026-08-01	2026-08-31	SMH	STYLO 160 ABS	31225000	3200	0	3200	3031.857786665552	1828.00372478874	1457.1187277128488	1334.0492784366838	1262.5633698770735	1. PL SMH periode Agustus 2026.xlsx	PL 1	27-29	28	DP/voucher/cukup bayar/installment values are source-stated in thousands (000) Rupiah; OTR is stored as full Rupiah.	Structured from source workbook cells. Blank voucher treated as 0 only where source voucher cell is blank; no financing formula was invented.
2026-08-01	2026-08-31	SMH	STYLO 160 ABS	31225000	4700	0	4700	2880.414056785895	1738.635620298569	1386.4578708457818	1269.8747559145345	1202.280430530902	1. PL SMH periode Agustus 2026.xlsx	PL 1	27-29	29	DP/voucher/cukup bayar/installment values are source-stated in thousands (000) Rupiah; OTR is stored as full Rupiah.	Structured from source workbook cells. Blank voucher treated as 0 only where source voucher cell is blank; no financing formula was invented.
2026-08-01	2026-08-31	SMH	STYLO 160 ABS SPECIAL	32995000	2700	0	2700	3267	1969	1569	1436	1359	1. PL SMH periode Agustus 2026.xlsx	PL 1	31-33	31	DP/voucher/cukup bayar/installment values are source-stated in thousands (000) Rupiah; OTR is stored as full Rupiah.	Structured from source workbook cells. Blank voucher treated as 0 only where source voucher cell is blank; no financing formula was invented.
2026-08-01	2026-08-31	SMH	STYLO 160 ABS SPECIAL	32995000	3300	0	3300	3206	1933	1541	1411	1335	1. PL SMH periode Agustus 2026.xlsx	PL 1	31-33	32	DP/voucher/cukup bayar/installment values are source-stated in thousands (000) Rupiah; OTR is stored as full Rupiah.	Structured from source workbook cells. Blank voucher treated as 0 only where source voucher cell is blank; no financing formula was invented.
2026-08-01	2026-08-31	SMH	STYLO 160 ABS SPECIAL	32995000	5000	0	5000	3035	1832	1461	1338	1267	1. PL SMH periode Agustus 2026.xlsx	PL 1	31-33	33	DP/voucher/cukup bayar/installment values are source-stated in thousands (000) Rupiah; OTR is stored as full Rupiah.	Structured from source workbook cells. Blank voucher treated as 0 only where source voucher cell is blank; no financing formula was invented.
2026-08-01	2026-08-31	SMH	New Vario Evo 160 CBS	27010000	2200	0	2200	2600.4721345148564	1523.0395067118304	1186	1071.6905369746698	1003.6409725625106	1. PL SMH periode Agustus 2026.xlsx	PL 1	7-9	7	DP/voucher/cukup bayar/installment values are source-stated in thousands (000) Rupiah; OTR is stored as full Rupiah.	Structured from source workbook cells. Blank voucher treated as 0 only where source voucher cell is blank; no financing formula was invented.
2026-08-01	2026-08-31	SMH	New Vario Evo 160 CBS	27010000	2700	0	2700	2551.7285710206875	1495.0830965317793	1164.6332577742144	1052.3261586210692	985.6379756672997	1. PL SMH periode Agustus 2026.xlsx	PL 1	7-9	8	DP/voucher/cukup bayar/installment values are source-stated in thousands (000) Rupiah; OTR is stored as full Rupiah.	Structured from source workbook cells. Blank voucher treated as 0 only where source voucher cell is blank; no financing formula was invented.
2026-08-01	2026-08-31	SMH	New Vario Evo 160 CBS	27010000	4100	0	4100	2415.246593237014	1416.8051480276354	1104.14544258451	998.1058992309871	935.229584360709	1. PL SMH periode Agustus 2026.xlsx	PL 1	7-9	9	DP/voucher/cukup bayar/installment values are source-stated in thousands (000) Rupiah; OTR is stored as full Rupiah.	Structured from source workbook cells. Blank voucher treated as 0 only where source voucher cell is blank; no financing formula was invented.
2026-08-01	2026-08-31	SMH	New Vario Evo 160 CBS SP	27580000	2300	0	2300	2648.1303738242646	1551.0395288917628	1208	1091.4383300196719	1022.1543544197008	1. PL SMH periode Agustus 2026.xlsx	PL 1	11-13	11	DP/voucher/cukup bayar/installment values are source-stated in thousands (000) Rupiah; OTR is stored as full Rupiah.	Structured from source workbook cells. Blank voucher treated as 0 only where source voucher cell is blank; no financing formula was invented.
2026-08-01	2026-08-31	SMH	New Vario Evo 160 CBS SP	27580000	2800	0	2800	2599.386810330095	1523.0831187117112	1186.466766722761	1072.0739516660713	1004.1513575244899	1. PL SMH periode Agustus 2026.xlsx	PL 1	11-13	12	DP/voucher/cukup bayar/installment values are source-stated in thousands (000) Rupiah; OTR is stored as full Rupiah.	Structured from source workbook cells. Blank voucher treated as 0 only where source voucher cell is blank; no financing formula was invented.
2026-08-01	2026-08-31	SMH	New Vario Evo 160 CBS SP	27580000	4200	0	4200	2462.904832546422	1444.8051702075675	1125.9789515330563	1017.8536922759891	953.7429662178993	1. PL SMH periode Agustus 2026.xlsx	PL 1	11-13	13	DP/voucher/cukup bayar/installment values are source-stated in thousands (000) Rupiah; OTR is stored as full Rupiah.	Structured from source workbook cells. Blank voucher treated as 0 only where source voucher cell is blank; no financing formula was invented.
2026-08-01	2026-08-31	SMH	New Vario Evo 160 ABS	29735000	2400	0	2400	2855.4202252969408	1672.4469496370787	1303	1176.8681580022526	1102.1601226969406	1. PL SMH periode Agustus 2026.xlsx	PL 1	15-17	15	DP/voucher/cukup bayar/installment values are source-stated in thousands (000) Rupiah; OTR is stored as full Rupiah.	Structured from source workbook cells. Blank voucher treated as 0 only where source voucher cell is blank; no financing formula was invented.
2026-08-01	2026-08-31	SMH	New Vario Evo 160 ABS	29735000	3000	0	3000	2796.927949103938	1638.899257421017	1276.7063779251669	1153.6309039779317	1080.5565264226873	1. PL SMH periode Agustus 2026.xlsx	PL 1	15-17	16	DP/voucher/cukup bayar/installment values are source-stated in thousands (000) Rupiah; OTR is stored as full Rupiah.	Structured from source workbook cells. Blank voucher treated as 0 only where source voucher cell is blank; no financing formula was invented.
2026-08-01	2026-08-31	SMH	New Vario Evo 160 ABS	29735000	4500	0	4500	2650.6972586214306	1555.030026880863	1211.8980045076264	1095.5377689171296	1026.5475357370544	1. PL SMH periode Agustus 2026.xlsx	PL 1	15-17	17	DP/voucher/cukup bayar/installment values are source-stated in thousands (000) Rupiah; OTR is stored as full Rupiah.	Structured from source workbook cells. Blank voucher treated as 0 only where source voucher cell is blank; no financing formula was invented.
2026-08-01	2026-08-31	SMH	PCX 160 CBS MMC	32850000	2700	600	2100	3076.866719458967	1772.1984928589545	1361	1219.9765236379649	1135.1563560512575	1. PL SMH periode Agustus 2026.xlsx	PL 1	19-21	19	DP/voucher/cukup bayar/installment values are source-stated in thousands (000) Rupiah; OTR is stored as full Rupiah.	Structured from source workbook cells. Blank voucher treated as 0 only where source voucher cell is blank; no financing formula was invented.
2026-08-01	2026-08-31	SMH	PCX 160 CBS MMC	32850000	3300	600	2700	3019.548636059891	1739.8737526799187	1336.6639034550753	1198.074220734574	1114.925971923513	1. PL SMH periode Agustus 2026.xlsx	PL 1	19-21	20	DP/voucher/cukup bayar/installment values are source-stated in thousands (000) Rupiah; OTR is stored as full Rupiah.	Structured from source workbook cells. Blank voucher treated as 0 only where source voucher cell is blank; no financing formula was invented.
2026-08-01	2026-08-31	SMH	PCX 160 CBS MMC	32850000	5000	600	4400	2857.147399762509	1648.2869888393163	1266.8700102785415	1136.0176958416328	1057.6065502282372	1. PL SMH periode Agustus 2026.xlsx	PL 1	19-21	21	DP/voucher/cukup bayar/installment values are source-stated in thousands (000) Rupiah; OTR is stored as full Rupiah.	Structured from source workbook cells. Blank voucher treated as 0 only where source voucher cell is blank; no financing formula was invented.
2026-08-01	2026-08-31	SMH	PCX 160 ABS MMC	36260000	2900	600	2300	3394.301047962919	1955.0563155777436	1502	1345.8673103428393	1252.2995524102894	1. PL SMH periode Agustus 2026.xlsx	PL 1	23-25	23	DP/voucher/cukup bayar/installment values are source-stated in thousands (000) Rupiah; OTR is stored as full Rupiah.	Structured from source workbook cells. Blank voucher treated as 0 only where source voucher cell is blank; no financing formula was invented.
2026-08-01	2026-08-31	SMH	PCX 160 ABS MMC	36260000	3700	600	3100	3317.8769367641507	1911.9566620056955	1468.920046606104	1316.6642398049846	1225.3257069066299	1. PL SMH periode Agustus 2026.xlsx	PL 1	23-25	24	DP/voucher/cukup bayar/installment values are source-stated in thousands (000) Rupiah; OTR is stored as full Rupiah.	Structured from source workbook cells. Blank voucher treated as 0 only where source voucher cell is blank; no financing formula was invented.
2026-08-01	2026-08-31	SMH	PCX 160 ABS MMC	36260000	5500	600	4900	3145.922686566923	1814.9824414685875	1395.020630301539	1250.9573310948117	1164.634554523397	1. PL SMH periode Agustus 2026.xlsx	PL 1	23-25	25	DP/voucher/cukup bayar/installment values are source-stated in thousands (000) Rupiah; OTR is stored as full Rupiah.	Structured from source workbook cells. Blank voucher treated as 0 only where source voucher cell is blank; no financing formula was invented.
2026-08-01	2026-08-31	SMH	PCX 160 ABS RoadSync MMC	39260000	3200	600	2600	3661.718566061308	2109.2453262317454	1620	1452.0934794242858	1351.1755548346398	1. PL SMH periode Agustus 2026.xlsx	PL 1	27-29	27	DP/voucher/cukup bayar/installment values are source-stated in thousands (000) Rupiah; OTR is stored as full Rupiah.	Structured from source workbook cells. Blank voucher treated as 0 only where source voucher cell is blank; no financing formula was invented.
2026-08-01	2026-08-31	SMH	PCX 160 ABS RoadSync MMC	39260000	4000	600	3400	3585.29445486254	2066.145672659697	1587.4054440810899	1422.890408886431	1324.201709330981	1. PL SMH periode Agustus 2026.xlsx	PL 1	27-29	28	DP/voucher/cukup bayar/installment values are source-stated in thousands (000) Rupiah; OTR is stored as full Rupiah.	Structured from source workbook cells. Blank voucher treated as 0 only where source voucher cell is blank; no financing formula was invented.
2026-08-01	2026-08-31	SMH	PCX 160 ABS RoadSync MMC	39260000	5900	600	5300	3403.787190765466	1963.7839954260833	1509	1353.5331163590265	1260.1388262597902	1. PL SMH periode Agustus 2026.xlsx	PL 1	27-29	29	DP/voucher/cukup bayar/installment values are source-stated in thousands (000) Rupiah; OTR is stored as full Rupiah.	Structured from source workbook cells. Blank voucher treated as 0 only where source voucher cell is blank; no financing formula was invented.
2026-08-01	2026-08-31	SMH	ADV 160 CBS	35565000	2900	0	2900	3325.7099782763985	1915.5915790388278	1471.4617759746684	1318.7212310859948	1227.0499256871842	1. PL SMH periode Agustus 2026.xlsx	PL 1	31-33	31	DP/voucher/cukup bayar/installment values are source-stated in thousands (000) Rupiah; OTR is stored as full Rupiah.	Structured from source workbook cells. Blank voucher treated as 0 only where source voucher cell is blank; no financing formula was invented.
2026-08-01	2026-08-31	SMH	ADV 160 CBS	35565000	3600	0	3600	3258.8388809774765	1877.8793821632862	1442.7231140784486	1293.168544365372	1203.4478108714825	1. PL SMH periode Agustus 2026.xlsx	PL 1	31-33	32	DP/voucher/cukup bayar/installment values are source-stated in thousands (000) Rupiah; OTR is stored as full Rupiah.	Structured from source workbook cells. Blank voucher treated as 0 only where source voucher cell is blank; no financing formula was invented.
2026-08-01	2026-08-31	SMH	ADV 160 CBS	35565000	5400	0	5400	3086.8846307802482	1780.905161626178	1368.8236977738836	1227.461635655199	1142.7566584882495	1. PL SMH periode Agustus 2026.xlsx	PL 1	31-33	33	DP/voucher/cukup bayar/installment values are source-stated in thousands (000) Rupiah; OTR is stored as full Rupiah.	Structured from source workbook cells. Blank voucher treated as 0 only where source voucher cell is blank; no financing formula was invented.
2026-08-01	2026-08-31	SMH	ADV 160 ABS	38485000	3100	0	3100	3594.78513534669	2070.625342902842	1590.5646441281103	1425.4730554371224	1326.3912269464731	1. PL SMH periode Agustus 2026.xlsx	PL 1	35-37	35	DP/voucher/cukup bayar/installment values are source-stated in thousands (000) Rupiah; OTR is stored as full Rupiah.	Structured from source workbook cells. Blank voucher treated as 0 only where source voucher cell is blank; no financing formula was invented.
2026-08-01	2026-08-31	SMH	ADV 160 ABS	38485000	3900	0	3900	3518.361024147922	2027.5256893307942	1557.720459103859	1396.269984899268	1299.4173814428138	1. PL SMH periode Agustus 2026.xlsx	PL 1	35-37	36	DP/voucher/cukup bayar/installment values are source-stated in thousands (000) Rupiah; OTR is stored as full Rupiah.	Structured from source workbook cells. Blank voucher treated as 0 only where source voucher cell is blank; no financing formula was invented.
2026-08-01	2026-08-31	SMH	ADV 160 ABS	38485000	5800	0	5800	3336.8537600508475	1925.16401209718	1479.7155196712624	1326.912692371863	1235.3544983716235	1. PL SMH periode Agustus 2026.xlsx	PL 1	35-37	37	DP/voucher/cukup bayar/installment values are source-stated in thousands (000) Rupiah; OTR is stored as full Rupiah.	Structured from source workbook cells. Blank voucher treated as 0 only where source voucher cell is blank; no financing formula was invented.
2026-08-01	2026-08-31	SMH	ADV 160 ABS RoadSync	40000000	3200	0	3200	3734.750784144797	2151.2653334818137	1652.5141142639143	1480.9972184891271	1378.0600494750684	1. PL SMH periode Agustus 2026.xlsx	PL 1	39-41	39	DP/voucher/cukup bayar/installment values are source-stated in thousands (000) Rupiah; OTR is stored as full Rupiah.	Structured from source workbook cells. Blank voucher treated as 0 only where source voucher cell is blank; no financing formula was invented.
2026-08-01	2026-08-31	SMH	ADV 160 ABS RoadSync	40000000	4000	0	4000	3658.3266729460283	2108.165679909766	1619.6699292396631	1451.7941479512726	1351.0862039714093	1. PL SMH periode Agustus 2026.xlsx	PL 1	39-41	40	DP/voucher/cukup bayar/installment values are source-stated in thousands (000) Rupiah; OTR is stored as full Rupiah.	Structured from source workbook cells. Blank voucher treated as 0 only where source voucher cell is blank; no financing formula was invented.
2026-08-01	2026-08-31	SMH	ADV 160 ABS RoadSync	40000000	6000	0	6000	3467.2663949491084	2000.416545979646	1537.5594666790355	1378.786471606636	1283.6515902122612	1. PL SMH periode Agustus 2026.xlsx	PL 1	39-41	41	DP/voucher/cukup bayar/installment values are source-stated in thousands (000) Rupiah; OTR is stored as full Rupiah.	Structured from source workbook cells. Blank voucher treated as 0 only where source voucher cell is blank; no financing formula was invented.
2026-08-01	2026-08-31	SMH	Revo Fit	16815000	1400	0	1400	1702.086568475216	1021.1666018956449	811	741.0144647210722	700.0976722257928	1. PL SMH periode Agustus 2026.xlsx	PL 2	7-9	7	DP/voucher/cukup bayar/installment values are source-stated in thousands (000) Rupiah; OTR is stored as full Rupiah.	Structured from source workbook cells. Blank voucher treated as 0 only where source voucher cell is blank; no financing formula was invented.
2026-08-01	2026-08-31	SMH	Revo Fit	16815000	1700	0	1700	1671.947942833327	1003.452377110954	797.1496518286324	728.3569627828368	688.2243400842774	1. PL SMH periode Agustus 2026.xlsx	PL 2	7-9	8	DP/voucher/cukup bayar/installment values are source-stated in thousands (000) Rupiah; OTR is stored as full Rupiah.	Structured from source workbook cells. Blank voucher treated as 0 only where source voucher cell is blank; no financing formula was invented.
2026-08-01	2026-08-31	SMH	Revo Fit	16815000	2600	0	2600	1581.5320659076601	950.3097027568812	755.2642894159928	690.3844569681313	652.6043436597314	1. PL SMH periode Agustus 2026.xlsx	PL 2	7-9	9	DP/voucher/cukup bayar/installment values are source-stated in thousands (000) Rupiah; OTR is stored as full Rupiah.	Structured from source workbook cells. Blank voucher treated as 0 only where source voucher cell is blank; no financing formula was invented.
2026-08-01	2026-08-31	SMH	Revo X	18555000	1500	0	1500	1872.630402001605	1123.552459254521	892	815.3477544370147	770.3422840636879	1. PL SMH periode Agustus 2026.xlsx	PL 2	11-13	11	DP/voucher/cukup bayar/installment values are source-stated in thousands (000) Rupiah; OTR is stored as full Rupiah.	Structured from source workbook cells. Blank voucher treated as 0 only where source voucher cell is blank; no financing formula was invented.
2026-08-01	2026-08-31	SMH	Revo X	18555000	1900	0	1900	1832.4455678124198	1099.9334928749329	873.8408196203441	798.4710851860343	754.5111745416674	1. PL SMH periode Agustus 2026.xlsx	PL 2	11-13	12	DP/voucher/cukup bayar/installment values are source-stated in thousands (000) Rupiah; OTR is stored as full Rupiah.	Structured from source workbook cells. Blank voucher treated as 0 only where source voucher cell is blank; no financing formula was invented.
2026-08-01	2026-08-31	SMH	Revo X	18555000	2800	0	2800	1742.0296908867533	1046.7908185208598	831.9554572077044	760.4985793713288	718.8911781171212	1. PL SMH periode Agustus 2026.xlsx	PL 2	11-13	13	DP/voucher/cukup bayar/installment values are source-stated in thousands (000) Rupiah; OTR is stored as full Rupiah.	Structured from source workbook cells. Blank voucher treated as 0 only where source voucher cell is blank; no financing formula was invented.
2026-08-01	2026-08-31	SMH	CB 150 Verza Spoke	23110000	2400	0	2400	2210.331188326879	1305.7449970371417	1024	928.8400329664431	872.6540819464224	1. PL SMH periode Agustus 2026.xlsx	PL 2	15-17	15	DP/voucher/cukup bayar/installment values are source-stated in thousands (000) Rupiah; OTR is stored as full Rupiah.	Structured from source workbook cells. Blank voucher treated as 0 only where source voucher cell is blank; no financing formula was invented.
2026-08-01	2026-08-31	SMH	CB 150 Verza Spoke	23110000	3500	0	3500	2102.0102994337576	1243.1027867253383	975	884.9867696625547	831.7577604604855	1. PL SMH periode Agustus 2026.xlsx	PL 2	15-17	16	DP/voucher/cukup bayar/installment values are source-stated in thousands (000) Rupiah; OTR is stored as full Rupiah.	Structured from source workbook cells. Blank voucher treated as 0 only where source voucher cell is blank; no financing formula was invented.
2026-08-01	2026-08-31	SMH	CB 150 Verza Spoke	23110000	4200	0	4200	2033.0788246835896	1203.239561981463	944	857.0801475600804	805.7328286057984	1. PL SMH periode Agustus 2026.xlsx	PL 2	15-17	17	DP/voucher/cukup bayar/installment values are source-stated in thousands (000) Rupiah; OTR is stored as full Rupiah.	Structured from source workbook cells. Blank voucher treated as 0 only where source voucher cell is blank; no financing formula was invented.
2026-08-01	2026-08-31	SMH	CB 150 Verza CW	23760000	2400	0	2400	2276.4576444223917	1344.7597045686114	1055	956.5672553554018	898.6929557288888	1. PL SMH periode Agustus 2026.xlsx	PL 2	19-21	19	DP/voucher/cukup bayar/installment values are source-stated in thousands (000) Rupiah; OTR is stored as full Rupiah.	Structured from source workbook cells. Blank voucher treated as 0 only where source voucher cell is blank; no financing formula was invented.
2026-08-01	2026-08-31	SMH	CB 150 Verza CW	23760000	3600	0	3600	2158.289401993532	1276.4227478648256	1001	908.7273317511598	854.0787868351396	1. PL SMH periode Agustus 2026.xlsx	PL 2	19-21	20	DP/voucher/cukup bayar/installment values are source-stated in thousands (000) Rupiah; OTR is stored as full Rupiah.	Structured from source workbook cells. Blank voucher treated as 0 only where source voucher cell is blank; no financing formula was invented.
2026-08-01	2026-08-31	SMH	CB 150 Verza CW	23760000	4300	0	4300	2089.3579272433644	1236.5595231209506	970	880.8207096486855	828.0538549804523	1. PL SMH periode Agustus 2026.xlsx	PL 2	19-21	21	DP/voucher/cukup bayar/installment values are source-stated in thousands (000) Rupiah; OTR is stored as full Rupiah.	Structured from source workbook cells. Blank voucher treated as 0 only where source voucher cell is blank; no financing formula was invented.
2026-08-01	2026-08-31	SMH	CB 150R STD	32685000	3300	0	3300	3095.7985712968293	1829.2089327613364	1435	1301.4034046852278	1222.76609599475	1. PL SMH periode Agustus 2026.xlsx	PL 2	23-25	23	DP/voucher/cukup bayar/installment values are source-stated in thousands (000) Rupiah; OTR is stored as full Rupiah.	Structured from source workbook cells. Blank voucher treated as 0 only where source voucher cell is blank; no financing formula was invented.
2026-08-01	2026-08-31	SMH	CB 150R STD	32685000	5000	0	5000	2928.3935611892784	1732.3982440976401	1359	1233.630179579218	1159.5626900619386	1. PL SMH periode Agustus 2026.xlsx	PL 2	23-25	24	DP/voucher/cukup bayar/installment values are source-stated in thousands (000) Rupiah; OTR is stored as full Rupiah.	Structured from source workbook cells. Blank voucher treated as 0 only where source voucher cell is blank; no financing formula was invented.
2026-08-01	2026-08-31	SMH	CB 150R STD	32685000	5900	0	5900	2839.767379367633	1681.1455265698007	1319	1197.750236876037	1126.1020633916266	1. PL SMH periode Agustus 2026.xlsx	PL 2	23-25	25	DP/voucher/cukup bayar/installment values are source-stated in thousands (000) Rupiah; OTR is stored as full Rupiah.	Structured from source workbook cells. Blank voucher treated as 0 only where source voucher cell is blank; no financing formula was invented.
2026-08-01	2026-08-31	SMH	CB 150R SE	33695000	3400	0	3400	3188.7015572325804	1884.137039610561	1478	1340.5005822507944	1259.5086524643089	1. PL SMH periode Agustus 2026.xlsx	PL 2	27-29	27	DP/voucher/cukup bayar/installment values are source-stated in thousands (000) Rupiah; OTR is stored as full Rupiah.	Structured from source workbook cells. Blank voucher treated as 0 only where source voucher cell is blank; no financing formula was invented.
2026-08-01	2026-08-31	SMH	CB 150R SE	33695000	5100	0	5100	3021.29654712503	1787.3263509468643	1402	1272.7273571447852	1196.305246531497	1. PL SMH periode Agustus 2026.xlsx	PL 2	27-29	28	DP/voucher/cukup bayar/installment values are source-stated in thousands (000) Rupiah; OTR is stored as full Rupiah.	Structured from source workbook cells. Blank voucher treated as 0 only where source voucher cell is blank; no financing formula was invented.
2026-08-01	2026-08-31	SMH	CB 150R SE	33695000	6100	0	6100	2922.823011767646	1730.3788870270432	1358	1232.8607541412503	1159.1267724533725	1. PL SMH periode Agustus 2026.xlsx	PL 2	27-29	29	DP/voucher/cukup bayar/installment values are source-stated in thousands (000) Rupiah; OTR is stored as full Rupiah.	Structured from source workbook cells. Blank voucher treated as 0 only where source voucher cell is blank; no financing formula was invented.
2026-08-01	2026-08-31	SMH	Supra X 125 SW	19990000	1600	600	1000	1883.6590654188833	1070.534479540698	813	724.1319732796403	670.2034892572277	1. PL SMH periode Agustus 2026.xlsx	PL 2	7-9	7	DP/voucher/cukup bayar/installment values are source-stated in thousands (000) Rupiah; OTR is stored as full Rupiah.	Structured from source workbook cells. Blank voucher treated as 0 only where source voucher cell is blank; no financing formula was invented.
2026-08-01	2026-08-31	SMH	Supra X 125 SW	19990000	2000	600	1400	1846.0285368846392	1049.585157128754	798	710.179728564327	657.3829006396519	1. PL SMH periode Agustus 2026.xlsx	PL 2	7-9	8	DP/voucher/cukup bayar/installment values are source-stated in thousands (000) Rupiah; OTR is stored as full Rupiah.	Structured from source workbook cells. Blank voucher treated as 0 only where source voucher cell is blank; no financing formula was invented.
2026-08-01	2026-08-31	SMH	Supra X 125 SW	19990000	3000	600	2400	1751.9522155490286	997.2118510988945	758	675.2991167760439	625.3314290957123	1. PL SMH periode Agustus 2026.xlsx	PL 2	7-9	9	DP/voucher/cukup bayar/installment values are source-stated in thousands (000) Rupiah; OTR is stored as full Rupiah.	Structured from source workbook cells. Blank voucher treated as 0 only where source voucher cell is blank; no financing formula was invented.
2026-08-01	2026-08-31	SMH	Supra X 125 CW	21025000	1700	600	1100	1974.843339522155	1122.4306647526257	853	759.2724456257461	702.7425438120297	1. PL SMH periode Agustus 2026.xlsx	PL 2	11-13	11	DP/voucher/cukup bayar/installment values are source-stated in thousands (000) Rupiah; OTR is stored as full Rupiah.	Structured from source workbook cells. Blank voucher treated as 0 only where source voucher cell is blank; no financing formula was invented.
2026-08-01	2026-08-31	SMH	Supra X 125 CW	21025000	2200	600	1600	1927.8051788543498	1096.2440117376957	833	741.8321397316043	686.7168080400597	1. PL SMH periode Agustus 2026.xlsx	PL 2	11-13	12	DP/voucher/cukup bayar/installment values are source-stated in thousands (000) Rupiah; OTR is stored as full Rupiah.	Structured from source workbook cells. Blank voucher treated as 0 only where source voucher cell is blank; no financing formula was invented.
2026-08-01	2026-08-31	SMH	Supra X 125 CW	21025000	3200	600	2600	1833.7288575187392	1043.8707057078361	794	706.9515279433215	654.6653364961202	1. PL SMH periode Agustus 2026.xlsx	PL 2	11-13	13	DP/voucher/cukup bayar/installment values are source-stated in thousands (000) Rupiah; OTR is stored as full Rupiah.	Structured from source workbook cells. Blank voucher treated as 0 only where source voucher cell is blank; no financing formula was invented.
2026-08-01	2026-08-31	SMH	Supra GTR 150 SPORTY	25625000	2100	600	1500	2384.287927239962	1355.40806672626	1030	917.0025637610154	848.7850662096374	1. PL SMH periode Agustus 2026.xlsx	PL 2	15-17	15	DP/voucher/cukup bayar/installment values are source-stated in thousands (000) Rupiah; OTR is stored as full Rupiah.	Structured from source workbook cells. Blank voucher treated as 0 only where source voucher cell is blank; no financing formula was invented.
2026-08-01	2026-08-31	SMH	Supra GTR 150 SPORTY	25625000	2600	600	2000	2337.249766572157	1329.22141371133	1010.1193668100867	899.5622578668738	832.7593304376676	1. PL SMH periode Agustus 2026.xlsx	PL 2	15-17	16	DP/voucher/cukup bayar/installment values are source-stated in thousands (000) Rupiah; OTR is stored as full Rupiah.	Structured from source workbook cells. Blank voucher treated as 0 only where source voucher cell is blank; no financing formula was invented.
2026-08-01	2026-08-31	SMH	Supra GTR 150 SPORTY	25625000	3900	600	3300	2214.9505488358627	1261.1361158725126	958.7936678349897	854.2174625421059	791.0924174305461	1. PL SMH periode Agustus 2026.xlsx	PL 2	15-17	17	DP/voucher/cukup bayar/installment values are source-stated in thousands (000) Rupiah; OTR is stored as full Rupiah.	Structured from source workbook cells. Blank voucher treated as 0 only where source voucher cell is blank; no financing formula was invented.
2026-08-01	2026-08-31	SMH	Supra GTR 150 Exclusive	25880000	2100	600	1500	2409.071440370776	1369.4844401879052	1041	926.5197386874485	857.591608659729	1. PL SMH periode Agustus 2026.xlsx	PL 2	19-21	19	DP/voucher/cukup bayar/installment values are source-stated in thousands (000) Rupiah; OTR is stored as full Rupiah.	Structured from source workbook cells. Blank voucher treated as 0 only where source voucher cell is blank; no financing formula was invented.
2026-08-01	2026-08-31	SMH	Supra GTR 150 Exclusive	25880000	2600	600	2000	2362.033279702971	1343.2977871729752	1020.8112995327375	909.0794327933068	841.5658728877592	1. PL SMH periode Agustus 2026.xlsx	PL 2	19-21	20	DP/voucher/cukup bayar/installment values are source-stated in thousands (000) Rupiah; OTR is stored as full Rupiah.	Structured from source workbook cells. Blank voucher treated as 0 only where source voucher cell is blank; no financing formula was invented.
2026-08-01	2026-08-31	SMH	Supra GTR 150 Exclusive	25880000	3900	600	3300	2239.734061966677	1275.212489334158	969.4856005576406	863.7346374685388	799.8989598806378	1. PL SMH periode Agustus 2026.xlsx	PL 2	19-21	21	DP/voucher/cukup bayar/installment values are source-stated in thousands (000) Rupiah; OTR is stored as full Rupiah.	Structured from source workbook cells. Blank voucher treated as 0 only where source voucher cell is blank; no financing formula was invented.
2026-08-01	2026-08-31	SMH	CRF 150L	37130000	3000	0	3000	3649.787866619006	2191.0145971507964	1740.711914935225	1590.630296072202	1503.10745078817	1. PL SMH periode Agustus 2026.xlsx	PL 2	7-9	7	DP/voucher/cukup bayar/installment values are source-stated in thousands (000) Rupiah; OTR is stored as full Rupiah.	Structured from source workbook cells. Blank voucher treated as 0 only where source voucher cell is blank; no financing formula was invented.
2026-08-01	2026-08-31	SMH	CRF 150L	37130000	3800	0	3800	3569.4181982406353	2143.7766643916207	1703.480481679545	1556.8769575702418	1471.445231744129	1. PL SMH periode Agustus 2026.xlsx	PL 2	7-9	8	DP/voucher/cukup bayar/installment values are source-stated in thousands (000) Rupiah; OTR is stored as full Rupiah.	Structured from source workbook cells. Blank voucher treated as 0 only where source voucher cell is blank; no financing formula was invented.
2026-08-01	2026-08-31	SMH	CRF 150L	37130000	5600	0	5600	3388.586444389302	2037.4913156834746	1619.7097568542658	1480.9319459408305	1400.205238895037	1. PL SMH periode Agustus 2026.xlsx	PL 2	7-9	9	DP/voucher/cukup bayar/installment values are source-stated in thousands (000) Rupiah; OTR is stored as full Rupiah.	Structured from source workbook cells. Blank voucher treated as 0 only where source voucher cell is blank; no financing formula was invented.
2026-08-01	2026-08-31	SMH	CBR 150R STD Black	37425000	3800	0	3800	3423.300343179733	1972.7223377611526	1516	1358.5177242223774	1264.2788981704198	1. PL SMH periode Agustus 2026.xlsx	PL 2	11-13	11	DP/voucher/cukup bayar/installment values are source-stated in thousands (000) Rupiah; OTR is stored as full Rupiah.	Structured from source workbook cells. Blank voucher treated as 0 only where source voucher cell is blank; no financing formula was invented.
2026-08-01	2026-08-31	SMH	CBR 150R STD Black	37425000	5700	0	5700	3241.793079082659	1870.3606605275386	1438	1289.1604316949729	1200.216015099229	1. PL SMH periode Agustus 2026.xlsx	PL 2	11-13	12	DP/voucher/cukup bayar/installment values are source-stated in thousands (000) Rupiah; OTR is stored as full Rupiah.	Structured from source workbook cells. Blank voucher treated as 0 only where source voucher cell is blank; no financing formula was invented.
2026-08-01	2026-08-31	SMH	CBR 150R STD Black	37425000	6800	0	6800	3136.7099261843523	1811.0986368659724	1392	1249.0062097054224	1163.1269775316978	1. PL SMH periode Agustus 2026.xlsx	PL 2	11-13	13	DP/voucher/cukup bayar/installment values are source-stated in thousands (000) Rupiah; OTR is stored as full Rupiah.	Structured from source workbook cells. Blank voucher treated as 0 only where source voucher cell is blank; no financing formula was invented.
2026-08-01	2026-08-31	SMH	CBR 150R STD Merah Hitam / Red	38130000	3900	0	3900	3483.3253208324	2007.3674555393736	1542	1382.404010730434	1286.5200981871947	1. PL SMH periode Agustus 2026.xlsx	PL 2	15-17	15	DP/voucher/cukup bayar/installment values are source-stated in thousands (000) Rupiah; OTR is stored as full Rupiah.	Structured from source workbook cells. Blank voucher treated as 0 only where source voucher cell is blank; no financing formula was invented.
2026-08-01	2026-08-31	SMH	CBR 150R STD Merah Hitam / Red	38130000	5800	0	5800	3301.818056735326	1905.0057783057596	1464	1313.046718203029	1222.4572151160041	1. PL SMH periode Agustus 2026.xlsx	PL 2	15-17	16	DP/voucher/cukup bayar/installment values are source-stated in thousands (000) Rupiah; OTR is stored as full Rupiah.	Structured from source workbook cells. Blank voucher treated as 0 only where source voucher cell is blank; no financing formula was invented.
2026-08-01	2026-08-31	SMH	CBR 150R STD Merah Hitam / Red	38130000	6900	0	6900	3196.7349038370194	1845.7437546441934	1419	1272.892496213479	1185.3681775484727	1. PL SMH periode Agustus 2026.xlsx	PL 2	15-17	17	DP/voucher/cukup bayar/installment values are source-stated in thousands (000) Rupiah; OTR is stored as full Rupiah.	Structured from source workbook cells. Blank voucher treated as 0 only where source voucher cell is blank; no financing formula was invented.
2026-08-01	2026-08-31	SMH	CBR 150R ABS Black	41465000	4200	0	4200	3783.8047214415583	2180.579037043069	1675	1501.714980604748	1397.5667839960636	1. PL SMH periode Agustus 2026.xlsx	PL 2	19-21	19	DP/voucher/cukup bayar/installment values are source-stated in thousands (000) Rupiah; OTR is stored as full Rupiah.	Structured from source workbook cells. Blank voucher treated as 0 only where source voucher cell is blank; no financing formula was invented.
2026-08-01	2026-08-31	SMH	CBR 150R ABS Black	41465000	6300	0	6300	3583.191429544792	2067.4424464164426	1589	1425.0569204428793	1326.7604395489584	1. PL SMH periode Agustus 2026.xlsx	PL 2	19-21	20	DP/voucher/cukup bayar/installment values are source-stated in thousands (000) Rupiah; OTR is stored as full Rupiah.	Structured from source workbook cells. Blank voucher treated as 0 only where source voucher cell is blank; no financing formula was invented.
2026-08-01	2026-08-31	SMH	CBR 150R ABS Black	41465000	7500	0	7500	3468.5552627466395	2002.7929660583704	1540	1381.2523146360975	1286.2996712934694	1. PL SMH periode Agustus 2026.xlsx	PL 2	19-21	21	DP/voucher/cukup bayar/installment values are source-stated in thousands (000) Rupiah; OTR is stored as full Rupiah.	Structured from source workbook cells. Blank voucher treated as 0 only where source voucher cell is blank; no financing formula was invented.
2026-08-01	2026-08-31	SMH	CBR 150R ABS Red	42170000	4300	0	4300	3843.829699094225	2215.22415482129	1702	1525.6012671128044	1419.8079840128385	1. PL SMH periode Agustus 2026.xlsx	PL 2	23-25	23	DP/voucher/cukup bayar/installment values are source-stated in thousands (000) Rupiah; OTR is stored as full Rupiah.	Structured from source workbook cells. Blank voucher treated as 0 only where source voucher cell is blank; no financing formula was invented.
2026-08-01	2026-08-31	SMH	CBR 150R ABS Red	42170000	6400	0	6400	3643.2164071974585	2102.087564194664	1616	1448.943206950936	1349.0016395657333	1. PL SMH periode Agustus 2026.xlsx	PL 2	23-25	24	DP/voucher/cukup bayar/installment values are source-stated in thousands (000) Rupiah; OTR is stored as full Rupiah.	Structured from source workbook cells. Blank voucher treated as 0 only where source voucher cell is blank; no financing formula was invented.
2026-08-01	2026-08-31	SMH	CBR 150R ABS Red	42170000	7600	0	7600	3528.5802403993066	2037.4380838365919	1566	1405.1386011441539	1308.5408713102445	1. PL SMH periode Agustus 2026.xlsx	PL 2	23-25	25	DP/voucher/cukup bayar/installment values are source-stated in thousands (000) Rupiah; OTR is stored as full Rupiah.	Structured from source workbook cells. Blank voucher treated as 0 only where source voucher cell is blank; no financing formula was invented.
2026-08-01	2026-08-31	SMH_ACCESSORIES	BeAT Sporty CBS Acc	18727000	1500	150	1350	1816.0365399005404	1054.367311615581	815	733.6853646960391	684.8217637523538	2. PL SMH Accessories periode Agustus 2026.xlsx	PL Acc	7-9	7	DP/voucher/cukup bayar/installment values are source-stated in thousands (000) Rupiah; OTR is stored as full Rupiah.	Structured from source workbook cells. Blank voucher treated as 0 only where source voucher cell is blank; no financing formula was invented.
2026-08-01	2026-08-31	SMH_ACCESSORIES	BeAT Sporty CBS Acc	18727000	1900	150	1750	1777.4341444564593	1032.4119125758975	798.6145428704756	718.6422666069927	670.8809051459684	2. PL SMH Accessories periode Agustus 2026.xlsx	PL Acc	7-9	8	DP/voucher/cukup bayar/installment values are source-stated in thousands (000) Rupiah; OTR is stored as full Rupiah.	Structured from source workbook cells. Blank voucher treated as 0 only where source voucher cell is blank; no financing formula was invented.
2026-08-01	2026-08-31	SMH_ACCESSORIES	BeAT Sporty CBS Acc	18727000	2850	150	2700	1685.753455276767	980.2678398566493	758.5976192735241	682.9149086455077	637.7713659558027	2. PL SMH Accessories periode Agustus 2026.xlsx	PL Acc	7-9	9	DP/voucher/cukup bayar/installment values are source-stated in thousands (000) Rupiah; OTR is stored as full Rupiah.	Structured from source workbook cells. Blank voucher treated as 0 only where source voucher cell is blank; no financing formula was invented.
2026-08-01	2026-08-31	SMH_ACCESSORIES	BeAT Sporty ISS Deluxe Acc	19542000	1600	150	1450	1887.641715558578	1096.0282301783564	848	762.7204243951597	711.9423972155826	2. PL SMH Accessories periode Agustus 2026.xlsx	PL Acc	11-13	11	DP/voucher/cukup bayar/installment values are source-stated in thousands (000) Rupiah; OTR is stored as full Rupiah.	Structured from source workbook cells. Blank voucher treated as 0 only where source voucher cell is blank; no financing formula was invented.
2026-08-01	2026-08-31	SMH_ACCESSORIES	BeAT Sporty ISS Deluxe Acc	19542000	2000	150	1850	1849.039320114497	1074.072831138673	830.8610223664487	747.6773263061134	698.001538609197	2. PL SMH Accessories periode Agustus 2026.xlsx	PL Acc	11-13	12	DP/voucher/cukup bayar/installment values are source-stated in thousands (000) Rupiah; OTR is stored as full Rupiah.	Structured from source workbook cells. Blank voucher treated as 0 only where source voucher cell is blank; no financing formula was invented.
2026-08-01	2026-08-31	SMH_ACCESSORIES	BeAT Sporty ISS Deluxe Acc	19542000	2950	150	2800	1757.358630934805	1021.9287584194246	790.844098769497	711.9499683446282	664.8919994190314	2. PL SMH Accessories periode Agustus 2026.xlsx	PL Acc	11-13	13	DP/voucher/cukup bayar/installment values are source-stated in thousands (000) Rupiah; OTR is stored as full Rupiah.	Structured from source workbook cells. Blank voucher treated as 0 only where source voucher cell is blank; no financing formula was invented.
2026-08-01	2026-08-31	SMH_ACCESSORIES	BeAT Sporty Deluxe Smart Key Acc	20072000	1650	150	1500	1935.6575946496641	1123.945617827266	869	782.1673894497743	730.1029794613883	2. PL SMH Accessories periode Agustus 2026.xlsx	PL Acc	15-17	15	DP/voucher/cukup bayar/installment values are source-stated in thousands (000) Rupiah; OTR is stored as full Rupiah.	Structured from source workbook cells. Blank voucher treated as 0 only where source voucher cell is blank; no financing formula was invented.
2026-08-01	2026-08-31	SMH_ACCESSORIES	BeAT Sporty Deluxe Smart Key Acc	20072000	2050	150	1900	1897.055199205583	1101.9902187875825	852.4642638779566	767.124291360728	716.1621208550027	2. PL SMH Accessories periode Agustus 2026.xlsx	PL Acc	15-17	16	DP/voucher/cukup bayar/installment values are source-stated in thousands (000) Rupiah; OTR is stored as full Rupiah.	Structured from source workbook cells. Blank voucher treated as 0 only where source voucher cell is blank; no financing formula was invented.
2026-08-01	2026-08-31	SMH_ACCESSORIES	BeAT Sporty Deluxe Smart Key Acc	20072000	3050	150	2900	1800.5492105953808	1047.1017211883739	810.3411864074811	729.5165461381121	681.3099743390391	2. PL SMH Accessories periode Agustus 2026.xlsx	PL Acc	15-17	17	DP/voucher/cukup bayar/installment values are source-stated in thousands (000) Rupiah; OTR is stored as full Rupiah.	Structured from source workbook cells. Blank voucher treated as 0 only where source voucher cell is blank; no financing formula was invented.
2026-08-01	2026-08-31	SMH_ACCESSORIES	Scoopy Fashion Acc	22537500	1833	333	1500	2241.3192698716402	1339.638955935745	1061	967.4305539566425	912.7914505810617	2. PL SMH Accessories periode Agustus 2026.xlsx	PL Acc	19-21	19	DP/voucher/cukup bayar/installment values are source-stated in thousands (000) Rupiah; OTR is stored as full Rupiah.	Structured from source workbook cells. Blank voucher treated as 0 only where source voucher cell is blank; no financing formula was invented.
2026-08-01	2026-08-31	SMH_ACCESSORIES	Scoopy Fashion Acc	22537500	2333	333	2000	2191.3377762035834	1310.379646578405	1038	946.628392011278	893.3058099021008	2. PL SMH Accessories periode Agustus 2026.xlsx	PL Acc	19-21	20	DP/voucher/cukup bayar/installment values are source-stated in thousands (000) Rupiah; OTR is stored as full Rupiah.	Structured from source workbook cells. Blank voucher treated as 0 only where source voucher cell is blank; no financing formula was invented.
2026-08-01	2026-08-31	SMH_ACCESSORIES	Scoopy Fashion Acc	22537500	3433	333	3100	2081.378490133859	1246.0091659922573	987	900.8636357314764	850.437400408387	2. PL SMH Accessories periode Agustus 2026.xlsx	PL Acc	19-21	21	DP/voucher/cukup bayar/installment values are source-stated in thousands (000) Rupiah; OTR is stored as full Rupiah.	Structured from source workbook cells. Blank voucher treated as 0 only where source voucher cell is blank; no financing formula was invented.
2026-08-01	2026-08-31	SMH_ACCESSORIES	Scoopy Prestige Acc / Scoopy Stylish Acc	23347500	1933	333	1600	2314.973098533749	1383.7467796057476	1096	999.3285890836645	942.9074825324296	2. PL SMH Accessories periode Agustus 2026.xlsx	PL Acc	23-25	23	DP/voucher/cukup bayar/installment values are source-stated in thousands (000) Rupiah; OTR is stored as full Rupiah.	Structured from source workbook cells. Blank voucher treated as 0 only where source voucher cell is blank; no financing formula was invented.
2026-08-01	2026-08-31	SMH_ACCESSORIES	Scoopy Prestige Acc / Scoopy Stylish Acc	23347500	2433	333	2100	2264.991604865692	1354.4874702484076	1073	978.5264271383	923.4218418534688	2. PL SMH Accessories periode Agustus 2026.xlsx	PL Acc	23-25	24	DP/voucher/cukup bayar/installment values are source-stated in thousands (000) Rupiah; OTR is stored as full Rupiah.	Structured from source workbook cells. Blank voucher treated as 0 only where source voucher cell is blank; no financing formula was invented.
2026-08-01	2026-08-31	SMH_ACCESSORIES	Scoopy Prestige Acc / Scoopy Stylish Acc	23347500	3533	333	3200	2155.032318795968	1290.1169896622598	1022	932.7616708584981	880.553432359755	2. PL SMH Accessories periode Agustus 2026.xlsx	PL Acc	23-25	25	DP/voucher/cukup bayar/installment values are source-stated in thousands (000) Rupiah; OTR is stored as full Rupiah.	Structured from source workbook cells. Blank voucher treated as 0 only where source voucher cell is blank; no financing formula was invented.
2026-08-01	2026-08-31	SMH_ACCESSORIES	Vario 125 Street + Visor	25448000	2100	600	1500	2428.2189337517934	1410.2607205812485	1091	981.5756981244139	916.3054598879522	2. PL SMH Accessories periode Agustus 2026.xlsx	PL Acc	27-29	27	DP/voucher/cukup bayar/installment values are source-stated in thousands (000) Rupiah; OTR is stored as full Rupiah.	Structured from source workbook cells. Blank voucher treated as 0 only where source voucher cell is blank; no financing formula was invented.
2026-08-01	2026-08-31	SMH_ACCESSORIES	Vario 125 Street + Visor	25448000	2600	600	2000	2379.965939446693	1382.8164717816437	1070	962.771825513106	898.8793866299703	2. PL SMH Accessories periode Agustus 2026.xlsx	PL Acc	27-29	28	DP/voucher/cukup bayar/installment values are source-stated in thousands (000) Rupiah; OTR is stored as full Rupiah.	Structured from source workbook cells. Blank voucher treated as 0 only where source voucher cell is blank; no financing formula was invented.
2026-08-01	2026-08-31	SMH_ACCESSORIES	Vario 125 Street + Visor	25448000	3900	600	3300	2254.5081542534294	1311.4614249026727	1015	913.8817567237053	853.5715961592174	2. PL SMH Accessories periode Agustus 2026.xlsx	PL Acc	27-29	29	DP/voucher/cukup bayar/installment values are source-stated in thousands (000) Rupiah; OTR is stored as full Rupiah.	Structured from source workbook cells. Blank voucher treated as 0 only where source voucher cell is blank; no financing formula was invented.
2026-08-01	2026-08-31	SMH_ACCESSORIES	Vario 125 Street Acc	26765500	2200	600	1600	2549.9235286685143	1480.9925085699808	1146	1030.8315022361044	962.2965702563337	2. PL SMH Accessories periode Agustus 2026.xlsx	PL Acc	31-33	31	DP/voucher/cukup bayar/installment values are source-stated in thousands (000) Rupiah; OTR is stored as full Rupiah.	Structured from source workbook cells. Blank voucher treated as 0 only where source voucher cell is blank; no financing formula was invented.
2026-08-01	2026-08-31	SMH_ACCESSORIES	Vario 125 Street Acc	26765500	2700	600	2100	2501.670534363413	1453.5482597703763	1125	1012.0276296247965	944.8704969983517	2. PL SMH Accessories periode Agustus 2026.xlsx	PL Acc	31-33	32	DP/voucher/cukup bayar/installment values are source-stated in thousands (000) Rupiah; OTR is stored as full Rupiah.	Structured from source workbook cells. Blank voucher treated as 0 only where source voucher cell is blank; no financing formula was invented.
2026-08-01	2026-08-31	SMH_ACCESSORIES	Vario 125 Street Acc	26765500	4100	600	3500	2366.56215030913	1376.7043631314841	1066	959.3767863131343	896.0774918760025	2. PL SMH Accessories periode Agustus 2026.xlsx	PL Acc	31-33	33	DP/voucher/cukup bayar/installment values are source-stated in thousands (000) Rupiah; OTR is stored as full Rupiah.	Structured from source workbook cells. Blank voucher treated as 0 only where source voucher cell is blank; no financing formula was invented.
2026-08-01	2026-08-31	SMH_ACCESSORIES	BeAT Street Acc	19509000	1600	0	1600	1884.3516044430826	1094.1190984548607	846	761.392494911349	710.7031420158412	2. PL SMH Accessories periode Agustus 2026.xlsx	PL Acc	7-9	7	DP/voucher/cukup bayar/installment values are source-stated in thousands (000) Rupiah; OTR is stored as full Rupiah.	Structured from source workbook cells. Blank voucher treated as 0 only where source voucher cell is blank; no financing formula was invented.
2026-08-01	2026-08-31	SMH_ACCESSORIES	BeAT Street Acc	19509000	2000	0	2000	1845.7492089990014	1072.1636994151772	829.3847769934182	746.3493968223028	696.7622834094557	2. PL SMH Accessories periode Agustus 2026.xlsx	PL Acc	7-9	8	DP/voucher/cukup bayar/installment values are source-stated in thousands (000) Rupiah; OTR is stored as full Rupiah.	Structured from source workbook cells. Blank voucher treated as 0 only where source voucher cell is blank; no financing formula was invented.
2026-08-01	2026-08-31	SMH_ACCESSORIES	BeAT Street Acc	19509000	3000	0	3000	1749.2432203887993	1017.2752018159684	787.2616995229429	708.7416515996869	661.9101368934919	2. PL SMH Accessories periode Agustus 2026.xlsx	PL Acc	7-9	9	DP/voucher/cukup bayar/installment values are source-stated in thousands (000) Rupiah; OTR is stored as full Rupiah.	Structured from source workbook cells. Blank voucher treated as 0 only where source voucher cell is blank; no financing formula was invented.
2026-08-01	2026-08-31	SMH_ACCESSORIES	Genio CBS - BK Acc	19673000	1600	0	1600	1920.026176412718	1124.2023017638637	876	790.8842101759029	740.594962863752	2. PL SMH Accessories periode Agustus 2026.xlsx	PL Acc	11-13	11	DP/voucher/cukup bayar/installment values are source-stated in thousands (000) Rupiah; OTR is stored as full Rupiah.	Structured from source workbook cells. Blank voucher treated as 0 only where source voucher cell is blank; no financing formula was invented.
2026-08-01	2026-08-31	SMH_ACCESSORIES	Genio CBS - BK Acc	19673000	2000	0	2000	1881.0313256173824	1101.8371736198226	858	775.3927074930223	726.1925653475831	2. PL SMH Accessories periode Agustus 2026.xlsx	PL Acc	11-13	12	DP/voucher/cukup bayar/installment values are source-stated in thousands (000) Rupiah; OTR is stored as full Rupiah.	Structured from source workbook cells. Blank voucher treated as 0 only where source voucher cell is blank; no financing formula was invented.
2026-08-01	2026-08-31	SMH_ACCESSORIES	Genio CBS - BK Acc	19673000	3000	0	3000	1783.5441986290448	1045.92435325972	815	736.6639507858207	690.1865715571614	2. PL SMH Accessories periode Agustus 2026.xlsx	PL Acc	11-13	13	DP/voucher/cukup bayar/installment values are source-stated in thousands (000) Rupiah; OTR is stored as full Rupiah.	Structured from source workbook cells. Blank voucher treated as 0 only where source voucher cell is blank; no financing formula was invented.
2026-08-01	2026-08-31	SMH_ACCESSORIES	Genio CBS - PH / PD Acc	19873000	1600	0	1600	1940.1689665910483	1135.9887242957734	885	799.172164111244	748.3542545255879	2. PL SMH Accessories periode Agustus 2026.xlsx	PL Acc	15-17	15	DP/voucher/cukup bayar/installment values are source-stated in thousands (000) Rupiah; OTR is stored as full Rupiah.	Structured from source workbook cells. Blank voucher treated as 0 only where source voucher cell is blank; no financing formula was invented.
2026-08-01	2026-08-31	SMH_ACCESSORIES	Genio CBS - PH / PD Acc	19873000	2000	0	2000	1901.174115795713	1113.623596151732	867	783.6806614283635	733.9518570094191	2. PL SMH Accessories periode Agustus 2026.xlsx	PL Acc	15-17	16	DP/voucher/cukup bayar/installment values are source-stated in thousands (000) Rupiah; OTR is stored as full Rupiah.	Structured from source workbook cells. Blank voucher treated as 0 only where source voucher cell is blank; no financing formula was invented.
2026-08-01	2026-08-31	SMH_ACCESSORIES	Genio CBS - PH / PD Acc	19873000	3000	0	3000	1803.6869888073747	1057.7107757916297	824	744.9519047211618	697.9458632189973	2. PL SMH Accessories periode Agustus 2026.xlsx	PL Acc	15-17	17	DP/voucher/cukup bayar/installment values are source-stated in thousands (000) Rupiah; OTR is stored as full Rupiah.	Structured from source workbook cells. Blank voucher treated as 0 only where source voucher cell is blank; no financing formula was invented.
2026-08-01	2026-08-31	SMH_ACCESSORIES	Genio CBS ISS Acc	20213000	1700	0	1700	1964.6629971953764	1150.4343605640095	896	809.3888101306038	757.9444509716667	2. PL SMH Accessories periode Agustus 2026.xlsx	PL Acc	19-21	19	DP/voucher/cukup bayar/installment values are source-stated in thousands (000) Rupiah; OTR is stored as full Rupiah.	Structured from source workbook cells. Blank voucher treated as 0 only where source voucher cell is blank; no financing formula was invented.
2026-08-01	2026-08-31	SMH_ACCESSORIES	Genio CBS ISS Acc	20213000	2100	0	2100	1925.668146400041	1128.0692324199683	879	793.8973074477232	743.5420534554979	2. PL SMH Accessories periode Agustus 2026.xlsx	PL Acc	19-21	20	DP/voucher/cukup bayar/installment values are source-stated in thousands (000) Rupiah; OTR is stored as full Rupiah.	Structured from source workbook cells. Blank voucher treated as 0 only where source voucher cell is blank; no financing formula was invented.
2026-08-01	2026-08-31	SMH_ACCESSORIES	Genio CBS ISS Acc	20213000	3100	0	3100	1828.181019411703	1072.1564120598657	835	755.1685507405216	707.5360596650761	2. PL SMH Accessories periode Agustus 2026.xlsx	PL Acc	19-21	21	DP/voucher/cukup bayar/installment values are source-stated in thousands (000) Rupiah; OTR is stored as full Rupiah.	Structured from source workbook cells. Blank voucher treated as 0 only where source voucher cell is blank; no financing formula was invented.
2026-08-01	2026-08-31	SMH_ACCESSORIES	STYLO 160 CBS Acc	29530500	2400	0	2400	2935.8840877454445	1769.2589263332218	1410	1290.7051744479224	1221.3369322549356	2. PL SMH Accessories periode Agustus 2026.xlsx	PL Acc	23-25	23	DP/voucher/cukup bayar/installment values are source-stated in thousands (000) Rupiah; OTR is stored as full Rupiah.	Structured from source workbook cells. Blank voucher treated as 0 only where source voucher cell is blank; no financing formula was invented.
2026-08-01	2026-08-31	SMH_ACCESSORIES	STYLO 160 CBS Acc	29530500	3000	0	3000	2875.306595793581	1733.511684537153	1382	1265.0353654390626	1197.2237565164671	2. PL SMH Accessories periode Agustus 2026.xlsx	PL Acc	23-25	24	DP/voucher/cukup bayar/installment values are source-stated in thousands (000) Rupiah; OTR is stored as full Rupiah.	Structured from source workbook cells. Blank voucher treated as 0 only where source voucher cell is blank; no financing formula was invented.
2026-08-01	2026-08-31	SMH_ACCESSORIES	STYLO 160 CBS Acc	29530500	4500	0	4500	2723.8628659139245	1644.1435800469817	1311	1200.8608429169137	1136.9408171702958	2. PL SMH Accessories periode Agustus 2026.xlsx	PL Acc	23-25	25	DP/voucher/cukup bayar/installment values are source-stated in thousands (000) Rupiah; OTR is stored as full Rupiah.	Structured from source workbook cells. Blank voucher treated as 0 only where source voucher cell is blank; no financing formula was invented.
2026-08-01	2026-08-31	SMH_ACCESSORIES	STYLO 160 ABS Acc	32255500	2600	0	2600	3199.9209302600802	1928.4622466088292	1537	1406.8931474742735	1331.3005489897705	2. PL SMH Accessories periode Agustus 2026.xlsx	PL Acc	27-29	27	DP/voucher/cukup bayar/installment values are source-stated in thousands (000) Rupiah; OTR is stored as full Rupiah.	Structured from source workbook cells. Blank voucher treated as 0 only where source voucher cell is blank; no financing formula was invented.
2026-08-01	2026-08-31	SMH_ACCESSORIES	STYLO 160 ABS Acc	32255500	3300	0	3300	3129.247189649574	1886.7571311800828	1504	1376.9450369639371	1303.1685106282239	2. PL SMH Accessories periode Agustus 2026.xlsx	PL Acc	27-29	28	DP/voucher/cukup bayar/installment values are source-stated in thousands (000) Rupiah; OTR is stored as full Rupiah.	Structured from source workbook cells. Blank voucher treated as 0 only where source voucher cell is blank; no financing formula was invented.
2026-08-01	2026-08-31	SMH_ACCESSORIES	STYLO 160 ABS Acc	32255500	4900	0	4900	2967.707211111273	1791.4311530572331	1429	1308.4922129403114	1238.8667086589744	2. PL SMH Accessories periode Agustus 2026.xlsx	PL Acc	27-29	29	DP/voucher/cukup bayar/installment values are source-stated in thousands (000) Rupiah; OTR is stored as full Rupiah.	Structured from source workbook cells. Blank voucher treated as 0 only where source voucher cell is blank; no financing formula was invented.
2026-08-01	2026-08-31	SMH_ACCESSORIES	CB 150 Verza Spoke Acc	23167000	2400	0	2400	2216.1299698614084	1309.1662867745167	1027	931.2714970836288	874.9374908781158	2. PL SMH Accessories periode Agustus 2026.xlsx	PL Acc	31-33	31	DP/voucher/cukup bayar/installment values are source-stated in thousands (000) Rupiah; OTR is stored as full Rupiah.	Structured from source workbook cells. Blank voucher treated as 0 only where source voucher cell is blank; no financing formula was invented.
2026-08-01	2026-08-31	SMH_ACCESSORIES	CB 150 Verza Spoke Acc	23167000	3500	0	3500	2107.809080968287	1246.5240764627133	978	887.4182337797405	834.0411693921787	2. PL SMH Accessories periode Agustus 2026.xlsx	PL Acc	31-33	32	DP/voucher/cukup bayar/installment values are source-stated in thousands (000) Rupiah; OTR is stored as full Rupiah.	Structured from source workbook cells. Blank voucher treated as 0 only where source voucher cell is blank; no financing formula was invented.
2026-08-01	2026-08-31	SMH_ACCESSORIES	CB 150 Verza Spoke Acc	23167000	4200	0	4200	2038.8776062181191	1206.660851718838	947	859.5116116772659	808.0162375374917	2. PL SMH Accessories periode Agustus 2026.xlsx	PL Acc	31-33	33	DP/voucher/cukup bayar/installment values are source-stated in thousands (000) Rupiah; OTR is stored as full Rupiah.	Structured from source workbook cells. Blank voucher treated as 0 only where source voucher cell is blank; no financing formula was invented.
2026-08-01	2026-08-31	SMH_ACCESSORIES	CB 150 Verza CW Acc	23817000	2400	0	2400	2282.2564259569212	1348.1809943059864	1057	958.9987194725874	900.976364660582	2. PL SMH Accessories periode Agustus 2026.xlsx	PL Acc	35-37	35	DP/voucher/cukup bayar/installment values are source-stated in thousands (000) Rupiah; OTR is stored as full Rupiah.	Structured from source workbook cells. Blank voucher treated as 0 only where source voucher cell is blank; no financing formula was invented.
2026-08-01	2026-08-31	SMH_ACCESSORIES	CB 150 Verza CW Acc	23817000	3600	0	3600	2164.088183528062	1279.8440376022008	1004	911.1587958683454	856.3621957668327	2. PL SMH Accessories periode Agustus 2026.xlsx	PL Acc	35-37	36	DP/voucher/cukup bayar/installment values are source-stated in thousands (000) Rupiah; OTR is stored as full Rupiah.	Structured from source workbook cells. Blank voucher treated as 0 only where source voucher cell is blank; no financing formula was invented.
2026-08-01	2026-08-31	SMH_ACCESSORIES	CB 150 Verza CW Acc	23817000	4300	0	4300	2095.156708777894	1239.9808128583256	973	883.252173765871	830.3372639121457	2. PL SMH Accessories periode Agustus 2026.xlsx	PL Acc	35-37	37	DP/voucher/cukup bayar/installment values are source-stated in thousands (000) Rupiah; OTR is stored as full Rupiah.	Structured from source workbook cells. Blank voucher treated as 0 only where source voucher cell is blank; no financing formula was invented.
2026-08-01	2026-08-31	SMH_ACCESSORIES	CRF 150L Acc	37609000	3100	0	3100	3689.4558374431244	2214.9209024277716	1760	1608.035637113471	1519.576662467028	2. PL SMH Accessories periode Agustus 2026.xlsx	PL Acc	39-41	39	DP/voucher/cukup bayar/installment values are source-stated in thousands (000) Rupiah; OTR is stored as full Rupiah.	Structured from source workbook cells. Blank voucher treated as 0 only where source voucher cell is blank; no financing formula was invented.
2026-08-01	2026-08-31	SMH_ACCESSORIES	CRF 150L Acc	37609000	3800	0	3800	3619.1323776120503	2173.587711263493	1727	1578.5014659242556	1491.8722208034924	2. PL SMH Accessories periode Agustus 2026.xlsx	PL Acc	39-41	40	DP/voucher/cukup bayar/installment values are source-stated in thousands (000) Rupiah; OTR is stored as full Rupiah.	Structured from source workbook cells. Blank voucher treated as 0 only where source voucher cell is blank; no financing formula was invented.
2026-08-01	2026-08-31	SMH_ACCESSORIES	CRF 150L Acc	37609000	5700	0	5700	3428.2544152134205	2061.3976209604502	1639	1498.3372869820994	1416.6744505738952	2. PL SMH Accessories periode Agustus 2026.xlsx	PL Acc	39-41	41	DP/voucher/cukup bayar/installment values are source-stated in thousands (000) Rupiah; OTR is stored as full Rupiah.	Structured from source workbook cells. Blank voucher treated as 0 only where source voucher cell is blank; no financing formula was invented.
2026-08-01	2026-08-31	SMH_ACCESSORIES	New Vario Evo 160 CBS Acc	27463000	2200	0	2200	2646.095577665685	1549.7357671656825	1207	1090.4627619331193	1021.2157768180074	2. PL SMH Accessories periode Agustus 2026.xlsx	PL Acc	7-9	7	DP/voucher/cukup bayar/installment values are source-stated in thousands (000) Rupiah; OTR is stored as full Rupiah.	Structured from source workbook cells. Blank voucher treated as 0 only where source voucher cell is blank; no financing formula was invented.
2026-08-01	2026-08-31	SMH_ACCESSORIES	New Vario Evo 160 CBS Acc	27463000	2800	0	2800	2587.6033014726822	1516.188074949621	1181	1067.2255079087984	999.6121805437542	2. PL SMH Accessories periode Agustus 2026.xlsx	PL Acc	7-9	8	DP/voucher/cukup bayar/installment values are source-stated in thousands (000) Rupiah; OTR is stored as full Rupiah.	Structured from source workbook cells. Blank voucher treated as 0 only where source voucher cell is blank; no financing formula was invented.
2026-08-01	2026-08-31	SMH_ACCESSORIES	New Vario Evo 160 CBS Acc	27463000	4200	0	4200	2451.1213236890085	1437.910126445477	1121	1013.0052485187159	949.2037892371636	2. PL SMH Accessories periode Agustus 2026.xlsx	PL Acc	7-9	9	DP/voucher/cukup bayar/installment values are source-stated in thousands (000) Rupiah; OTR is stored as full Rupiah.	Structured from source workbook cells. Blank voucher treated as 0 only where source voucher cell is blank; no financing formula was invented.
2026-08-01	2026-08-31	SMH_ACCESSORIES	New Vario Evo 160 CBS SP Acc	28033000	2300	0	2300	2693.753816975093	1577.7357893456146	1229	1110.2105549781213	1039.7291586751976	2. PL SMH Accessories periode Agustus 2026.xlsx	PL Acc	11-13	11	DP/voucher/cukup bayar/installment values are source-stated in thousands (000) Rupiah; OTR is stored as full Rupiah.	Structured from source workbook cells. Blank voucher treated as 0 only where source voucher cell is blank; no financing formula was invented.
2026-08-01	2026-08-31	SMH_ACCESSORIES	New Vario Evo 160 CBS SP Acc	28033000	2900	0	2900	2635.2615407820904	1544.188097129553	1203	1086.9733009538006	1018.1255624009444	2. PL SMH Accessories periode Agustus 2026.xlsx	PL Acc	11-13	12	DP/voucher/cukup bayar/installment values are source-stated in thousands (000) Rupiah; OTR is stored as full Rupiah.	Structured from source workbook cells. Blank voucher treated as 0 only where source voucher cell is blank; no financing formula was invented.
2026-08-01	2026-08-31	SMH_ACCESSORIES	New Vario Evo 160 CBS SP Acc	28033000	4300	0	4300	2498.7795629984166	1465.9101486254092	1142	1032.7530415637182	967.717171094354	2. PL SMH Accessories periode Agustus 2026.xlsx	PL Acc	11-13	13	DP/voucher/cukup bayar/installment values are source-stated in thousands (000) Rupiah; OTR is stored as full Rupiah.	Structured from source workbook cells. Blank voucher treated as 0 only where source voucher cell is blank; no financing formula was invented.
2026-08-01	2026-08-31	SMH_ACCESSORIES	New Vario Evo 160 ABS Acc	30188000	2500	0	2500	2891.2949557489355	1693.5519280549206	1319	1191.767507289982	1116.134327573395	2. PL SMH Accessories periode Agustus 2026.xlsx	PL Acc	15-17	15	DP/voucher/cukup bayar/installment values are source-stated in thousands (000) Rupiah; OTR is stored as full Rupiah.	Structured from source workbook cells. Blank voucher treated as 0 only where source voucher cell is blank; no financing formula was invented.
2026-08-01	2026-08-31	SMH_ACCESSORIES	New Vario Evo 160 ABS Acc	30188000	3100	0	3100	2832.8026795559326	1660.0042358388591	1293	1168.5302532656608	1094.530731299142	2. PL SMH Accessories periode Agustus 2026.xlsx	PL Acc	15-17	16	DP/voucher/cukup bayar/installment values are source-stated in thousands (000) Rupiah; OTR is stored as full Rupiah.	Structured from source workbook cells. Blank voucher treated as 0 only where source voucher cell is blank; no financing formula was invented.
2026-08-01	2026-08-31	SMH_ACCESSORIES	New Vario Evo 160 ABS Acc	30188000	4600	0	4600	2686.5719890734254	1576.135005298705	1228	1110.4371182048583	1040.5217406135093	2. PL SMH Accessories periode Agustus 2026.xlsx	PL Acc	15-17	17	DP/voucher/cukup bayar/installment values are source-stated in thousands (000) Rupiah; OTR is stored as full Rupiah.	Structured from source workbook cells. Blank voucher treated as 0 only where source voucher cell is blank; no financing formula was invented.
2026-08-01	2026-08-31	SMH_ACCESSORIES	PCX 160 CBS MMC Acc	34616000	2800	600	2200	3241.6041300207344	1867.091228556697	1434	1285.3045312688307	1195.944116610854	2. PL SMH Accessories periode Agustus 2026.xlsx	PL Acc	19-21	19	DP/voucher/cukup bayar/installment values are source-stated in thousands (000) Rupiah; OTR is stored as full Rupiah.	Structured from source workbook cells. Blank voucher treated as 0 only where source voucher cell is blank; no financing formula was invented.
2026-08-01	2026-08-31	SMH_ACCESSORIES	PCX 160 CBS MMC Acc	34616000	3500	600	2900	3174.733032721812	1829.3790316811549	1405	1259.7518445482078	1172.3420017951523	2. PL SMH Accessories periode Agustus 2026.xlsx	PL Acc	19-21	20	DP/voucher/cukup bayar/installment values are source-stated in thousands (000) Rupiah; OTR is stored as full Rupiah.	Structured from source workbook cells. Blank voucher treated as 0 only where source voucher cell is blank; no financing formula was invented.
2026-08-01	2026-08-31	SMH_ACCESSORIES	PCX 160 CBS MMC Acc	34616000	5200	600	4600	3012.3317964244297	1737.7922678405523	1336	1197.6953196552665	1115.0225800998767	2. PL SMH Accessories periode Agustus 2026.xlsx	PL Acc	19-21	21	DP/voucher/cukup bayar/installment values are source-stated in thousands (000) Rupiah; OTR is stored as full Rupiah.	Structured from source workbook cells. Blank voucher treated as 0 only where source voucher cell is blank; no financing formula was invented.
2026-08-01	2026-08-31	SMH_ACCESSORIES	PCX 160 ABS MMC Acc	38026000	3100	600	2500	3549.485444624841	2044.5615945789798	1571	1407.5449341564733	1309.7155822819288	2. PL SMH Accessories periode Agustus 2026.xlsx	PL Acc	23-25	23	DP/voucher/cukup bayar/installment values are source-stated in thousands (000) Rupiah; OTR is stored as full Rupiah.	Structured from source workbook cells. Blank voucher treated as 0 only where source voucher cell is blank; no financing formula was invented.
2026-08-01	2026-08-31	SMH_ACCESSORIES	PCX 160 ABS MMC Acc	38026000	3900	600	3300	3473.061333426072	2001.4619410069317	1538	1378.3418636186184	1282.7417367782696	2. PL SMH Accessories periode Agustus 2026.xlsx	PL Acc	23-25	24	DP/voucher/cukup bayar/installment values are source-stated in thousands (000) Rupiah; OTR is stored as full Rupiah.	Structured from source workbook cells. Blank voucher treated as 0 only where source voucher cell is blank; no financing formula was invented.
2026-08-01	2026-08-31	SMH_ACCESSORIES	PCX 160 ABS MMC Acc	38026000	5800	600	5200	3291.5540693289977	1899.1002637733177	1460	1308.9845710912134	1218.678853707079	2. PL SMH Accessories periode Agustus 2026.xlsx	PL Acc	23-25	25	DP/voucher/cukup bayar/installment values are source-stated in thousands (000) Rupiah; OTR is stored as full Rupiah.	Structured from source workbook cells. Blank voucher treated as 0 only where source voucher cell is blank; no financing formula was invented.
2026-08-01	2026-08-31	SMH_ACCESSORIES	PCX 160 ABS RoadSync MMC Acc	41026000	3300	600	2700	3826.4559766230755	2204.1380619294882	1693	1517.4214870551511	1411.963315394237	2. PL SMH Accessories periode Agustus 2026.xlsx	PL Acc	27-29	27	DP/voucher/cukup bayar/installment values are source-stated in thousands (000) Rupiah; OTR is stored as full Rupiah.	Structured from source workbook cells. Blank voucher treated as 0 only where source voucher cell is blank; no financing formula was invented.
2026-08-01	2026-08-31	SMH_ACCESSORIES	PCX 160 ABS RoadSync MMC Acc	41026000	4200	600	3600	3740.4788515244613	2155.6509516609335	1656	1484.5680327000648	1381.6177392026202	2. PL SMH Accessories periode Agustus 2026.xlsx	PL Acc	27-29	28	DP/voucher/cukup bayar/installment values are source-stated in thousands (000) Rupiah; OTR is stored as full Rupiah.	Structured from source workbook cells. Blank voucher treated as 0 only where source voucher cell is blank; no financing formula was invented.
2026-08-01	2026-08-31	SMH_ACCESSORIES	PCX 160 ABS RoadSync MMC Acc	41026000	6200	600	5600	3549.4185735275414	2047.9018177308135	1574	1411.560356355428	1314.1831254434724	2. PL SMH Accessories periode Agustus 2026.xlsx	PL Acc	27-29	29	DP/voucher/cukup bayar/installment values are source-stated in thousands (000) Rupiah; OTR is stored as full Rupiah.	Structured from source workbook cells. Blank voucher treated as 0 only where source voucher cell is blank; no financing formula was invented.
2026-08-01	2026-08-31	SMH_ACCESSORIES	ADV 160 CBS Acc	36275000	3000	0	3000	3386.228439789296	1950.5206287148512	1498	1342.8028218891943	1249.4727857869268	2. PL SMH Accessories periode Agustus 2026.xlsx	PL Acc	31-33	31	DP/voucher/cukup bayar/installment values are source-stated in thousands (000) Rupiah; OTR is stored as full Rupiah.	Structured from source workbook cells. Blank voucher treated as 0 only where source voucher cell is blank; no financing formula was invented.
2026-08-01	2026-08-31	SMH_ACCESSORIES	ADV 160 CBS Acc	36275000	3700	0	3700	3319.357342490374	1912.8084318393094	1470	1317.2501351685714	1225.870670971225	2. PL SMH Accessories periode Agustus 2026.xlsx	PL Acc	31-33	32	DP/voucher/cukup bayar/installment values are source-stated in thousands (000) Rupiah; OTR is stored as full Rupiah.	Structured from source workbook cells. Blank voucher treated as 0 only where source voucher cell is blank; no financing formula was invented.
2026-08-01	2026-08-31	SMH_ACCESSORIES	ADV 160 CBS Acc	36275000	5500	0	5500	3147.403092293145	1815.8342113022013	1396	1251.5432264583985	1165.1795185879919	2. PL SMH Accessories periode Agustus 2026.xlsx	PL Acc	31-33	33	DP/voucher/cukup bayar/installment values are source-stated in thousands (000) Rupiah; OTR is stored as full Rupiah.	Structured from source workbook cells. Blank voucher treated as 0 only where source voucher cell is blank; no financing formula was invented.
2026-08-01	2026-08-31	SMH_ACCESSORIES	ADV 160 ABS Acc	39195000	3200	0	3200	3655.303596859587	2105.554392578865	1617	1449.5546462403222	1348.8140870462155	2. PL SMH Accessories periode Agustus 2026.xlsx	PL Acc	35-37	35	DP/voucher/cukup bayar/installment values are source-stated in thousands (000) Rupiah; OTR is stored as full Rupiah.	Structured from source workbook cells. Blank voucher treated as 0 only where source voucher cell is blank; no financing formula was invented.
2026-08-01	2026-08-31	SMH_ACCESSORIES	ADV 160 ABS Acc	39195000	4000	0	4000	3578.879485660819	2062.4547390068174	1585	1420.3515757024675	1321.8402415425562	2. PL SMH Accessories periode Agustus 2026.xlsx	PL Acc	35-37	36	DP/voucher/cukup bayar/installment values are source-stated in thousands (000) Rupiah; OTR is stored as full Rupiah.	Structured from source workbook cells. Blank voucher treated as 0 only where source voucher cell is blank; no financing formula was invented.
2026-08-01	2026-08-31	SMH_ACCESSORIES	ADV 160 ABS Acc	39195000	5900	0	5900	3397.372221563744	1960.0930617732033	1507	1350.9942831750627	1257.777358471366	2. PL SMH Accessories periode Agustus 2026.xlsx	PL Acc	35-37	37	DP/voucher/cukup bayar/installment values are source-stated in thousands (000) Rupiah; OTR is stored as full Rupiah.	Structured from source workbook cells. Blank voucher treated as 0 only where source voucher cell is blank; no financing formula was invented.
2026-08-01	2026-08-31	SMH_ACCESSORIES	ADV 160 ABS RoadSync Acc	40710000	3300	0	3300	3795.269245657694	2186.194383157837	1679	1505.0788092923272	1400.4829095748107	2. PL SMH Accessories periode Agustus 2026.xlsx	PL Acc	39-41	39	DP/voucher/cukup bayar/installment values are source-stated in thousands (000) Rupiah; OTR is stored as full Rupiah.	Structured from source workbook cells. Blank voucher treated as 0 only where source voucher cell is blank; no financing formula was invented.
2026-08-01	2026-08-31	SMH_ACCESSORIES	ADV 160 ABS RoadSync Acc	40710000	4100	0	4100	3718.8451344589257	2143.0947295857886	1647	1475.8757387544722	1373.5090640711517	2. PL SMH Accessories periode Agustus 2026.xlsx	PL Acc	39-41	40	DP/voucher/cukup bayar/installment values are source-stated in thousands (000) Rupiah; OTR is stored as full Rupiah.	Structured from source workbook cells. Blank voucher treated as 0 only where source voucher cell is blank; no financing formula was invented.
2026-08-01	2026-08-31	SMH_ACCESSORIES	ADV 160 ABS RoadSync Acc	40710000	6200	0	6200	3518.2318425621597	2029.9581389591629	1560	1399.217678592604	1302.7027196240463	2. PL SMH Accessories periode Agustus 2026.xlsx	PL Acc	39-41	41	DP/voucher/cukup bayar/installment values are source-stated in thousands (000) Rupiah; OTR is stored as full Rupiah.	Structured from source workbook cells. Blank voucher treated as 0 only where source voucher cell is blank; no financing formula was invented.
2026-08-01	2026-08-31	BEAT_MMC	BeAT Sporty CBS MMC	18260000	1500	150	1350	1805.5522510329706	1065.8879600858547	835.6847558619723	757.8322298147956	711.824641470882	3. PL BeAT MMC Agustus 2026.xlsx	PL BeAT MMC Series	7-9	7	DP/voucher/cukup bayar/installment values are source-stated in thousands (000) Rupiah; OTR is stored as full Rupiah.	Structured from source workbook cells. Blank voucher treated as 0 only where source voucher cell is blank; no financing formula was invented.
2026-08-01	2026-08-31	BEAT_MMC	BeAT Sporty CBS MMC	18260000	1900	150	1750	1766.1628368900176	1043.108974517926	817.9637265547957	741.8855886133816	696.9532518396325	3. PL BeAT MMC Agustus 2026.xlsx	PL BeAT MMC Series	7-9	8	DP/voucher/cukup bayar/installment values are source-stated in thousands (000) Rupiah; OTR is stored as full Rupiah.	Structured from source workbook cells. Blank voucher treated as 0 only where source voucher cell is blank; no financing formula was invented.
2026-08-01	2026-08-31	BEAT_MMC	BeAT Sporty CBS MMC	18260000	2800	150	2650	1677.5366550683725	991.8562569900868	778.0914106136485	706.0056459102003	663.4926251693204	3. PL BeAT MMC Agustus 2026.xlsx	PL BeAT MMC Series	7-9	9	DP/voucher/cukup bayar/installment values are source-stated in thousands (000) Rupiah; OTR is stored as full Rupiah.	Structured from source workbook cells. Blank voucher treated as 0 only where source voucher cell is blank; no financing formula was invented.
2026-08-01	2026-08-31	BEAT_MMC	BeAT Sporty ISS Deluxe MMC	19075000	1600	150	1450	1878.617300140068	1109.1116546756382	869.5997047757796	788.6112406636746	740.7555358057007	3. PL BeAT MMC Agustus 2026.xlsx	PL BeAT MMC Series	11-13	11	DP/voucher/cukup bayar/installment values are source-stated in thousands (000) Rupiah; OTR is stored as full Rupiah.	Structured from source workbook cells. Blank voucher treated as 0 only where source voucher cell is blank; no financing formula was invented.
2026-08-01	2026-08-31	BEAT_MMC	BeAT Sporty ISS Deluxe MMC	19075000	2000	150	1850	1839.2278859971148	1086.3326691077098	851.878675468603	772.6645994622608	725.8841461744508	3. PL BeAT MMC Agustus 2026.xlsx	PL BeAT MMC Series	11-13	12	DP/voucher/cukup bayar/installment values are source-stated in thousands (000) Rupiah; OTR is stored as full Rupiah.	Structured from source workbook cells. Blank voucher treated as 0 only where source voucher cell is blank; no financing formula was invented.
2026-08-01	2026-08-31	BEAT_MMC	BeAT Sporty ISS Deluxe MMC	19075000	2900	150	2750	1750.60170417547	1035.0799515798703	812.0063595274556	736.7846567590793	692.4235195041389	3. PL BeAT MMC Agustus 2026.xlsx	PL BeAT MMC Series	11-13	13	DP/voucher/cukup bayar/installment values are source-stated in thousands (000) Rupiah; OTR is stored as full Rupiah.	Structured from source workbook cells. Blank voucher treated as 0 only where source voucher cell is blank; no financing formula was invented.
2026-08-01	2026-08-31	BEAT_MMC	BeAT Sporty Deluxe Smart Key MMC	19605000	1600	150	1450	1932.5357951102555	1140.9236469705288	894.5358511653732	811.2195912269794	761.9872328898655	3. PL BeAT MMC Agustus 2026.xlsx	PL BeAT MMC Series	15-17	15	DP/voucher/cukup bayar/installment values are source-stated in thousands (000) Rupiah; OTR is stored as full Rupiah.	Structured from source workbook cells. Blank voucher treated as 0 only where source voucher cell is blank; no financing formula was invented.
2026-08-01	2026-08-31	BEAT_MMC	BeAT Sporty Deluxe Smart Key MMC	19605000	2000	150	1850	1893.1463809673023	1118.1446614026004	876.8148218581966	795.2729500255654	747.1158432586159	3. PL BeAT MMC Agustus 2026.xlsx	PL BeAT MMC Series	15-17	16	DP/voucher/cukup bayar/installment values are source-stated in thousands (000) Rupiah; OTR is stored as full Rupiah.	Structured from source workbook cells. Blank voucher treated as 0 only where source voucher cell is blank; no financing formula was invented.
2026-08-01	2026-08-31	BEAT_MMC	BeAT Sporty Deluxe Smart Key MMC	19605000	3000	150	2850	1794.6728456099192	1061.1971974827788	832.5122485902551	755.4063470220306	709.9373691804913	3. PL BeAT MMC Agustus 2026.xlsx	PL BeAT MMC Series	15-17	17	DP/voucher/cukup bayar/installment values are source-stated in thousands (000) Rupiah; OTR is stored as full Rupiah.	Structured from source workbook cells. Blank voucher treated as 0 only where source voucher cell is blank; no financing formula was invented.
2026-08-01	2026-08-31	BEAT_MMC	BeAT Street MMC	19165000	1600	0	1600	1897.2659448025015	1124.713444984318	884.7588457916456	803.8829521264796	756.2356837205359	3. PL BeAT MMC Agustus 2026.xlsx	PL BeAT MMC Series	19-21	19	DP/voucher/cukup bayar/installment values are source-stated in thousands (000) Rupiah; OTR is stored as full Rupiah.	Structured from source workbook cells. Blank voucher treated as 0 only where source voucher cell is blank; no financing formula was invented.
2026-08-01	2026-08-31	BEAT_MMC	BeAT Street MMC	19165000	2000	0	2000	1857.678460866896	1101.7259917696372	866.8162676369262	787.7062512327282	741.1270512967611	3. PL BeAT MMC Agustus 2026.xlsx	PL BeAT MMC Series	19-21	20	DP/voucher/cukup bayar/installment values are source-stated in thousands (000) Rupiah; OTR is stored as full Rupiah.	Structured from source workbook cells. Blank voucher treated as 0 only where source voucher cell is blank; no financing formula was invented.
2026-08-01	2026-08-31	BEAT_MMC	BeAT Street MMC	19165000	2900	0	2900	1768.6066220117834	1050.0042220366056	826.4454667888078	751.308674221787	707.1326283432682	3. PL BeAT MMC Agustus 2026.xlsx	PL BeAT MMC Series	19-21	21	DP/voucher/cukup bayar/installment values are source-stated in thousands (000) Rupiah; OTR is stored as full Rupiah.	Structured from source workbook cells. Blank voucher treated as 0 only where source voucher cell is blank; no financing formula was invented.
2026-08-01	2026-08-31	BEAT_MMC	BeAT Sporty CBS MMC Acc	18995500	1600	150	1450	1870.5295258945396	1104.3398558314047	865.8592828173406	785.219988079179	737.570781243076	3. PL BeAT MMC Agustus 2026.xlsx	PL BeAT MMC Series	7-9	7	DP/voucher/cukup bayar/installment values are source-stated in thousands (000) Rupiah; OTR is stored as full Rupiah.	Structured from source workbook cells. Blank voucher treated as 0 only where source voucher cell is blank; no financing formula was invented.
2026-08-01	2026-08-31	BEAT_MMC	BeAT Sporty CBS MMC Acc	18995500	1900	150	1750	1840.987465287325	1087.2556166554582	852.5685108369582	773.2600071781186	726.4172390196385	3. PL BeAT MMC Agustus 2026.xlsx	PL BeAT MMC Series	7-9	8	DP/voucher/cukup bayar/installment values are source-stated in thousands (000) Rupiah; OTR is stored as full Rupiah.	Structured from source workbook cells. Blank voucher treated as 0 only where source voucher cell is blank; no financing formula was invented.
2026-08-01	2026-08-31	BEAT_MMC	BeAT Sporty CBS MMC Acc	18995500	2900	150	2750	1742.513929929942	1030.308152735637	808.2659375690166	733.3934041745836	689.2387649415141	3. PL BeAT MMC Agustus 2026.xlsx	PL BeAT MMC Series	7-9	9	DP/voucher/cukup bayar/installment values are source-stated in thousands (000) Rupiah; OTR is stored as full Rupiah.	Structured from source workbook cells. Blank voucher treated as 0 only where source voucher cell is blank; no financing formula was invented.
2026-08-01	2026-08-31	BEAT_MMC	BeAT Sporty ISS Deluxe MMC Acc	19810500	1600	150	1450	1953.4419285373754	1153.2582968131703	904.2044890579419	819.9856592284116	770.2195229857069	3. PL BeAT MMC Agustus 2026.xlsx	PL BeAT MMC Series	11-13	11	DP/voucher/cukup bayar/installment values are source-stated in thousands (000) Rupiah; OTR is stored as full Rupiah.	Structured from source workbook cells. Blank voucher treated as 0 only where source voucher cell is blank; no financing formula was invented.
2026-08-01	2026-08-31	BEAT_MMC	BeAT Sporty ISS Deluxe MMC Acc	19810500	2000	150	1850	1914.0525143944221	1130.479311245242	886.4834597507654	804.0390180269977	755.3481333544571	3. PL BeAT MMC Agustus 2026.xlsx	PL BeAT MMC Series	11-13	12	DP/voucher/cukup bayar/installment values are source-stated in thousands (000) Rupiah; OTR is stored as full Rupiah.	Structured from source workbook cells. Blank voucher treated as 0 only where source voucher cell is blank; no financing formula was invented.
2026-08-01	2026-08-31	BEAT_MMC	BeAT Sporty ISS Deluxe MMC Acc	19810500	3000	150	2850	1815.5789790370393	1073.5318473254206	842.180886482824	764.1724150234627	718.1696592763327	3. PL BeAT MMC Agustus 2026.xlsx	PL BeAT MMC Series	11-13	13	DP/voucher/cukup bayar/installment values are source-stated in thousands (000) Rupiah; OTR is stored as full Rupiah.	Structured from source workbook cells. Blank voucher treated as 0 only where source voucher cell is blank; no financing formula was invented.
2026-08-01	2026-08-31	BEAT_MMC	BeAT Sporty Deluxe Smart Key MMC Acc	20340500	1700	150	1550	1997.5130699718243	1179.375542716079	924.7103781207414	838.6073494913628	787.7333726620594	3. PL BeAT MMC Agustus 2026.xlsx	PL BeAT MMC Series	15-17	15	DP/voucher/cukup bayar/installment values are source-stated in thousands (000) Rupiah; OTR is stored as full Rupiah.	Structured from source workbook cells. Blank voucher treated as 0 only where source voucher cell is blank; no financing formula was invented.
2026-08-01	2026-08-31	BEAT_MMC	BeAT Sporty Deluxe Smart Key MMC Acc	20340500	2100	150	1950	1958.1236558288715	1156.5965571481504	906.9893488135649	822.6607082899487	772.8619830308096	3. PL BeAT MMC Agustus 2026.xlsx	PL BeAT MMC Series	15-17	16	DP/voucher/cukup bayar/installment values are source-stated in thousands (000) Rupiah; OTR is stored as full Rupiah.	Structured from source workbook cells. Blank voucher treated as 0 only where source voucher cell is blank; no financing formula was invented.
2026-08-01	2026-08-31	BEAT_MMC	BeAT Sporty Deluxe Smart Key MMC Acc	20340500	3100	150	2950	1859.6501204714884	1099.6490932283289	862.6867755456233	782.7941052864139	735.6835089526852	3. PL BeAT MMC Agustus 2026.xlsx	PL BeAT MMC Series	15-17	17	DP/voucher/cukup bayar/installment values are source-stated in thousands (000) Rupiah; OTR is stored as full Rupiah.	Structured from source workbook cells. Blank voucher treated as 0 only where source voucher cell is blank; no financing formula was invented.
2026-08-01	2026-08-31	BEAT_MMC	BeAT Street MMC Acc	19770500	1600	0	1600	1959.1750344410536	1161.389754182442	913.6033792896176	830.0845567728502	780.878854707715	3. PL BeAT MMC Agustus 2026.xlsx	PL BeAT MMC Series	19-21	19	DP/voucher/cukup bayar/installment values are source-stated in thousands (000) Rupiah; OTR is stored as full Rupiah.	Structured from source workbook cells. Blank voucher treated as 0 only where source voucher cell is blank; no financing formula was invented.
2026-08-01	2026-08-31	BEAT_MMC	BeAT Street MMC Acc	19770500	2000	0	2000	1919.587550505448	1138.4023009677612	895.6608011348983	813.9078558790987	765.7702222839404	3. PL BeAT MMC Agustus 2026.xlsx	PL BeAT MMC Series	19-21	20	DP/voucher/cukup bayar/installment values are source-stated in thousands (000) Rupiah; OTR is stored as full Rupiah.	Structured from source workbook cells. Blank voucher treated as 0 only where source voucher cell is blank; no financing formula was invented.
2026-08-01	2026-08-31	BEAT_MMC	BeAT Street MMC Acc	19770500	3000	0	3000	1820.618840666434	1080.9336679310593	850.8043557481002	773.4661036447199	727.9986412245039	3. PL BeAT MMC Agustus 2026.xlsx	PL BeAT MMC Series	19-21	21	DP/voucher/cukup bayar/installment values are source-stated in thousands (000) Rupiah; OTR is stored as full Rupiah.	Structured from source workbook cells. Blank voucher treated as 0 only where source voucher cell is blank; no financing formula was invented.
2026-08-01	2026-08-31	PREMIUM	CBR250RR STD Black (Black Freedom)	71650000	10000	5000	5000	6114.266155759934	3482.3063678255635	2648	2359.202507589556	2185.073022294949	5. PL Premium periode Agustus 2026.xlsx	PL Premium 1	7-9	7	DP/voucher/cukup bayar/installment values are source-stated in thousands (000) Rupiah; OTR is stored as full Rupiah.	Structured from source workbook cells. Blank voucher treated as 0 only where source voucher cell is blank; no financing formula was invented.
2026-08-01	2026-08-31	PREMIUM	CBR250RR STD Black (Black Freedom)	71650000	15000	5000	10000	5643.884549081881	3220.4398376762656	2450	2184.7994486481407	2024.8156645752515	5. PL Premium periode Agustus 2026.xlsx	PL Premium 1	7-9	8	DP/voucher/cukup bayar/installment values are source-stated in thousands (000) Rupiah; OTR is stored as full Rupiah.	Structured from source workbook cells. Blank voucher treated as 0 only where source voucher cell is blank; no financing formula was invented.
2026-08-01	2026-08-31	PREMIUM	CBR250RR STD Black (Black Freedom)	71650000	20000	5000	15000	5173.502942403829	2958.573307526967	2253	2010.3963897067254	1864.5583068555532	5. PL Premium periode Agustus 2026.xlsx	PL Premium 1	7-9	9	DP/voucher/cukup bayar/installment values are source-stated in thousands (000) Rupiah; OTR is stored as full Rupiah.	Structured from source workbook cells. Blank voucher treated as 0 only where source voucher cell is blank; no financing formula was invented.
2026-08-01	2026-08-31	PREMIUM	CBR250RR STD Black (Mat Gunpowder Black Metallic)	76510000	10000	5000	5000	6586.610758958974	3750.5854855651573	2852	2540.588665010986	2352.9153607555204	5. PL Premium periode Agustus 2026.xlsx	PL Premium 1	11-13	11	DP/voucher/cukup bayar/installment values are source-stated in thousands (000) Rupiah; OTR is stored as full Rupiah.	Structured from source workbook cells. Blank voucher treated as 0 only where source voucher cell is blank; no financing formula was invented.
2026-08-01	2026-08-31	PREMIUM	CBR250RR STD Black (Mat Gunpowder Black Metallic)	76510000	15000	5000	10000	6116.229152280923	3488.71895541586	2654	2366.18560606957	2192.6580030358223	5. PL Premium periode Agustus 2026.xlsx	PL Premium 1	11-13	12	DP/voucher/cukup bayar/installment values are source-stated in thousands (000) Rupiah; OTR is stored as full Rupiah.	Structured from source workbook cells. Blank voucher treated as 0 only where source voucher cell is blank; no financing formula was invented.
2026-08-01	2026-08-31	PREMIUM	CBR250RR STD Black (Mat Gunpowder Black Metallic)	76510000	20000	5000	15000	5645.84754560287	3226.8524252665616	2457	2191.782547128155	2032.4006453161246	5. PL Premium periode Agustus 2026.xlsx	PL Premium 1	11-13	13	DP/voucher/cukup bayar/installment values are source-stated in thousands (000) Rupiah; OTR is stored as full Rupiah.	Structured from source workbook cells. Blank voucher treated as 0 only where source voucher cell is blank; no financing formula was invented.
2026-08-01	2026-08-31	PREMIUM	CBR250RR ABS BL	84155000	10000	5000	5000	7329.630201645532	4172.600682091741	3172	2825.9173015309098	2616.938956955329	5. PL Premium periode Agustus 2026.xlsx	PL Premium 1	15-17	15	DP/voucher/cukup bayar/installment values are source-stated in thousands (000) Rupiah; OTR is stored as full Rupiah.	Structured from source workbook cells. Blank voucher treated as 0 only where source voucher cell is blank; no financing formula was invented.
2026-08-01	2026-08-31	PREMIUM	CBR250RR ABS BL	84155000	15000	5000	10000	6859.24859496748	3910.734151942443	2975	2651.514242589494	2456.681599235631	5. PL Premium periode Agustus 2026.xlsx	PL Premium 1	15-17	16	DP/voucher/cukup bayar/installment values are source-stated in thousands (000) Rupiah; OTR is stored as full Rupiah.	Structured from source workbook cells. Blank voucher treated as 0 only where source voucher cell is blank; no financing formula was invented.
2026-08-01	2026-08-31	PREMIUM	CBR250RR ABS BL	84155000	20000	5000	15000	6388.866988289427	3648.8676217931447	2777	2477.1111836480786	2296.4242415159324	5. PL Premium periode Agustus 2026.xlsx	PL Premium 1	15-17	17	DP/voucher/cukup bayar/installment values are source-stated in thousands (000) Rupiah; OTR is stored as full Rupiah.	Structured from source workbook cells. Blank voucher treated as 0 only where source voucher cell is blank; no financing formula was invented.
2026-08-01	2026-08-31	PREMIUM	CBR250RR ABS QS AR	88205000	10000	5000	5000	7723.2507043114	4396.1666135414025	3342	2977.0724327154344	2756.8075723391385	5. PL Premium periode Agustus 2026.xlsx	PL Premium 1	7-9	7	DP/voucher/cukup bayar/installment values are source-stated in thousands (000) Rupiah; OTR is stored as full Rupiah.	Structured from source workbook cells. Blank voucher treated as 0 only where source voucher cell is blank; no financing formula was invented.
2026-08-01	2026-08-31	PREMIUM	CBR250RR ABS QS AR	88205000	15000	5000	10000	7252.869097633347	4134.300083392104	3144	2802.6693737740193	2596.5502146194403	5. PL Premium periode Agustus 2026.xlsx	PL Premium 1	7-9	8	DP/voucher/cukup bayar/installment values are source-stated in thousands (000) Rupiah; OTR is stored as full Rupiah.	Structured from source workbook cells. Blank voucher treated as 0 only where source voucher cell is blank; no financing formula was invented.
2026-08-01	2026-08-31	PREMIUM	CBR250RR ABS QS AR	88205000	20000	5000	15000	6782.487490955296	3872.4335532428063	2947	2628.2663148326037	2436.292856899742	5. PL Premium periode Agustus 2026.xlsx	PL Premium 1	7-9	9	DP/voucher/cukup bayar/installment values are source-stated in thousands (000) Rupiah; OTR is stored as full Rupiah.	Structured from source workbook cells. Blank voucher treated as 0 only where source voucher cell is blank; no financing formula was invented.
2026-08-01	2026-08-31	PREMIUM	CBR250RR ABS QS MP	88800000	10000	5000	5000	7781.078901616632	4429.011484951909	3367	2999.279174210445	2777.3561713893523	5. PL Premium periode Agustus 2026.xlsx	PL Premium 1	11-13	11	DP/voucher/cukup bayar/installment values are source-stated in thousands (000) Rupiah; OTR is stored as full Rupiah.	Structured from source workbook cells. Blank voucher treated as 0 only where source voucher cell is blank; no financing formula was invented.
2026-08-01	2026-08-31	PREMIUM	CBR250RR ABS QS MP	88800000	15000	5000	10000	7310.697294938579	4167.14495480261	3169	2824.8761152690295	2617.098813669654	5. PL Premium periode Agustus 2026.xlsx	PL Premium 1	11-13	12	DP/voucher/cukup bayar/installment values are source-stated in thousands (000) Rupiah; OTR is stored as full Rupiah.	Structured from source workbook cells. Blank voucher treated as 0 only where source voucher cell is blank; no financing formula was invented.
2026-08-01	2026-08-31	PREMIUM	CBR250RR ABS QS MP	88800000	20000	5000	15000	6840.315688260528	3905.278424653313	2972	2650.473056327614	2456.841455949956	5. PL Premium periode Agustus 2026.xlsx	PL Premium 1	11-13	13	DP/voucher/cukup bayar/installment values are source-stated in thousands (000) Rupiah; OTR is stored as full Rupiah.	Structured from source workbook cells. Blank voucher treated as 0 only where source voucher cell is blank; no financing formula was invented.
2026-08-01	2026-08-31	PREMIUM	CBR250RR ABS QS RD	88800000	10000	5000	5000	7781.078901616632	4429.011484951909	3367	2999.279174210445	2777.3561713893523	5. PL Premium periode Agustus 2026.xlsx	PL Premium 1	15-17	15	DP/voucher/cukup bayar/installment values are source-stated in thousands (000) Rupiah; OTR is stored as full Rupiah.	Structured from source workbook cells. Blank voucher treated as 0 only where source voucher cell is blank; no financing formula was invented.
2026-08-01	2026-08-31	PREMIUM	CBR250RR ABS QS RD	88800000	15000	5000	10000	7310.697294938579	4167.14495480261	3169	2824.8761152690295	2617.098813669654	5. PL Premium periode Agustus 2026.xlsx	PL Premium 1	15-17	16	DP/voucher/cukup bayar/installment values are source-stated in thousands (000) Rupiah; OTR is stored as full Rupiah.	Structured from source workbook cells. Blank voucher treated as 0 only where source voucher cell is blank; no financing formula was invented.
2026-08-01	2026-08-31	PREMIUM	CBR250RR ABS QS RD	88800000	20000	5000	15000	6840.315688260528	3905.278424653313	2972	2650.473056327614	2456.841455949956	5. PL Premium periode Agustus 2026.xlsx	PL Premium 1	15-17	17	DP/voucher/cukup bayar/installment values are source-stated in thousands (000) Rupiah; OTR is stored as full Rupiah.	Structured from source workbook cells. Blank voucher treated as 0 only where source voucher cell is blank; no financing formula was invented.
2026-08-01	2026-08-31	PREMIUM	Supercub C 125	76475000	12000	0	12000	6626.913894281624	3890.170833306452	3032	2741.9669375972426	2569.84905232138	5. PL Premium periode Agustus 2026.xlsx	PL Premium 2	7-9	7	DP/voucher/cukup bayar/installment values are source-stated in thousands (000) Rupiah; OTR is stored as full Rupiah.	Structured from source workbook cells. Blank voucher treated as 0 only where source voucher cell is blank; no financing formula was invented.
2026-08-01	2026-08-31	PREMIUM	Supercub C 125	76475000	14000	0	14000	6431.9396403049495	3778.345192586247	2946	2664.50942418284	2497.837064740537	5. PL Premium periode Agustus 2026.xlsx	PL Premium 2	7-9	8	DP/voucher/cukup bayar/installment values are source-stated in thousands (000) Rupiah; OTR is stored as full Rupiah.	Structured from source workbook cells. Blank voucher treated as 0 only where source voucher cell is blank; no financing formula was invented.
2026-08-01	2026-08-31	PREMIUM	Supercub C 125	76475000	16000	0	16000	6236.965386328273	3666.519551866042	2860	2587.0519107684368	2425.825077159693	5. PL Premium periode Agustus 2026.xlsx	PL Premium 2	7-9	9	DP/voucher/cukup bayar/installment values are source-stated in thousands (000) Rupiah; OTR is stored as full Rupiah.	Structured from source workbook cells. Blank voucher treated as 0 only where source voucher cell is blank; no financing formula was invented.
2026-08-01	2026-08-31	PREMIUM	CT 125	80215000	13000	0	13000	6906.096943628066	4054.66411429306	3161	2858.2229194809206	2678.9418126072896	5. PL Premium periode Agustus 2026.xlsx	PL Premium 2	11-13	11	DP/voucher/cukup bayar/installment values are source-stated in thousands (000) Rupiah; OTR is stored as full Rupiah.	Structured from source workbook cells. Blank voucher treated as 0 only where source voucher cell is blank; no financing formula was invented.
2026-08-01	2026-08-31	PREMIUM	CT 125	80215000	15000	0	15000	6711.12268965139	3942.8384735728546	3074	2780.7654060665177	2606.9298250264465	5. PL Premium periode Agustus 2026.xlsx	PL Premium 2	11-13	12	DP/voucher/cukup bayar/installment values are source-stated in thousands (000) Rupiah; OTR is stored as full Rupiah.	Structured from source workbook cells. Blank voucher treated as 0 only where source voucher cell is blank; no financing formula was invented.
2026-08-01	2026-08-31	PREMIUM	CT 125	80215000	17000	0	17000	6516.148435674715	3831.012832852649	2988	2703.3078926521143	2534.9178374456023	5. PL Premium periode Agustus 2026.xlsx	PL Premium 2	11-13	13	DP/voucher/cukup bayar/installment values are source-stated in thousands (000) Rupiah; OTR is stored as full Rupiah.	Structured from source workbook cells. Blank voucher treated as 0 only where source voucher cell is blank; no financing formula was invented.
2026-08-01	2026-08-31	PREMIUM	Forza	95865000	15000	0	15000	8287	4865	3793	3429	3214	5. PL Premium periode Agustus 2026.xlsx	PL Premium 2	15-17	15	DP/voucher/cukup bayar/installment values are source-stated in thousands (000) Rupiah; OTR is stored as full Rupiah.	Structured from source workbook cells. Blank voucher treated as 0 only where source voucher cell is blank; no financing formula was invented.
2026-08-01	2026-08-31	PREMIUM	Forza	95865000	18000	0	18000	7995	4697	3663	3313	3106	5. PL Premium periode Agustus 2026.xlsx	PL Premium 2	15-17	16	DP/voucher/cukup bayar/installment values are source-stated in thousands (000) Rupiah; OTR is stored as full Rupiah.	Structured from source workbook cells. Blank voucher treated as 0 only where source voucher cell is blank; no financing formula was invented.
2026-08-01	2026-08-31	PREMIUM	Forza	95865000	20000	0	20000	7800	4586	3577	3236	3034	5. PL Premium periode Agustus 2026.xlsx	PL Premium 2	15-17	17	DP/voucher/cukup bayar/installment values are source-stated in thousands (000) Rupiah; OTR is stored as full Rupiah.	Structured from source workbook cells. Blank voucher treated as 0 only where source voucher cell is blank; no financing formula was invented.
2026-08-01	2026-08-31	PREMIUM	Monkey 125	83890000	14000	0	14000	7178.73358616655	4215.326807956797	3286	2971.785316335613	2785.5128031031027	5. PL Premium periode Agustus 2026.xlsx	PL Premium 2	19-21	19	DP/voucher/cukup bayar/installment values are source-stated in thousands (000) Rupiah; OTR is stored as full Rupiah.	Structured from source workbook cells. Blank voucher treated as 0 only where source voucher cell is blank; no financing formula was invented.
2026-08-01	2026-08-31	PREMIUM	Monkey 125	83890000	17000	0	17000	6886.272205201535	4047.5883468764887	3157	2855.5990462140076	2677.494821731837	5. PL Premium periode Agustus 2026.xlsx	PL Premium 2	19-21	20	DP/voucher/cukup bayar/installment values are source-stated in thousands (000) Rupiah; OTR is stored as full Rupiah.	Structured from source workbook cells. Blank voucher treated as 0 only where source voucher cell is blank; no financing formula was invented.
2026-08-01	2026-08-31	PREMIUM	Monkey 125	83890000	20000	0	20000	6593.81082423652	3879.8498857961804	3027	2739.412776092403	2569.476840360572	5. PL Premium periode Agustus 2026.xlsx	PL Premium 2	19-21	21	DP/voucher/cukup bayar/installment values are source-stated in thousands (000) Rupiah; OTR is stored as full Rupiah.	Structured from source workbook cells. Blank voucher treated as 0 only where source voucher cell is blank; no financing formula was invented.
2026-08-01	2026-08-31	PREMIUM	ST 125 Dax	79290000	13000	0	13000	6812.936539053288	4000.1519100829773	3118	2819.8911325299678	2643.0550886712986	5. PL Premium periode Agustus 2026.xlsx	PL Premium 2	7-9	7	DP/voucher/cukup bayar/installment values are source-stated in thousands (000) Rupiah; OTR is stored as full Rupiah.	Structured from source workbook cells. Blank voucher treated as 0 only where source voucher cell is blank; no financing formula was invented.
2026-08-01	2026-08-31	PREMIUM	ST 125 Dax	79290000	16000	0	16000	6520.475158088274	3832.4134490026695	2989	2703.704862408363	2535.0371073000333	5. PL Premium periode Agustus 2026.xlsx	PL Premium 2	7-9	8	DP/voucher/cukup bayar/installment values are source-stated in thousands (000) Rupiah; OTR is stored as full Rupiah.	Structured from source workbook cells. Blank voucher treated as 0 only where source voucher cell is blank; no financing formula was invented.
2026-08-01	2026-08-31	PREMIUM	ST 125 Dax	79290000	19000	0	19000	6228.01377712326	3664.6749879223626	2859	2587.518592286759	2427.0191259287676	5. PL Premium periode Agustus 2026.xlsx	PL Premium 2	7-9	9	DP/voucher/cukup bayar/installment values are source-stated in thousands (000) Rupiah; OTR is stored as full Rupiah.	Structured from source workbook cells. Blank voucher treated as 0 only where source voucher cell is blank; no financing formula was invented.
2026-08-01	2026-08-31	PREMIUM	CRF 250L	90305000	15000	0	15000	7727	4537	3537	3199	2998	5. PL Premium periode Agustus 2026.xlsx	PL Premium 2	11-13	11	DP/voucher/cukup bayar/installment values are source-stated in thousands (000) Rupiah; OTR is stored as full Rupiah.	Structured from source workbook cells. Blank voucher treated as 0 only where source voucher cell is blank; no financing formula was invented.
2026-08-01	2026-08-31	PREMIUM	CRF 250L	90305000	18000	0	18000	7435	4370	3408	3083	2890	5. PL Premium periode Agustus 2026.xlsx	PL Premium 2	11-13	12	DP/voucher/cukup bayar/installment values are source-stated in thousands (000) Rupiah; OTR is stored as full Rupiah.	Structured from source workbook cells. Blank voucher treated as 0 only where source voucher cell is blank; no financing formula was invented.
2026-08-01	2026-08-31	PREMIUM	CRF 250L	90305000	20000	0	20000	7240	4258	3321	3005	2818	5. PL Premium periode Agustus 2026.xlsx	PL Premium 2	11-13	13	DP/voucher/cukup bayar/installment values are source-stated in thousands (000) Rupiah; OTR is stored as full Rupiah.	Structured from source workbook cells. Blank voucher treated as 0 only where source voucher cell is blank; no financing formula was invented.
2026-08-01	2026-08-31	PREMIUM	CRF 250 Rally	94780000	15000	0	15000	8178	4801	3743	3384	3172	5. PL Premium periode Agustus 2026.xlsx	PL Premium 2	15-17	15	DP/voucher/cukup bayar/installment values are source-stated in thousands (000) Rupiah; OTR is stored as full Rupiah.	Structured from source workbook cells. Blank voucher treated as 0 only where source voucher cell is blank; no financing formula was invented.
2026-08-01	2026-08-31	PREMIUM	CRF 250 Rally	94780000	18000	0	18000	7886	4633	3613	3268	3064	5. PL Premium periode Agustus 2026.xlsx	PL Premium 2	15-17	16	DP/voucher/cukup bayar/installment values are source-stated in thousands (000) Rupiah; OTR is stored as full Rupiah.	Structured from source workbook cells. Blank voucher treated as 0 only where source voucher cell is blank; no financing formula was invented.
2026-08-01	2026-08-31	PREMIUM	CRF 250 Rally	94780000	20000	0	20000	7691	4522	3527	3191	2992	5. PL Premium periode Agustus 2026.xlsx	PL Premium 2	15-17	17	DP/voucher/cukup bayar/installment values are source-stated in thousands (000) Rupiah; OTR is stored as full Rupiah.	Structured from source workbook cells. Blank voucher treated as 0 only where source voucher cell is blank; no financing formula was invented.
2026-08-01	2026-08-31	EV	EM1 e: + Charger	46282000	10000	8000	2000	3648.743955358026	2081.955614982349	1584	1412.411552555229	1308.977458083473	6. PL EV periode Agustus 2026.xlsx	EV	7-9	7	DP/voucher/cukup bayar/installment values are source-stated in thousands (000) Rupiah; OTR is stored as full Rupiah.	Structured from source workbook cells. Blank voucher treated as 0 only where source voucher cell is blank; no financing formula was invented.
2026-08-01	2026-08-31	EV	EM1 e: + Charger	46282000	11000	8000	3000	3554.6676340224153	2029.582308952489	1545	1377.5309407669463	1276.9259865395336	6. PL EV periode Agustus 2026.xlsx	EV	7-9	8	DP/voucher/cukup bayar/installment values are source-stated in thousands (000) Rupiah; OTR is stored as full Rupiah.	Structured from source workbook cells. Blank voucher treated as 0 only where source voucher cell is blank; no financing formula was invented.
2026-08-01	2026-08-31	EV	EM1 e: + Charger	46282000	12000	8000	4000	3460.5913126868045	1977.2090029226292	1505	1342.650328978663	1244.8745149955937	6. PL EV periode Agustus 2026.xlsx	EV	7-9	9	DP/voucher/cukup bayar/installment values are source-stated in thousands (000) Rupiah; OTR is stored as full Rupiah.	Structured from source workbook cells. Blank voucher treated as 0 only where source voucher cell is blank; no financing formula was invented.
2026-08-01	2026-08-31	EV	EM1 e:Plus + Charger	46782000	10000	8000	2000	3697.339079143935	2109.5563472600843	1605	1431.0726798619608	1326.2451883777705	6. PL EV periode Agustus 2026.xlsx	EV	11-13	11	DP/voucher/cukup bayar/installment values are source-stated in thousands (000) Rupiah; OTR is stored as full Rupiah.	Structured from source workbook cells. Blank voucher treated as 0 only where source voucher cell is blank; no financing formula was invented.
2026-08-01	2026-08-31	EV	EM1 e:Plus + Charger	46782000	11000	8000	3000	3603.2627578083243	2057.1830412302247	1566	1396.1920680736775	1294.193716833831	6. PL EV periode Agustus 2026.xlsx	EV	11-13	12	DP/voucher/cukup bayar/installment values are source-stated in thousands (000) Rupiah; OTR is stored as full Rupiah.	Structured from source workbook cells. Blank voucher treated as 0 only where source voucher cell is blank; no financing formula was invented.
2026-08-01	2026-08-31	EV	EM1 e:Plus + Charger	46782000	12000	8000	4000	3509.186436472714	2004.8097352003654	1526	1361.3114562853943	1262.1422452898912	6. PL EV periode Agustus 2026.xlsx	EV	11-13	13	DP/voucher/cukup bayar/installment values are source-stated in thousands (000) Rupiah; OTR is stored as full Rupiah.	Structured from source workbook cells. Blank voucher treated as 0 only where source voucher cell is blank; no financing formula was invented.
2026-08-01	2026-08-31	EV	ICON e:	28307000	5500	4000	1500	2325.0927012648226	1325.3891667321066	1008	898.5067789255072	832.4341759512074	6. PL EV periode Agustus 2026.xlsx	EV	15-17	15	DP/voucher/cukup bayar/installment values are source-stated in thousands (000) Rupiah; OTR is stored as full Rupiah.	Structured from source workbook cells. Blank voucher treated as 0 only where source voucher cell is blank; no financing formula was invented.
2026-08-01	2026-08-31	EV	ICON e:	28307000	6500	4000	2500	2231.016379929212	1273.015860702247	969	863.626167137224	800.3827044072677	6. PL EV periode Agustus 2026.xlsx	EV	15-17	16	DP/voucher/cukup bayar/installment values are source-stated in thousands (000) Rupiah; OTR is stored as full Rupiah.	Structured from source workbook cells. Blank voucher treated as 0 only where source voucher cell is blank; no financing formula was invented.
2026-08-01	2026-08-31	EV	ICON e:	28307000	7500	4000	3500	2136.9400585936014	1220.6425546723872	929	828.7455553489409	768.3312328633281	6. PL EV periode Agustus 2026.xlsx	EV	15-17	17	DP/voucher/cukup bayar/installment values are source-stated in thousands (000) Rupiah; OTR is stored as full Rupiah.	Structured from source workbook cells. Blank voucher treated as 0 only where source voucher cell is blank; no financing formula was invented.
2026-08-01	2026-08-31	EV	CUV e: + 2 Charger	66936000	7500	5000	2500	5891.3021320454045	3353.0199289857173	2549	2270.4669288124	2102.401539940162	6. PL EV periode Agustus 2026.xlsx	EV	7-9	7	DP/voucher/cukup bayar/installment values are source-stated in thousands (000) Rupiah; OTR is stored as full Rupiah.	Structured from source workbook cells. Blank voucher treated as 0 only where source voucher cell is blank; no financing formula was invented.
2026-08-01	2026-08-31	EV	CUV e: + 2 Charger	66936000	8500	5000	3500	5797.225810709794	3300.6466229558573	2509	2235.586317024117	2070.3500683962225	6. PL EV periode Agustus 2026.xlsx	EV	7-9	8	DP/voucher/cukup bayar/installment values are source-stated in thousands (000) Rupiah; OTR is stored as full Rupiah.	Structured from source workbook cells. Blank voucher treated as 0 only where source voucher cell is blank; no financing formula was invented.
2026-08-01	2026-08-31	EV	CUV e: + 2 Charger	66936000	9500	5000	4500	5703.149489374184	3248.273316925998	2470	2200.7057052358336	2038.2985968522828	6. PL EV periode Agustus 2026.xlsx	EV	7-9	9	DP/voucher/cukup bayar/installment values are source-stated in thousands (000) Rupiah; OTR is stored as full Rupiah.	Structured from source workbook cells. Blank voucher treated as 0 only where source voucher cell is blank; no financing formula was invented.
2026-08-01	2026-08-31	EV	CUV e: Roadsync Duo + 2 Charger	72136000	7500	5000	2500	6396.691419418863	3640.0675446741716	2767	2464.542652802407	2281.9859350008555	6. PL EV periode Agustus 2026.xlsx	EV	11-13	11	DP/voucher/cukup bayar/installment values are source-stated in thousands (000) Rupiah; OTR is stored as full Rupiah.	Structured from source workbook cells. Blank voucher treated as 0 only where source voucher cell is blank; no financing formula was invented.
2026-08-01	2026-08-31	EV	CUV e: Roadsync Duo + 2 Charger	72136000	8500	5000	3500	6302.6150980832535	3587.6942386443116	2727	2429.6620410141236	2249.9344634569156	6. PL EV periode Agustus 2026.xlsx	EV	11-13	12	DP/voucher/cukup bayar/installment values are source-stated in thousands (000) Rupiah; OTR is stored as full Rupiah.	Structured from source workbook cells. Blank voucher treated as 0 only where source voucher cell is blank; no financing formula was invented.
2026-08-01	2026-08-31	EV	CUV e: Roadsync Duo + 2 Charger	72136000	9500	5000	4500	6208.538776747644	3535.320932614453	2688	2394.7814292258404	2217.882991912976	6. PL EV periode Agustus 2026.xlsx	EV	11-13	13	DP/voucher/cukup bayar/installment values are source-stated in thousands (000) Rupiah; OTR is stored as full Rupiah.	Structured from source workbook cells. Blank voucher treated as 0 only where source voucher cell is blank; no financing formula was invented.
