dealer_code	dealer	type_code	type_description	status	stock_status	aging_bucket	units	source_file	source_table_range	as_of	privacy_transform
00675	PT. BULAN MOTOR - TUNGKAL	ESK	CRF150L	RFS	Ready	>150	1	Stok_per_no_mesin_dealer - 2026-08-06T080342.480.xls	HTML table / 5,239 data rows	2026-08-06 08:03:42	Aggregated; raw unit/engine identifiers excluded
00675	PT. BULAN MOTOR - TUNGKAL	ESK	CRF150L	RFS	Soft Booking	>150	1	Stok_per_no_mesin_dealer - 2026-08-06T080342.480.xls	HTML table / 5,239 data rows	2026-08-06 08:03:42	Aggregated; raw unit/engine identifiers excluded
00675	PT. BULAN MOTOR - TUNGKAL	ESL	CRF150L	RFS	Ready	61-90	1	Stok_per_no_mesin_dealer - 2026-08-06T080342.480.xls	HTML table / 5,239 data rows	2026-08-06 08:03:42	Aggregated; raw unit/engine identifiers excluded
00675	PT. BULAN MOTOR - TUNGKAL	ESL	CRF150L	RFS	Soft Booking	61-90	1	Stok_per_no_mesin_dealer - 2026-08-06T080342.480.xls	HTML table / 5,239 data rows	2026-08-06 08:03:42	Aggregated; raw unit/engine identifiers excluded
00675	PT. BULAN MOTOR - TUNGKAL	GB4	REVO FIT	RFS	Ready	0-30	6	Stok_per_no_mesin_dealer - 2026-08-06T080342.480.xls	HTML table / 5,239 data rows	2026-08-06 08:03:42	Aggregated; raw unit/engine identifiers excluded
00675	PT. BULAN MOTOR - TUNGKAL	GD4	REVO X	RFS	Ready	0-30	2	Stok_per_no_mesin_dealer - 2026-08-06T080342.480.xls	HTML table / 5,239 data rows	2026-08-06 08:03:42	Aggregated; raw unit/engine identifiers excluded
00675	PT. BULAN MOTOR - TUNGKAL	GD4	REVO X	RFS	Ready	31-60	3	Stok_per_no_mesin_dealer - 2026-08-06T080342.480.xls	HTML table / 5,239 data rows	2026-08-06 08:03:42	Aggregated; raw unit/engine identifiers excluded
00675	PT. BULAN MOTOR - TUNGKAL	GD4	REVO X	RFS	Soft Booking	31-60	1	Stok_per_no_mesin_dealer - 2026-08-06T080342.480.xls	HTML table / 5,239 data rows	2026-08-06 08:03:42	Aggregated; raw unit/engine identifiers excluded
00675	PT. BULAN MOTOR - TUNGKAL	GE5	SUPRA X 125 SW	RFS	Ready	31-60	1	Stok_per_no_mesin_dealer - 2026-08-06T080342.480.xls	HTML table / 5,239 data rows	2026-08-06 08:03:42	Aggregated; raw unit/engine identifiers excluded
00675	PT. BULAN MOTOR - TUNGKAL	GF5	SUPRA X 125 CW	RFS	Ready	0-30	5	Stok_per_no_mesin_dealer - 2026-08-06T080342.480.xls	HTML table / 5,239 data rows	2026-08-06 08:03:42	Aggregated; raw unit/engine identifiers excluded
00675	PT. BULAN MOTOR - TUNGKAL	HJK	NEW SUPRA GTR150	RFS	Ready	0-30	1	Stok_per_no_mesin_dealer - 2026-08-06T080342.480.xls	HTML table / 5,239 data rows	2026-08-06 08:03:42	Aggregated; raw unit/engine identifiers excluded
00675	PT. BULAN MOTOR - TUNGKAL	KEA	CBR 150R ABS	RFS	Ready	31-60	1	Stok_per_no_mesin_dealer - 2026-08-06T080342.480.xls	HTML table / 5,239 data rows	2026-08-06 08:03:42	Aggregated; raw unit/engine identifiers excluded
00675	PT. BULAN MOTOR - TUNGKAL	KF0	CB150 VERZA SW	RFS	Ready	91-120	1	Stok_per_no_mesin_dealer - 2026-08-06T080342.480.xls	HTML table / 5,239 data rows	2026-08-06 08:03:42	Aggregated; raw unit/engine identifiers excluded
00675	PT. BULAN MOTOR - TUNGKAL	KG0	CB150 VERZA CW	RFS	Ready	61-90	1	Stok_per_no_mesin_dealer - 2026-08-06T080342.480.xls	HTML table / 5,239 data rows	2026-08-06 08:03:42	Aggregated; raw unit/engine identifiers excluded
00675	PT. BULAN MOTOR - TUNGKAL	LW1	VARIO 160 ABS	RFS	Ready	91-120	1	Stok_per_no_mesin_dealer - 2026-08-06T080342.480.xls	HTML table / 5,239 data rows	2026-08-06 08:03:42	Aggregated; raw unit/engine identifiers excluded
00675	PT. BULAN MOTOR - TUNGKAL	LY2	GENIO CBS	RFS	Soft Booking	121-150	1	Stok_per_no_mesin_dealer - 2026-08-06T080342.480.xls	HTML table / 5,239 data rows	2026-08-06 08:03:42	Aggregated; raw unit/engine identifiers excluded
00675	PT. BULAN MOTOR - TUNGKAL	MG1	STYLO 160 ABS	RFS	Ready	0-30	1	Stok_per_no_mesin_dealer - 2026-08-06T080342.480.xls	HTML table / 5,239 data rows	2026-08-06 08:03:42	Aggregated; raw unit/engine identifiers excluded
00675	PT. BULAN MOTOR - TUNGKAL	MGA	STYLO 160 ABS SPECIAL	RFS	Ready	0-30	1	Stok_per_no_mesin_dealer - 2026-08-06T080342.480.xls	HTML table / 5,239 data rows	2026-08-06 08:03:42	Aggregated; raw unit/engine identifiers excluded
00675	PT. BULAN MOTOR - TUNGKAL	MJ1	BEAT SPORTY CBS	RFS	Ready	0-30	2	Stok_per_no_mesin_dealer - 2026-08-06T080342.480.xls	HTML table / 5,239 data rows	2026-08-06 08:03:42	Aggregated; raw unit/engine identifiers excluded
00675	PT. BULAN MOTOR - TUNGKAL	MJ1	BEAT SPORTY CBS	RFS	Ready	31-60	1	Stok_per_no_mesin_dealer - 2026-08-06T080342.480.xls	HTML table / 5,239 data rows	2026-08-06 08:03:42	Aggregated; raw unit/engine identifiers excluded
00675	PT. BULAN MOTOR - TUNGKAL	MJ1	BEAT SPORTY CBS	RFS	Ready	61-90	1	Stok_per_no_mesin_dealer - 2026-08-06T080342.480.xls	HTML table / 5,239 data rows	2026-08-06 08:03:42	Aggregated; raw unit/engine identifiers excluded
00675	PT. BULAN MOTOR - TUNGKAL	MJ1	BEAT SPORTY CBS	RFS	Soft Booking	31-60	1	Stok_per_no_mesin_dealer - 2026-08-06T080342.480.xls	HTML table / 5,239 data rows	2026-08-06 08:03:42	Aggregated; raw unit/engine identifiers excluded
00675	PT. BULAN MOTOR - TUNGKAL	MJ2	BEAT SPORTY CBS	RFS	Ready	0-30	2	Stok_per_no_mesin_dealer - 2026-08-06T080342.480.xls	HTML table / 5,239 data rows	2026-08-06 08:03:42	Aggregated; raw unit/engine identifiers excluded
00675	PT. BULAN MOTOR - TUNGKAL	MK2	BEAT SPORTY CBS ISS	RFS	Ready	0-30	4	Stok_per_no_mesin_dealer - 2026-08-06T080342.480.xls	HTML table / 5,239 data rows	2026-08-06 08:03:42	Aggregated; raw unit/engine identifiers excluded
00675	PT. BULAN MOTOR - TUNGKAL	ML2	BEAT SPORTY DLX SMART KEY	RFS	Ready	0-30	6	Stok_per_no_mesin_dealer - 2026-08-06T080342.480.xls	HTML table / 5,239 data rows	2026-08-06 08:03:42	Aggregated; raw unit/engine identifiers excluded
00675	PT. BULAN MOTOR - TUNGKAL	MM1	BEAT STREET	RFS	Ready	31-60	1	Stok_per_no_mesin_dealer - 2026-08-06T080342.480.xls	HTML table / 5,239 data rows	2026-08-06 08:03:42	Aggregated; raw unit/engine identifiers excluded
00675	PT. BULAN MOTOR - TUNGKAL	MM1	BEAT STREET	RFS	Soft Booking	61-90	1	Stok_per_no_mesin_dealer - 2026-08-06T080342.480.xls	HTML table / 5,239 data rows	2026-08-06 08:03:42	Aggregated; raw unit/engine identifiers excluded
00675	PT. BULAN MOTOR - TUNGKAL	MM2	BEAT STREET	RFS	Ready	0-30	9	Stok_per_no_mesin_dealer - 2026-08-06T080342.480.xls	HTML table / 5,239 data rows	2026-08-06 08:03:42	Aggregated; raw unit/engine identifiers excluded
00675	PT. BULAN MOTOR - TUNGKAL	MN0	CUV e:	RFS	Ready	>150	1	Stok_per_no_mesin_dealer - 2026-08-06T080342.480.xls	HTML table / 5,239 data rows	2026-08-06 08:03:42	Aggregated; raw unit/engine identifiers excluded
00675	PT. BULAN MOTOR - TUNGKAL	MRB	SCOOPY FASHION	RFS	Ready	0-30	1	Stok_per_no_mesin_dealer - 2026-08-06T080342.480.xls	HTML table / 5,239 data rows	2026-08-06 08:03:42	Aggregated; raw unit/engine identifiers excluded
00675	PT. BULAN MOTOR - TUNGKAL	MS1	SCOOPY PRESTIGE	RFS	Ready	0-30	1	Stok_per_no_mesin_dealer - 2026-08-06T080342.480.xls	HTML table / 5,239 data rows	2026-08-06 08:03:42	Aggregated; raw unit/engine identifiers excluded
00675	PT. BULAN MOTOR - TUNGKAL	MS1	SCOOPY PRESTIGE	RFS	Soft Booking	0-30	1	Stok_per_no_mesin_dealer - 2026-08-06T080342.480.xls	HTML table / 5,239 data rows	2026-08-06 08:03:42	Aggregated; raw unit/engine identifiers excluded
00675	PT. BULAN MOTOR - TUNGKAL	MSB	SCOOPY STYLISH	RFS	Ready	0-30	2	Stok_per_no_mesin_dealer - 2026-08-06T080342.480.xls	HTML table / 5,239 data rows	2026-08-06 08:03:42	Aggregated; raw unit/engine identifiers excluded
00675	PT. BULAN MOTOR - TUNGKAL	MSB	SCOOPY STYLISH	RFS	Soft Booking	0-30	1	Stok_per_no_mesin_dealer - 2026-08-06T080342.480.xls	HTML table / 5,239 data rows	2026-08-06 08:03:42	Aggregated; raw unit/engine identifiers excluded
00675	PT. BULAN MOTOR - TUNGKAL	MT1	PCX160 CBS	RFS	Ready	0-30	4	Stok_per_no_mesin_dealer - 2026-08-06T080342.480.xls	HTML table / 5,239 data rows	2026-08-06 08:03:42	Aggregated; raw unit/engine identifiers excluded
00675	PT. BULAN MOTOR - TUNGKAL	MV1	PCX160 ABS	RFS	Ready	0-30	2	Stok_per_no_mesin_dealer - 2026-08-06T080342.480.xls	HTML table / 5,239 data rows	2026-08-06 08:03:42	Aggregated; raw unit/engine identifiers excluded
00675	PT. BULAN MOTOR - TUNGKAL	MW1	PCX160 Honda RoadSync	RFS	Ready	0-30	1	Stok_per_no_mesin_dealer - 2026-08-06T080342.480.xls	HTML table / 5,239 data rows	2026-08-06 08:03:42	Aggregated; raw unit/engine identifiers excluded
00675	PT. BULAN MOTOR - TUNGKAL	MY0	VARIO EVO 160 CBS Nitro	RFS	Ready	0-30	1	Stok_per_no_mesin_dealer - 2026-08-06T080342.480.xls	HTML table / 5,239 data rows	2026-08-06 08:03:42	Aggregated; raw unit/engine identifiers excluded
00675	PT. BULAN MOTOR - TUNGKAL	MYA	VARIO EVO 160 CBS	RFS	Ready	0-30	1	Stok_per_no_mesin_dealer - 2026-08-06T080342.480.xls	HTML table / 5,239 data rows	2026-08-06 08:03:42	Aggregated; raw unit/engine identifiers excluded
00675	PT. BULAN MOTOR - TUNGKAL	MZ0	VARIO EVO 160 ABS	RFS	Ready	0-30	2	Stok_per_no_mesin_dealer - 2026-08-06T080342.480.xls	HTML table / 5,239 data rows	2026-08-06 08:03:42	Aggregated; raw unit/engine identifiers excluded
00675	PT. BULAN MOTOR - TUNGKAL	NE0	VARIO 125 CBS ISS	RFS	Ready	0-30	2	Stok_per_no_mesin_dealer - 2026-08-06T080342.480.xls	HTML table / 5,239 data rows	2026-08-06 08:03:42	Aggregated; raw unit/engine identifiers excluded
00675	PT. BULAN MOTOR - TUNGKAL	NE0	VARIO 125 CBS ISS	RFS	Soft Booking	0-30	1	Stok_per_no_mesin_dealer - 2026-08-06T080342.480.xls	HTML table / 5,239 data rows	2026-08-06 08:03:42	Aggregated; raw unit/engine identifiers excluded
00675	PT. BULAN MOTOR - TUNGKAL	NF0	VARIO 125 STREET	RFS	Ready	0-30	1	Stok_per_no_mesin_dealer - 2026-08-06T080342.480.xls	HTML table / 5,239 data rows	2026-08-06 08:03:42	Aggregated; raw unit/engine identifiers excluded
00675	PT. BULAN MOTOR - TUNGKAL	NF0	VARIO 125 STREET	RFS	Ready	61-90	1	Stok_per_no_mesin_dealer - 2026-08-06T080342.480.xls	HTML table / 5,239 data rows	2026-08-06 08:03:42	Aggregated; raw unit/engine identifiers excluded
00675	PT. BULAN MOTOR - TUNGKAL	NF0	VARIO 125 STREET	RFS	Ready	>150	1	Stok_per_no_mesin_dealer - 2026-08-06T080342.480.xls	HTML table / 5,239 data rows	2026-08-06 08:03:42	Aggregated; raw unit/engine identifiers excluded
00675	PT. BULAN MOTOR - TUNGKAL	NF0	VARIO 125 STREET	RFS	Soft Booking	121-150	1	Stok_per_no_mesin_dealer - 2026-08-06T080342.480.xls	HTML table / 5,239 data rows	2026-08-06 08:03:42	Aggregated; raw unit/engine identifiers excluded
00675	PT. BULAN MOTOR - TUNGKAL	NF0	VARIO 125 STREET	RFS	Soft Booking	31-60	1	Stok_per_no_mesin_dealer - 2026-08-06T080342.480.xls	HTML table / 5,239 data rows	2026-08-06 08:03:42	Aggregated; raw unit/engine identifiers excluded
00758	PT. BADORAY MOTOR - RIMBO	ESL	CRF150L	RFS	Ready	0-30	1	Stok_per_no_mesin_dealer - 2026-08-06T080342.480.xls	HTML table / 5,239 data rows	2026-08-06 08:03:42	Aggregated; raw unit/engine identifiers excluded
00758	PT. BADORAY MOTOR - RIMBO	ESL	CRF150L	RFS	Soft Booking	31-60	2	Stok_per_no_mesin_dealer - 2026-08-06T080342.480.xls	HTML table / 5,239 data rows	2026-08-06 08:03:42	Aggregated; raw unit/engine identifiers excluded
00758	PT. BADORAY MOTOR - RIMBO	GB4	REVO FIT	RFS	Ready	0-30	2	Stok_per_no_mesin_dealer - 2026-08-06T080342.480.xls	HTML table / 5,239 data rows	2026-08-06 08:03:42	Aggregated; raw unit/engine identifiers excluded
00758	PT. BADORAY MOTOR - RIMBO	GB4	REVO FIT	RFS	Soft Booking	0-30	2	Stok_per_no_mesin_dealer - 2026-08-06T080342.480.xls	HTML table / 5,239 data rows	2026-08-06 08:03:42	Aggregated; raw unit/engine identifiers excluded
00758	PT. BADORAY MOTOR - RIMBO	GD4	REVO X	RFS	Ready	31-60	2	Stok_per_no_mesin_dealer - 2026-08-06T080342.480.xls	HTML table / 5,239 data rows	2026-08-06 08:03:42	Aggregated; raw unit/engine identifiers excluded
00758	PT. BADORAY MOTOR - RIMBO	GD4	REVO X	RFS	Soft Booking	0-30	1	Stok_per_no_mesin_dealer - 2026-08-06T080342.480.xls	HTML table / 5,239 data rows	2026-08-06 08:03:42	Aggregated; raw unit/engine identifiers excluded
00758	PT. BADORAY MOTOR - RIMBO	GD4	REVO X	RFS	Soft Booking	31-60	2	Stok_per_no_mesin_dealer - 2026-08-06T080342.480.xls	HTML table / 5,239 data rows	2026-08-06 08:03:42	Aggregated; raw unit/engine identifiers excluded
00758	PT. BADORAY MOTOR - RIMBO	GE5	SUPRA X 125 SW	RFS	Ready	31-60	1	Stok_per_no_mesin_dealer - 2026-08-06T080342.480.xls	HTML table / 5,239 data rows	2026-08-06 08:03:42	Aggregated; raw unit/engine identifiers excluded
00758	PT. BADORAY MOTOR - RIMBO	GF5	SUPRA X 125 CW	RFS	Ready	0-30	3	Stok_per_no_mesin_dealer - 2026-08-06T080342.480.xls	HTML table / 5,239 data rows	2026-08-06 08:03:42	Aggregated; raw unit/engine identifiers excluded
00758	PT. BADORAY MOTOR - RIMBO	JR0	CB150R STREETFIRE	RFS	Ready	61-90	1	Stok_per_no_mesin_dealer - 2026-08-06T080342.480.xls	HTML table / 5,239 data rows	2026-08-06 08:03:42	Aggregated; raw unit/engine identifiers excluded
00758	PT. BADORAY MOTOR - RIMBO	KF0	CB150 VERZA SW	RFS	Ready	31-60	1	Stok_per_no_mesin_dealer - 2026-08-06T080342.480.xls	HTML table / 5,239 data rows	2026-08-06 08:03:42	Aggregated; raw unit/engine identifiers excluded
00758	PT. BADORAY MOTOR - RIMBO	LY2	GENIO CBS	RFS	Ready	>150	1	Stok_per_no_mesin_dealer - 2026-08-06T080342.480.xls	HTML table / 5,239 data rows	2026-08-06 08:03:42	Aggregated; raw unit/engine identifiers excluded
00758	PT. BADORAY MOTOR - RIMBO	LZ2	GENIO CBS ISS	RFS	Soft Booking	>150	1	Stok_per_no_mesin_dealer - 2026-08-06T080342.480.xls	HTML table / 5,239 data rows	2026-08-06 08:03:42	Aggregated; raw unit/engine identifiers excluded
00758	PT. BADORAY MOTOR - RIMBO	MF1	STYLO 160 CBS	RFS	Ready	0-30	1	Stok_per_no_mesin_dealer - 2026-08-06T080342.480.xls	HTML table / 5,239 data rows	2026-08-06 08:03:42	Aggregated; raw unit/engine identifiers excluded
00758	PT. BADORAY MOTOR - RIMBO	MG1	STYLO 160 ABS	RFS	Ready	0-30	2	Stok_per_no_mesin_dealer - 2026-08-06T080342.480.xls	HTML table / 5,239 data rows	2026-08-06 08:03:42	Aggregated; raw unit/engine identifiers excluded
00758	PT. BADORAY MOTOR - RIMBO	MGA	STYLO 160 ABS SPECIAL	RFS	Ready	0-30	1	Stok_per_no_mesin_dealer - 2026-08-06T080342.480.xls	HTML table / 5,239 data rows	2026-08-06 08:03:42	Aggregated; raw unit/engine identifiers excluded
00758	PT. BADORAY MOTOR - RIMBO	MJ1	BEAT SPORTY CBS	RFS	Ready	31-60	5	Stok_per_no_mesin_dealer - 2026-08-06T080342.480.xls	HTML table / 5,239 data rows	2026-08-06 08:03:42	Aggregated; raw unit/engine identifiers excluded
00758	PT. BADORAY MOTOR - RIMBO	MJ1	BEAT SPORTY CBS	RFS	Soft Booking	31-60	1	Stok_per_no_mesin_dealer - 2026-08-06T080342.480.xls	HTML table / 5,239 data rows	2026-08-06 08:03:42	Aggregated; raw unit/engine identifiers excluded
00758	PT. BADORAY MOTOR - RIMBO	MJ2	BEAT SPORTY CBS	RFS	Ready	0-30	3	Stok_per_no_mesin_dealer - 2026-08-06T080342.480.xls	HTML table / 5,239 data rows	2026-08-06 08:03:42	Aggregated; raw unit/engine identifiers excluded
00758	PT. BADORAY MOTOR - RIMBO	MJ2	BEAT SPORTY CBS	RFS	Soft Booking	0-30	1	Stok_per_no_mesin_dealer - 2026-08-06T080342.480.xls	HTML table / 5,239 data rows	2026-08-06 08:03:42	Aggregated; raw unit/engine identifiers excluded
00758	PT. BADORAY MOTOR - RIMBO	MK1	BEAT SPORTY CBS ISS DELUXE	RFS	Ready	0-30	1	Stok_per_no_mesin_dealer - 2026-08-06T080342.480.xls	HTML table / 5,239 data rows	2026-08-06 08:03:42	Aggregated; raw unit/engine identifiers excluded
00758	PT. BADORAY MOTOR - RIMBO	MK2	BEAT SPORTY CBS ISS	RFS	Ready	0-30	4	Stok_per_no_mesin_dealer - 2026-08-06T080342.480.xls	HTML table / 5,239 data rows	2026-08-06 08:03:42	Aggregated; raw unit/engine identifiers excluded
00758	PT. BADORAY MOTOR - RIMBO	MK2	BEAT SPORTY CBS ISS	RFS	Soft Booking	0-30	1	Stok_per_no_mesin_dealer - 2026-08-06T080342.480.xls	HTML table / 5,239 data rows	2026-08-06 08:03:42	Aggregated; raw unit/engine identifiers excluded
00758	PT. BADORAY MOTOR - RIMBO	ML2	BEAT SPORTY DLX SMART KEY	RFS	Ready	0-30	3	Stok_per_no_mesin_dealer - 2026-08-06T080342.480.xls	HTML table / 5,239 data rows	2026-08-06 08:03:42	Aggregated; raw unit/engine identifiers excluded
00758	PT. BADORAY MOTOR - RIMBO	ML2	BEAT SPORTY DLX SMART KEY	RFS	Soft Booking	0-30	1	Stok_per_no_mesin_dealer - 2026-08-06T080342.480.xls	HTML table / 5,239 data rows	2026-08-06 08:03:42	Aggregated; raw unit/engine identifiers excluded
00758	PT. BADORAY MOTOR - RIMBO	MM1	BEAT STREET	RFS	Ready	61-90	1	Stok_per_no_mesin_dealer - 2026-08-06T080342.480.xls	HTML table / 5,239 data rows	2026-08-06 08:03:42	Aggregated; raw unit/engine identifiers excluded
00758	PT. BADORAY MOTOR - RIMBO	MM2	BEAT STREET	RFS	Ready	0-30	4	Stok_per_no_mesin_dealer - 2026-08-06T080342.480.xls	HTML table / 5,239 data rows	2026-08-06 08:03:42	Aggregated; raw unit/engine identifiers excluded
00758	PT. BADORAY MOTOR - RIMBO	MM2	BEAT STREET	RFS	Soft Booking	0-30	3	Stok_per_no_mesin_dealer - 2026-08-06T080342.480.xls	HTML table / 5,239 data rows	2026-08-06 08:03:42	Aggregated; raw unit/engine identifiers excluded
00758	PT. BADORAY MOTOR - RIMBO	MRB	SCOOPY FASHION	RFS	Ready	0-30	1	Stok_per_no_mesin_dealer - 2026-08-06T080342.480.xls	HTML table / 5,239 data rows	2026-08-06 08:03:42	Aggregated; raw unit/engine identifiers excluded
00758	PT. BADORAY MOTOR - RIMBO	MS1	SCOOPY PRESTIGE	RFS	Ready	0-30	1	Stok_per_no_mesin_dealer - 2026-08-06T080342.480.xls	HTML table / 5,239 data rows	2026-08-06 08:03:42	Aggregated; raw unit/engine identifiers excluded
00758	PT. BADORAY MOTOR - RIMBO	MS1	SCOOPY PRESTIGE	RFS	Soft Booking	0-30	1	Stok_per_no_mesin_dealer - 2026-08-06T080342.480.xls	HTML table / 5,239 data rows	2026-08-06 08:03:42	Aggregated; raw unit/engine identifiers excluded
00758	PT. BADORAY MOTOR - RIMBO	MSB	SCOOPY STYLISH	RFS	Ready	0-30	2	Stok_per_no_mesin_dealer - 2026-08-06T080342.480.xls	HTML table / 5,239 data rows	2026-08-06 08:03:42	Aggregated; raw unit/engine identifiers excluded
00758	PT. BADORAY MOTOR - RIMBO	MT1	PCX160 CBS	RFS	Ready	0-30	2	Stok_per_no_mesin_dealer - 2026-08-06T080342.480.xls	HTML table / 5,239 data rows	2026-08-06 08:03:42	Aggregated; raw unit/engine identifiers excluded
00758	PT. BADORAY MOTOR - RIMBO	MW1	PCX160 Honda RoadSync	RFS	Ready	0-30	1	Stok_per_no_mesin_dealer - 2026-08-06T080342.480.xls	HTML table / 5,239 data rows	2026-08-06 08:03:42	Aggregated; raw unit/engine identifiers excluded
00758	PT. BADORAY MOTOR - RIMBO	MX0	ICON E:	RFS	Ready	>150	1	Stok_per_no_mesin_dealer - 2026-08-06T080342.480.xls	HTML table / 5,239 data rows	2026-08-06 08:03:42	Aggregated; raw unit/engine identifiers excluded
00758	PT. BADORAY MOTOR - RIMBO	MY0	VARIO EVO 160 CBS Nitro	RFS	Ready	0-30	1	Stok_per_no_mesin_dealer - 2026-08-06T080342.480.xls	HTML table / 5,239 data rows	2026-08-06 08:03:42	Aggregated; raw unit/engine identifiers excluded
00758	PT. BADORAY MOTOR - RIMBO	MYA	VARIO EVO 160 CBS	RFS	Ready	0-30	2	Stok_per_no_mesin_dealer - 2026-08-06T080342.480.xls	HTML table / 5,239 data rows	2026-08-06 08:03:42	Aggregated; raw unit/engine identifiers excluded
00758	PT. BADORAY MOTOR - RIMBO	MYA	VARIO EVO 160 CBS	RFS	Ready	31-60	1	Stok_per_no_mesin_dealer - 2026-08-06T080342.480.xls	HTML table / 5,239 data rows	2026-08-06 08:03:42	Aggregated; raw unit/engine identifiers excluded
00758	PT. BADORAY MOTOR - RIMBO	MZ0	VARIO EVO 160 ABS	RFS	Soft Booking	0-30	1	Stok_per_no_mesin_dealer - 2026-08-06T080342.480.xls	HTML table / 5,239 data rows	2026-08-06 08:03:42	Aggregated; raw unit/engine identifiers excluded
00758	PT. BADORAY MOTOR - RIMBO	NC0	ADV160 RoadSync	RFS	Soft Booking	61-90	1	Stok_per_no_mesin_dealer - 2026-08-06T080342.480.xls	HTML table / 5,239 data rows	2026-08-06 08:03:42	Aggregated; raw unit/engine identifiers excluded
00758	PT. BADORAY MOTOR - RIMBO	NE0	VARIO 125 CBS ISS	RFS	Ready	0-30	1	Stok_per_no_mesin_dealer - 2026-08-06T080342.480.xls	HTML table / 5,239 data rows	2026-08-06 08:03:42	Aggregated; raw unit/engine identifiers excluded
00758	PT. BADORAY MOTOR - RIMBO	NF0	VARIO 125 STREET	RFS	Ready	0-30	1	Stok_per_no_mesin_dealer - 2026-08-06T080342.480.xls	HTML table / 5,239 data rows	2026-08-06 08:03:42	Aggregated; raw unit/engine identifiers excluded
00758	PT. BADORAY MOTOR - RIMBO	NF0	VARIO 125 STREET	RFS	Ready	>150	1	Stok_per_no_mesin_dealer - 2026-08-06T080342.480.xls	HTML table / 5,239 data rows	2026-08-06 08:03:42	Aggregated; raw unit/engine identifiers excluded
00758	PT. BADORAY MOTOR - RIMBO	NF0	VARIO 125 STREET	RFS	Soft Booking	121-150	1	Stok_per_no_mesin_dealer - 2026-08-06T080342.480.xls	HTML table / 5,239 data rows	2026-08-06 08:03:42	Aggregated; raw unit/engine identifiers excluded
00758	PT. BADORAY MOTOR - RIMBO	NF0	VARIO 125 STREET	RFS	Soft Booking	>150	1	Stok_per_no_mesin_dealer - 2026-08-06T080342.480.xls	HTML table / 5,239 data rows	2026-08-06 08:03:42	Aggregated; raw unit/engine identifiers excluded
00888	PT. SINAR SENTOSA MOTORA - ABUNJANI	ESK	CRF150L	RFS	Ready	31-60	1	Stok_per_no_mesin_dealer - 2026-08-06T080342.480.xls	HTML table / 5,239 data rows	2026-08-06 08:03:42	Aggregated; raw unit/engine identifiers excluded
00888	PT. SINAR SENTOSA MOTORA - ABUNJANI	ESL	CRF150L	RFS	Ready	61-90	1	Stok_per_no_mesin_dealer - 2026-08-06T080342.480.xls	HTML table / 5,239 data rows	2026-08-06 08:03:42	Aggregated; raw unit/engine identifiers excluded
00888	PT. SINAR SENTOSA MOTORA - ABUNJANI	ESL	CRF150L	RFS	Unfill	0-30	1	Stok_per_no_mesin_dealer - 2026-08-06T080342.480.xls	HTML table / 5,239 data rows	2026-08-06 08:03:42	Aggregated; raw unit/engine identifiers excluded
00888	PT. SINAR SENTOSA MOTORA - ABUNJANI	GB4	REVO FIT	RFS	Ready	0-30	2	Stok_per_no_mesin_dealer - 2026-08-06T080342.480.xls	HTML table / 5,239 data rows	2026-08-06 08:03:42	Aggregated; raw unit/engine identifiers excluded
00888	PT. SINAR SENTOSA MOTORA - ABUNJANI	GD4	REVO X	RFS	Ready	0-30	1	Stok_per_no_mesin_dealer - 2026-08-06T080342.480.xls	HTML table / 5,239 data rows	2026-08-06 08:03:42	Aggregated; raw unit/engine identifiers excluded
00888	PT. SINAR SENTOSA MOTORA - ABUNJANI	GD4	REVO X	RFS	Ready	31-60	1	Stok_per_no_mesin_dealer - 2026-08-06T080342.480.xls	HTML table / 5,239 data rows	2026-08-06 08:03:42	Aggregated; raw unit/engine identifiers excluded
00888	PT. SINAR SENTOSA MOTORA - ABUNJANI	GE5	SUPRA X 125 SW	RFS	Ready	31-60	1	Stok_per_no_mesin_dealer - 2026-08-06T080342.480.xls	HTML table / 5,239 data rows	2026-08-06 08:03:42	Aggregated; raw unit/engine identifiers excluded
00888	PT. SINAR SENTOSA MOTORA - ABUNJANI	GF5	SUPRA X 125 CW	RFS	Ready	0-30	2	Stok_per_no_mesin_dealer - 2026-08-06T080342.480.xls	HTML table / 5,239 data rows	2026-08-06 08:03:42	Aggregated; raw unit/engine identifiers excluded
00888	PT. SINAR SENTOSA MOTORA - ABUNJANI	HJ9	NEW SUPRA GTR150 SPORTY	RFS	Ready	>150	1	Stok_per_no_mesin_dealer - 2026-08-06T080342.480.xls	HTML table / 5,239 data rows	2026-08-06 08:03:42	Aggregated; raw unit/engine identifiers excluded
00888	PT. SINAR SENTOSA MOTORA - ABUNJANI	KEA	CBR 150R ABS	RFS	Ready	31-60	1	Stok_per_no_mesin_dealer - 2026-08-06T080342.480.xls	HTML table / 5,239 data rows	2026-08-06 08:03:42	Aggregated; raw unit/engine identifiers excluded
00888	PT. SINAR SENTOSA MOTORA - ABUNJANI	KF0	CB150 VERZA SW	RFS	Ready	>150	1	Stok_per_no_mesin_dealer - 2026-08-06T080342.480.xls	HTML table / 5,239 data rows	2026-08-06 08:03:42	Aggregated; raw unit/engine identifiers excluded
00888	PT. SINAR SENTOSA MOTORA - ABUNJANI	KG0	CB150 VERZA CW	RFS	Ready	0-30	1	Stok_per_no_mesin_dealer - 2026-08-06T080342.480.xls	HTML table / 5,239 data rows	2026-08-06 08:03:42	Aggregated; raw unit/engine identifiers excluded
00888	PT. SINAR SENTOSA MOTORA - ABUNJANI	LY2	GENIO CBS	RFS	Ready	91-120	1	Stok_per_no_mesin_dealer - 2026-08-06T080342.480.xls	HTML table / 5,239 data rows	2026-08-06 08:03:42	Aggregated; raw unit/engine identifiers excluded
00888	PT. SINAR SENTOSA MOTORA - ABUNJANI	LZ2	GENIO CBS ISS	RFS	Ready	0-30	1	Stok_per_no_mesin_dealer - 2026-08-06T080342.480.xls	HTML table / 5,239 data rows	2026-08-06 08:03:42	Aggregated; raw unit/engine identifiers excluded
00888	PT. SINAR SENTOSA MOTORA - ABUNJANI	MF1	STYLO 160 CBS	RFS	Soft Booking	0-30	1	Stok_per_no_mesin_dealer - 2026-08-06T080342.480.xls	HTML table / 5,239 data rows	2026-08-06 08:03:42	Aggregated; raw unit/engine identifiers excluded
00888	PT. SINAR SENTOSA MOTORA - ABUNJANI	MG1	STYLO 160 ABS	RFS	Ready	31-60	1	Stok_per_no_mesin_dealer - 2026-08-06T080342.480.xls	HTML table / 5,239 data rows	2026-08-06 08:03:42	Aggregated; raw unit/engine identifiers excluded
00888	PT. SINAR SENTOSA MOTORA - ABUNJANI	MGA	STYLO 160 ABS SPECIAL	RFS	Unfill	0-30	1	Stok_per_no_mesin_dealer - 2026-08-06T080342.480.xls	HTML table / 5,239 data rows	2026-08-06 08:03:42	Aggregated; raw unit/engine identifiers excluded
00888	PT. SINAR SENTOSA MOTORA - ABUNJANI	MJ1	BEAT SPORTY CBS	RFS	Ready	31-60	1	Stok_per_no_mesin_dealer - 2026-08-06T080342.480.xls	HTML table / 5,239 data rows	2026-08-06 08:03:42	Aggregated; raw unit/engine identifiers excluded
00888	PT. SINAR SENTOSA MOTORA - ABUNJANI	MJ2	BEAT SPORTY CBS	RFS	Ready	0-30	1	Stok_per_no_mesin_dealer - 2026-08-06T080342.480.xls	HTML table / 5,239 data rows	2026-08-06 08:03:42	Aggregated; raw unit/engine identifiers excluded
00888	PT. SINAR SENTOSA MOTORA - ABUNJANI	MJ2	BEAT SPORTY CBS	RFS	Soft Booking	0-30	1	Stok_per_no_mesin_dealer - 2026-08-06T080342.480.xls	HTML table / 5,239 data rows	2026-08-06 08:03:42	Aggregated; raw unit/engine identifiers excluded
00888	PT. SINAR SENTOSA MOTORA - ABUNJANI	MJ2	BEAT SPORTY CBS	RFS	Unfill	0-30	2	Stok_per_no_mesin_dealer - 2026-08-06T080342.480.xls	HTML table / 5,239 data rows	2026-08-06 08:03:42	Aggregated; raw unit/engine identifiers excluded
00888	PT. SINAR SENTOSA MOTORA - ABUNJANI	MK2	BEAT SPORTY CBS ISS	RFS	Ready	0-30	1	Stok_per_no_mesin_dealer - 2026-08-06T080342.480.xls	HTML table / 5,239 data rows	2026-08-06 08:03:42	Aggregated; raw unit/engine identifiers excluded
00888	PT. SINAR SENTOSA MOTORA - ABUNJANI	MK2	BEAT SPORTY CBS ISS	RFS	Ready	31-60	1	Stok_per_no_mesin_dealer - 2026-08-06T080342.480.xls	HTML table / 5,239 data rows	2026-08-06 08:03:42	Aggregated; raw unit/engine identifiers excluded
00888	PT. SINAR SENTOSA MOTORA - ABUNJANI	MK2	BEAT SPORTY CBS ISS	RFS	Unfill	0-30	2	Stok_per_no_mesin_dealer - 2026-08-06T080342.480.xls	HTML table / 5,239 data rows	2026-08-06 08:03:42	Aggregated; raw unit/engine identifiers excluded
00888	PT. SINAR SENTOSA MOTORA - ABUNJANI	ML2	BEAT SPORTY DLX SMART KEY	RFS	Ready	0-30	3	Stok_per_no_mesin_dealer - 2026-08-06T080342.480.xls	HTML table / 5,239 data rows	2026-08-06 08:03:42	Aggregated; raw unit/engine identifiers excluded
00888	PT. SINAR SENTOSA MOTORA - ABUNJANI	ML2	BEAT SPORTY DLX SMART KEY	RFS	Unfill	0-30	2	Stok_per_no_mesin_dealer - 2026-08-06T080342.480.xls	HTML table / 5,239 data rows	2026-08-06 08:03:42	Aggregated; raw unit/engine identifiers excluded
00888	PT. SINAR SENTOSA MOTORA - ABUNJANI	MM2	BEAT STREET	RFS	Ready	0-30	3	Stok_per_no_mesin_dealer - 2026-08-06T080342.480.xls	HTML table / 5,239 data rows	2026-08-06 08:03:42	Aggregated; raw unit/engine identifiers excluded
00888	PT. SINAR SENTOSA MOTORA - ABUNJANI	MM2	BEAT STREET	RFS	Ready	31-60	2	Stok_per_no_mesin_dealer - 2026-08-06T080342.480.xls	HTML table / 5,239 data rows	2026-08-06 08:03:42	Aggregated; raw unit/engine identifiers excluded
00888	PT. SINAR SENTOSA MOTORA - ABUNJANI	MN0	CUV e:	RFS	Ready	>150	1	Stok_per_no_mesin_dealer - 2026-08-06T080342.480.xls	HTML table / 5,239 data rows	2026-08-06 08:03:42	Aggregated; raw unit/engine identifiers excluded
00888	PT. SINAR SENTOSA MOTORA - ABUNJANI	MRB	SCOOPY FASHION	RFS	Ready	0-30	2	Stok_per_no_mesin_dealer - 2026-08-06T080342.480.xls	HTML table / 5,239 data rows	2026-08-06 08:03:42	Aggregated; raw unit/engine identifiers excluded
00888	PT. SINAR SENTOSA MOTORA - ABUNJANI	MRB	SCOOPY FASHION	RFS	Ready	31-60	1	Stok_per_no_mesin_dealer - 2026-08-06T080342.480.xls	HTML table / 5,239 data rows	2026-08-06 08:03:42	Aggregated; raw unit/engine identifiers excluded
00888	PT. SINAR SENTOSA MOTORA - ABUNJANI	MRB	SCOOPY FASHION	RFS	Unfill	0-30	1	Stok_per_no_mesin_dealer - 2026-08-06T080342.480.xls	HTML table / 5,239 data rows	2026-08-06 08:03:42	Aggregated; raw unit/engine identifiers excluded
00888	PT. SINAR SENTOSA MOTORA - ABUNJANI	MS1	SCOOPY PRESTIGE	RFS	Ready	0-30	3	Stok_per_no_mesin_dealer - 2026-08-06T080342.480.xls	HTML table / 5,239 data rows	2026-08-06 08:03:42	Aggregated; raw unit/engine identifiers excluded
00888	PT. SINAR SENTOSA MOTORA - ABUNJANI	MS1	SCOOPY PRESTIGE	RFS	Soft Booking	0-30	1	Stok_per_no_mesin_dealer - 2026-08-06T080342.480.xls	HTML table / 5,239 data rows	2026-08-06 08:03:42	Aggregated; raw unit/engine identifiers excluded
00888	PT. SINAR SENTOSA MOTORA - ABUNJANI	MS1	SCOOPY PRESTIGE	RFS	Unfill	0-30	1	Stok_per_no_mesin_dealer - 2026-08-06T080342.480.xls	HTML table / 5,239 data rows	2026-08-06 08:03:42	Aggregated; raw unit/engine identifiers excluded
00888	PT. SINAR SENTOSA MOTORA - ABUNJANI	MSB	SCOOPY STYLISH	RFS	Ready	0-30	2	Stok_per_no_mesin_dealer - 2026-08-06T080342.480.xls	HTML table / 5,239 data rows	2026-08-06 08:03:42	Aggregated; raw unit/engine identifiers excluded
00888	PT. SINAR SENTOSA MOTORA - ABUNJANI	MSB	SCOOPY STYLISH	RFS	Soft Booking	0-30	1	Stok_per_no_mesin_dealer - 2026-08-06T080342.480.xls	HTML table / 5,239 data rows	2026-08-06 08:03:42	Aggregated; raw unit/engine identifiers excluded
00888	PT. SINAR SENTOSA MOTORA - ABUNJANI	MSB	SCOOPY STYLISH	RFS	Unfill	0-30	2	Stok_per_no_mesin_dealer - 2026-08-06T080342.480.xls	HTML table / 5,239 data rows	2026-08-06 08:03:42	Aggregated; raw unit/engine identifiers excluded
00888	PT. SINAR SENTOSA MOTORA - ABUNJANI	MT1	PCX160 CBS	RFS	Ready	0-30	1	Stok_per_no_mesin_dealer - 2026-08-06T080342.480.xls	HTML table / 5,239 data rows	2026-08-06 08:03:42	Aggregated; raw unit/engine identifiers excluded
00888	PT. SINAR SENTOSA MOTORA - ABUNJANI	MT1	PCX160 CBS	RFS	Unfill	0-30	2	Stok_per_no_mesin_dealer - 2026-08-06T080342.480.xls	HTML table / 5,239 data rows	2026-08-06 08:03:42	Aggregated; raw unit/engine identifiers excluded
00888	PT. SINAR SENTOSA MOTORA - ABUNJANI	MV1	PCX160 ABS	RFS	Soft Booking	0-30	1	Stok_per_no_mesin_dealer - 2026-08-06T080342.480.xls	HTML table / 5,239 data rows	2026-08-06 08:03:42	Aggregated; raw unit/engine identifiers excluded
00888	PT. SINAR SENTOSA MOTORA - ABUNJANI	MV1	PCX160 ABS	RFS	Unfill	0-30	1	Stok_per_no_mesin_dealer - 2026-08-06T080342.480.xls	HTML table / 5,239 data rows	2026-08-06 08:03:42	Aggregated; raw unit/engine identifiers excluded
00888	PT. SINAR SENTOSA MOTORA - ABUNJANI	MX0	ICON E:	RFS	Ready	91-120	1	Stok_per_no_mesin_dealer - 2026-08-06T080342.480.xls	HTML table / 5,239 data rows	2026-08-06 08:03:42	Aggregated; raw unit/engine identifiers excluded
00888	PT. SINAR SENTOSA MOTORA - ABUNJANI	MX0	ICON E:	RFS	Ready	>150	1	Stok_per_no_mesin_dealer - 2026-08-06T080342.480.xls	HTML table / 5,239 data rows	2026-08-06 08:03:42	Aggregated; raw unit/engine identifiers excluded
00888	PT. SINAR SENTOSA MOTORA - ABUNJANI	MY0	VARIO EVO 160 CBS Nitro	RFS	Ready	0-30	1	Stok_per_no_mesin_dealer - 2026-08-06T080342.480.xls	HTML table / 5,239 data rows	2026-08-06 08:03:42	Aggregated; raw unit/engine identifiers excluded
00888	PT. SINAR SENTOSA MOTORA - ABUNJANI	MZ0	VARIO EVO 160 ABS	RFS	Ready	0-30	1	Stok_per_no_mesin_dealer - 2026-08-06T080342.480.xls	HTML table / 5,239 data rows	2026-08-06 08:03:42	Aggregated; raw unit/engine identifiers excluded
00888	PT. SINAR SENTOSA MOTORA - ABUNJANI	MZ0	VARIO EVO 160 ABS	RFS	Soft Booking	0-30	1	Stok_per_no_mesin_dealer - 2026-08-06T080342.480.xls	HTML table / 5,239 data rows	2026-08-06 08:03:42	Aggregated; raw unit/engine identifiers excluded
00888	PT. SINAR SENTOSA MOTORA - ABUNJANI	NE0	VARIO 125 CBS ISS	RFS	Ready	0-30	1	Stok_per_no_mesin_dealer - 2026-08-06T080342.480.xls	HTML table / 5,239 data rows	2026-08-06 08:03:42	Aggregated; raw unit/engine identifiers excluded
00888	PT. SINAR SENTOSA MOTORA - ABUNJANI	NE0	VARIO 125 CBS ISS	RFS	Soft Booking	31-60	1	Stok_per_no_mesin_dealer - 2026-08-06T080342.480.xls	HTML table / 5,239 data rows	2026-08-06 08:03:42	Aggregated; raw unit/engine identifiers excluded
00888	PT. SINAR SENTOSA MOTORA - ABUNJANI	NE0	VARIO 125 CBS ISS	RFS	Unfill	0-30	1	Stok_per_no_mesin_dealer - 2026-08-06T080342.480.xls	HTML table / 5,239 data rows	2026-08-06 08:03:42	Aggregated; raw unit/engine identifiers excluded
00888	PT. SINAR SENTOSA MOTORA - ABUNJANI	NF0	VARIO 125 STREET	RFS	Ready	0-30	2	Stok_per_no_mesin_dealer - 2026-08-06T080342.480.xls	HTML table / 5,239 data rows	2026-08-06 08:03:42	Aggregated; raw unit/engine identifiers excluded
00888	PT. SINAR SENTOSA MOTORA - ABUNJANI	NF0	VARIO 125 STREET	RFS	Ready	>150	2	Stok_per_no_mesin_dealer - 2026-08-06T080342.480.xls	HTML table / 5,239 data rows	2026-08-06 08:03:42	Aggregated; raw unit/engine identifiers excluded
01118	PT. CITRA KARYA INTISENTOSA I	GB4	REVO FIT	RFS	Ready	121-150	1	Stok_per_no_mesin_dealer - 2026-08-06T080342.480.xls	HTML table / 5,239 data rows	2026-08-06 08:03:42	Aggregated; raw unit/engine identifiers excluded
01118	PT. CITRA KARYA INTISENTOSA I	GB4	REVO FIT	RFS	Ready	91-120	1	Stok_per_no_mesin_dealer - 2026-08-06T080342.480.xls	HTML table / 5,239 data rows	2026-08-06 08:03:42	Aggregated; raw unit/engine identifiers excluded
01118	PT. CITRA KARYA INTISENTOSA I	GD4	REVO X	RFS	Ready	121-150	1	Stok_per_no_mesin_dealer - 2026-08-06T080342.480.xls	HTML table / 5,239 data rows	2026-08-06 08:03:42	Aggregated; raw unit/engine identifiers excluded
01118	PT. CITRA KARYA INTISENTOSA I	GD4	REVO X	RFS	Ready	61-90	1	Stok_per_no_mesin_dealer - 2026-08-06T080342.480.xls	HTML table / 5,239 data rows	2026-08-06 08:03:42	Aggregated; raw unit/engine identifiers excluded
01118	PT. CITRA KARYA INTISENTOSA I	GF5	SUPRA X 125 CW	RFS	Ready	61-90	2	Stok_per_no_mesin_dealer - 2026-08-06T080342.480.xls	HTML table / 5,239 data rows	2026-08-06 08:03:42	Aggregated; raw unit/engine identifiers excluded
01118	PT. CITRA KARYA INTISENTOSA I	MJ1	BEAT SPORTY CBS	RFS	Ready	>150	1	Stok_per_no_mesin_dealer - 2026-08-06T080342.480.xls	HTML table / 5,239 data rows	2026-08-06 08:03:42	Aggregated; raw unit/engine identifiers excluded
01118	PT. CITRA KARYA INTISENTOSA I	MJ2	BEAT SPORTY CBS	RFS	Ready	0-30	2	Stok_per_no_mesin_dealer - 2026-08-06T080342.480.xls	HTML table / 5,239 data rows	2026-08-06 08:03:42	Aggregated; raw unit/engine identifiers excluded
01118	PT. CITRA KARYA INTISENTOSA I	MK1	BEAT SPORTY CBS ISS DELUXE	RFS	Ready	121-150	1	Stok_per_no_mesin_dealer - 2026-08-06T080342.480.xls	HTML table / 5,239 data rows	2026-08-06 08:03:42	Aggregated; raw unit/engine identifiers excluded
01118	PT. CITRA KARYA INTISENTOSA I	MK1	BEAT SPORTY CBS ISS DELUXE	RFS	Ready	>150	1	Stok_per_no_mesin_dealer - 2026-08-06T080342.480.xls	HTML table / 5,239 data rows	2026-08-06 08:03:42	Aggregated; raw unit/engine identifiers excluded
01118	PT. CITRA KARYA INTISENTOSA I	MK2	BEAT SPORTY CBS ISS	RFS	Ready	0-30	2	Stok_per_no_mesin_dealer - 2026-08-06T080342.480.xls	HTML table / 5,239 data rows	2026-08-06 08:03:42	Aggregated; raw unit/engine identifiers excluded
01118	PT. CITRA KARYA INTISENTOSA I	ML1	BEAT SPORTY DLX SMART KEY	RFS	Ready	>150	1	Stok_per_no_mesin_dealer - 2026-08-06T080342.480.xls	HTML table / 5,239 data rows	2026-08-06 08:03:42	Aggregated; raw unit/engine identifiers excluded
01118	PT. CITRA KARYA INTISENTOSA I	ML2	BEAT SPORTY DLX SMART KEY	RFS	Ready	0-30	3	Stok_per_no_mesin_dealer - 2026-08-06T080342.480.xls	HTML table / 5,239 data rows	2026-08-06 08:03:42	Aggregated; raw unit/engine identifiers excluded
01118	PT. CITRA KARYA INTISENTOSA I	MM1	BEAT STREET	RFS	Ready	31-60	1	Stok_per_no_mesin_dealer - 2026-08-06T080342.480.xls	HTML table / 5,239 data rows	2026-08-06 08:03:42	Aggregated; raw unit/engine identifiers excluded
01118	PT. CITRA KARYA INTISENTOSA I	MM1	BEAT STREET	RFS	Ready	61-90	2	Stok_per_no_mesin_dealer - 2026-08-06T080342.480.xls	HTML table / 5,239 data rows	2026-08-06 08:03:42	Aggregated; raw unit/engine identifiers excluded
01118	PT. CITRA KARYA INTISENTOSA I	MM1	BEAT STREET	RFS	Ready	91-120	1	Stok_per_no_mesin_dealer - 2026-08-06T080342.480.xls	HTML table / 5,239 data rows	2026-08-06 08:03:42	Aggregated; raw unit/engine identifiers excluded
01118	PT. CITRA KARYA INTISENTOSA I	MM2	BEAT STREET	RFS	Ready	0-30	1	Stok_per_no_mesin_dealer - 2026-08-06T080342.480.xls	HTML table / 5,239 data rows	2026-08-06 08:03:42	Aggregated; raw unit/engine identifiers excluded
01118	PT. CITRA KARYA INTISENTOSA I	MRB	SCOOPY FASHION	RFS	Ready	0-30	2	Stok_per_no_mesin_dealer - 2026-08-06T080342.480.xls	HTML table / 5,239 data rows	2026-08-06 08:03:42	Aggregated; raw unit/engine identifiers excluded
01118	PT. CITRA KARYA INTISENTOSA I	MS1	SCOOPY PRESTIGE	RFS	Ready	>150	1	Stok_per_no_mesin_dealer - 2026-08-06T080342.480.xls	HTML table / 5,239 data rows	2026-08-06 08:03:42	Aggregated; raw unit/engine identifiers excluded
01118	PT. CITRA KARYA INTISENTOSA I	MSB	SCOOPY STYLISH	RFS	Unfill	0-30	1	Stok_per_no_mesin_dealer - 2026-08-06T080342.480.xls	HTML table / 5,239 data rows	2026-08-06 08:03:42	Aggregated; raw unit/engine identifiers excluded
01118	PT. CITRA KARYA INTISENTOSA I	MT1	PCX160 CBS	RFS	Soft Booking	61-90	1	Stok_per_no_mesin_dealer - 2026-08-06T080342.480.xls	HTML table / 5,239 data rows	2026-08-06 08:03:42	Aggregated; raw unit/engine identifiers excluded
01118	PT. CITRA KARYA INTISENTOSA I	MX0	ICON E:	RFS	Ready	>150	1	Stok_per_no_mesin_dealer - 2026-08-06T080342.480.xls	HTML table / 5,239 data rows	2026-08-06 08:03:42	Aggregated; raw unit/engine identifiers excluded
01118	PT. CITRA KARYA INTISENTOSA I	MYA	VARIO EVO 160 CBS	RFS	Ready	0-30	1	Stok_per_no_mesin_dealer - 2026-08-06T080342.480.xls	HTML table / 5,239 data rows	2026-08-06 08:03:42	Aggregated; raw unit/engine identifiers excluded
01118	PT. CITRA KARYA INTISENTOSA I	MZ0	VARIO EVO 160 ABS	RFS	Intransit	0-30	1	Stok_per_no_mesin_dealer - 2026-08-06T080342.480.xls	HTML table / 5,239 data rows	2026-08-06 08:03:42	Aggregated; raw unit/engine identifiers excluded
01118	PT. CITRA KARYA INTISENTOSA I	NE0	VARIO 125 CBS ISS	RFS	Ready	0-30	1	Stok_per_no_mesin_dealer - 2026-08-06T080342.480.xls	HTML table / 5,239 data rows	2026-08-06 08:03:42	Aggregated; raw unit/engine identifiers excluded
01118	PT. CITRA KARYA INTISENTOSA I	NE0	VARIO 125 CBS ISS	RFS	Unfill	0-30	1	Stok_per_no_mesin_dealer - 2026-08-06T080342.480.xls	HTML table / 5,239 data rows	2026-08-06 08:03:42	Aggregated; raw unit/engine identifiers excluded
01118	PT. CITRA KARYA INTISENTOSA I	NF0	VARIO 125 STREET	RFS	Ready	61-90	1	Stok_per_no_mesin_dealer - 2026-08-06T080342.480.xls	HTML table / 5,239 data rows	2026-08-06 08:03:42	Aggregated; raw unit/engine identifiers excluded
01118	PT. CITRA KARYA INTISENTOSA I	NF0	VARIO 125 STREET	RFS	Ready	91-120	1	Stok_per_no_mesin_dealer - 2026-08-06T080342.480.xls	HTML table / 5,239 data rows	2026-08-06 08:03:42	Aggregated; raw unit/engine identifiers excluded
01118	PT. CITRA KARYA INTISENTOSA I	NF0	VARIO 125 STREET	RFS	Ready	>150	1	Stok_per_no_mesin_dealer - 2026-08-06T080342.480.xls	HTML table / 5,239 data rows	2026-08-06 08:03:42	Aggregated; raw unit/engine identifiers excluded
01354	PT. BADORAY MOTOR - LINTAS	ESK	CRF150L	RFS	Ready	0-30	1	Stok_per_no_mesin_dealer - 2026-08-06T080342.480.xls	HTML table / 5,239 data rows	2026-08-06 08:03:42	Aggregated; raw unit/engine identifiers excluded
01354	PT. BADORAY MOTOR - LINTAS	ESL	CRF150L	RFS	Intransit	0-30	2	Stok_per_no_mesin_dealer - 2026-08-06T080342.480.xls	HTML table / 5,239 data rows	2026-08-06 08:03:42	Aggregated; raw unit/engine identifiers excluded
01354	PT. BADORAY MOTOR - LINTAS	ESL	CRF150L	RFS	Ready	0-30	1	Stok_per_no_mesin_dealer - 2026-08-06T080342.480.xls	HTML table / 5,239 data rows	2026-08-06 08:03:42	Aggregated; raw unit/engine identifiers excluded
01354	PT. BADORAY MOTOR - LINTAS	GB4	REVO FIT	RFS	Ready	0-30	2	Stok_per_no_mesin_dealer - 2026-08-06T080342.480.xls	HTML table / 5,239 data rows	2026-08-06 08:03:42	Aggregated; raw unit/engine identifiers excluded
01354	PT. BADORAY MOTOR - LINTAS	GB4	REVO FIT	RFS	Soft Booking	0-30	1	Stok_per_no_mesin_dealer - 2026-08-06T080342.480.xls	HTML table / 5,239 data rows	2026-08-06 08:03:42	Aggregated; raw unit/engine identifiers excluded
01354	PT. BADORAY MOTOR - LINTAS	GD4	REVO X	RFS	Ready	0-30	6	Stok_per_no_mesin_dealer - 2026-08-06T080342.480.xls	HTML table / 5,239 data rows	2026-08-06 08:03:42	Aggregated; raw unit/engine identifiers excluded
01354	PT. BADORAY MOTOR - LINTAS	GF5	SUPRA X 125 CW	RFS	Ready	0-30	3	Stok_per_no_mesin_dealer - 2026-08-06T080342.480.xls	HTML table / 5,239 data rows	2026-08-06 08:03:42	Aggregated; raw unit/engine identifiers excluded
01354	PT. BADORAY MOTOR - LINTAS	GF5	SUPRA X 125 CW	RFS	Soft Booking	0-30	1	Stok_per_no_mesin_dealer - 2026-08-06T080342.480.xls	HTML table / 5,239 data rows	2026-08-06 08:03:42	Aggregated; raw unit/engine identifiers excluded
01354	PT. BADORAY MOTOR - LINTAS	HJK	NEW SUPRA GTR150	RFS	Ready	0-30	1	Stok_per_no_mesin_dealer - 2026-08-06T080342.480.xls	HTML table / 5,239 data rows	2026-08-06 08:03:42	Aggregated; raw unit/engine identifiers excluded
01354	PT. BADORAY MOTOR - LINTAS	HJK	NEW SUPRA GTR150	RFS	Ready	61-90	1	Stok_per_no_mesin_dealer - 2026-08-06T080342.480.xls	HTML table / 5,239 data rows	2026-08-06 08:03:42	Aggregated; raw unit/engine identifiers excluded
01354	PT. BADORAY MOTOR - LINTAS	JMM	CBR 150R STD	RFS	Soft Booking	91-120	1	Stok_per_no_mesin_dealer - 2026-08-06T080342.480.xls	HTML table / 5,239 data rows	2026-08-06 08:03:42	Aggregated; raw unit/engine identifiers excluded
01354	PT. BADORAY MOTOR - LINTAS	JS0	CB150R STREETFIRE	RFS	Ready	91-120	1	Stok_per_no_mesin_dealer - 2026-08-06T080342.480.xls	HTML table / 5,239 data rows	2026-08-06 08:03:42	Aggregated; raw unit/engine identifiers excluded
01354	PT. BADORAY MOTOR - LINTAS	KG0	CB150 VERZA CW	RFS	Intransit	0-30	5	Stok_per_no_mesin_dealer - 2026-08-06T080342.480.xls	HTML table / 5,239 data rows	2026-08-06 08:03:42	Aggregated; raw unit/engine identifiers excluded
01354	PT. BADORAY MOTOR - LINTAS	LY2	GENIO CBS	RFS	Ready	61-90	1	Stok_per_no_mesin_dealer - 2026-08-06T080342.480.xls	HTML table / 5,239 data rows	2026-08-06 08:03:42	Aggregated; raw unit/engine identifiers excluded
01354	PT. BADORAY MOTOR - LINTAS	LZ2	GENIO CBS ISS	RFS	Ready	31-60	1	Stok_per_no_mesin_dealer - 2026-08-06T080342.480.xls	HTML table / 5,239 data rows	2026-08-06 08:03:42	Aggregated; raw unit/engine identifiers excluded
01354	PT. BADORAY MOTOR - LINTAS	MF1	STYLO 160 CBS	RFS	Intransit	0-30	1	Stok_per_no_mesin_dealer - 2026-08-06T080342.480.xls	HTML table / 5,239 data rows	2026-08-06 08:03:42	Aggregated; raw unit/engine identifiers excluded
01354	PT. BADORAY MOTOR - LINTAS	MF1	STYLO 160 CBS	RFS	Ready	0-30	1	Stok_per_no_mesin_dealer - 2026-08-06T080342.480.xls	HTML table / 5,239 data rows	2026-08-06 08:03:42	Aggregated; raw unit/engine identifiers excluded
01354	PT. BADORAY MOTOR - LINTAS	MG1	STYLO 160 ABS	RFS	Intransit	0-30	2	Stok_per_no_mesin_dealer - 2026-08-06T080342.480.xls	HTML table / 5,239 data rows	2026-08-06 08:03:42	Aggregated; raw unit/engine identifiers excluded
01354	PT. BADORAY MOTOR - LINTAS	MG1	STYLO 160 ABS	RFS	Ready	0-30	1	Stok_per_no_mesin_dealer - 2026-08-06T080342.480.xls	HTML table / 5,239 data rows	2026-08-06 08:03:42	Aggregated; raw unit/engine identifiers excluded
01354	PT. BADORAY MOTOR - LINTAS	MGA	STYLO 160 ABS SPECIAL	RFS	Intransit	0-30	2	Stok_per_no_mesin_dealer - 2026-08-06T080342.480.xls	HTML table / 5,239 data rows	2026-08-06 08:03:42	Aggregated; raw unit/engine identifiers excluded
01354	PT. BADORAY MOTOR - LINTAS	MJ1	BEAT SPORTY CBS	RFS	Ready	0-30	1	Stok_per_no_mesin_dealer - 2026-08-06T080342.480.xls	HTML table / 5,239 data rows	2026-08-06 08:03:42	Aggregated; raw unit/engine identifiers excluded
01354	PT. BADORAY MOTOR - LINTAS	MJ1	BEAT SPORTY CBS	RFS	Ready	31-60	1	Stok_per_no_mesin_dealer - 2026-08-06T080342.480.xls	HTML table / 5,239 data rows	2026-08-06 08:03:42	Aggregated; raw unit/engine identifiers excluded
01354	PT. BADORAY MOTOR - LINTAS	MJ1	BEAT SPORTY CBS	RFS	Ready	61-90	1	Stok_per_no_mesin_dealer - 2026-08-06T080342.480.xls	HTML table / 5,239 data rows	2026-08-06 08:03:42	Aggregated; raw unit/engine identifiers excluded
01354	PT. BADORAY MOTOR - LINTAS	MJ1	BEAT SPORTY CBS	RFS	Soft Booking	0-30	1	Stok_per_no_mesin_dealer - 2026-08-06T080342.480.xls	HTML table / 5,239 data rows	2026-08-06 08:03:42	Aggregated; raw unit/engine identifiers excluded
01354	PT. BADORAY MOTOR - LINTAS	MJ2	BEAT SPORTY CBS	RFS	Intransit	0-30	1	Stok_per_no_mesin_dealer - 2026-08-06T080342.480.xls	HTML table / 5,239 data rows	2026-08-06 08:03:42	Aggregated; raw unit/engine identifiers excluded
01354	PT. BADORAY MOTOR - LINTAS	MJ2	BEAT SPORTY CBS	RFS	Ready	0-30	6	Stok_per_no_mesin_dealer - 2026-08-06T080342.480.xls	HTML table / 5,239 data rows	2026-08-06 08:03:42	Aggregated; raw unit/engine identifiers excluded
01354	PT. BADORAY MOTOR - LINTAS	MK2	BEAT SPORTY CBS ISS	RFS	Ready	0-30	7	Stok_per_no_mesin_dealer - 2026-08-06T080342.480.xls	HTML table / 5,239 data rows	2026-08-06 08:03:42	Aggregated; raw unit/engine identifiers excluded
01354	PT. BADORAY MOTOR - LINTAS	MK2	BEAT SPORTY CBS ISS	RFS	Soft Booking	0-30	1	Stok_per_no_mesin_dealer - 2026-08-06T080342.480.xls	HTML table / 5,239 data rows	2026-08-06 08:03:42	Aggregated; raw unit/engine identifiers excluded
01354	PT. BADORAY MOTOR - LINTAS	ML2	BEAT SPORTY DLX SMART KEY	RFS	Ready	0-30	4	Stok_per_no_mesin_dealer - 2026-08-06T080342.480.xls	HTML table / 5,239 data rows	2026-08-06 08:03:42	Aggregated; raw unit/engine identifiers excluded
01354	PT. BADORAY MOTOR - LINTAS	MM1	BEAT STREET	RFS	Soft Booking	>150	1	Stok_per_no_mesin_dealer - 2026-08-06T080342.480.xls	HTML table / 5,239 data rows	2026-08-06 08:03:42	Aggregated; raw unit/engine identifiers excluded
01354	PT. BADORAY MOTOR - LINTAS	MM2	BEAT STREET	RFS	Intransit	0-30	3	Stok_per_no_mesin_dealer - 2026-08-06T080342.480.xls	HTML table / 5,239 data rows	2026-08-06 08:03:42	Aggregated; raw unit/engine identifiers excluded
01354	PT. BADORAY MOTOR - LINTAS	MM2	BEAT STREET	RFS	Ready	0-30	3	Stok_per_no_mesin_dealer - 2026-08-06T080342.480.xls	HTML table / 5,239 data rows	2026-08-06 08:03:42	Aggregated; raw unit/engine identifiers excluded
01354	PT. BADORAY MOTOR - LINTAS	MM2	BEAT STREET	RFS	Soft Booking	0-30	6	Stok_per_no_mesin_dealer - 2026-08-06T080342.480.xls	HTML table / 5,239 data rows	2026-08-06 08:03:42	Aggregated; raw unit/engine identifiers excluded
01354	PT. BADORAY MOTOR - LINTAS	MN0	CUV e:	RFS	Ready	>150	1	Stok_per_no_mesin_dealer - 2026-08-06T080342.480.xls	HTML table / 5,239 data rows	2026-08-06 08:03:42	Aggregated; raw unit/engine identifiers excluded
01354	PT. BADORAY MOTOR - LINTAS	MRB	SCOOPY FASHION	RFS	Intransit	0-30	2	Stok_per_no_mesin_dealer - 2026-08-06T080342.480.xls	HTML table / 5,239 data rows	2026-08-06 08:03:42	Aggregated; raw unit/engine identifiers excluded
01354	PT. BADORAY MOTOR - LINTAS	MS1	SCOOPY PRESTIGE	RFS	Intransit	0-30	2	Stok_per_no_mesin_dealer - 2026-08-06T080342.480.xls	HTML table / 5,239 data rows	2026-08-06 08:03:42	Aggregated; raw unit/engine identifiers excluded
01354	PT. BADORAY MOTOR - LINTAS	MS1	SCOOPY PRESTIGE	RFS	Ready	0-30	1	Stok_per_no_mesin_dealer - 2026-08-06T080342.480.xls	HTML table / 5,239 data rows	2026-08-06 08:03:42	Aggregated; raw unit/engine identifiers excluded
01354	PT. BADORAY MOTOR - LINTAS	MS1	SCOOPY PRESTIGE	RFS	Soft Booking	0-30	1	Stok_per_no_mesin_dealer - 2026-08-06T080342.480.xls	HTML table / 5,239 data rows	2026-08-06 08:03:42	Aggregated; raw unit/engine identifiers excluded
01354	PT. BADORAY MOTOR - LINTAS	MSB	SCOOPY STYLISH	RFS	Intransit	0-30	3	Stok_per_no_mesin_dealer - 2026-08-06T080342.480.xls	HTML table / 5,239 data rows	2026-08-06 08:03:42	Aggregated; raw unit/engine identifiers excluded
01354	PT. BADORAY MOTOR - LINTAS	MSB	SCOOPY STYLISH	RFS	Soft Booking	0-30	1	Stok_per_no_mesin_dealer - 2026-08-06T080342.480.xls	HTML table / 5,239 data rows	2026-08-06 08:03:42	Aggregated; raw unit/engine identifiers excluded
01354	PT. BADORAY MOTOR - LINTAS	MT1	PCX160 CBS	RFS	Intransit	0-30	1	Stok_per_no_mesin_dealer - 2026-08-06T080342.480.xls	HTML table / 5,239 data rows	2026-08-06 08:03:42	Aggregated; raw unit/engine identifiers excluded
01354	PT. BADORAY MOTOR - LINTAS	MT1	PCX160 CBS	RFS	Soft Booking	0-30	1	Stok_per_no_mesin_dealer - 2026-08-06T080342.480.xls	HTML table / 5,239 data rows	2026-08-06 08:03:42	Aggregated; raw unit/engine identifiers excluded
01354	PT. BADORAY MOTOR - LINTAS	MV1	PCX160 ABS	RFS	Ready	0-30	3	Stok_per_no_mesin_dealer - 2026-08-06T080342.480.xls	HTML table / 5,239 data rows	2026-08-06 08:03:42	Aggregated; raw unit/engine identifiers excluded
01354	PT. BADORAY MOTOR - LINTAS	MV1	PCX160 ABS	RFS	Ready	91-120	1	Stok_per_no_mesin_dealer - 2026-08-06T080342.480.xls	HTML table / 5,239 data rows	2026-08-06 08:03:42	Aggregated; raw unit/engine identifiers excluded
01354	PT. BADORAY MOTOR - LINTAS	MW1	PCX160 Honda RoadSync	RFS	Ready	0-30	1	Stok_per_no_mesin_dealer - 2026-08-06T080342.480.xls	HTML table / 5,239 data rows	2026-08-06 08:03:42	Aggregated; raw unit/engine identifiers excluded
01354	PT. BADORAY MOTOR - LINTAS	MX0	ICON E:	RFS	Ready	>150	1	Stok_per_no_mesin_dealer - 2026-08-06T080342.480.xls	HTML table / 5,239 data rows	2026-08-06 08:03:42	Aggregated; raw unit/engine identifiers excluded
01354	PT. BADORAY MOTOR - LINTAS	MY0	VARIO EVO 160 CBS Nitro	RFS	Ready	0-30	1	Stok_per_no_mesin_dealer - 2026-08-06T080342.480.xls	HTML table / 5,239 data rows	2026-08-06 08:03:42	Aggregated; raw unit/engine identifiers excluded
01354	PT. BADORAY MOTOR - LINTAS	MYA	VARIO EVO 160 CBS	RFS	Ready	0-30	2	Stok_per_no_mesin_dealer - 2026-08-06T080342.480.xls	HTML table / 5,239 data rows	2026-08-06 08:03:42	Aggregated; raw unit/engine identifiers excluded
01354	PT. BADORAY MOTOR - LINTAS	MZ0	VARIO EVO 160 ABS	RFS	Ready	0-30	2	Stok_per_no_mesin_dealer - 2026-08-06T080342.480.xls	HTML table / 5,239 data rows	2026-08-06 08:03:42	Aggregated; raw unit/engine identifiers excluded
01354	PT. BADORAY MOTOR - LINTAS	NA0	ADV160 CBS	RFS	Ready	0-30	1	Stok_per_no_mesin_dealer - 2026-08-06T080342.480.xls	HTML table / 5,239 data rows	2026-08-06 08:03:42	Aggregated; raw unit/engine identifiers excluded
01354	PT. BADORAY MOTOR - LINTAS	NB0	ADV160 ABS	RFS	Ready	91-120	1	Stok_per_no_mesin_dealer - 2026-08-06T080342.480.xls	HTML table / 5,239 data rows	2026-08-06 08:03:42	Aggregated; raw unit/engine identifiers excluded
01354	PT. BADORAY MOTOR - LINTAS	NE0	VARIO 125 CBS ISS	RFS	Ready	0-30	2	Stok_per_no_mesin_dealer - 2026-08-06T080342.480.xls	HTML table / 5,239 data rows	2026-08-06 08:03:42	Aggregated; raw unit/engine identifiers excluded
01354	PT. BADORAY MOTOR - LINTAS	NF0	VARIO 125 STREET	RFS	Ready	0-30	2	Stok_per_no_mesin_dealer - 2026-08-06T080342.480.xls	HTML table / 5,239 data rows	2026-08-06 08:03:42	Aggregated; raw unit/engine identifiers excluded
01354	PT. BADORAY MOTOR - LINTAS	NF0	VARIO 125 STREET	RFS	Ready	121-150	1	Stok_per_no_mesin_dealer - 2026-08-06T080342.480.xls	HTML table / 5,239 data rows	2026-08-06 08:03:42	Aggregated; raw unit/engine identifiers excluded
01354	PT. BADORAY MOTOR - LINTAS	NF0	VARIO 125 STREET	RFS	Ready	31-60	1	Stok_per_no_mesin_dealer - 2026-08-06T080342.480.xls	HTML table / 5,239 data rows	2026-08-06 08:03:42	Aggregated; raw unit/engine identifiers excluded
01925	CV. BOBBY RACING SHOP	ESL	CRF150L	RFS	Ready	0-30	4	Stok_per_no_mesin_dealer - 2026-08-06T080342.480.xls	HTML table / 5,239 data rows	2026-08-06 08:03:42	Aggregated; raw unit/engine identifiers excluded
01925	CV. BOBBY RACING SHOP	GB4	REVO FIT	RFS	Ready	0-30	4	Stok_per_no_mesin_dealer - 2026-08-06T080342.480.xls	HTML table / 5,239 data rows	2026-08-06 08:03:42	Aggregated; raw unit/engine identifiers excluded
01925	CV. BOBBY RACING SHOP	GD4	REVO X	RFS	Ready	0-30	2	Stok_per_no_mesin_dealer - 2026-08-06T080342.480.xls	HTML table / 5,239 data rows	2026-08-06 08:03:42	Aggregated; raw unit/engine identifiers excluded
01925	CV. BOBBY RACING SHOP	GF5	SUPRA X 125 CW	RFS	Ready	0-30	2	Stok_per_no_mesin_dealer - 2026-08-06T080342.480.xls	HTML table / 5,239 data rows	2026-08-06 08:03:42	Aggregated; raw unit/engine identifiers excluded
01925	CV. BOBBY RACING SHOP	GF5	SUPRA X 125 CW	RFS	Soft Booking	0-30	1	Stok_per_no_mesin_dealer - 2026-08-06T080342.480.xls	HTML table / 5,239 data rows	2026-08-06 08:03:42	Aggregated; raw unit/engine identifiers excluded
01925	CV. BOBBY RACING SHOP	HJK	NEW SUPRA GTR150	RFS	Ready	31-60	1	Stok_per_no_mesin_dealer - 2026-08-06T080342.480.xls	HTML table / 5,239 data rows	2026-08-06 08:03:42	Aggregated; raw unit/engine identifiers excluded
01925	CV. BOBBY RACING SHOP	JS0	CB150R STREETFIRE	RFS	Ready	61-90	1	Stok_per_no_mesin_dealer - 2026-08-06T080342.480.xls	HTML table / 5,239 data rows	2026-08-06 08:03:42	Aggregated; raw unit/engine identifiers excluded
01925	CV. BOBBY RACING SHOP	KF0	CB150 VERZA SW	RFS	Ready	>150	1	Stok_per_no_mesin_dealer - 2026-08-06T080342.480.xls	HTML table / 5,239 data rows	2026-08-06 08:03:42	Aggregated; raw unit/engine identifiers excluded
01925	CV. BOBBY RACING SHOP	KG0	CB150 VERZA CW	RFS	Ready	61-90	1	Stok_per_no_mesin_dealer - 2026-08-06T080342.480.xls	HTML table / 5,239 data rows	2026-08-06 08:03:42	Aggregated; raw unit/engine identifiers excluded
01925	CV. BOBBY RACING SHOP	KG0	CB150 VERZA CW	RFS	Ready	91-120	4	Stok_per_no_mesin_dealer - 2026-08-06T080342.480.xls	HTML table / 5,239 data rows	2026-08-06 08:03:42	Aggregated; raw unit/engine identifiers excluded
01925	CV. BOBBY RACING SHOP	LY2	GENIO CBS	RFS	Ready	61-90	1	Stok_per_no_mesin_dealer - 2026-08-06T080342.480.xls	HTML table / 5,239 data rows	2026-08-06 08:03:42	Aggregated; raw unit/engine identifiers excluded
01925	CV. BOBBY RACING SHOP	MF1	STYLO 160 CBS	RFS	Ready	0-30	2	Stok_per_no_mesin_dealer - 2026-08-06T080342.480.xls	HTML table / 5,239 data rows	2026-08-06 08:03:42	Aggregated; raw unit/engine identifiers excluded
01925	CV. BOBBY RACING SHOP	MJ1	BEAT SPORTY CBS	RFS	Ready	0-30	2	Stok_per_no_mesin_dealer - 2026-08-06T080342.480.xls	HTML table / 5,239 data rows	2026-08-06 08:03:42	Aggregated; raw unit/engine identifiers excluded
01925	CV. BOBBY RACING SHOP	MJ2	BEAT SPORTY CBS	RFS	Ready	0-30	3	Stok_per_no_mesin_dealer - 2026-08-06T080342.480.xls	HTML table / 5,239 data rows	2026-08-06 08:03:42	Aggregated; raw unit/engine identifiers excluded
01925	CV. BOBBY RACING SHOP	MK2	BEAT SPORTY CBS ISS	RFS	Ready	0-30	4	Stok_per_no_mesin_dealer - 2026-08-06T080342.480.xls	HTML table / 5,239 data rows	2026-08-06 08:03:42	Aggregated; raw unit/engine identifiers excluded
01925	CV. BOBBY RACING SHOP	ML2	BEAT SPORTY DLX SMART KEY	RFS	Ready	0-30	3	Stok_per_no_mesin_dealer - 2026-08-06T080342.480.xls	HTML table / 5,239 data rows	2026-08-06 08:03:42	Aggregated; raw unit/engine identifiers excluded
01925	CV. BOBBY RACING SHOP	MM1	BEAT STREET	RFS	Ready	61-90	1	Stok_per_no_mesin_dealer - 2026-08-06T080342.480.xls	HTML table / 5,239 data rows	2026-08-06 08:03:42	Aggregated; raw unit/engine identifiers excluded
01925	CV. BOBBY RACING SHOP	MM2	BEAT STREET	RFS	Ready	0-30	14	Stok_per_no_mesin_dealer - 2026-08-06T080342.480.xls	HTML table / 5,239 data rows	2026-08-06 08:03:42	Aggregated; raw unit/engine identifiers excluded
01925	CV. BOBBY RACING SHOP	MN0	CUV e:	RFS	Ready	>150	1	Stok_per_no_mesin_dealer - 2026-08-06T080342.480.xls	HTML table / 5,239 data rows	2026-08-06 08:03:42	Aggregated; raw unit/engine identifiers excluded
01925	CV. BOBBY RACING SHOP	MRB	SCOOPY FASHION	RFS	Ready	0-30	3	Stok_per_no_mesin_dealer - 2026-08-06T080342.480.xls	HTML table / 5,239 data rows	2026-08-06 08:03:42	Aggregated; raw unit/engine identifiers excluded
01925	CV. BOBBY RACING SHOP	MS1	SCOOPY PRESTIGE	RFS	Ready	0-30	1	Stok_per_no_mesin_dealer - 2026-08-06T080342.480.xls	HTML table / 5,239 data rows	2026-08-06 08:03:42	Aggregated; raw unit/engine identifiers excluded
01925	CV. BOBBY RACING SHOP	MSB	SCOOPY STYLISH	RFS	Ready	0-30	2	Stok_per_no_mesin_dealer - 2026-08-06T080342.480.xls	HTML table / 5,239 data rows	2026-08-06 08:03:42	Aggregated; raw unit/engine identifiers excluded
01925	CV. BOBBY RACING SHOP	MT1	PCX160 CBS	RFS	Ready	0-30	2	Stok_per_no_mesin_dealer - 2026-08-06T080342.480.xls	HTML table / 5,239 data rows	2026-08-06 08:03:42	Aggregated; raw unit/engine identifiers excluded
01925	CV. BOBBY RACING SHOP	MX0	ICON E:	RFS	Ready	>150	1	Stok_per_no_mesin_dealer - 2026-08-06T080342.480.xls	HTML table / 5,239 data rows	2026-08-06 08:03:42	Aggregated; raw unit/engine identifiers excluded
01925	CV. BOBBY RACING SHOP	MY0	VARIO EVO 160 CBS Nitro	RFS	Ready	0-30	1	Stok_per_no_mesin_dealer - 2026-08-06T080342.480.xls	HTML table / 5,239 data rows	2026-08-06 08:03:42	Aggregated; raw unit/engine identifiers excluded
01925	CV. BOBBY RACING SHOP	MYA	VARIO EVO 160 CBS	RFS	Ready	0-30	2	Stok_per_no_mesin_dealer - 2026-08-06T080342.480.xls	HTML table / 5,239 data rows	2026-08-06 08:03:42	Aggregated; raw unit/engine identifiers excluded
01925	CV. BOBBY RACING SHOP	MZ0	VARIO EVO 160 ABS	RFS	Ready	0-30	1	Stok_per_no_mesin_dealer - 2026-08-06T080342.480.xls	HTML table / 5,239 data rows	2026-08-06 08:03:42	Aggregated; raw unit/engine identifiers excluded
01925	CV. BOBBY RACING SHOP	NA0	ADV160 CBS	RFS	Ready	31-60	1	Stok_per_no_mesin_dealer - 2026-08-06T080342.480.xls	HTML table / 5,239 data rows	2026-08-06 08:03:42	Aggregated; raw unit/engine identifiers excluded
01925	CV. BOBBY RACING SHOP	NE0	VARIO 125 CBS ISS	RFS	Ready	0-30	1	Stok_per_no_mesin_dealer - 2026-08-06T080342.480.xls	HTML table / 5,239 data rows	2026-08-06 08:03:42	Aggregated; raw unit/engine identifiers excluded
01925	CV. BOBBY RACING SHOP	NF0	VARIO 125 STREET	RFS	Ready	61-90	1	Stok_per_no_mesin_dealer - 2026-08-06T080342.480.xls	HTML table / 5,239 data rows	2026-08-06 08:03:42	Aggregated; raw unit/engine identifiers excluded
01925	CV. BOBBY RACING SHOP	NF0	VARIO 125 STREET	RFS	Soft Booking	61-90	1	Stok_per_no_mesin_dealer - 2026-08-06T080342.480.xls	HTML table / 5,239 data rows	2026-08-06 08:03:42	Aggregated; raw unit/engine identifiers excluded
03530	PT. CITRA KARYA INTISENTOSA II	ESL	CRF150L	RFS	Soft Booking	31-60	1	Stok_per_no_mesin_dealer - 2026-08-06T080342.480.xls	HTML table / 5,239 data rows	2026-08-06 08:03:42	Aggregated; raw unit/engine identifiers excluded
03530	PT. CITRA KARYA INTISENTOSA II	GB4	REVO FIT	RFS	Ready	91-120	1	Stok_per_no_mesin_dealer - 2026-08-06T080342.480.xls	HTML table / 5,239 data rows	2026-08-06 08:03:42	Aggregated; raw unit/engine identifiers excluded
03530	PT. CITRA KARYA INTISENTOSA II	GD4	REVO X	RFS	Soft Booking	61-90	1	Stok_per_no_mesin_dealer - 2026-08-06T080342.480.xls	HTML table / 5,239 data rows	2026-08-06 08:03:42	Aggregated; raw unit/engine identifiers excluded
03530	PT. CITRA KARYA INTISENTOSA II	GF5	SUPRA X 125 CW	RFS	Ready	0-30	1	Stok_per_no_mesin_dealer - 2026-08-06T080342.480.xls	HTML table / 5,239 data rows	2026-08-06 08:03:42	Aggregated; raw unit/engine identifiers excluded
03530	PT. CITRA KARYA INTISENTOSA II	GF5	SUPRA X 125 CW	RFS	Ready	91-120	1	Stok_per_no_mesin_dealer - 2026-08-06T080342.480.xls	HTML table / 5,239 data rows	2026-08-06 08:03:42	Aggregated; raw unit/engine identifiers excluded
03530	PT. CITRA KARYA INTISENTOSA II	LY2	GENIO CBS	RFS	Ready	61-90	1	Stok_per_no_mesin_dealer - 2026-08-06T080342.480.xls	HTML table / 5,239 data rows	2026-08-06 08:03:42	Aggregated; raw unit/engine identifiers excluded
03530	PT. CITRA KARYA INTISENTOSA II	LZ2	GENIO CBS ISS	RFS	Soft Booking	91-120	1	Stok_per_no_mesin_dealer - 2026-08-06T080342.480.xls	HTML table / 5,239 data rows	2026-08-06 08:03:42	Aggregated; raw unit/engine identifiers excluded
03530	PT. CITRA KARYA INTISENTOSA II	MJ2	BEAT SPORTY CBS	RFS	Ready	0-30	1	Stok_per_no_mesin_dealer - 2026-08-06T080342.480.xls	HTML table / 5,239 data rows	2026-08-06 08:03:42	Aggregated; raw unit/engine identifiers excluded
03530	PT. CITRA KARYA INTISENTOSA II	MJ2	BEAT SPORTY CBS	RFS	Soft Booking	0-30	2	Stok_per_no_mesin_dealer - 2026-08-06T080342.480.xls	HTML table / 5,239 data rows	2026-08-06 08:03:42	Aggregated; raw unit/engine identifiers excluded
03530	PT. CITRA KARYA INTISENTOSA II	MK1	BEAT SPORTY CBS ISS DELUXE	RFS	Soft Booking	>150	1	Stok_per_no_mesin_dealer - 2026-08-06T080342.480.xls	HTML table / 5,239 data rows	2026-08-06 08:03:42	Aggregated; raw unit/engine identifiers excluded
03530	PT. CITRA KARYA INTISENTOSA II	MK2	BEAT SPORTY CBS ISS	RFS	Ready	0-30	1	Stok_per_no_mesin_dealer - 2026-08-06T080342.480.xls	HTML table / 5,239 data rows	2026-08-06 08:03:42	Aggregated; raw unit/engine identifiers excluded
03530	PT. CITRA KARYA INTISENTOSA II	ML1	BEAT SPORTY DLX SMART KEY	RFS	Ready	>150	1	Stok_per_no_mesin_dealer - 2026-08-06T080342.480.xls	HTML table / 5,239 data rows	2026-08-06 08:03:42	Aggregated; raw unit/engine identifiers excluded
03530	PT. CITRA KARYA INTISENTOSA II	ML2	BEAT SPORTY DLX SMART KEY	RFS	Ready	0-30	1	Stok_per_no_mesin_dealer - 2026-08-06T080342.480.xls	HTML table / 5,239 data rows	2026-08-06 08:03:42	Aggregated; raw unit/engine identifiers excluded
03530	PT. CITRA KARYA INTISENTOSA II	ML2	BEAT SPORTY DLX SMART KEY	RFS	Ready	31-60	1	Stok_per_no_mesin_dealer - 2026-08-06T080342.480.xls	HTML table / 5,239 data rows	2026-08-06 08:03:42	Aggregated; raw unit/engine identifiers excluded
03530	PT. CITRA KARYA INTISENTOSA II	ML2	BEAT SPORTY DLX SMART KEY	RFS	Soft Booking	31-60	1	Stok_per_no_mesin_dealer - 2026-08-06T080342.480.xls	HTML table / 5,239 data rows	2026-08-06 08:03:42	Aggregated; raw unit/engine identifiers excluded
03530	PT. CITRA KARYA INTISENTOSA II	MM2	BEAT STREET	RFS	Ready	0-30	1	Stok_per_no_mesin_dealer - 2026-08-06T080342.480.xls	HTML table / 5,239 data rows	2026-08-06 08:03:42	Aggregated; raw unit/engine identifiers excluded
03530	PT. CITRA KARYA INTISENTOSA II	MM2	BEAT STREET	RFS	Soft Booking	0-30	1	Stok_per_no_mesin_dealer - 2026-08-06T080342.480.xls	HTML table / 5,239 data rows	2026-08-06 08:03:42	Aggregated; raw unit/engine identifiers excluded
03530	PT. CITRA KARYA INTISENTOSA II	MM2	BEAT STREET	RFS	Unfill	0-30	1	Stok_per_no_mesin_dealer - 2026-08-06T080342.480.xls	HTML table / 5,239 data rows	2026-08-06 08:03:42	Aggregated; raw unit/engine identifiers excluded
03530	PT. CITRA KARYA INTISENTOSA II	MRB	SCOOPY FASHION	RFS	Ready	0-30	2	Stok_per_no_mesin_dealer - 2026-08-06T080342.480.xls	HTML table / 5,239 data rows	2026-08-06 08:03:42	Aggregated; raw unit/engine identifiers excluded
03530	PT. CITRA KARYA INTISENTOSA II	MRB	SCOOPY FASHION	RFS	Soft Booking	31-60	1	Stok_per_no_mesin_dealer - 2026-08-06T080342.480.xls	HTML table / 5,239 data rows	2026-08-06 08:03:42	Aggregated; raw unit/engine identifiers excluded
03530	PT. CITRA KARYA INTISENTOSA II	MS1	SCOOPY PRESTIGE	RFS	Ready	0-30	1	Stok_per_no_mesin_dealer - 2026-08-06T080342.480.xls	HTML table / 5,239 data rows	2026-08-06 08:03:42	Aggregated; raw unit/engine identifiers excluded
03530	PT. CITRA KARYA INTISENTOSA II	MS1	SCOOPY PRESTIGE	RFS	Soft Booking	0-30	2	Stok_per_no_mesin_dealer - 2026-08-06T080342.480.xls	HTML table / 5,239 data rows	2026-08-06 08:03:42	Aggregated; raw unit/engine identifiers excluded
03530	PT. CITRA KARYA INTISENTOSA II	MSB	SCOOPY STYLISH	RFS	Ready	0-30	2	Stok_per_no_mesin_dealer - 2026-08-06T080342.480.xls	HTML table / 5,239 data rows	2026-08-06 08:03:42	Aggregated; raw unit/engine identifiers excluded
03530	PT. CITRA KARYA INTISENTOSA II	MT1	PCX160 CBS	RFS	Unfill	0-30	1	Stok_per_no_mesin_dealer - 2026-08-06T080342.480.xls	HTML table / 5,239 data rows	2026-08-06 08:03:42	Aggregated; raw unit/engine identifiers excluded
03530	PT. CITRA KARYA INTISENTOSA II	MYA	VARIO EVO 160 CBS	RFS	Ready	0-30	1	Stok_per_no_mesin_dealer - 2026-08-06T080342.480.xls	HTML table / 5,239 data rows	2026-08-06 08:03:42	Aggregated; raw unit/engine identifiers excluded
03530	PT. CITRA KARYA INTISENTOSA II	MZ0	VARIO EVO 160 ABS	RFS	Ready	31-60	1	Stok_per_no_mesin_dealer - 2026-08-06T080342.480.xls	HTML table / 5,239 data rows	2026-08-06 08:03:42	Aggregated; raw unit/engine identifiers excluded
03530	PT. CITRA KARYA INTISENTOSA II	NF0	VARIO 125 STREET	RFS	Ready	61-90	1	Stok_per_no_mesin_dealer - 2026-08-06T080342.480.xls	HTML table / 5,239 data rows	2026-08-06 08:03:42	Aggregated; raw unit/engine identifiers excluded
03530	PT. CITRA KARYA INTISENTOSA II	NF0	VARIO 125 STREET	RFS	Ready	>150	1	Stok_per_no_mesin_dealer - 2026-08-06T080342.480.xls	HTML table / 5,239 data rows	2026-08-06 08:03:42	Aggregated; raw unit/engine identifiers excluded
03530	PT. CITRA KARYA INTISENTOSA II	NF0	VARIO 125 STREET	RFS	Soft Booking	>150	1	Stok_per_no_mesin_dealer - 2026-08-06T080342.480.xls	HTML table / 5,239 data rows	2026-08-06 08:03:42	Aggregated; raw unit/engine identifiers excluded
03538	PT. CITRA LENCANA SAKTI - BANGKO	ESK	CRF150L	RFS	Unfill	0-30	1	Stok_per_no_mesin_dealer - 2026-08-06T080342.480.xls	HTML table / 5,239 data rows	2026-08-06 08:03:42	Aggregated; raw unit/engine identifiers excluded
03538	PT. CITRA LENCANA SAKTI - BANGKO	ESL	CRF150L	RFS	Soft Booking	0-30	2	Stok_per_no_mesin_dealer - 2026-08-06T080342.480.xls	HTML table / 5,239 data rows	2026-08-06 08:03:42	Aggregated; raw unit/engine identifiers excluded
03538	PT. CITRA LENCANA SAKTI - BANGKO	ESL	CRF150L	RFS	Unfill	0-30	2	Stok_per_no_mesin_dealer - 2026-08-06T080342.480.xls	HTML table / 5,239 data rows	2026-08-06 08:03:42	Aggregated; raw unit/engine identifiers excluded
03538	PT. CITRA LENCANA SAKTI - BANGKO	GB4	REVO FIT	RFS	Ready	0-30	12	Stok_per_no_mesin_dealer - 2026-08-06T080342.480.xls	HTML table / 5,239 data rows	2026-08-06 08:03:42	Aggregated; raw unit/engine identifiers excluded
03538	PT. CITRA LENCANA SAKTI - BANGKO	GB4	REVO FIT	RFS	Soft Booking	0-30	3	Stok_per_no_mesin_dealer - 2026-08-06T080342.480.xls	HTML table / 5,239 data rows	2026-08-06 08:03:42	Aggregated; raw unit/engine identifiers excluded
03538	PT. CITRA LENCANA SAKTI - BANGKO	GD4	REVO X	RFS	Ready	0-30	10	Stok_per_no_mesin_dealer - 2026-08-06T080342.480.xls	HTML table / 5,239 data rows	2026-08-06 08:03:42	Aggregated; raw unit/engine identifiers excluded
03538	PT. CITRA LENCANA SAKTI - BANGKO	GD4	REVO X	RFS	Soft Booking	0-30	2	Stok_per_no_mesin_dealer - 2026-08-06T080342.480.xls	HTML table / 5,239 data rows	2026-08-06 08:03:42	Aggregated; raw unit/engine identifiers excluded
03538	PT. CITRA LENCANA SAKTI - BANGKO	GF5	SUPRA X 125 CW	RFS	Ready	0-30	2	Stok_per_no_mesin_dealer - 2026-08-06T080342.480.xls	HTML table / 5,239 data rows	2026-08-06 08:03:42	Aggregated; raw unit/engine identifiers excluded
03538	PT. CITRA LENCANA SAKTI - BANGKO	GF5	SUPRA X 125 CW	RFS	Soft Booking	31-60	1	Stok_per_no_mesin_dealer - 2026-08-06T080342.480.xls	HTML table / 5,239 data rows	2026-08-06 08:03:42	Aggregated; raw unit/engine identifiers excluded
03538	PT. CITRA LENCANA SAKTI - BANGKO	GF5	SUPRA X 125 CW	RFS	Soft Booking	61-90	1	Stok_per_no_mesin_dealer - 2026-08-06T080342.480.xls	HTML table / 5,239 data rows	2026-08-06 08:03:42	Aggregated; raw unit/engine identifiers excluded
03538	PT. CITRA LENCANA SAKTI - BANGKO	HJ9	NEW SUPRA GTR150 SPORTY	RFS	Soft Booking	31-60	1	Stok_per_no_mesin_dealer - 2026-08-06T080342.480.xls	HTML table / 5,239 data rows	2026-08-06 08:03:42	Aggregated; raw unit/engine identifiers excluded
03538	PT. CITRA LENCANA SAKTI - BANGKO	JM2	CBR 150R STD	RFS	Soft Booking	>150	1	Stok_per_no_mesin_dealer - 2026-08-06T080342.480.xls	HTML table / 5,239 data rows	2026-08-06 08:03:42	Aggregated; raw unit/engine identifiers excluded
03538	PT. CITRA LENCANA SAKTI - BANGKO	JS0	CB150R STREETFIRE	RFS	Ready	>150	1	Stok_per_no_mesin_dealer - 2026-08-06T080342.480.xls	HTML table / 5,239 data rows	2026-08-06 08:03:42	Aggregated; raw unit/engine identifiers excluded
03538	PT. CITRA LENCANA SAKTI - BANGKO	KF0	CB150 VERZA SW	RFS	Soft Booking	>150	1	Stok_per_no_mesin_dealer - 2026-08-06T080342.480.xls	HTML table / 5,239 data rows	2026-08-06 08:03:42	Aggregated; raw unit/engine identifiers excluded
03538	PT. CITRA LENCANA SAKTI - BANGKO	KG0	CB150 VERZA CW	RFS	Ready	31-60	1	Stok_per_no_mesin_dealer - 2026-08-06T080342.480.xls	HTML table / 5,239 data rows	2026-08-06 08:03:42	Aggregated; raw unit/engine identifiers excluded
03538	PT. CITRA LENCANA SAKTI - BANGKO	LY2	GENIO CBS	RFS	Ready	91-120	1	Stok_per_no_mesin_dealer - 2026-08-06T080342.480.xls	HTML table / 5,239 data rows	2026-08-06 08:03:42	Aggregated; raw unit/engine identifiers excluded
03538	PT. CITRA LENCANA SAKTI - BANGKO	LY2	GENIO CBS	RFS	Ready	>150	1	Stok_per_no_mesin_dealer - 2026-08-06T080342.480.xls	HTML table / 5,239 data rows	2026-08-06 08:03:42	Aggregated; raw unit/engine identifiers excluded
03538	PT. CITRA LENCANA SAKTI - BANGKO	LZ2	GENIO CBS ISS	RFS	Ready	31-60	1	Stok_per_no_mesin_dealer - 2026-08-06T080342.480.xls	HTML table / 5,239 data rows	2026-08-06 08:03:42	Aggregated; raw unit/engine identifiers excluded
03538	PT. CITRA LENCANA SAKTI - BANGKO	MF1	STYLO 160 CBS	RFS	Soft Booking	0-30	1	Stok_per_no_mesin_dealer - 2026-08-06T080342.480.xls	HTML table / 5,239 data rows	2026-08-06 08:03:42	Aggregated; raw unit/engine identifiers excluded
03538	PT. CITRA LENCANA SAKTI - BANGKO	MGA	STYLO 160 ABS SPECIAL	RFS	Soft Booking	0-30	2	Stok_per_no_mesin_dealer - 2026-08-06T080342.480.xls	HTML table / 5,239 data rows	2026-08-06 08:03:42	Aggregated; raw unit/engine identifiers excluded
03538	PT. CITRA LENCANA SAKTI - BANGKO	MJ1	BEAT SPORTY CBS	RFS	Ready	0-30	2	Stok_per_no_mesin_dealer - 2026-08-06T080342.480.xls	HTML table / 5,239 data rows	2026-08-06 08:03:42	Aggregated; raw unit/engine identifiers excluded
03538	PT. CITRA LENCANA SAKTI - BANGKO	MJ1	BEAT SPORTY CBS	RFS	Soft Booking	0-30	1	Stok_per_no_mesin_dealer - 2026-08-06T080342.480.xls	HTML table / 5,239 data rows	2026-08-06 08:03:42	Aggregated; raw unit/engine identifiers excluded
03538	PT. CITRA LENCANA SAKTI - BANGKO	MJ1	BEAT SPORTY CBS	RFS	Soft Booking	31-60	1	Stok_per_no_mesin_dealer - 2026-08-06T080342.480.xls	HTML table / 5,239 data rows	2026-08-06 08:03:42	Aggregated; raw unit/engine identifiers excluded
03538	PT. CITRA LENCANA SAKTI - BANGKO	MJ1	BEAT SPORTY CBS	RFS	Soft Booking	61-90	1	Stok_per_no_mesin_dealer - 2026-08-06T080342.480.xls	HTML table / 5,239 data rows	2026-08-06 08:03:42	Aggregated; raw unit/engine identifiers excluded
03538	PT. CITRA LENCANA SAKTI - BANGKO	MJ2	BEAT SPORTY CBS	RFS	Ready	0-30	4	Stok_per_no_mesin_dealer - 2026-08-06T080342.480.xls	HTML table / 5,239 data rows	2026-08-06 08:03:42	Aggregated; raw unit/engine identifiers excluded
03538	PT. CITRA LENCANA SAKTI - BANGKO	MJ2	BEAT SPORTY CBS	RFS	Soft Booking	0-30	2	Stok_per_no_mesin_dealer - 2026-08-06T080342.480.xls	HTML table / 5,239 data rows	2026-08-06 08:03:42	Aggregated; raw unit/engine identifiers excluded
03538	PT. CITRA LENCANA SAKTI - BANGKO	MK2	BEAT SPORTY CBS ISS	RFS	Ready	0-30	5	Stok_per_no_mesin_dealer - 2026-08-06T080342.480.xls	HTML table / 5,239 data rows	2026-08-06 08:03:42	Aggregated; raw unit/engine identifiers excluded
03538	PT. CITRA LENCANA SAKTI - BANGKO	MK2	BEAT SPORTY CBS ISS	RFS	Unfill	0-30	1	Stok_per_no_mesin_dealer - 2026-08-06T080342.480.xls	HTML table / 5,239 data rows	2026-08-06 08:03:42	Aggregated; raw unit/engine identifiers excluded
03538	PT. CITRA LENCANA SAKTI - BANGKO	ML2	BEAT SPORTY DLX SMART KEY	RFS	Ready	0-30	4	Stok_per_no_mesin_dealer - 2026-08-06T080342.480.xls	HTML table / 5,239 data rows	2026-08-06 08:03:42	Aggregated; raw unit/engine identifiers excluded
03538	PT. CITRA LENCANA SAKTI - BANGKO	ML2	BEAT SPORTY DLX SMART KEY	RFS	Soft Booking	0-30	1	Stok_per_no_mesin_dealer - 2026-08-06T080342.480.xls	HTML table / 5,239 data rows	2026-08-06 08:03:42	Aggregated; raw unit/engine identifiers excluded
03538	PT. CITRA LENCANA SAKTI - BANGKO	ML2	BEAT SPORTY DLX SMART KEY	RFS	Unfill	0-30	1	Stok_per_no_mesin_dealer - 2026-08-06T080342.480.xls	HTML table / 5,239 data rows	2026-08-06 08:03:42	Aggregated; raw unit/engine identifiers excluded
03538	PT. CITRA LENCANA SAKTI - BANGKO	MM1	BEAT STREET	RFS	Ready	31-60	1	Stok_per_no_mesin_dealer - 2026-08-06T080342.480.xls	HTML table / 5,239 data rows	2026-08-06 08:03:42	Aggregated; raw unit/engine identifiers excluded
03538	PT. CITRA LENCANA SAKTI - BANGKO	MM2	BEAT STREET	RFS	Ready	0-30	10	Stok_per_no_mesin_dealer - 2026-08-06T080342.480.xls	HTML table / 5,239 data rows	2026-08-06 08:03:42	Aggregated; raw unit/engine identifiers excluded
03538	PT. CITRA LENCANA SAKTI - BANGKO	MM2	BEAT STREET	RFS	Soft Booking	0-30	2	Stok_per_no_mesin_dealer - 2026-08-06T080342.480.xls	HTML table / 5,239 data rows	2026-08-06 08:03:42	Aggregated; raw unit/engine identifiers excluded
03538	PT. CITRA LENCANA SAKTI - BANGKO	MM2	BEAT STREET	RFS	Unfill	0-30	3	Stok_per_no_mesin_dealer - 2026-08-06T080342.480.xls	HTML table / 5,239 data rows	2026-08-06 08:03:42	Aggregated; raw unit/engine identifiers excluded
03538	PT. CITRA LENCANA SAKTI - BANGKO	MN0	CUV e:	RFS	Ready	>150	1	Stok_per_no_mesin_dealer - 2026-08-06T080342.480.xls	HTML table / 5,239 data rows	2026-08-06 08:03:42	Aggregated; raw unit/engine identifiers excluded
03538	PT. CITRA LENCANA SAKTI - BANGKO	MRB	SCOOPY FASHION	RFS	Soft Booking	0-30	2	Stok_per_no_mesin_dealer - 2026-08-06T080342.480.xls	HTML table / 5,239 data rows	2026-08-06 08:03:42	Aggregated; raw unit/engine identifiers excluded
03538	PT. CITRA LENCANA SAKTI - BANGKO	MS1	SCOOPY PRESTIGE	RFS	Ready	0-30	4	Stok_per_no_mesin_dealer - 2026-08-06T080342.480.xls	HTML table / 5,239 data rows	2026-08-06 08:03:42	Aggregated; raw unit/engine identifiers excluded
03538	PT. CITRA LENCANA SAKTI - BANGKO	MS1	SCOOPY PRESTIGE	RFS	Soft Booking	0-30	2	Stok_per_no_mesin_dealer - 2026-08-06T080342.480.xls	HTML table / 5,239 data rows	2026-08-06 08:03:42	Aggregated; raw unit/engine identifiers excluded
03538	PT. CITRA LENCANA SAKTI - BANGKO	MS1	SCOOPY PRESTIGE	RFS	Unfill	0-30	2	Stok_per_no_mesin_dealer - 2026-08-06T080342.480.xls	HTML table / 5,239 data rows	2026-08-06 08:03:42	Aggregated; raw unit/engine identifiers excluded
03538	PT. CITRA LENCANA SAKTI - BANGKO	MSB	SCOOPY STYLISH	RFS	Ready	0-30	2	Stok_per_no_mesin_dealer - 2026-08-06T080342.480.xls	HTML table / 5,239 data rows	2026-08-06 08:03:42	Aggregated; raw unit/engine identifiers excluded
03538	PT. CITRA LENCANA SAKTI - BANGKO	MSB	SCOOPY STYLISH	RFS	Soft Booking	0-30	1	Stok_per_no_mesin_dealer - 2026-08-06T080342.480.xls	HTML table / 5,239 data rows	2026-08-06 08:03:42	Aggregated; raw unit/engine identifiers excluded
03538	PT. CITRA LENCANA SAKTI - BANGKO	MSB	SCOOPY STYLISH	RFS	Unfill	0-30	4	Stok_per_no_mesin_dealer - 2026-08-06T080342.480.xls	HTML table / 5,239 data rows	2026-08-06 08:03:42	Aggregated; raw unit/engine identifiers excluded
03538	PT. CITRA LENCANA SAKTI - BANGKO	MT1	PCX160 CBS	RFS	Ready	0-30	4	Stok_per_no_mesin_dealer - 2026-08-06T080342.480.xls	HTML table / 5,239 data rows	2026-08-06 08:03:42	Aggregated; raw unit/engine identifiers excluded
03538	PT. CITRA LENCANA SAKTI - BANGKO	MT1	PCX160 CBS	RFS	Soft Booking	0-30	1	Stok_per_no_mesin_dealer - 2026-08-06T080342.480.xls	HTML table / 5,239 data rows	2026-08-06 08:03:42	Aggregated; raw unit/engine identifiers excluded
03538	PT. CITRA LENCANA SAKTI - BANGKO	MV1	PCX160 ABS	RFS	Ready	0-30	4	Stok_per_no_mesin_dealer - 2026-08-06T080342.480.xls	HTML table / 5,239 data rows	2026-08-06 08:03:42	Aggregated; raw unit/engine identifiers excluded
03538	PT. CITRA LENCANA SAKTI - BANGKO	MW1	PCX160 Honda RoadSync	RFS	Ready	0-30	2	Stok_per_no_mesin_dealer - 2026-08-06T080342.480.xls	HTML table / 5,239 data rows	2026-08-06 08:03:42	Aggregated; raw unit/engine identifiers excluded
03538	PT. CITRA LENCANA SAKTI - BANGKO	MX0	ICON E:	RFS	Ready	121-150	1	Stok_per_no_mesin_dealer - 2026-08-06T080342.480.xls	HTML table / 5,239 data rows	2026-08-06 08:03:42	Aggregated; raw unit/engine identifiers excluded
03538	PT. CITRA LENCANA SAKTI - BANGKO	MX0	ICON E:	RFS	Ready	>150	1	Stok_per_no_mesin_dealer - 2026-08-06T080342.480.xls	HTML table / 5,239 data rows	2026-08-06 08:03:42	Aggregated; raw unit/engine identifiers excluded
03538	PT. CITRA LENCANA SAKTI - BANGKO	MY0	VARIO EVO 160 CBS Nitro	RFS	Ready	0-30	2	Stok_per_no_mesin_dealer - 2026-08-06T080342.480.xls	HTML table / 5,239 data rows	2026-08-06 08:03:42	Aggregated; raw unit/engine identifiers excluded
03538	PT. CITRA LENCANA SAKTI - BANGKO	MYA	VARIO EVO 160 CBS	RFS	Ready	0-30	1	Stok_per_no_mesin_dealer - 2026-08-06T080342.480.xls	HTML table / 5,239 data rows	2026-08-06 08:03:42	Aggregated; raw unit/engine identifiers excluded
03538	PT. CITRA LENCANA SAKTI - BANGKO	MYA	VARIO EVO 160 CBS	RFS	Soft Booking	0-30	1	Stok_per_no_mesin_dealer - 2026-08-06T080342.480.xls	HTML table / 5,239 data rows	2026-08-06 08:03:42	Aggregated; raw unit/engine identifiers excluded
03538	PT. CITRA LENCANA SAKTI - BANGKO	NB0	ADV160 ABS	RFS	Ready	0-30	2	Stok_per_no_mesin_dealer - 2026-08-06T080342.480.xls	HTML table / 5,239 data rows	2026-08-06 08:03:42	Aggregated; raw unit/engine identifiers excluded
03538	PT. CITRA LENCANA SAKTI - BANGKO	NE0	VARIO 125 CBS ISS	RFS	Ready	0-30	2	Stok_per_no_mesin_dealer - 2026-08-06T080342.480.xls	HTML table / 5,239 data rows	2026-08-06 08:03:42	Aggregated; raw unit/engine identifiers excluded
03538	PT. CITRA LENCANA SAKTI - BANGKO	NF0	VARIO 125 STREET	RFS	Ready	0-30	3	Stok_per_no_mesin_dealer - 2026-08-06T080342.480.xls	HTML table / 5,239 data rows	2026-08-06 08:03:42	Aggregated; raw unit/engine identifiers excluded
03538	PT. CITRA LENCANA SAKTI - BANGKO	NF0	VARIO 125 STREET	RFS	Ready	61-90	3	Stok_per_no_mesin_dealer - 2026-08-06T080342.480.xls	HTML table / 5,239 data rows	2026-08-06 08:03:42	Aggregated; raw unit/engine identifiers excluded
03538	PT. CITRA LENCANA SAKTI - BANGKO	NF0	VARIO 125 STREET	RFS	Ready	91-120	1	Stok_per_no_mesin_dealer - 2026-08-06T080342.480.xls	HTML table / 5,239 data rows	2026-08-06 08:03:42	Aggregated; raw unit/engine identifiers excluded
03538	PT. CITRA LENCANA SAKTI - BANGKO	NF0	VARIO 125 STREET	RFS	Soft Booking	91-120	1	Stok_per_no_mesin_dealer - 2026-08-06T080342.480.xls	HTML table / 5,239 data rows	2026-08-06 08:03:42	Aggregated; raw unit/engine identifiers excluded
03540	PT. CITRA LENCANA SAKTI - SINGKUT	ESL	CRF150L	RFS	Ready	0-30	6	Stok_per_no_mesin_dealer - 2026-08-06T080342.480.xls	HTML table / 5,239 data rows	2026-08-06 08:03:42	Aggregated; raw unit/engine identifiers excluded
03540	PT. CITRA LENCANA SAKTI - SINGKUT	ESL	CRF150L	RFS	Soft Booking	0-30	3	Stok_per_no_mesin_dealer - 2026-08-06T080342.480.xls	HTML table / 5,239 data rows	2026-08-06 08:03:42	Aggregated; raw unit/engine identifiers excluded
03540	PT. CITRA LENCANA SAKTI - SINGKUT	GB4	REVO FIT	RFS	Intransit	0-30	2	Stok_per_no_mesin_dealer - 2026-08-06T080342.480.xls	HTML table / 5,239 data rows	2026-08-06 08:03:42	Aggregated; raw unit/engine identifiers excluded
03540	PT. CITRA LENCANA SAKTI - SINGKUT	GB4	REVO FIT	RFS	Ready	0-30	15	Stok_per_no_mesin_dealer - 2026-08-06T080342.480.xls	HTML table / 5,239 data rows	2026-08-06 08:03:42	Aggregated; raw unit/engine identifiers excluded
03540	PT. CITRA LENCANA SAKTI - SINGKUT	GB4	REVO FIT	RFS	Ready	31-60	1	Stok_per_no_mesin_dealer - 2026-08-06T080342.480.xls	HTML table / 5,239 data rows	2026-08-06 08:03:42	Aggregated; raw unit/engine identifiers excluded
03540	PT. CITRA LENCANA SAKTI - SINGKUT	GB4	REVO FIT	RFS	Soft Booking	0-30	2	Stok_per_no_mesin_dealer - 2026-08-06T080342.480.xls	HTML table / 5,239 data rows	2026-08-06 08:03:42	Aggregated; raw unit/engine identifiers excluded
03540	PT. CITRA LENCANA SAKTI - SINGKUT	GD4	REVO X	RFS	Intransit	0-30	4	Stok_per_no_mesin_dealer - 2026-08-06T080342.480.xls	HTML table / 5,239 data rows	2026-08-06 08:03:42	Aggregated; raw unit/engine identifiers excluded
03540	PT. CITRA LENCANA SAKTI - SINGKUT	GD4	REVO X	RFS	Ready	0-30	14	Stok_per_no_mesin_dealer - 2026-08-06T080342.480.xls	HTML table / 5,239 data rows	2026-08-06 08:03:42	Aggregated; raw unit/engine identifiers excluded
03540	PT. CITRA LENCANA SAKTI - SINGKUT	GD4	REVO X	RFS	Soft Booking	0-30	4	Stok_per_no_mesin_dealer - 2026-08-06T080342.480.xls	HTML table / 5,239 data rows	2026-08-06 08:03:42	Aggregated; raw unit/engine identifiers excluded
03540	PT. CITRA LENCANA SAKTI - SINGKUT	GF5	SUPRA X 125 CW	RFS	Ready	0-30	3	Stok_per_no_mesin_dealer - 2026-08-06T080342.480.xls	HTML table / 5,239 data rows	2026-08-06 08:03:42	Aggregated; raw unit/engine identifiers excluded
03540	PT. CITRA LENCANA SAKTI - SINGKUT	GF5	SUPRA X 125 CW	RFS	Ready	31-60	1	Stok_per_no_mesin_dealer - 2026-08-06T080342.480.xls	HTML table / 5,239 data rows	2026-08-06 08:03:42	Aggregated; raw unit/engine identifiers excluded
03540	PT. CITRA LENCANA SAKTI - SINGKUT	HJK	NEW SUPRA GTR150	RFS	Ready	121-150	1	Stok_per_no_mesin_dealer - 2026-08-06T080342.480.xls	HTML table / 5,239 data rows	2026-08-06 08:03:42	Aggregated; raw unit/engine identifiers excluded
03540	PT. CITRA LENCANA SAKTI - SINGKUT	JS0	CB150R STREETFIRE	RFS	Ready	0-30	1	Stok_per_no_mesin_dealer - 2026-08-06T080342.480.xls	HTML table / 5,239 data rows	2026-08-06 08:03:42	Aggregated; raw unit/engine identifiers excluded
03540	PT. CITRA LENCANA SAKTI - SINGKUT	KE0	CBR 150R ABS	RFS	Ready	31-60	1	Stok_per_no_mesin_dealer - 2026-08-06T080342.480.xls	HTML table / 5,239 data rows	2026-08-06 08:03:42	Aggregated; raw unit/engine identifiers excluded
03540	PT. CITRA LENCANA SAKTI - SINGKUT	KF0	CB150 VERZA SW	RFS	Ready	>150	1	Stok_per_no_mesin_dealer - 2026-08-06T080342.480.xls	HTML table / 5,239 data rows	2026-08-06 08:03:42	Aggregated; raw unit/engine identifiers excluded
03540	PT. CITRA LENCANA SAKTI - SINGKUT	KG0	CB150 VERZA CW	RFS	Ready	31-60	1	Stok_per_no_mesin_dealer - 2026-08-06T080342.480.xls	HTML table / 5,239 data rows	2026-08-06 08:03:42	Aggregated; raw unit/engine identifiers excluded
03540	PT. CITRA LENCANA SAKTI - SINGKUT	KG0	CB150 VERZA CW	RFS	Ready	61-90	1	Stok_per_no_mesin_dealer - 2026-08-06T080342.480.xls	HTML table / 5,239 data rows	2026-08-06 08:03:42	Aggregated; raw unit/engine identifiers excluded
03540	PT. CITRA LENCANA SAKTI - SINGKUT	LY2	GENIO CBS	RFS	Ready	31-60	1	Stok_per_no_mesin_dealer - 2026-08-06T080342.480.xls	HTML table / 5,239 data rows	2026-08-06 08:03:42	Aggregated; raw unit/engine identifiers excluded
03540	PT. CITRA LENCANA SAKTI - SINGKUT	ME0	EM1 e:	RFS	Ready	>150	1	Stok_per_no_mesin_dealer - 2026-08-06T080342.480.xls	HTML table / 5,239 data rows	2026-08-06 08:03:42	Aggregated; raw unit/engine identifiers excluded
03540	PT. CITRA LENCANA SAKTI - SINGKUT	MG1	STYLO 160 ABS	RFS	Intransit	0-30	2	Stok_per_no_mesin_dealer - 2026-08-06T080342.480.xls	HTML table / 5,239 data rows	2026-08-06 08:03:42	Aggregated; raw unit/engine identifiers excluded
03540	PT. CITRA LENCANA SAKTI - SINGKUT	MGA	STYLO 160 ABS SPECIAL	RFS	Intransit	0-30	1	Stok_per_no_mesin_dealer - 2026-08-06T080342.480.xls	HTML table / 5,239 data rows	2026-08-06 08:03:42	Aggregated; raw unit/engine identifiers excluded
03540	PT. CITRA LENCANA SAKTI - SINGKUT	MGA	STYLO 160 ABS SPECIAL	RFS	Ready	0-30	1	Stok_per_no_mesin_dealer - 2026-08-06T080342.480.xls	HTML table / 5,239 data rows	2026-08-06 08:03:42	Aggregated; raw unit/engine identifiers excluded
03540	PT. CITRA LENCANA SAKTI - SINGKUT	MJ1	BEAT SPORTY CBS	RFS	Ready	0-30	5	Stok_per_no_mesin_dealer - 2026-08-06T080342.480.xls	HTML table / 5,239 data rows	2026-08-06 08:03:42	Aggregated; raw unit/engine identifiers excluded
03540	PT. CITRA LENCANA SAKTI - SINGKUT	MJ1	BEAT SPORTY CBS	RFS	Ready	31-60	1	Stok_per_no_mesin_dealer - 2026-08-06T080342.480.xls	HTML table / 5,239 data rows	2026-08-06 08:03:42	Aggregated; raw unit/engine identifiers excluded
03540	PT. CITRA LENCANA SAKTI - SINGKUT	MJ2	BEAT SPORTY CBS	RFS	Intransit	0-30	2	Stok_per_no_mesin_dealer - 2026-08-06T080342.480.xls	HTML table / 5,239 data rows	2026-08-06 08:03:42	Aggregated; raw unit/engine identifiers excluded
03540	PT. CITRA LENCANA SAKTI - SINGKUT	MJ2	BEAT SPORTY CBS	RFS	Ready	0-30	5	Stok_per_no_mesin_dealer - 2026-08-06T080342.480.xls	HTML table / 5,239 data rows	2026-08-06 08:03:42	Aggregated; raw unit/engine identifiers excluded
03540	PT. CITRA LENCANA SAKTI - SINGKUT	MK2	BEAT SPORTY CBS ISS	RFS	Intransit	0-30	1	Stok_per_no_mesin_dealer - 2026-08-06T080342.480.xls	HTML table / 5,239 data rows	2026-08-06 08:03:42	Aggregated; raw unit/engine identifiers excluded
03540	PT. CITRA LENCANA SAKTI - SINGKUT	MK2	BEAT SPORTY CBS ISS	RFS	Ready	0-30	3	Stok_per_no_mesin_dealer - 2026-08-06T080342.480.xls	HTML table / 5,239 data rows	2026-08-06 08:03:42	Aggregated; raw unit/engine identifiers excluded
03540	PT. CITRA LENCANA SAKTI - SINGKUT	MK2	BEAT SPORTY CBS ISS	RFS	Soft Booking	0-30	1	Stok_per_no_mesin_dealer - 2026-08-06T080342.480.xls	HTML table / 5,239 data rows	2026-08-06 08:03:42	Aggregated; raw unit/engine identifiers excluded
03540	PT. CITRA LENCANA SAKTI - SINGKUT	ML2	BEAT SPORTY DLX SMART KEY	RFS	Intransit	0-30	4	Stok_per_no_mesin_dealer - 2026-08-06T080342.480.xls	HTML table / 5,239 data rows	2026-08-06 08:03:42	Aggregated; raw unit/engine identifiers excluded
03540	PT. CITRA LENCANA SAKTI - SINGKUT	ML2	BEAT SPORTY DLX SMART KEY	RFS	Ready	0-30	3	Stok_per_no_mesin_dealer - 2026-08-06T080342.480.xls	HTML table / 5,239 data rows	2026-08-06 08:03:42	Aggregated; raw unit/engine identifiers excluded
03540	PT. CITRA LENCANA SAKTI - SINGKUT	MM2	BEAT STREET	RFS	Intransit	0-30	8	Stok_per_no_mesin_dealer - 2026-08-06T080342.480.xls	HTML table / 5,239 data rows	2026-08-06 08:03:42	Aggregated; raw unit/engine identifiers excluded
03540	PT. CITRA LENCANA SAKTI - SINGKUT	MM2	BEAT STREET	RFS	Ready	0-30	1	Stok_per_no_mesin_dealer - 2026-08-06T080342.480.xls	HTML table / 5,239 data rows	2026-08-06 08:03:42	Aggregated; raw unit/engine identifiers excluded
03540	PT. CITRA LENCANA SAKTI - SINGKUT	MN0	CUV e:	RFS	Ready	>150	1	Stok_per_no_mesin_dealer - 2026-08-06T080342.480.xls	HTML table / 5,239 data rows	2026-08-06 08:03:42	Aggregated; raw unit/engine identifiers excluded
03540	PT. CITRA LENCANA SAKTI - SINGKUT	MRB	SCOOPY FASHION	RFS	Intransit	0-30	1	Stok_per_no_mesin_dealer - 2026-08-06T080342.480.xls	HTML table / 5,239 data rows	2026-08-06 08:03:42	Aggregated; raw unit/engine identifiers excluded
03540	PT. CITRA LENCANA SAKTI - SINGKUT	MRB	SCOOPY FASHION	RFS	Ready	31-60	1	Stok_per_no_mesin_dealer - 2026-08-06T080342.480.xls	HTML table / 5,239 data rows	2026-08-06 08:03:42	Aggregated; raw unit/engine identifiers excluded
03540	PT. CITRA LENCANA SAKTI - SINGKUT	MS1	SCOOPY PRESTIGE	RFS	Ready	0-30	2	Stok_per_no_mesin_dealer - 2026-08-06T080342.480.xls	HTML table / 5,239 data rows	2026-08-06 08:03:42	Aggregated; raw unit/engine identifiers excluded
03540	PT. CITRA LENCANA SAKTI - SINGKUT	MSB	SCOOPY STYLISH	RFS	Intransit	0-30	2	Stok_per_no_mesin_dealer - 2026-08-06T080342.480.xls	HTML table / 5,239 data rows	2026-08-06 08:03:42	Aggregated; raw unit/engine identifiers excluded
03540	PT. CITRA LENCANA SAKTI - SINGKUT	MSB	SCOOPY STYLISH	RFS	Ready	0-30	2	Stok_per_no_mesin_dealer - 2026-08-06T080342.480.xls	HTML table / 5,239 data rows	2026-08-06 08:03:42	Aggregated; raw unit/engine identifiers excluded
03540	PT. CITRA LENCANA SAKTI - SINGKUT	MT1	PCX160 CBS	RFS	Intransit	0-30	1	Stok_per_no_mesin_dealer - 2026-08-06T080342.480.xls	HTML table / 5,239 data rows	2026-08-06 08:03:42	Aggregated; raw unit/engine identifiers excluded
03540	PT. CITRA LENCANA SAKTI - SINGKUT	MT1	PCX160 CBS	RFS	Ready	0-30	3	Stok_per_no_mesin_dealer - 2026-08-06T080342.480.xls	HTML table / 5,239 data rows	2026-08-06 08:03:42	Aggregated; raw unit/engine identifiers excluded
03540	PT. CITRA LENCANA SAKTI - SINGKUT	MT1	PCX160 CBS	RFS	Soft Booking	0-30	1	Stok_per_no_mesin_dealer - 2026-08-06T080342.480.xls	HTML table / 5,239 data rows	2026-08-06 08:03:42	Aggregated; raw unit/engine identifiers excluded
03540	PT. CITRA LENCANA SAKTI - SINGKUT	MV1	PCX160 ABS	RFS	Soft Booking	0-30	1	Stok_per_no_mesin_dealer - 2026-08-06T080342.480.xls	HTML table / 5,239 data rows	2026-08-06 08:03:42	Aggregated; raw unit/engine identifiers excluded
03540	PT. CITRA LENCANA SAKTI - SINGKUT	MW1	PCX160 Honda RoadSync	RFS	Intransit	0-30	1	Stok_per_no_mesin_dealer - 2026-08-06T080342.480.xls	HTML table / 5,239 data rows	2026-08-06 08:03:42	Aggregated; raw unit/engine identifiers excluded
03540	PT. CITRA LENCANA SAKTI - SINGKUT	MX0	ICON E:	RFS	Ready	>150	2	Stok_per_no_mesin_dealer - 2026-08-06T080342.480.xls	HTML table / 5,239 data rows	2026-08-06 08:03:42	Aggregated; raw unit/engine identifiers excluded
03540	PT. CITRA LENCANA SAKTI - SINGKUT	MY0	VARIO EVO 160 CBS Nitro	RFS	Intransit	0-30	1	Stok_per_no_mesin_dealer - 2026-08-06T080342.480.xls	HTML table / 5,239 data rows	2026-08-06 08:03:42	Aggregated; raw unit/engine identifiers excluded
03540	PT. CITRA LENCANA SAKTI - SINGKUT	MY0	VARIO EVO 160 CBS Nitro	RFS	Soft Booking	0-30	1	Stok_per_no_mesin_dealer - 2026-08-06T080342.480.xls	HTML table / 5,239 data rows	2026-08-06 08:03:42	Aggregated; raw unit/engine identifiers excluded
03540	PT. CITRA LENCANA SAKTI - SINGKUT	MYA	VARIO EVO 160 CBS	RFS	Ready	0-30	1	Stok_per_no_mesin_dealer - 2026-08-06T080342.480.xls	HTML table / 5,239 data rows	2026-08-06 08:03:42	Aggregated; raw unit/engine identifiers excluded
03540	PT. CITRA LENCANA SAKTI - SINGKUT	MZ0	VARIO EVO 160 ABS	RFS	Ready	0-30	2	Stok_per_no_mesin_dealer - 2026-08-06T080342.480.xls	HTML table / 5,239 data rows	2026-08-06 08:03:42	Aggregated; raw unit/engine identifiers excluded
03540	PT. CITRA LENCANA SAKTI - SINGKUT	NA0	ADV160 CBS	RFS	Intransit	0-30	1	Stok_per_no_mesin_dealer - 2026-08-06T080342.480.xls	HTML table / 5,239 data rows	2026-08-06 08:03:42	Aggregated; raw unit/engine identifiers excluded
03540	PT. CITRA LENCANA SAKTI - SINGKUT	NA0	ADV160 CBS	RFS	Ready	0-30	1	Stok_per_no_mesin_dealer - 2026-08-06T080342.480.xls	HTML table / 5,239 data rows	2026-08-06 08:03:42	Aggregated; raw unit/engine identifiers excluded
03540	PT. CITRA LENCANA SAKTI - SINGKUT	NB0	ADV160 ABS	RFS	Ready	0-30	1	Stok_per_no_mesin_dealer - 2026-08-06T080342.480.xls	HTML table / 5,239 data rows	2026-08-06 08:03:42	Aggregated; raw unit/engine identifiers excluded
03540	PT. CITRA LENCANA SAKTI - SINGKUT	NE0	VARIO 125 CBS ISS	RFS	Intransit	0-30	1	Stok_per_no_mesin_dealer - 2026-08-06T080342.480.xls	HTML table / 5,239 data rows	2026-08-06 08:03:42	Aggregated; raw unit/engine identifiers excluded
03540	PT. CITRA LENCANA SAKTI - SINGKUT	NE0	VARIO 125 CBS ISS	RFS	Ready	0-30	1	Stok_per_no_mesin_dealer - 2026-08-06T080342.480.xls	HTML table / 5,239 data rows	2026-08-06 08:03:42	Aggregated; raw unit/engine identifiers excluded
03540	PT. CITRA LENCANA SAKTI - SINGKUT	NF0	VARIO 125 STREET	RFS	Ready	0-30	3	Stok_per_no_mesin_dealer - 2026-08-06T080342.480.xls	HTML table / 5,239 data rows	2026-08-06 08:03:42	Aggregated; raw unit/engine identifiers excluded
03540	PT. CITRA LENCANA SAKTI - SINGKUT	NF0	VARIO 125 STREET	RFS	Ready	31-60	2	Stok_per_no_mesin_dealer - 2026-08-06T080342.480.xls	HTML table / 5,239 data rows	2026-08-06 08:03:42	Aggregated; raw unit/engine identifiers excluded
03540	PT. CITRA LENCANA SAKTI - SINGKUT	NF0	VARIO 125 STREET	RFS	Ready	61-90	2	Stok_per_no_mesin_dealer - 2026-08-06T080342.480.xls	HTML table / 5,239 data rows	2026-08-06 08:03:42	Aggregated; raw unit/engine identifiers excluded
03573	CV. CITRA SENTOSA MOTOR - SRLG	ESL	CRF150L	RFS	Ready	0-30	2	Stok_per_no_mesin_dealer - 2026-08-06T080342.480.xls	HTML table / 5,239 data rows	2026-08-06 08:03:42	Aggregated; raw unit/engine identifiers excluded
03573	CV. CITRA SENTOSA MOTOR - SRLG	ESL	CRF150L	RFS	Unfill	0-30	1	Stok_per_no_mesin_dealer - 2026-08-06T080342.480.xls	HTML table / 5,239 data rows	2026-08-06 08:03:42	Aggregated; raw unit/engine identifiers excluded
03573	CV. CITRA SENTOSA MOTOR - SRLG	GB4	REVO FIT	RFS	Ready	0-30	3	Stok_per_no_mesin_dealer - 2026-08-06T080342.480.xls	HTML table / 5,239 data rows	2026-08-06 08:03:42	Aggregated; raw unit/engine identifiers excluded
03573	CV. CITRA SENTOSA MOTOR - SRLG	GB4	REVO FIT	RFS	Soft Booking	0-30	2	Stok_per_no_mesin_dealer - 2026-08-06T080342.480.xls	HTML table / 5,239 data rows	2026-08-06 08:03:42	Aggregated; raw unit/engine identifiers excluded
03573	CV. CITRA SENTOSA MOTOR - SRLG	GB4	REVO FIT	RFS	Soft Booking	31-60	3	Stok_per_no_mesin_dealer - 2026-08-06T080342.480.xls	HTML table / 5,239 data rows	2026-08-06 08:03:42	Aggregated; raw unit/engine identifiers excluded
03573	CV. CITRA SENTOSA MOTOR - SRLG	GB4	REVO FIT	RFS	Soft Booking	61-90	1	Stok_per_no_mesin_dealer - 2026-08-06T080342.480.xls	HTML table / 5,239 data rows	2026-08-06 08:03:42	Aggregated; raw unit/engine identifiers excluded
03573	CV. CITRA SENTOSA MOTOR - SRLG	GB4	REVO FIT	RFS	Unfill	0-30	3	Stok_per_no_mesin_dealer - 2026-08-06T080342.480.xls	HTML table / 5,239 data rows	2026-08-06 08:03:42	Aggregated; raw unit/engine identifiers excluded
03573	CV. CITRA SENTOSA MOTOR - SRLG	GD4	REVO X	RFS	Unfill	0-30	6	Stok_per_no_mesin_dealer - 2026-08-06T080342.480.xls	HTML table / 5,239 data rows	2026-08-06 08:03:42	Aggregated; raw unit/engine identifiers excluded
03573	CV. CITRA SENTOSA MOTOR - SRLG	GE5	SUPRA X 125 SW	RFS	Soft Booking	91-120	1	Stok_per_no_mesin_dealer - 2026-08-06T080342.480.xls	HTML table / 5,239 data rows	2026-08-06 08:03:42	Aggregated; raw unit/engine identifiers excluded
03573	CV. CITRA SENTOSA MOTOR - SRLG	GF5	SUPRA X 125 CW	RFS	Ready	31-60	3	Stok_per_no_mesin_dealer - 2026-08-06T080342.480.xls	HTML table / 5,239 data rows	2026-08-06 08:03:42	Aggregated; raw unit/engine identifiers excluded
03573	CV. CITRA SENTOSA MOTOR - SRLG	GF5	SUPRA X 125 CW	RFS	Soft Booking	121-150	1	Stok_per_no_mesin_dealer - 2026-08-06T080342.480.xls	HTML table / 5,239 data rows	2026-08-06 08:03:42	Aggregated; raw unit/engine identifiers excluded
03573	CV. CITRA SENTOSA MOTOR - SRLG	GF5	SUPRA X 125 CW	RFS	Soft Booking	31-60	1	Stok_per_no_mesin_dealer - 2026-08-06T080342.480.xls	HTML table / 5,239 data rows	2026-08-06 08:03:42	Aggregated; raw unit/engine identifiers excluded
03573	CV. CITRA SENTOSA MOTOR - SRLG	GF5	SUPRA X 125 CW	RFS	Soft Booking	61-90	1	Stok_per_no_mesin_dealer - 2026-08-06T080342.480.xls	HTML table / 5,239 data rows	2026-08-06 08:03:42	Aggregated; raw unit/engine identifiers excluded
03573	CV. CITRA SENTOSA MOTOR - SRLG	LY2	GENIO CBS	RFS	Ready	61-90	1	Stok_per_no_mesin_dealer - 2026-08-06T080342.480.xls	HTML table / 5,239 data rows	2026-08-06 08:03:42	Aggregated; raw unit/engine identifiers excluded
03573	CV. CITRA SENTOSA MOTOR - SRLG	MF1	STYLO 160 CBS	RFS	Unfill	0-30	3	Stok_per_no_mesin_dealer - 2026-08-06T080342.480.xls	HTML table / 5,239 data rows	2026-08-06 08:03:42	Aggregated; raw unit/engine identifiers excluded
03573	CV. CITRA SENTOSA MOTOR - SRLG	MG1	STYLO 160 ABS	RFS	Ready	0-30	1	Stok_per_no_mesin_dealer - 2026-08-06T080342.480.xls	HTML table / 5,239 data rows	2026-08-06 08:03:42	Aggregated; raw unit/engine identifiers excluded
03573	CV. CITRA SENTOSA MOTOR - SRLG	MG1	STYLO 160 ABS	RFS	Unfill	0-30	1	Stok_per_no_mesin_dealer - 2026-08-06T080342.480.xls	HTML table / 5,239 data rows	2026-08-06 08:03:42	Aggregated; raw unit/engine identifiers excluded
03573	CV. CITRA SENTOSA MOTOR - SRLG	MGA	STYLO 160 ABS SPECIAL	RFS	Unfill	0-30	2	Stok_per_no_mesin_dealer - 2026-08-06T080342.480.xls	HTML table / 5,239 data rows	2026-08-06 08:03:42	Aggregated; raw unit/engine identifiers excluded
03573	CV. CITRA SENTOSA MOTOR - SRLG	MJ1	BEAT SPORTY CBS	RFS	Ready	121-150	1	Stok_per_no_mesin_dealer - 2026-08-06T080342.480.xls	HTML table / 5,239 data rows	2026-08-06 08:03:42	Aggregated; raw unit/engine identifiers excluded
03573	CV. CITRA SENTOSA MOTOR - SRLG	MJ2	BEAT SPORTY CBS	RFS	Ready	0-30	2	Stok_per_no_mesin_dealer - 2026-08-06T080342.480.xls	HTML table / 5,239 data rows	2026-08-06 08:03:42	Aggregated; raw unit/engine identifiers excluded
03573	CV. CITRA SENTOSA MOTOR - SRLG	MJ2	BEAT SPORTY CBS	RFS	Unfill	0-30	6	Stok_per_no_mesin_dealer - 2026-08-06T080342.480.xls	HTML table / 5,239 data rows	2026-08-06 08:03:42	Aggregated; raw unit/engine identifiers excluded
03573	CV. CITRA SENTOSA MOTOR - SRLG	MK2	BEAT SPORTY CBS ISS	RFS	Ready	0-30	4	Stok_per_no_mesin_dealer - 2026-08-06T080342.480.xls	HTML table / 5,239 data rows	2026-08-06 08:03:42	Aggregated; raw unit/engine identifiers excluded
03573	CV. CITRA SENTOSA MOTOR - SRLG	MK2	BEAT SPORTY CBS ISS	RFS	Ready	31-60	1	Stok_per_no_mesin_dealer - 2026-08-06T080342.480.xls	HTML table / 5,239 data rows	2026-08-06 08:03:42	Aggregated; raw unit/engine identifiers excluded
03573	CV. CITRA SENTOSA MOTOR - SRLG	MK2	BEAT SPORTY CBS ISS	RFS	Unfill	0-30	1	Stok_per_no_mesin_dealer - 2026-08-06T080342.480.xls	HTML table / 5,239 data rows	2026-08-06 08:03:42	Aggregated; raw unit/engine identifiers excluded
03573	CV. CITRA SENTOSA MOTOR - SRLG	ML2	BEAT SPORTY DLX SMART KEY	RFS	Ready	0-30	6	Stok_per_no_mesin_dealer - 2026-08-06T080342.480.xls	HTML table / 5,239 data rows	2026-08-06 08:03:42	Aggregated; raw unit/engine identifiers excluded
03573	CV. CITRA SENTOSA MOTOR - SRLG	ML2	BEAT SPORTY DLX SMART KEY	RFS	Soft Booking	0-30	5	Stok_per_no_mesin_dealer - 2026-08-06T080342.480.xls	HTML table / 5,239 data rows	2026-08-06 08:03:42	Aggregated; raw unit/engine identifiers excluded
03573	CV. CITRA SENTOSA MOTOR - SRLG	MM2	BEAT STREET	RFS	Ready	0-30	4	Stok_per_no_mesin_dealer - 2026-08-06T080342.480.xls	HTML table / 5,239 data rows	2026-08-06 08:03:42	Aggregated; raw unit/engine identifiers excluded
03573	CV. CITRA SENTOSA MOTOR - SRLG	MM2	BEAT STREET	RFS	Soft Booking	0-30	1	Stok_per_no_mesin_dealer - 2026-08-06T080342.480.xls	HTML table / 5,239 data rows	2026-08-06 08:03:42	Aggregated; raw unit/engine identifiers excluded
03573	CV. CITRA SENTOSA MOTOR - SRLG	MM2	BEAT STREET	RFS	Unfill	0-30	9	Stok_per_no_mesin_dealer - 2026-08-06T080342.480.xls	HTML table / 5,239 data rows	2026-08-06 08:03:42	Aggregated; raw unit/engine identifiers excluded
03573	CV. CITRA SENTOSA MOTOR - SRLG	MN0	CUV e:	RFS	Ready	>150	1	Stok_per_no_mesin_dealer - 2026-08-06T080342.480.xls	HTML table / 5,239 data rows	2026-08-06 08:03:42	Aggregated; raw unit/engine identifiers excluded
03573	CV. CITRA SENTOSA MOTOR - SRLG	MRB	SCOOPY FASHION	RFS	Unfill	0-30	1	Stok_per_no_mesin_dealer - 2026-08-06T080342.480.xls	HTML table / 5,239 data rows	2026-08-06 08:03:42	Aggregated; raw unit/engine identifiers excluded
03573	CV. CITRA SENTOSA MOTOR - SRLG	MS1	SCOOPY PRESTIGE	RFS	Soft Booking	0-30	1	Stok_per_no_mesin_dealer - 2026-08-06T080342.480.xls	HTML table / 5,239 data rows	2026-08-06 08:03:42	Aggregated; raw unit/engine identifiers excluded
03573	CV. CITRA SENTOSA MOTOR - SRLG	MS1	SCOOPY PRESTIGE	RFS	Unfill	0-30	6	Stok_per_no_mesin_dealer - 2026-08-06T080342.480.xls	HTML table / 5,239 data rows	2026-08-06 08:03:42	Aggregated; raw unit/engine identifiers excluded
03573	CV. CITRA SENTOSA MOTOR - SRLG	MSB	SCOOPY STYLISH	RFS	Soft Booking	0-30	1	Stok_per_no_mesin_dealer - 2026-08-06T080342.480.xls	HTML table / 5,239 data rows	2026-08-06 08:03:42	Aggregated; raw unit/engine identifiers excluded
03573	CV. CITRA SENTOSA MOTOR - SRLG	MSB	SCOOPY STYLISH	RFS	Unfill	0-30	3	Stok_per_no_mesin_dealer - 2026-08-06T080342.480.xls	HTML table / 5,239 data rows	2026-08-06 08:03:42	Aggregated; raw unit/engine identifiers excluded
03573	CV. CITRA SENTOSA MOTOR - SRLG	MT1	PCX160 CBS	RFS	Ready	0-30	3	Stok_per_no_mesin_dealer - 2026-08-06T080342.480.xls	HTML table / 5,239 data rows	2026-08-06 08:03:42	Aggregated; raw unit/engine identifiers excluded
03573	CV. CITRA SENTOSA MOTOR - SRLG	MT1	PCX160 CBS	RFS	Unfill	0-30	1	Stok_per_no_mesin_dealer - 2026-08-06T080342.480.xls	HTML table / 5,239 data rows	2026-08-06 08:03:42	Aggregated; raw unit/engine identifiers excluded
03573	CV. CITRA SENTOSA MOTOR - SRLG	MV1	PCX160 ABS	RFS	Ready	0-30	1	Stok_per_no_mesin_dealer - 2026-08-06T080342.480.xls	HTML table / 5,239 data rows	2026-08-06 08:03:42	Aggregated; raw unit/engine identifiers excluded
03573	CV. CITRA SENTOSA MOTOR - SRLG	MV1	PCX160 ABS	RFS	Soft Booking	0-30	1	Stok_per_no_mesin_dealer - 2026-08-06T080342.480.xls	HTML table / 5,239 data rows	2026-08-06 08:03:42	Aggregated; raw unit/engine identifiers excluded
03573	CV. CITRA SENTOSA MOTOR - SRLG	MW1	PCX160 Honda RoadSync	RFS	Soft Booking	0-30	2	Stok_per_no_mesin_dealer - 2026-08-06T080342.480.xls	HTML table / 5,239 data rows	2026-08-06 08:03:42	Aggregated; raw unit/engine identifiers excluded
03573	CV. CITRA SENTOSA MOTOR - SRLG	MYA	VARIO EVO 160 CBS	RFS	Ready	0-30	1	Stok_per_no_mesin_dealer - 2026-08-06T080342.480.xls	HTML table / 5,239 data rows	2026-08-06 08:03:42	Aggregated; raw unit/engine identifiers excluded
03573	CV. CITRA SENTOSA MOTOR - SRLG	MZ0	VARIO EVO 160 ABS	RFS	Ready	0-30	1	Stok_per_no_mesin_dealer - 2026-08-06T080342.480.xls	HTML table / 5,239 data rows	2026-08-06 08:03:42	Aggregated; raw unit/engine identifiers excluded
03573	CV. CITRA SENTOSA MOTOR - SRLG	NB0	ADV160 ABS	RFS	Soft Booking	0-30	1	Stok_per_no_mesin_dealer - 2026-08-06T080342.480.xls	HTML table / 5,239 data rows	2026-08-06 08:03:42	Aggregated; raw unit/engine identifiers excluded
03573	CV. CITRA SENTOSA MOTOR - SRLG	ND0	VARIO 125 CBS	RFS	Soft Booking	0-30	1	Stok_per_no_mesin_dealer - 2026-08-06T080342.480.xls	HTML table / 5,239 data rows	2026-08-06 08:03:42	Aggregated; raw unit/engine identifiers excluded
03573	CV. CITRA SENTOSA MOTOR - SRLG	NE0	VARIO 125 CBS ISS	RFS	Soft Booking	0-30	1	Stok_per_no_mesin_dealer - 2026-08-06T080342.480.xls	HTML table / 5,239 data rows	2026-08-06 08:03:42	Aggregated; raw unit/engine identifiers excluded
03573	CV. CITRA SENTOSA MOTOR - SRLG	NE0	VARIO 125 CBS ISS	RFS	Unfill	0-30	1	Stok_per_no_mesin_dealer - 2026-08-06T080342.480.xls	HTML table / 5,239 data rows	2026-08-06 08:03:42	Aggregated; raw unit/engine identifiers excluded
03573	CV. CITRA SENTOSA MOTOR - SRLG	NF0	VARIO 125 STREET	RFS	Ready	0-30	1	Stok_per_no_mesin_dealer - 2026-08-06T080342.480.xls	HTML table / 5,239 data rows	2026-08-06 08:03:42	Aggregated; raw unit/engine identifiers excluded
03573	CV. CITRA SENTOSA MOTOR - SRLG	NF0	VARIO 125 STREET	RFS	Ready	31-60	1	Stok_per_no_mesin_dealer - 2026-08-06T080342.480.xls	HTML table / 5,239 data rows	2026-08-06 08:03:42	Aggregated; raw unit/engine identifiers excluded
03573	CV. CITRA SENTOSA MOTOR - SRLG	NF0	VARIO 125 STREET	RFS	Soft Booking	0-30	1	Stok_per_no_mesin_dealer - 2026-08-06T080342.480.xls	HTML table / 5,239 data rows	2026-08-06 08:03:42	Aggregated; raw unit/engine identifiers excluded
04576	CV. MITRA SENTOSA MAS	ESK	CRF150L	RFS	Ready	0-30	1	Stok_per_no_mesin_dealer - 2026-08-06T080342.480.xls	HTML table / 5,239 data rows	2026-08-06 08:03:42	Aggregated; raw unit/engine identifiers excluded
04576	CV. MITRA SENTOSA MAS	ESL	CRF150L	RFS	Ready	0-30	1	Stok_per_no_mesin_dealer - 2026-08-06T080342.480.xls	HTML table / 5,239 data rows	2026-08-06 08:03:42	Aggregated; raw unit/engine identifiers excluded
04576	CV. MITRA SENTOSA MAS	ESL	CRF150L	RFS	Unfill	0-30	2	Stok_per_no_mesin_dealer - 2026-08-06T080342.480.xls	HTML table / 5,239 data rows	2026-08-06 08:03:42	Aggregated; raw unit/engine identifiers excluded
04576	CV. MITRA SENTOSA MAS	GB4	REVO FIT	RFS	Ready	0-30	2	Stok_per_no_mesin_dealer - 2026-08-06T080342.480.xls	HTML table / 5,239 data rows	2026-08-06 08:03:42	Aggregated; raw unit/engine identifiers excluded
04576	CV. MITRA SENTOSA MAS	GB4	REVO FIT	RFS	Soft Booking	31-60	1	Stok_per_no_mesin_dealer - 2026-08-06T080342.480.xls	HTML table / 5,239 data rows	2026-08-06 08:03:42	Aggregated; raw unit/engine identifiers excluded
04576	CV. MITRA SENTOSA MAS	GD4	REVO X	RFS	Ready	0-30	1	Stok_per_no_mesin_dealer - 2026-08-06T080342.480.xls	HTML table / 5,239 data rows	2026-08-06 08:03:42	Aggregated; raw unit/engine identifiers excluded
04576	CV. MITRA SENTOSA MAS	GE5	SUPRA X 125 SW	RFS	Ready	31-60	2	Stok_per_no_mesin_dealer - 2026-08-06T080342.480.xls	HTML table / 5,239 data rows	2026-08-06 08:03:42	Aggregated; raw unit/engine identifiers excluded
04576	CV. MITRA SENTOSA MAS	GF5	SUPRA X 125 CW	RFS	Ready	0-30	1	Stok_per_no_mesin_dealer - 2026-08-06T080342.480.xls	HTML table / 5,239 data rows	2026-08-06 08:03:42	Aggregated; raw unit/engine identifiers excluded
04576	CV. MITRA SENTOSA MAS	GF5	SUPRA X 125 CW	RFS	Unfill	0-30	1	Stok_per_no_mesin_dealer - 2026-08-06T080342.480.xls	HTML table / 5,239 data rows	2026-08-06 08:03:42	Aggregated; raw unit/engine identifiers excluded
04576	CV. MITRA SENTOSA MAS	HJ9	NEW SUPRA GTR150 SPORTY	RFS	Ready	0-30	1	Stok_per_no_mesin_dealer - 2026-08-06T080342.480.xls	HTML table / 5,239 data rows	2026-08-06 08:03:42	Aggregated; raw unit/engine identifiers excluded
04576	CV. MITRA SENTOSA MAS	LY2	GENIO CBS	RFS	Ready	31-60	1	Stok_per_no_mesin_dealer - 2026-08-06T080342.480.xls	HTML table / 5,239 data rows	2026-08-06 08:03:42	Aggregated; raw unit/engine identifiers excluded
04576	CV. MITRA SENTOSA MAS	MF1	STYLO 160 CBS	RFS	Unfill	0-30	1	Stok_per_no_mesin_dealer - 2026-08-06T080342.480.xls	HTML table / 5,239 data rows	2026-08-06 08:03:42	Aggregated; raw unit/engine identifiers excluded
04576	CV. MITRA SENTOSA MAS	MG1	STYLO 160 ABS	RFS	Ready	0-30	1	Stok_per_no_mesin_dealer - 2026-08-06T080342.480.xls	HTML table / 5,239 data rows	2026-08-06 08:03:42	Aggregated; raw unit/engine identifiers excluded
04576	CV. MITRA SENTOSA MAS	MG1	STYLO 160 ABS	RFS	Unfill	0-30	4	Stok_per_no_mesin_dealer - 2026-08-06T080342.480.xls	HTML table / 5,239 data rows	2026-08-06 08:03:42	Aggregated; raw unit/engine identifiers excluded
04576	CV. MITRA SENTOSA MAS	MGA	STYLO 160 ABS SPECIAL	RFS	Ready	0-30	1	Stok_per_no_mesin_dealer - 2026-08-06T080342.480.xls	HTML table / 5,239 data rows	2026-08-06 08:03:42	Aggregated; raw unit/engine identifiers excluded
04576	CV. MITRA SENTOSA MAS	MGA	STYLO 160 ABS SPECIAL	RFS	Unfill	0-30	1	Stok_per_no_mesin_dealer - 2026-08-06T080342.480.xls	HTML table / 5,239 data rows	2026-08-06 08:03:42	Aggregated; raw unit/engine identifiers excluded
04576	CV. MITRA SENTOSA MAS	MH0	EM1 e: PLUS	RFS	Ready	>150	1	Stok_per_no_mesin_dealer - 2026-08-06T080342.480.xls	HTML table / 5,239 data rows	2026-08-06 08:03:42	Aggregated; raw unit/engine identifiers excluded
04576	CV. MITRA SENTOSA MAS	MJ2	BEAT SPORTY CBS	RFS	Ready	0-30	1	Stok_per_no_mesin_dealer - 2026-08-06T080342.480.xls	HTML table / 5,239 data rows	2026-08-06 08:03:42	Aggregated; raw unit/engine identifiers excluded
04576	CV. MITRA SENTOSA MAS	MJ2	BEAT SPORTY CBS	RFS	Soft Booking	0-30	1	Stok_per_no_mesin_dealer - 2026-08-06T080342.480.xls	HTML table / 5,239 data rows	2026-08-06 08:03:42	Aggregated; raw unit/engine identifiers excluded
04576	CV. MITRA SENTOSA MAS	MJ2	BEAT SPORTY CBS	RFS	Unfill	0-30	2	Stok_per_no_mesin_dealer - 2026-08-06T080342.480.xls	HTML table / 5,239 data rows	2026-08-06 08:03:42	Aggregated; raw unit/engine identifiers excluded
04576	CV. MITRA SENTOSA MAS	MK2	BEAT SPORTY CBS ISS	RFS	Ready	0-30	1	Stok_per_no_mesin_dealer - 2026-08-06T080342.480.xls	HTML table / 5,239 data rows	2026-08-06 08:03:42	Aggregated; raw unit/engine identifiers excluded
04576	CV. MITRA SENTOSA MAS	MK2	BEAT SPORTY CBS ISS	RFS	Unfill	0-30	1	Stok_per_no_mesin_dealer - 2026-08-06T080342.480.xls	HTML table / 5,239 data rows	2026-08-06 08:03:42	Aggregated; raw unit/engine identifiers excluded
04576	CV. MITRA SENTOSA MAS	ML2	BEAT SPORTY DLX SMART KEY	RFS	Ready	0-30	2	Stok_per_no_mesin_dealer - 2026-08-06T080342.480.xls	HTML table / 5,239 data rows	2026-08-06 08:03:42	Aggregated; raw unit/engine identifiers excluded
04576	CV. MITRA SENTOSA MAS	ML2	BEAT SPORTY DLX SMART KEY	RFS	Ready	31-60	1	Stok_per_no_mesin_dealer - 2026-08-06T080342.480.xls	HTML table / 5,239 data rows	2026-08-06 08:03:42	Aggregated; raw unit/engine identifiers excluded
04576	CV. MITRA SENTOSA MAS	MM2	BEAT STREET	RFS	Ready	0-30	6	Stok_per_no_mesin_dealer - 2026-08-06T080342.480.xls	HTML table / 5,239 data rows	2026-08-06 08:03:42	Aggregated; raw unit/engine identifiers excluded
04576	CV. MITRA SENTOSA MAS	MM2	BEAT STREET	RFS	Unfill	0-30	12	Stok_per_no_mesin_dealer - 2026-08-06T080342.480.xls	HTML table / 5,239 data rows	2026-08-06 08:03:42	Aggregated; raw unit/engine identifiers excluded
04576	CV. MITRA SENTOSA MAS	MRB	SCOOPY FASHION	RFS	Ready	0-30	1	Stok_per_no_mesin_dealer - 2026-08-06T080342.480.xls	HTML table / 5,239 data rows	2026-08-06 08:03:42	Aggregated; raw unit/engine identifiers excluded
04576	CV. MITRA SENTOSA MAS	MS1	SCOOPY PRESTIGE	RFS	Ready	0-30	1	Stok_per_no_mesin_dealer - 2026-08-06T080342.480.xls	HTML table / 5,239 data rows	2026-08-06 08:03:42	Aggregated; raw unit/engine identifiers excluded
04576	CV. MITRA SENTOSA MAS	MS1	SCOOPY PRESTIGE	RFS	Unfill	0-30	2	Stok_per_no_mesin_dealer - 2026-08-06T080342.480.xls	HTML table / 5,239 data rows	2026-08-06 08:03:42	Aggregated; raw unit/engine identifiers excluded
04576	CV. MITRA SENTOSA MAS	MSB	SCOOPY STYLISH	RFS	Ready	0-30	1	Stok_per_no_mesin_dealer - 2026-08-06T080342.480.xls	HTML table / 5,239 data rows	2026-08-06 08:03:42	Aggregated; raw unit/engine identifiers excluded
04576	CV. MITRA SENTOSA MAS	MSB	SCOOPY STYLISH	RFS	Unfill	0-30	1	Stok_per_no_mesin_dealer - 2026-08-06T080342.480.xls	HTML table / 5,239 data rows	2026-08-06 08:03:42	Aggregated; raw unit/engine identifiers excluded
04576	CV. MITRA SENTOSA MAS	MT1	PCX160 CBS	RFS	Ready	0-30	1	Stok_per_no_mesin_dealer - 2026-08-06T080342.480.xls	HTML table / 5,239 data rows	2026-08-06 08:03:42	Aggregated; raw unit/engine identifiers excluded
04576	CV. MITRA SENTOSA MAS	MW1	PCX160 Honda RoadSync	RFS	Ready	0-30	1	Stok_per_no_mesin_dealer - 2026-08-06T080342.480.xls	HTML table / 5,239 data rows	2026-08-06 08:03:42	Aggregated; raw unit/engine identifiers excluded
04576	CV. MITRA SENTOSA MAS	MX0	ICON E:	RFS	Ready	>150	1	Stok_per_no_mesin_dealer - 2026-08-06T080342.480.xls	HTML table / 5,239 data rows	2026-08-06 08:03:42	Aggregated; raw unit/engine identifiers excluded
04576	CV. MITRA SENTOSA MAS	MY0	VARIO EVO 160 CBS Nitro	RFS	Ready	0-30	1	Stok_per_no_mesin_dealer - 2026-08-06T080342.480.xls	HTML table / 5,239 data rows	2026-08-06 08:03:42	Aggregated; raw unit/engine identifiers excluded
04576	CV. MITRA SENTOSA MAS	MY0	VARIO EVO 160 CBS Nitro	RFS	Unfill	0-30	1	Stok_per_no_mesin_dealer - 2026-08-06T080342.480.xls	HTML table / 5,239 data rows	2026-08-06 08:03:42	Aggregated; raw unit/engine identifiers excluded
04576	CV. MITRA SENTOSA MAS	NA0	ADV160 CBS	RFS	Ready	0-30	1	Stok_per_no_mesin_dealer - 2026-08-06T080342.480.xls	HTML table / 5,239 data rows	2026-08-06 08:03:42	Aggregated; raw unit/engine identifiers excluded
04576	CV. MITRA SENTOSA MAS	NC0	ADV160 RoadSync	RFS	Ready	0-30	1	Stok_per_no_mesin_dealer - 2026-08-06T080342.480.xls	HTML table / 5,239 data rows	2026-08-06 08:03:42	Aggregated; raw unit/engine identifiers excluded
04576	CV. MITRA SENTOSA MAS	ND0	VARIO 125 CBS	RFS	Ready	0-30	1	Stok_per_no_mesin_dealer - 2026-08-06T080342.480.xls	HTML table / 5,239 data rows	2026-08-06 08:03:42	Aggregated; raw unit/engine identifiers excluded
04576	CV. MITRA SENTOSA MAS	NE0	VARIO 125 CBS ISS	RFS	Unfill	0-30	2	Stok_per_no_mesin_dealer - 2026-08-06T080342.480.xls	HTML table / 5,239 data rows	2026-08-06 08:03:42	Aggregated; raw unit/engine identifiers excluded
04576	CV. MITRA SENTOSA MAS	NF0	VARIO 125 STREET	RFS	Unfill	0-30	2	Stok_per_no_mesin_dealer - 2026-08-06T080342.480.xls	HTML table / 5,239 data rows	2026-08-06 08:03:42	Aggregated; raw unit/engine identifiers excluded
04692	CV. MAKMUR SENTOSA MOTOR	ESK	CRF150L	RFS	Ready	0-30	1	Stok_per_no_mesin_dealer - 2026-08-06T080342.480.xls	HTML table / 5,239 data rows	2026-08-06 08:03:42	Aggregated; raw unit/engine identifiers excluded
04692	CV. MAKMUR SENTOSA MOTOR	ESL	CRF150L	RFS	Intransit	0-30	2	Stok_per_no_mesin_dealer - 2026-08-06T080342.480.xls	HTML table / 5,239 data rows	2026-08-06 08:03:42	Aggregated; raw unit/engine identifiers excluded
04692	CV. MAKMUR SENTOSA MOTOR	ESL	CRF150L	RFS	Ready	0-30	4	Stok_per_no_mesin_dealer - 2026-08-06T080342.480.xls	HTML table / 5,239 data rows	2026-08-06 08:03:42	Aggregated; raw unit/engine identifiers excluded
04692	CV. MAKMUR SENTOSA MOTOR	ESL	CRF150L	RFS	Ready	31-60	1	Stok_per_no_mesin_dealer - 2026-08-06T080342.480.xls	HTML table / 5,239 data rows	2026-08-06 08:03:42	Aggregated; raw unit/engine identifiers excluded
04692	CV. MAKMUR SENTOSA MOTOR	GB4	REVO FIT	RFS	Intransit	0-30	1	Stok_per_no_mesin_dealer - 2026-08-06T080342.480.xls	HTML table / 5,239 data rows	2026-08-06 08:03:42	Aggregated; raw unit/engine identifiers excluded
04692	CV. MAKMUR SENTOSA MOTOR	GB4	REVO FIT	RFS	Ready	0-30	6	Stok_per_no_mesin_dealer - 2026-08-06T080342.480.xls	HTML table / 5,239 data rows	2026-08-06 08:03:42	Aggregated; raw unit/engine identifiers excluded
04692	CV. MAKMUR SENTOSA MOTOR	GB4	REVO FIT	RFS	Ready	31-60	1	Stok_per_no_mesin_dealer - 2026-08-06T080342.480.xls	HTML table / 5,239 data rows	2026-08-06 08:03:42	Aggregated; raw unit/engine identifiers excluded
04692	CV. MAKMUR SENTOSA MOTOR	GB4	REVO FIT	RFS	Soft Booking	121-150	1	Stok_per_no_mesin_dealer - 2026-08-06T080342.480.xls	HTML table / 5,239 data rows	2026-08-06 08:03:42	Aggregated; raw unit/engine identifiers excluded
04692	CV. MAKMUR SENTOSA MOTOR	GD4	REVO X	RFS	Intransit	0-30	4	Stok_per_no_mesin_dealer - 2026-08-06T080342.480.xls	HTML table / 5,239 data rows	2026-08-06 08:03:42	Aggregated; raw unit/engine identifiers excluded
04692	CV. MAKMUR SENTOSA MOTOR	GD4	REVO X	RFS	Ready	0-30	5	Stok_per_no_mesin_dealer - 2026-08-06T080342.480.xls	HTML table / 5,239 data rows	2026-08-06 08:03:42	Aggregated; raw unit/engine identifiers excluded
04692	CV. MAKMUR SENTOSA MOTOR	GD4	REVO X	RFS	Soft Booking	0-30	2	Stok_per_no_mesin_dealer - 2026-08-06T080342.480.xls	HTML table / 5,239 data rows	2026-08-06 08:03:42	Aggregated; raw unit/engine identifiers excluded
04692	CV. MAKMUR SENTOSA MOTOR	GD4	REVO X	RFS	Soft Booking	91-120	1	Stok_per_no_mesin_dealer - 2026-08-06T080342.480.xls	HTML table / 5,239 data rows	2026-08-06 08:03:42	Aggregated; raw unit/engine identifiers excluded
04692	CV. MAKMUR SENTOSA MOTOR	GE5	SUPRA X 125 SW	RFS	Soft Booking	31-60	1	Stok_per_no_mesin_dealer - 2026-08-06T080342.480.xls	HTML table / 5,239 data rows	2026-08-06 08:03:42	Aggregated; raw unit/engine identifiers excluded
04692	CV. MAKMUR SENTOSA MOTOR	GF5	SUPRA X 125 CW	RFS	Intransit	0-30	1	Stok_per_no_mesin_dealer - 2026-08-06T080342.480.xls	HTML table / 5,239 data rows	2026-08-06 08:03:42	Aggregated; raw unit/engine identifiers excluded
04692	CV. MAKMUR SENTOSA MOTOR	GF5	SUPRA X 125 CW	RFS	Ready	0-30	3	Stok_per_no_mesin_dealer - 2026-08-06T080342.480.xls	HTML table / 5,239 data rows	2026-08-06 08:03:42	Aggregated; raw unit/engine identifiers excluded
04692	CV. MAKMUR SENTOSA MOTOR	GF5	SUPRA X 125 CW	RFS	Ready	31-60	1	Stok_per_no_mesin_dealer - 2026-08-06T080342.480.xls	HTML table / 5,239 data rows	2026-08-06 08:03:42	Aggregated; raw unit/engine identifiers excluded
04692	CV. MAKMUR SENTOSA MOTOR	GF5	SUPRA X 125 CW	RFS	Soft Booking	0-30	1	Stok_per_no_mesin_dealer - 2026-08-06T080342.480.xls	HTML table / 5,239 data rows	2026-08-06 08:03:42	Aggregated; raw unit/engine identifiers excluded
04692	CV. MAKMUR SENTOSA MOTOR	GF5	SUPRA X 125 CW	RFS	Soft Booking	31-60	1	Stok_per_no_mesin_dealer - 2026-08-06T080342.480.xls	HTML table / 5,239 data rows	2026-08-06 08:03:42	Aggregated; raw unit/engine identifiers excluded
04692	CV. MAKMUR SENTOSA MOTOR	HJ9	NEW SUPRA GTR150 SPORTY	RFS	Ready	91-120	1	Stok_per_no_mesin_dealer - 2026-08-06T080342.480.xls	HTML table / 5,239 data rows	2026-08-06 08:03:42	Aggregated; raw unit/engine identifiers excluded
04692	CV. MAKMUR SENTOSA MOTOR	HJK	NEW SUPRA GTR150	RFS	Ready	61-90	1	Stok_per_no_mesin_dealer - 2026-08-06T080342.480.xls	HTML table / 5,239 data rows	2026-08-06 08:03:42	Aggregated; raw unit/engine identifiers excluded
04692	CV. MAKMUR SENTOSA MOTOR	JMM	CBR 150R STD	RFS	Ready	31-60	1	Stok_per_no_mesin_dealer - 2026-08-06T080342.480.xls	HTML table / 5,239 data rows	2026-08-06 08:03:42	Aggregated; raw unit/engine identifiers excluded
04692	CV. MAKMUR SENTOSA MOTOR	JS0	CB150R STREETFIRE	RFS	Ready	>150	1	Stok_per_no_mesin_dealer - 2026-08-06T080342.480.xls	HTML table / 5,239 data rows	2026-08-06 08:03:42	Aggregated; raw unit/engine identifiers excluded
04692	CV. MAKMUR SENTOSA MOTOR	KF0	CB150 VERZA SW	RFS	Ready	31-60	1	Stok_per_no_mesin_dealer - 2026-08-06T080342.480.xls	HTML table / 5,239 data rows	2026-08-06 08:03:42	Aggregated; raw unit/engine identifiers excluded
04692	CV. MAKMUR SENTOSA MOTOR	KG0	CB150 VERZA CW	RFS	Ready	0-30	2	Stok_per_no_mesin_dealer - 2026-08-06T080342.480.xls	HTML table / 5,239 data rows	2026-08-06 08:03:42	Aggregated; raw unit/engine identifiers excluded
04692	CV. MAKMUR SENTOSA MOTOR	LY2	GENIO CBS	RFS	Ready	121-150	1	Stok_per_no_mesin_dealer - 2026-08-06T080342.480.xls	HTML table / 5,239 data rows	2026-08-06 08:03:42	Aggregated; raw unit/engine identifiers excluded
04692	CV. MAKMUR SENTOSA MOTOR	ME0	EM1 e:	RFS	Soft Booking	>150	1	Stok_per_no_mesin_dealer - 2026-08-06T080342.480.xls	HTML table / 5,239 data rows	2026-08-06 08:03:42	Aggregated; raw unit/engine identifiers excluded
04692	CV. MAKMUR SENTOSA MOTOR	MF1	STYLO 160 CBS	RFS	Intransit	0-30	2	Stok_per_no_mesin_dealer - 2026-08-06T080342.480.xls	HTML table / 5,239 data rows	2026-08-06 08:03:42	Aggregated; raw unit/engine identifiers excluded
04692	CV. MAKMUR SENTOSA MOTOR	MG1	STYLO 160 ABS	RFS	Intransit	0-30	1	Stok_per_no_mesin_dealer - 2026-08-06T080342.480.xls	HTML table / 5,239 data rows	2026-08-06 08:03:42	Aggregated; raw unit/engine identifiers excluded
04692	CV. MAKMUR SENTOSA MOTOR	MGA	STYLO 160 ABS SPECIAL	RFS	Intransit	0-30	1	Stok_per_no_mesin_dealer - 2026-08-06T080342.480.xls	HTML table / 5,239 data rows	2026-08-06 08:03:42	Aggregated; raw unit/engine identifiers excluded
04692	CV. MAKMUR SENTOSA MOTOR	MJ1	BEAT SPORTY CBS	RFS	Ready	0-30	8	Stok_per_no_mesin_dealer - 2026-08-06T080342.480.xls	HTML table / 5,239 data rows	2026-08-06 08:03:42	Aggregated; raw unit/engine identifiers excluded
04692	CV. MAKMUR SENTOSA MOTOR	MJ1	BEAT SPORTY CBS	RFS	Ready	31-60	5	Stok_per_no_mesin_dealer - 2026-08-06T080342.480.xls	HTML table / 5,239 data rows	2026-08-06 08:03:42	Aggregated; raw unit/engine identifiers excluded
04692	CV. MAKMUR SENTOSA MOTOR	MJ1	BEAT SPORTY CBS	RFS	Ready	61-90	1	Stok_per_no_mesin_dealer - 2026-08-06T080342.480.xls	HTML table / 5,239 data rows	2026-08-06 08:03:42	Aggregated; raw unit/engine identifiers excluded
04692	CV. MAKMUR SENTOSA MOTOR	MJ1	BEAT SPORTY CBS	RFS	Soft Booking	0-30	1	Stok_per_no_mesin_dealer - 2026-08-06T080342.480.xls	HTML table / 5,239 data rows	2026-08-06 08:03:42	Aggregated; raw unit/engine identifiers excluded
04692	CV. MAKMUR SENTOSA MOTOR	MJ1	BEAT SPORTY CBS	RFS	Soft Booking	31-60	2	Stok_per_no_mesin_dealer - 2026-08-06T080342.480.xls	HTML table / 5,239 data rows	2026-08-06 08:03:42	Aggregated; raw unit/engine identifiers excluded
04692	CV. MAKMUR SENTOSA MOTOR	MJ2	BEAT SPORTY CBS	RFS	Intransit	0-30	4	Stok_per_no_mesin_dealer - 2026-08-06T080342.480.xls	HTML table / 5,239 data rows	2026-08-06 08:03:42	Aggregated; raw unit/engine identifiers excluded
04692	CV. MAKMUR SENTOSA MOTOR	MJ2	BEAT SPORTY CBS	RFS	Ready	0-30	2	Stok_per_no_mesin_dealer - 2026-08-06T080342.480.xls	HTML table / 5,239 data rows	2026-08-06 08:03:42	Aggregated; raw unit/engine identifiers excluded
04692	CV. MAKMUR SENTOSA MOTOR	MK2	BEAT SPORTY CBS ISS	RFS	Intransit	0-30	1	Stok_per_no_mesin_dealer - 2026-08-06T080342.480.xls	HTML table / 5,239 data rows	2026-08-06 08:03:42	Aggregated; raw unit/engine identifiers excluded
04692	CV. MAKMUR SENTOSA MOTOR	MK2	BEAT SPORTY CBS ISS	RFS	Ready	0-30	4	Stok_per_no_mesin_dealer - 2026-08-06T080342.480.xls	HTML table / 5,239 data rows	2026-08-06 08:03:42	Aggregated; raw unit/engine identifiers excluded
04692	CV. MAKMUR SENTOSA MOTOR	MK2	BEAT SPORTY CBS ISS	RFS	Soft Booking	0-30	1	Stok_per_no_mesin_dealer - 2026-08-06T080342.480.xls	HTML table / 5,239 data rows	2026-08-06 08:03:42	Aggregated; raw unit/engine identifiers excluded
04692	CV. MAKMUR SENTOSA MOTOR	ML2	BEAT SPORTY DLX SMART KEY	RFS	Intransit	0-30	1	Stok_per_no_mesin_dealer - 2026-08-06T080342.480.xls	HTML table / 5,239 data rows	2026-08-06 08:03:42	Aggregated; raw unit/engine identifiers excluded
04692	CV. MAKMUR SENTOSA MOTOR	ML2	BEAT SPORTY DLX SMART KEY	RFS	Ready	0-30	5	Stok_per_no_mesin_dealer - 2026-08-06T080342.480.xls	HTML table / 5,239 data rows	2026-08-06 08:03:42	Aggregated; raw unit/engine identifiers excluded
04692	CV. MAKMUR SENTOSA MOTOR	ML2	BEAT SPORTY DLX SMART KEY	RFS	Soft Booking	0-30	2	Stok_per_no_mesin_dealer - 2026-08-06T080342.480.xls	HTML table / 5,239 data rows	2026-08-06 08:03:42	Aggregated; raw unit/engine identifiers excluded
04692	CV. MAKMUR SENTOSA MOTOR	MM2	BEAT STREET	RFS	Intransit	0-30	3	Stok_per_no_mesin_dealer - 2026-08-06T080342.480.xls	HTML table / 5,239 data rows	2026-08-06 08:03:42	Aggregated; raw unit/engine identifiers excluded
04692	CV. MAKMUR SENTOSA MOTOR	MM2	BEAT STREET	RFS	Ready	0-30	14	Stok_per_no_mesin_dealer - 2026-08-06T080342.480.xls	HTML table / 5,239 data rows	2026-08-06 08:03:42	Aggregated; raw unit/engine identifiers excluded
04692	CV. MAKMUR SENTOSA MOTOR	MM2	BEAT STREET	RFS	Soft Booking	0-30	1	Stok_per_no_mesin_dealer - 2026-08-06T080342.480.xls	HTML table / 5,239 data rows	2026-08-06 08:03:42	Aggregated; raw unit/engine identifiers excluded
04692	CV. MAKMUR SENTOSA MOTOR	MRB	SCOOPY FASHION	RFS	Ready	0-30	1	Stok_per_no_mesin_dealer - 2026-08-06T080342.480.xls	HTML table / 5,239 data rows	2026-08-06 08:03:42	Aggregated; raw unit/engine identifiers excluded
04692	CV. MAKMUR SENTOSA MOTOR	MS1	SCOOPY PRESTIGE	RFS	Intransit	0-30	2	Stok_per_no_mesin_dealer - 2026-08-06T080342.480.xls	HTML table / 5,239 data rows	2026-08-06 08:03:42	Aggregated; raw unit/engine identifiers excluded
04692	CV. MAKMUR SENTOSA MOTOR	MS1	SCOOPY PRESTIGE	RFS	Ready	0-30	1	Stok_per_no_mesin_dealer - 2026-08-06T080342.480.xls	HTML table / 5,239 data rows	2026-08-06 08:03:42	Aggregated; raw unit/engine identifiers excluded
04692	CV. MAKMUR SENTOSA MOTOR	MSB	SCOOPY STYLISH	RFS	Intransit	0-30	2	Stok_per_no_mesin_dealer - 2026-08-06T080342.480.xls	HTML table / 5,239 data rows	2026-08-06 08:03:42	Aggregated; raw unit/engine identifiers excluded
04692	CV. MAKMUR SENTOSA MOTOR	MSB	SCOOPY STYLISH	RFS	Ready	0-30	1	Stok_per_no_mesin_dealer - 2026-08-06T080342.480.xls	HTML table / 5,239 data rows	2026-08-06 08:03:42	Aggregated; raw unit/engine identifiers excluded
04692	CV. MAKMUR SENTOSA MOTOR	MT1	PCX160 CBS	RFS	Intransit	0-30	1	Stok_per_no_mesin_dealer - 2026-08-06T080342.480.xls	HTML table / 5,239 data rows	2026-08-06 08:03:42	Aggregated; raw unit/engine identifiers excluded
04692	CV. MAKMUR SENTOSA MOTOR	MT1	PCX160 CBS	RFS	Ready	0-30	1	Stok_per_no_mesin_dealer - 2026-08-06T080342.480.xls	HTML table / 5,239 data rows	2026-08-06 08:03:42	Aggregated; raw unit/engine identifiers excluded
04692	CV. MAKMUR SENTOSA MOTOR	MT1	PCX160 CBS	RFS	Soft Booking	0-30	1	Stok_per_no_mesin_dealer - 2026-08-06T080342.480.xls	HTML table / 5,239 data rows	2026-08-06 08:03:42	Aggregated; raw unit/engine identifiers excluded
04692	CV. MAKMUR SENTOSA MOTOR	MV1	PCX160 ABS	RFS	Ready	0-30	2	Stok_per_no_mesin_dealer - 2026-08-06T080342.480.xls	HTML table / 5,239 data rows	2026-08-06 08:03:42	Aggregated; raw unit/engine identifiers excluded
04692	CV. MAKMUR SENTOSA MOTOR	MW1	PCX160 Honda RoadSync	RFS	Intransit	0-30	2	Stok_per_no_mesin_dealer - 2026-08-06T080342.480.xls	HTML table / 5,239 data rows	2026-08-06 08:03:42	Aggregated; raw unit/engine identifiers excluded
04692	CV. MAKMUR SENTOSA MOTOR	MW1	PCX160 Honda RoadSync	RFS	Ready	0-30	1	Stok_per_no_mesin_dealer - 2026-08-06T080342.480.xls	HTML table / 5,239 data rows	2026-08-06 08:03:42	Aggregated; raw unit/engine identifiers excluded
04692	CV. MAKMUR SENTOSA MOTOR	MX0	ICON E:	RFS	Ready	>150	1	Stok_per_no_mesin_dealer - 2026-08-06T080342.480.xls	HTML table / 5,239 data rows	2026-08-06 08:03:42	Aggregated; raw unit/engine identifiers excluded
04692	CV. MAKMUR SENTOSA MOTOR	MY0	VARIO EVO 160 CBS Nitro	RFS	Intransit	0-30	2	Stok_per_no_mesin_dealer - 2026-08-06T080342.480.xls	HTML table / 5,239 data rows	2026-08-06 08:03:42	Aggregated; raw unit/engine identifiers excluded
04692	CV. MAKMUR SENTOSA MOTOR	MYA	VARIO EVO 160 CBS	RFS	Ready	0-30	2	Stok_per_no_mesin_dealer - 2026-08-06T080342.480.xls	HTML table / 5,239 data rows	2026-08-06 08:03:42	Aggregated; raw unit/engine identifiers excluded
04692	CV. MAKMUR SENTOSA MOTOR	MZ0	VARIO EVO 160 ABS	RFS	Ready	0-30	1	Stok_per_no_mesin_dealer - 2026-08-06T080342.480.xls	HTML table / 5,239 data rows	2026-08-06 08:03:42	Aggregated; raw unit/engine identifiers excluded
04692	CV. MAKMUR SENTOSA MOTOR	NA0	ADV160 CBS	RFS	Intransit	0-30	1	Stok_per_no_mesin_dealer - 2026-08-06T080342.480.xls	HTML table / 5,239 data rows	2026-08-06 08:03:42	Aggregated; raw unit/engine identifiers excluded
04692	CV. MAKMUR SENTOSA MOTOR	NE0	VARIO 125 CBS ISS	RFS	Intransit	0-30	1	Stok_per_no_mesin_dealer - 2026-08-06T080342.480.xls	HTML table / 5,239 data rows	2026-08-06 08:03:42	Aggregated; raw unit/engine identifiers excluded
04692	CV. MAKMUR SENTOSA MOTOR	NE0	VARIO 125 CBS ISS	RFS	Ready	0-30	2	Stok_per_no_mesin_dealer - 2026-08-06T080342.480.xls	HTML table / 5,239 data rows	2026-08-06 08:03:42	Aggregated; raw unit/engine identifiers excluded
04692	CV. MAKMUR SENTOSA MOTOR	NF0	VARIO 125 STREET	RFS	Ready	0-30	2	Stok_per_no_mesin_dealer - 2026-08-06T080342.480.xls	HTML table / 5,239 data rows	2026-08-06 08:03:42	Aggregated; raw unit/engine identifiers excluded
04692	CV. MAKMUR SENTOSA MOTOR	NF0	VARIO 125 STREET	RFS	Ready	121-150	1	Stok_per_no_mesin_dealer - 2026-08-06T080342.480.xls	HTML table / 5,239 data rows	2026-08-06 08:03:42	Aggregated; raw unit/engine identifiers excluded
04692	CV. MAKMUR SENTOSA MOTOR	NF0	VARIO 125 STREET	RFS	Ready	31-60	1	Stok_per_no_mesin_dealer - 2026-08-06T080342.480.xls	HTML table / 5,239 data rows	2026-08-06 08:03:42	Aggregated; raw unit/engine identifiers excluded
04692	CV. MAKMUR SENTOSA MOTOR	NF0	VARIO 125 STREET	RFS	Ready	61-90	2	Stok_per_no_mesin_dealer - 2026-08-06T080342.480.xls	HTML table / 5,239 data rows	2026-08-06 08:03:42	Aggregated; raw unit/engine identifiers excluded
04692	CV. MAKMUR SENTOSA MOTOR	NF0	VARIO 125 STREET	RFS	Ready	91-120	1	Stok_per_no_mesin_dealer - 2026-08-06T080342.480.xls	HTML table / 5,239 data rows	2026-08-06 08:03:42	Aggregated; raw unit/engine identifiers excluded
04692	CV. MAKMUR SENTOSA MOTOR	NF0	VARIO 125 STREET	RFS	Soft Booking	>150	1	Stok_per_no_mesin_dealer - 2026-08-06T080342.480.xls	HTML table / 5,239 data rows	2026-08-06 08:03:42	Aggregated; raw unit/engine identifiers excluded
04730	PT. TEMBESI JAYA SENTOSA	ESL	CRF150L	RFS	Ready	0-30	1	Stok_per_no_mesin_dealer - 2026-08-06T080342.480.xls	HTML table / 5,239 data rows	2026-08-06 08:03:42	Aggregated; raw unit/engine identifiers excluded
04730	PT. TEMBESI JAYA SENTOSA	ESL	CRF150L	RFS	Soft Booking	0-30	1	Stok_per_no_mesin_dealer - 2026-08-06T080342.480.xls	HTML table / 5,239 data rows	2026-08-06 08:03:42	Aggregated; raw unit/engine identifiers excluded
04730	PT. TEMBESI JAYA SENTOSA	GB4	REVO FIT	RFS	Ready	0-30	10	Stok_per_no_mesin_dealer - 2026-08-06T080342.480.xls	HTML table / 5,239 data rows	2026-08-06 08:03:42	Aggregated; raw unit/engine identifiers excluded
04730	PT. TEMBESI JAYA SENTOSA	GB4	REVO FIT	RFS	Ready	31-60	1	Stok_per_no_mesin_dealer - 2026-08-06T080342.480.xls	HTML table / 5,239 data rows	2026-08-06 08:03:42	Aggregated; raw unit/engine identifiers excluded
04730	PT. TEMBESI JAYA SENTOSA	GB4	REVO FIT	RFS	Ready	61-90	2	Stok_per_no_mesin_dealer - 2026-08-06T080342.480.xls	HTML table / 5,239 data rows	2026-08-06 08:03:42	Aggregated; raw unit/engine identifiers excluded
04730	PT. TEMBESI JAYA SENTOSA	GD4	REVO X	RFS	Ready	0-30	12	Stok_per_no_mesin_dealer - 2026-08-06T080342.480.xls	HTML table / 5,239 data rows	2026-08-06 08:03:42	Aggregated; raw unit/engine identifiers excluded
04730	PT. TEMBESI JAYA SENTOSA	GD4	REVO X	RFS	Ready	91-120	1	Stok_per_no_mesin_dealer - 2026-08-06T080342.480.xls	HTML table / 5,239 data rows	2026-08-06 08:03:42	Aggregated; raw unit/engine identifiers excluded
04730	PT. TEMBESI JAYA SENTOSA	GF5	SUPRA X 125 CW	RFS	Ready	0-30	4	Stok_per_no_mesin_dealer - 2026-08-06T080342.480.xls	HTML table / 5,239 data rows	2026-08-06 08:03:42	Aggregated; raw unit/engine identifiers excluded
04730	PT. TEMBESI JAYA SENTOSA	HJK	NEW SUPRA GTR150	RFS	Ready	0-30	1	Stok_per_no_mesin_dealer - 2026-08-06T080342.480.xls	HTML table / 5,239 data rows	2026-08-06 08:03:42	Aggregated; raw unit/engine identifiers excluded
04730	PT. TEMBESI JAYA SENTOSA	JMM	CBR 150R STD	RFS	Ready	121-150	1	Stok_per_no_mesin_dealer - 2026-08-06T080342.480.xls	HTML table / 5,239 data rows	2026-08-06 08:03:42	Aggregated; raw unit/engine identifiers excluded
04730	PT. TEMBESI JAYA SENTOSA	KF0	CB150 VERZA SW	RFS	Ready	>150	1	Stok_per_no_mesin_dealer - 2026-08-06T080342.480.xls	HTML table / 5,239 data rows	2026-08-06 08:03:42	Aggregated; raw unit/engine identifiers excluded
04730	PT. TEMBESI JAYA SENTOSA	KG0	CB150 VERZA CW	RFS	Ready	31-60	2	Stok_per_no_mesin_dealer - 2026-08-06T080342.480.xls	HTML table / 5,239 data rows	2026-08-06 08:03:42	Aggregated; raw unit/engine identifiers excluded
04730	PT. TEMBESI JAYA SENTOSA	LY2	GENIO CBS	RFS	Ready	>150	1	Stok_per_no_mesin_dealer - 2026-08-06T080342.480.xls	HTML table / 5,239 data rows	2026-08-06 08:03:42	Aggregated; raw unit/engine identifiers excluded
04730	PT. TEMBESI JAYA SENTOSA	MG1	STYLO 160 ABS	RFS	Ready	0-30	1	Stok_per_no_mesin_dealer - 2026-08-06T080342.480.xls	HTML table / 5,239 data rows	2026-08-06 08:03:42	Aggregated; raw unit/engine identifiers excluded
04730	PT. TEMBESI JAYA SENTOSA	MJ1	BEAT SPORTY CBS	RFS	Ready	0-30	1	Stok_per_no_mesin_dealer - 2026-08-06T080342.480.xls	HTML table / 5,239 data rows	2026-08-06 08:03:42	Aggregated; raw unit/engine identifiers excluded
04730	PT. TEMBESI JAYA SENTOSA	MJ1	BEAT SPORTY CBS	RFS	Ready	31-60	1	Stok_per_no_mesin_dealer - 2026-08-06T080342.480.xls	HTML table / 5,239 data rows	2026-08-06 08:03:42	Aggregated; raw unit/engine identifiers excluded
04730	PT. TEMBESI JAYA SENTOSA	MJ1	BEAT SPORTY CBS	RFS	Ready	61-90	1	Stok_per_no_mesin_dealer - 2026-08-06T080342.480.xls	HTML table / 5,239 data rows	2026-08-06 08:03:42	Aggregated; raw unit/engine identifiers excluded
04730	PT. TEMBESI JAYA SENTOSA	MJ1	BEAT SPORTY CBS	RFS	Ready	>150	1	Stok_per_no_mesin_dealer - 2026-08-06T080342.480.xls	HTML table / 5,239 data rows	2026-08-06 08:03:42	Aggregated; raw unit/engine identifiers excluded
04730	PT. TEMBESI JAYA SENTOSA	MJ2	BEAT SPORTY CBS	RFS	Ready	0-30	2	Stok_per_no_mesin_dealer - 2026-08-06T080342.480.xls	HTML table / 5,239 data rows	2026-08-06 08:03:42	Aggregated; raw unit/engine identifiers excluded
04730	PT. TEMBESI JAYA SENTOSA	MK1	BEAT SPORTY CBS ISS DELUXE	RFS	Ready	0-30	1	Stok_per_no_mesin_dealer - 2026-08-06T080342.480.xls	HTML table / 5,239 data rows	2026-08-06 08:03:42	Aggregated; raw unit/engine identifiers excluded
04730	PT. TEMBESI JAYA SENTOSA	MK1	BEAT SPORTY CBS ISS DELUXE	RFS	Ready	61-90	1	Stok_per_no_mesin_dealer - 2026-08-06T080342.480.xls	HTML table / 5,239 data rows	2026-08-06 08:03:42	Aggregated; raw unit/engine identifiers excluded
04730	PT. TEMBESI JAYA SENTOSA	MK1	BEAT SPORTY CBS ISS DELUXE	RFS	Ready	>150	1	Stok_per_no_mesin_dealer - 2026-08-06T080342.480.xls	HTML table / 5,239 data rows	2026-08-06 08:03:42	Aggregated; raw unit/engine identifiers excluded
04730	PT. TEMBESI JAYA SENTOSA	MK2	BEAT SPORTY CBS ISS	RFS	Ready	0-30	4	Stok_per_no_mesin_dealer - 2026-08-06T080342.480.xls	HTML table / 5,239 data rows	2026-08-06 08:03:42	Aggregated; raw unit/engine identifiers excluded
04730	PT. TEMBESI JAYA SENTOSA	MK2	BEAT SPORTY CBS ISS	RFS	Ready	31-60	1	Stok_per_no_mesin_dealer - 2026-08-06T080342.480.xls	HTML table / 5,239 data rows	2026-08-06 08:03:42	Aggregated; raw unit/engine identifiers excluded
04730	PT. TEMBESI JAYA SENTOSA	ML1	BEAT SPORTY DLX SMART KEY	RFS	Ready	31-60	1	Stok_per_no_mesin_dealer - 2026-08-06T080342.480.xls	HTML table / 5,239 data rows	2026-08-06 08:03:42	Aggregated; raw unit/engine identifiers excluded
04730	PT. TEMBESI JAYA SENTOSA	ML2	BEAT SPORTY DLX SMART KEY	RFS	Ready	0-30	5	Stok_per_no_mesin_dealer - 2026-08-06T080342.480.xls	HTML table / 5,239 data rows	2026-08-06 08:03:42	Aggregated; raw unit/engine identifiers excluded
04730	PT. TEMBESI JAYA SENTOSA	MM1	BEAT STREET	RFS	Ready	121-150	1	Stok_per_no_mesin_dealer - 2026-08-06T080342.480.xls	HTML table / 5,239 data rows	2026-08-06 08:03:42	Aggregated; raw unit/engine identifiers excluded
04730	PT. TEMBESI JAYA SENTOSA	MM1	BEAT STREET	RFS	Ready	31-60	3	Stok_per_no_mesin_dealer - 2026-08-06T080342.480.xls	HTML table / 5,239 data rows	2026-08-06 08:03:42	Aggregated; raw unit/engine identifiers excluded
04730	PT. TEMBESI JAYA SENTOSA	MM2	BEAT STREET	RFS	Ready	0-30	7	Stok_per_no_mesin_dealer - 2026-08-06T080342.480.xls	HTML table / 5,239 data rows	2026-08-06 08:03:42	Aggregated; raw unit/engine identifiers excluded
04730	PT. TEMBESI JAYA SENTOSA	MN0	CUV e:	RFS	Ready	>150	1	Stok_per_no_mesin_dealer - 2026-08-06T080342.480.xls	HTML table / 5,239 data rows	2026-08-06 08:03:42	Aggregated; raw unit/engine identifiers excluded
04730	PT. TEMBESI JAYA SENTOSA	MRB	SCOOPY FASHION	RFS	Ready	0-30	2	Stok_per_no_mesin_dealer - 2026-08-06T080342.480.xls	HTML table / 5,239 data rows	2026-08-06 08:03:42	Aggregated; raw unit/engine identifiers excluded
04730	PT. TEMBESI JAYA SENTOSA	MS1	SCOOPY PRESTIGE	RFS	Ready	0-30	3	Stok_per_no_mesin_dealer - 2026-08-06T080342.480.xls	HTML table / 5,239 data rows	2026-08-06 08:03:42	Aggregated; raw unit/engine identifiers excluded
04730	PT. TEMBESI JAYA SENTOSA	MSB	SCOOPY STYLISH	RFS	Ready	0-30	2	Stok_per_no_mesin_dealer - 2026-08-06T080342.480.xls	HTML table / 5,239 data rows	2026-08-06 08:03:42	Aggregated; raw unit/engine identifiers excluded
04730	PT. TEMBESI JAYA SENTOSA	MT1	PCX160 CBS	RFS	Ready	0-30	3	Stok_per_no_mesin_dealer - 2026-08-06T080342.480.xls	HTML table / 5,239 data rows	2026-08-06 08:03:42	Aggregated; raw unit/engine identifiers excluded
04730	PT. TEMBESI JAYA SENTOSA	MV0	PCX160 ABS	RFS	Ready	>150	1	Stok_per_no_mesin_dealer - 2026-08-06T080342.480.xls	HTML table / 5,239 data rows	2026-08-06 08:03:42	Aggregated; raw unit/engine identifiers excluded
04730	PT. TEMBESI JAYA SENTOSA	MW1	PCX160 Honda RoadSync	RFS	Ready	0-30	1	Stok_per_no_mesin_dealer - 2026-08-06T080342.480.xls	HTML table / 5,239 data rows	2026-08-06 08:03:42	Aggregated; raw unit/engine identifiers excluded
04730	PT. TEMBESI JAYA SENTOSA	MY0	VARIO EVO 160 CBS Nitro	RFS	Ready	0-30	2	Stok_per_no_mesin_dealer - 2026-08-06T080342.480.xls	HTML table / 5,239 data rows	2026-08-06 08:03:42	Aggregated; raw unit/engine identifiers excluded
04730	PT. TEMBESI JAYA SENTOSA	MYA	VARIO EVO 160 CBS	RFS	Ready	0-30	1	Stok_per_no_mesin_dealer - 2026-08-06T080342.480.xls	HTML table / 5,239 data rows	2026-08-06 08:03:42	Aggregated; raw unit/engine identifiers excluded
04730	PT. TEMBESI JAYA SENTOSA	MYA	VARIO EVO 160 CBS	RFS	Soft Booking	0-30	1	Stok_per_no_mesin_dealer - 2026-08-06T080342.480.xls	HTML table / 5,239 data rows	2026-08-06 08:03:42	Aggregated; raw unit/engine identifiers excluded
04730	PT. TEMBESI JAYA SENTOSA	MZ0	VARIO EVO 160 ABS	RFS	Ready	0-30	1	Stok_per_no_mesin_dealer - 2026-08-06T080342.480.xls	HTML table / 5,239 data rows	2026-08-06 08:03:42	Aggregated; raw unit/engine identifiers excluded
04730	PT. TEMBESI JAYA SENTOSA	NE0	VARIO 125 CBS ISS	RFS	Ready	0-30	2	Stok_per_no_mesin_dealer - 2026-08-06T080342.480.xls	HTML table / 5,239 data rows	2026-08-06 08:03:42	Aggregated; raw unit/engine identifiers excluded
04730	PT. TEMBESI JAYA SENTOSA	NF0	VARIO 125 STREET	RFS	Ready	0-30	6	Stok_per_no_mesin_dealer - 2026-08-06T080342.480.xls	HTML table / 5,239 data rows	2026-08-06 08:03:42	Aggregated; raw unit/engine identifiers excluded
04730	PT. TEMBESI JAYA SENTOSA	NF0	VARIO 125 STREET	RFS	Ready	121-150	1	Stok_per_no_mesin_dealer - 2026-08-06T080342.480.xls	HTML table / 5,239 data rows	2026-08-06 08:03:42	Aggregated; raw unit/engine identifiers excluded
04730	PT. TEMBESI JAYA SENTOSA	NF0	VARIO 125 STREET	RFS	Ready	61-90	1	Stok_per_no_mesin_dealer - 2026-08-06T080342.480.xls	HTML table / 5,239 data rows	2026-08-06 08:03:42	Aggregated; raw unit/engine identifiers excluded
04730	PT. TEMBESI JAYA SENTOSA	NF0	VARIO 125 STREET	RFS	Ready	>150	1	Stok_per_no_mesin_dealer - 2026-08-06T080342.480.xls	HTML table / 5,239 data rows	2026-08-06 08:03:42	Aggregated; raw unit/engine identifiers excluded
05391	PT. SINAR SENTOSA MOTORA - HANDIL	ESK	CRF150L	RFS	Ready	91-120	1	Stok_per_no_mesin_dealer - 2026-08-06T080342.480.xls	HTML table / 5,239 data rows	2026-08-06 08:03:42	Aggregated; raw unit/engine identifiers excluded
05391	PT. SINAR SENTOSA MOTORA - HANDIL	ESL	CRF150L	RFS	Ready	0-30	1	Stok_per_no_mesin_dealer - 2026-08-06T080342.480.xls	HTML table / 5,239 data rows	2026-08-06 08:03:42	Aggregated; raw unit/engine identifiers excluded
05391	PT. SINAR SENTOSA MOTORA - HANDIL	ESL	CRF150L	RFS	Soft Booking	31-60	1	Stok_per_no_mesin_dealer - 2026-08-06T080342.480.xls	HTML table / 5,239 data rows	2026-08-06 08:03:42	Aggregated; raw unit/engine identifiers excluded
05391	PT. SINAR SENTOSA MOTORA - HANDIL	GB4	REVO FIT	RFS	Ready	0-30	3	Stok_per_no_mesin_dealer - 2026-08-06T080342.480.xls	HTML table / 5,239 data rows	2026-08-06 08:03:42	Aggregated; raw unit/engine identifiers excluded
05391	PT. SINAR SENTOSA MOTORA - HANDIL	GB4	REVO FIT	RFS	Ready	121-150	1	Stok_per_no_mesin_dealer - 2026-08-06T080342.480.xls	HTML table / 5,239 data rows	2026-08-06 08:03:42	Aggregated; raw unit/engine identifiers excluded
05391	PT. SINAR SENTOSA MOTORA - HANDIL	GB4	REVO FIT	RFS	Ready	31-60	1	Stok_per_no_mesin_dealer - 2026-08-06T080342.480.xls	HTML table / 5,239 data rows	2026-08-06 08:03:42	Aggregated; raw unit/engine identifiers excluded
05391	PT. SINAR SENTOSA MOTORA - HANDIL	GD4	REVO X	RFS	Ready	0-30	2	Stok_per_no_mesin_dealer - 2026-08-06T080342.480.xls	HTML table / 5,239 data rows	2026-08-06 08:03:42	Aggregated; raw unit/engine identifiers excluded
05391	PT. SINAR SENTOSA MOTORA - HANDIL	GF5	SUPRA X 125 CW	RFS	Ready	0-30	1	Stok_per_no_mesin_dealer - 2026-08-06T080342.480.xls	HTML table / 5,239 data rows	2026-08-06 08:03:42	Aggregated; raw unit/engine identifiers excluded
05391	PT. SINAR SENTOSA MOTORA - HANDIL	GF5	SUPRA X 125 CW	RFS	Unfill	0-30	1	Stok_per_no_mesin_dealer - 2026-08-06T080342.480.xls	HTML table / 5,239 data rows	2026-08-06 08:03:42	Aggregated; raw unit/engine identifiers excluded
05391	PT. SINAR SENTOSA MOTORA - HANDIL	LV1	VARIO 160 CBS	RFS	Soft Booking	121-150	1	Stok_per_no_mesin_dealer - 2026-08-06T080342.480.xls	HTML table / 5,239 data rows	2026-08-06 08:03:42	Aggregated; raw unit/engine identifiers excluded
05391	PT. SINAR SENTOSA MOTORA - HANDIL	LW1	VARIO 160 ABS	RFS	Ready	91-120	2	Stok_per_no_mesin_dealer - 2026-08-06T080342.480.xls	HTML table / 5,239 data rows	2026-08-06 08:03:42	Aggregated; raw unit/engine identifiers excluded
05391	PT. SINAR SENTOSA MOTORA - HANDIL	LY2	GENIO CBS	RFS	Ready	>150	1	Stok_per_no_mesin_dealer - 2026-08-06T080342.480.xls	HTML table / 5,239 data rows	2026-08-06 08:03:42	Aggregated; raw unit/engine identifiers excluded
05391	PT. SINAR SENTOSA MOTORA - HANDIL	LZ2	GENIO CBS ISS	RFS	Ready	61-90	1	Stok_per_no_mesin_dealer - 2026-08-06T080342.480.xls	HTML table / 5,239 data rows	2026-08-06 08:03:42	Aggregated; raw unit/engine identifiers excluded
05391	PT. SINAR SENTOSA MOTORA - HANDIL	MF1	STYLO 160 CBS	RFS	Ready	0-30	1	Stok_per_no_mesin_dealer - 2026-08-06T080342.480.xls	HTML table / 5,239 data rows	2026-08-06 08:03:42	Aggregated; raw unit/engine identifiers excluded
05391	PT. SINAR SENTOSA MOTORA - HANDIL	MJ1	BEAT SPORTY CBS	RFS	Ready	>150	1	Stok_per_no_mesin_dealer - 2026-08-06T080342.480.xls	HTML table / 5,239 data rows	2026-08-06 08:03:42	Aggregated; raw unit/engine identifiers excluded
05391	PT. SINAR SENTOSA MOTORA - HANDIL	MJ1	BEAT SPORTY CBS	RFS	Soft Booking	61-90	1	Stok_per_no_mesin_dealer - 2026-08-06T080342.480.xls	HTML table / 5,239 data rows	2026-08-06 08:03:42	Aggregated; raw unit/engine identifiers excluded
05391	PT. SINAR SENTOSA MOTORA - HANDIL	MJ2	BEAT SPORTY CBS	RFS	Ready	0-30	4	Stok_per_no_mesin_dealer - 2026-08-06T080342.480.xls	HTML table / 5,239 data rows	2026-08-06 08:03:42	Aggregated; raw unit/engine identifiers excluded
05391	PT. SINAR SENTOSA MOTORA - HANDIL	MK2	BEAT SPORTY CBS ISS	RFS	Ready	0-30	2	Stok_per_no_mesin_dealer - 2026-08-06T080342.480.xls	HTML table / 5,239 data rows	2026-08-06 08:03:42	Aggregated; raw unit/engine identifiers excluded
05391	PT. SINAR SENTOSA MOTORA - HANDIL	ML1	BEAT SPORTY DLX SMART KEY	RFS	Ready	>150	1	Stok_per_no_mesin_dealer - 2026-08-06T080342.480.xls	HTML table / 5,239 data rows	2026-08-06 08:03:42	Aggregated; raw unit/engine identifiers excluded
05391	PT. SINAR SENTOSA MOTORA - HANDIL	ML2	BEAT SPORTY DLX SMART KEY	RFS	Ready	0-30	4	Stok_per_no_mesin_dealer - 2026-08-06T080342.480.xls	HTML table / 5,239 data rows	2026-08-06 08:03:42	Aggregated; raw unit/engine identifiers excluded
05391	PT. SINAR SENTOSA MOTORA - HANDIL	ML2	BEAT SPORTY DLX SMART KEY	RFS	Soft Booking	0-30	2	Stok_per_no_mesin_dealer - 2026-08-06T080342.480.xls	HTML table / 5,239 data rows	2026-08-06 08:03:42	Aggregated; raw unit/engine identifiers excluded
05391	PT. SINAR SENTOSA MOTORA - HANDIL	MM1	BEAT STREET	RFS	Ready	91-120	1	Stok_per_no_mesin_dealer - 2026-08-06T080342.480.xls	HTML table / 5,239 data rows	2026-08-06 08:03:42	Aggregated; raw unit/engine identifiers excluded
05391	PT. SINAR SENTOSA MOTORA - HANDIL	MM2	BEAT STREET	RFS	Ready	0-30	3	Stok_per_no_mesin_dealer - 2026-08-06T080342.480.xls	HTML table / 5,239 data rows	2026-08-06 08:03:42	Aggregated; raw unit/engine identifiers excluded
05391	PT. SINAR SENTOSA MOTORA - HANDIL	MN0	CUV e:	RFS	Ready	>150	1	Stok_per_no_mesin_dealer - 2026-08-06T080342.480.xls	HTML table / 5,239 data rows	2026-08-06 08:03:42	Aggregated; raw unit/engine identifiers excluded
05391	PT. SINAR SENTOSA MOTORA - HANDIL	MRB	SCOOPY FASHION	RFS	Ready	31-60	1	Stok_per_no_mesin_dealer - 2026-08-06T080342.480.xls	HTML table / 5,239 data rows	2026-08-06 08:03:42	Aggregated; raw unit/engine identifiers excluded
05391	PT. SINAR SENTOSA MOTORA - HANDIL	MRB	SCOOPY FASHION	RFS	Unfill	0-30	1	Stok_per_no_mesin_dealer - 2026-08-06T080342.480.xls	HTML table / 5,239 data rows	2026-08-06 08:03:42	Aggregated; raw unit/engine identifiers excluded
05391	PT. SINAR SENTOSA MOTORA - HANDIL	MS1	SCOOPY PRESTIGE	RFS	Ready	0-30	1	Stok_per_no_mesin_dealer - 2026-08-06T080342.480.xls	HTML table / 5,239 data rows	2026-08-06 08:03:42	Aggregated; raw unit/engine identifiers excluded
05391	PT. SINAR SENTOSA MOTORA - HANDIL	MS1	SCOOPY PRESTIGE	RFS	Ready	91-120	1	Stok_per_no_mesin_dealer - 2026-08-06T080342.480.xls	HTML table / 5,239 data rows	2026-08-06 08:03:42	Aggregated; raw unit/engine identifiers excluded
05391	PT. SINAR SENTOSA MOTORA - HANDIL	MS1	SCOOPY PRESTIGE	RFS	Soft Booking	0-30	1	Stok_per_no_mesin_dealer - 2026-08-06T080342.480.xls	HTML table / 5,239 data rows	2026-08-06 08:03:42	Aggregated; raw unit/engine identifiers excluded
05391	PT. SINAR SENTOSA MOTORA - HANDIL	MS1	SCOOPY PRESTIGE	RFS	Unfill	0-30	2	Stok_per_no_mesin_dealer - 2026-08-06T080342.480.xls	HTML table / 5,239 data rows	2026-08-06 08:03:42	Aggregated; raw unit/engine identifiers excluded
05391	PT. SINAR SENTOSA MOTORA - HANDIL	MSB	SCOOPY STYLISH	RFS	Ready	0-30	1	Stok_per_no_mesin_dealer - 2026-08-06T080342.480.xls	HTML table / 5,239 data rows	2026-08-06 08:03:42	Aggregated; raw unit/engine identifiers excluded
05391	PT. SINAR SENTOSA MOTORA - HANDIL	MSB	SCOOPY STYLISH	RFS	Unfill	0-30	1	Stok_per_no_mesin_dealer - 2026-08-06T080342.480.xls	HTML table / 5,239 data rows	2026-08-06 08:03:42	Aggregated; raw unit/engine identifiers excluded
05391	PT. SINAR SENTOSA MOTORA - HANDIL	MT1	PCX160 CBS	RFS	Ready	0-30	1	Stok_per_no_mesin_dealer - 2026-08-06T080342.480.xls	HTML table / 5,239 data rows	2026-08-06 08:03:42	Aggregated; raw unit/engine identifiers excluded
05391	PT. SINAR SENTOSA MOTORA - HANDIL	MT1	PCX160 CBS	RFS	Soft Booking	31-60	1	Stok_per_no_mesin_dealer - 2026-08-06T080342.480.xls	HTML table / 5,239 data rows	2026-08-06 08:03:42	Aggregated; raw unit/engine identifiers excluded
05391	PT. SINAR SENTOSA MOTORA - HANDIL	MT1	PCX160 CBS	RFS	Unfill	0-30	1	Stok_per_no_mesin_dealer - 2026-08-06T080342.480.xls	HTML table / 5,239 data rows	2026-08-06 08:03:42	Aggregated; raw unit/engine identifiers excluded
05391	PT. SINAR SENTOSA MOTORA - HANDIL	MV1	PCX160 ABS	RFS	Ready	0-30	1	Stok_per_no_mesin_dealer - 2026-08-06T080342.480.xls	HTML table / 5,239 data rows	2026-08-06 08:03:42	Aggregated; raw unit/engine identifiers excluded
05391	PT. SINAR SENTOSA MOTORA - HANDIL	MV1	PCX160 ABS	RFS	Ready	91-120	1	Stok_per_no_mesin_dealer - 2026-08-06T080342.480.xls	HTML table / 5,239 data rows	2026-08-06 08:03:42	Aggregated; raw unit/engine identifiers excluded
05391	PT. SINAR SENTOSA MOTORA - HANDIL	MX0	ICON E:	RFS	Ready	>150	1	Stok_per_no_mesin_dealer - 2026-08-06T080342.480.xls	HTML table / 5,239 data rows	2026-08-06 08:03:42	Aggregated; raw unit/engine identifiers excluded
05391	PT. SINAR SENTOSA MOTORA - HANDIL	MYA	VARIO EVO 160 CBS	RFS	Ready	0-30	2	Stok_per_no_mesin_dealer - 2026-08-06T080342.480.xls	HTML table / 5,239 data rows	2026-08-06 08:03:42	Aggregated; raw unit/engine identifiers excluded
05391	PT. SINAR SENTOSA MOTORA - HANDIL	NA0	ADV160 CBS	RFS	Unfill	0-30	1	Stok_per_no_mesin_dealer - 2026-08-06T080342.480.xls	HTML table / 5,239 data rows	2026-08-06 08:03:42	Aggregated; raw unit/engine identifiers excluded
05391	PT. SINAR SENTOSA MOTORA - HANDIL	NB0	ADV160 ABS	RFS	Ready	61-90	1	Stok_per_no_mesin_dealer - 2026-08-06T080342.480.xls	HTML table / 5,239 data rows	2026-08-06 08:03:42	Aggregated; raw unit/engine identifiers excluded
05391	PT. SINAR SENTOSA MOTORA - HANDIL	NE0	VARIO 125 CBS ISS	RFS	Ready	0-30	1	Stok_per_no_mesin_dealer - 2026-08-06T080342.480.xls	HTML table / 5,239 data rows	2026-08-06 08:03:42	Aggregated; raw unit/engine identifiers excluded
05391	PT. SINAR SENTOSA MOTORA - HANDIL	NE0	VARIO 125 CBS ISS	RFS	Unfill	0-30	1	Stok_per_no_mesin_dealer - 2026-08-06T080342.480.xls	HTML table / 5,239 data rows	2026-08-06 08:03:42	Aggregated; raw unit/engine identifiers excluded
05391	PT. SINAR SENTOSA MOTORA - HANDIL	NF0	VARIO 125 STREET	RFS	Ready	121-150	1	Stok_per_no_mesin_dealer - 2026-08-06T080342.480.xls	HTML table / 5,239 data rows	2026-08-06 08:03:42	Aggregated; raw unit/engine identifiers excluded
05391	PT. SINAR SENTOSA MOTORA - HANDIL	NF0	VARIO 125 STREET	RFS	Ready	>150	1	Stok_per_no_mesin_dealer - 2026-08-06T080342.480.xls	HTML table / 5,239 data rows	2026-08-06 08:03:42	Aggregated; raw unit/engine identifiers excluded
05399	PT. SINAR SENTOSA MOTORA - WAHIDIN	GB4	REVO FIT	RFS	Ready	0-30	1	Stok_per_no_mesin_dealer - 2026-08-06T080342.480.xls	HTML table / 5,239 data rows	2026-08-06 08:03:42	Aggregated; raw unit/engine identifiers excluded
05399	PT. SINAR SENTOSA MOTORA - WAHIDIN	GB4	REVO FIT	RFS	Soft Booking	>150	1	Stok_per_no_mesin_dealer - 2026-08-06T080342.480.xls	HTML table / 5,239 data rows	2026-08-06 08:03:42	Aggregated; raw unit/engine identifiers excluded
05399	PT. SINAR SENTOSA MOTORA - WAHIDIN	LZ2	GENIO CBS ISS	RFS	Ready	0-30	1	Stok_per_no_mesin_dealer - 2026-08-06T080342.480.xls	HTML table / 5,239 data rows	2026-08-06 08:03:42	Aggregated; raw unit/engine identifiers excluded
05399	PT. SINAR SENTOSA MOTORA - WAHIDIN	MF1	STYLO 160 CBS	RFS	Unfill	0-30	1	Stok_per_no_mesin_dealer - 2026-08-06T080342.480.xls	HTML table / 5,239 data rows	2026-08-06 08:03:42	Aggregated; raw unit/engine identifiers excluded
05399	PT. SINAR SENTOSA MOTORA - WAHIDIN	MG1	STYLO 160 ABS	RFS	Soft Booking	31-60	1	Stok_per_no_mesin_dealer - 2026-08-06T080342.480.xls	HTML table / 5,239 data rows	2026-08-06 08:03:42	Aggregated; raw unit/engine identifiers excluded
05399	PT. SINAR SENTOSA MOTORA - WAHIDIN	MJ2	BEAT SPORTY CBS	RFS	Ready	0-30	1	Stok_per_no_mesin_dealer - 2026-08-06T080342.480.xls	HTML table / 5,239 data rows	2026-08-06 08:03:42	Aggregated; raw unit/engine identifiers excluded
05399	PT. SINAR SENTOSA MOTORA - WAHIDIN	MJ2	BEAT SPORTY CBS	RFS	Unfill	0-30	1	Stok_per_no_mesin_dealer - 2026-08-06T080342.480.xls	HTML table / 5,239 data rows	2026-08-06 08:03:42	Aggregated; raw unit/engine identifiers excluded
05399	PT. SINAR SENTOSA MOTORA - WAHIDIN	ML2	BEAT SPORTY DLX SMART KEY	RFS	Ready	31-60	1	Stok_per_no_mesin_dealer - 2026-08-06T080342.480.xls	HTML table / 5,239 data rows	2026-08-06 08:03:42	Aggregated; raw unit/engine identifiers excluded
05399	PT. SINAR SENTOSA MOTORA - WAHIDIN	MM1	BEAT STREET	RFS	Soft Booking	61-90	1	Stok_per_no_mesin_dealer - 2026-08-06T080342.480.xls	HTML table / 5,239 data rows	2026-08-06 08:03:42	Aggregated; raw unit/engine identifiers excluded
05399	PT. SINAR SENTOSA MOTORA - WAHIDIN	MM2	BEAT STREET	RFS	Soft Booking	0-30	1	Stok_per_no_mesin_dealer - 2026-08-06T080342.480.xls	HTML table / 5,239 data rows	2026-08-06 08:03:42	Aggregated; raw unit/engine identifiers excluded
05399	PT. SINAR SENTOSA MOTORA - WAHIDIN	MS1	SCOOPY PRESTIGE	RFS	Ready	0-30	1	Stok_per_no_mesin_dealer - 2026-08-06T080342.480.xls	HTML table / 5,239 data rows	2026-08-06 08:03:42	Aggregated; raw unit/engine identifiers excluded
05399	PT. SINAR SENTOSA MOTORA - WAHIDIN	NA0	ADV160 CBS	RFS	Unfill	0-30	1	Stok_per_no_mesin_dealer - 2026-08-06T080342.480.xls	HTML table / 5,239 data rows	2026-08-06 08:03:42	Aggregated; raw unit/engine identifiers excluded
05399	PT. SINAR SENTOSA MOTORA - WAHIDIN	NE0	VARIO 125 CBS ISS	RFS	Ready	0-30	1	Stok_per_no_mesin_dealer - 2026-08-06T080342.480.xls	HTML table / 5,239 data rows	2026-08-06 08:03:42	Aggregated; raw unit/engine identifiers excluded
05529	PT. SINAR SENTOSA MOTORA - TEBING	ESK	CRF150L	RFS	Ready	91-120	1	Stok_per_no_mesin_dealer - 2026-08-06T080342.480.xls	HTML table / 5,239 data rows	2026-08-06 08:03:42	Aggregated; raw unit/engine identifiers excluded
05529	PT. SINAR SENTOSA MOTORA - TEBING	ESL	CRF150L	RFS	Ready	0-30	1	Stok_per_no_mesin_dealer - 2026-08-06T080342.480.xls	HTML table / 5,239 data rows	2026-08-06 08:03:42	Aggregated; raw unit/engine identifiers excluded
05529	PT. SINAR SENTOSA MOTORA - TEBING	ESL	CRF150L	RFS	Ready	31-60	1	Stok_per_no_mesin_dealer - 2026-08-06T080342.480.xls	HTML table / 5,239 data rows	2026-08-06 08:03:42	Aggregated; raw unit/engine identifiers excluded
05529	PT. SINAR SENTOSA MOTORA - TEBING	GB4	REVO FIT	RFS	Ready	0-30	4	Stok_per_no_mesin_dealer - 2026-08-06T080342.480.xls	HTML table / 5,239 data rows	2026-08-06 08:03:42	Aggregated; raw unit/engine identifiers excluded
05529	PT. SINAR SENTOSA MOTORA - TEBING	GB4	REVO FIT	RFS	Soft Booking	0-30	1	Stok_per_no_mesin_dealer - 2026-08-06T080342.480.xls	HTML table / 5,239 data rows	2026-08-06 08:03:42	Aggregated; raw unit/engine identifiers excluded
05529	PT. SINAR SENTOSA MOTORA - TEBING	GD4	REVO X	RFS	Ready	0-30	3	Stok_per_no_mesin_dealer - 2026-08-06T080342.480.xls	HTML table / 5,239 data rows	2026-08-06 08:03:42	Aggregated; raw unit/engine identifiers excluded
05529	PT. SINAR SENTOSA MOTORA - TEBING	GD4	REVO X	RFS	Unfill	0-30	2	Stok_per_no_mesin_dealer - 2026-08-06T080342.480.xls	HTML table / 5,239 data rows	2026-08-06 08:03:42	Aggregated; raw unit/engine identifiers excluded
05529	PT. SINAR SENTOSA MOTORA - TEBING	GF5	SUPRA X 125 CW	RFS	Ready	0-30	2	Stok_per_no_mesin_dealer - 2026-08-06T080342.480.xls	HTML table / 5,239 data rows	2026-08-06 08:03:42	Aggregated; raw unit/engine identifiers excluded
05529	PT. SINAR SENTOSA MOTORA - TEBING	GF5	SUPRA X 125 CW	RFS	Soft Booking	0-30	1	Stok_per_no_mesin_dealer - 2026-08-06T080342.480.xls	HTML table / 5,239 data rows	2026-08-06 08:03:42	Aggregated; raw unit/engine identifiers excluded
05529	PT. SINAR SENTOSA MOTORA - TEBING	GF5	SUPRA X 125 CW	RFS	Unfill	0-30	3	Stok_per_no_mesin_dealer - 2026-08-06T080342.480.xls	HTML table / 5,239 data rows	2026-08-06 08:03:42	Aggregated; raw unit/engine identifiers excluded
05529	PT. SINAR SENTOSA MOTORA - TEBING	HJ9	NEW SUPRA GTR150 SPORTY	RFS	Ready	31-60	1	Stok_per_no_mesin_dealer - 2026-08-06T080342.480.xls	HTML table / 5,239 data rows	2026-08-06 08:03:42	Aggregated; raw unit/engine identifiers excluded
05529	PT. SINAR SENTOSA MOTORA - TEBING	MG1	STYLO 160 ABS	RFS	Unfill	0-30	1	Stok_per_no_mesin_dealer - 2026-08-06T080342.480.xls	HTML table / 5,239 data rows	2026-08-06 08:03:42	Aggregated; raw unit/engine identifiers excluded
05529	PT. SINAR SENTOSA MOTORA - TEBING	MJ2	BEAT SPORTY CBS	RFS	Ready	0-30	3	Stok_per_no_mesin_dealer - 2026-08-06T080342.480.xls	HTML table / 5,239 data rows	2026-08-06 08:03:42	Aggregated; raw unit/engine identifiers excluded
05529	PT. SINAR SENTOSA MOTORA - TEBING	MJ2	BEAT SPORTY CBS	RFS	Unfill	0-30	4	Stok_per_no_mesin_dealer - 2026-08-06T080342.480.xls	HTML table / 5,239 data rows	2026-08-06 08:03:42	Aggregated; raw unit/engine identifiers excluded
05529	PT. SINAR SENTOSA MOTORA - TEBING	MK2	BEAT SPORTY CBS ISS	RFS	Ready	0-30	2	Stok_per_no_mesin_dealer - 2026-08-06T080342.480.xls	HTML table / 5,239 data rows	2026-08-06 08:03:42	Aggregated; raw unit/engine identifiers excluded
05529	PT. SINAR SENTOSA MOTORA - TEBING	MK2	BEAT SPORTY CBS ISS	RFS	Unfill	0-30	2	Stok_per_no_mesin_dealer - 2026-08-06T080342.480.xls	HTML table / 5,239 data rows	2026-08-06 08:03:42	Aggregated; raw unit/engine identifiers excluded
05529	PT. SINAR SENTOSA MOTORA - TEBING	ML2	BEAT SPORTY DLX SMART KEY	RFS	Ready	0-30	3	Stok_per_no_mesin_dealer - 2026-08-06T080342.480.xls	HTML table / 5,239 data rows	2026-08-06 08:03:42	Aggregated; raw unit/engine identifiers excluded
05529	PT. SINAR SENTOSA MOTORA - TEBING	ML2	BEAT SPORTY DLX SMART KEY	RFS	Unfill	0-30	1	Stok_per_no_mesin_dealer - 2026-08-06T080342.480.xls	HTML table / 5,239 data rows	2026-08-06 08:03:42	Aggregated; raw unit/engine identifiers excluded
05529	PT. SINAR SENTOSA MOTORA - TEBING	MM2	BEAT STREET	RFS	Ready	0-30	6	Stok_per_no_mesin_dealer - 2026-08-06T080342.480.xls	HTML table / 5,239 data rows	2026-08-06 08:03:42	Aggregated; raw unit/engine identifiers excluded
05529	PT. SINAR SENTOSA MOTORA - TEBING	MM2	BEAT STREET	RFS	Unfill	0-30	3	Stok_per_no_mesin_dealer - 2026-08-06T080342.480.xls	HTML table / 5,239 data rows	2026-08-06 08:03:42	Aggregated; raw unit/engine identifiers excluded
05529	PT. SINAR SENTOSA MOTORA - TEBING	MN0	CUV e:	RFS	Ready	>150	1	Stok_per_no_mesin_dealer - 2026-08-06T080342.480.xls	HTML table / 5,239 data rows	2026-08-06 08:03:42	Aggregated; raw unit/engine identifiers excluded
05529	PT. SINAR SENTOSA MOTORA - TEBING	MRB	SCOOPY FASHION	RFS	Ready	31-60	1	Stok_per_no_mesin_dealer - 2026-08-06T080342.480.xls	HTML table / 5,239 data rows	2026-08-06 08:03:42	Aggregated; raw unit/engine identifiers excluded
05529	PT. SINAR SENTOSA MOTORA - TEBING	MRB	SCOOPY FASHION	RFS	Unfill	0-30	1	Stok_per_no_mesin_dealer - 2026-08-06T080342.480.xls	HTML table / 5,239 data rows	2026-08-06 08:03:42	Aggregated; raw unit/engine identifiers excluded
05529	PT. SINAR SENTOSA MOTORA - TEBING	MS1	SCOOPY PRESTIGE	RFS	Ready	0-30	4	Stok_per_no_mesin_dealer - 2026-08-06T080342.480.xls	HTML table / 5,239 data rows	2026-08-06 08:03:42	Aggregated; raw unit/engine identifiers excluded
05529	PT. SINAR SENTOSA MOTORA - TEBING	MS1	SCOOPY PRESTIGE	RFS	Unfill	0-30	1	Stok_per_no_mesin_dealer - 2026-08-06T080342.480.xls	HTML table / 5,239 data rows	2026-08-06 08:03:42	Aggregated; raw unit/engine identifiers excluded
05529	PT. SINAR SENTOSA MOTORA - TEBING	MSB	SCOOPY STYLISH	RFS	Ready	0-30	2	Stok_per_no_mesin_dealer - 2026-08-06T080342.480.xls	HTML table / 5,239 data rows	2026-08-06 08:03:42	Aggregated; raw unit/engine identifiers excluded
05529	PT. SINAR SENTOSA MOTORA - TEBING	MSB	SCOOPY STYLISH	RFS	Unfill	0-30	2	Stok_per_no_mesin_dealer - 2026-08-06T080342.480.xls	HTML table / 5,239 data rows	2026-08-06 08:03:42	Aggregated; raw unit/engine identifiers excluded
05529	PT. SINAR SENTOSA MOTORA - TEBING	MT1	PCX160 CBS	RFS	Ready	0-30	1	Stok_per_no_mesin_dealer - 2026-08-06T080342.480.xls	HTML table / 5,239 data rows	2026-08-06 08:03:42	Aggregated; raw unit/engine identifiers excluded
05529	PT. SINAR SENTOSA MOTORA - TEBING	MT1	PCX160 CBS	RFS	Unfill	0-30	2	Stok_per_no_mesin_dealer - 2026-08-06T080342.480.xls	HTML table / 5,239 data rows	2026-08-06 08:03:42	Aggregated; raw unit/engine identifiers excluded
05529	PT. SINAR SENTOSA MOTORA - TEBING	MV1	PCX160 ABS	RFS	Soft Booking	0-30	1	Stok_per_no_mesin_dealer - 2026-08-06T080342.480.xls	HTML table / 5,239 data rows	2026-08-06 08:03:42	Aggregated; raw unit/engine identifiers excluded
05529	PT. SINAR SENTOSA MOTORA - TEBING	MW1	PCX160 Honda RoadSync	RFS	Unfill	0-30	1	Stok_per_no_mesin_dealer - 2026-08-06T080342.480.xls	HTML table / 5,239 data rows	2026-08-06 08:03:42	Aggregated; raw unit/engine identifiers excluded
05529	PT. SINAR SENTOSA MOTORA - TEBING	MY0	VARIO EVO 160 CBS Nitro	RFS	Ready	31-60	2	Stok_per_no_mesin_dealer - 2026-08-06T080342.480.xls	HTML table / 5,239 data rows	2026-08-06 08:03:42	Aggregated; raw unit/engine identifiers excluded
05529	PT. SINAR SENTOSA MOTORA - TEBING	MZ0	VARIO EVO 160 ABS	RFS	Ready	31-60	1	Stok_per_no_mesin_dealer - 2026-08-06T080342.480.xls	HTML table / 5,239 data rows	2026-08-06 08:03:42	Aggregated; raw unit/engine identifiers excluded
05529	PT. SINAR SENTOSA MOTORA - TEBING	NE0	VARIO 125 CBS ISS	RFS	Ready	0-30	1	Stok_per_no_mesin_dealer - 2026-08-06T080342.480.xls	HTML table / 5,239 data rows	2026-08-06 08:03:42	Aggregated; raw unit/engine identifiers excluded
05529	PT. SINAR SENTOSA MOTORA - TEBING	NE0	VARIO 125 CBS ISS	RFS	Unfill	0-30	1	Stok_per_no_mesin_dealer - 2026-08-06T080342.480.xls	HTML table / 5,239 data rows	2026-08-06 08:03:42	Aggregated; raw unit/engine identifiers excluded
05529	PT. SINAR SENTOSA MOTORA - TEBING	NF0	VARIO 125 STREET	RFS	Ready	121-150	1	Stok_per_no_mesin_dealer - 2026-08-06T080342.480.xls	HTML table / 5,239 data rows	2026-08-06 08:03:42	Aggregated; raw unit/engine identifiers excluded
05529	PT. SINAR SENTOSA MOTORA - TEBING	NF0	VARIO 125 STREET	RFS	Ready	91-120	1	Stok_per_no_mesin_dealer - 2026-08-06T080342.480.xls	HTML table / 5,239 data rows	2026-08-06 08:03:42	Aggregated; raw unit/engine identifiers excluded
05529	PT. SINAR SENTOSA MOTORA - TEBING	NF0	VARIO 125 STREET	RFS	Soft Booking	>150	1	Stok_per_no_mesin_dealer - 2026-08-06T080342.480.xls	HTML table / 5,239 data rows	2026-08-06 08:03:42	Aggregated; raw unit/engine identifiers excluded
05545	PT. SINAR SENTOSA MOTORA - BULIAN	ESL	CRF150L	RFS	Unfill	0-30	1	Stok_per_no_mesin_dealer - 2026-08-06T080342.480.xls	HTML table / 5,239 data rows	2026-08-06 08:03:42	Aggregated; raw unit/engine identifiers excluded
05545	PT. SINAR SENTOSA MOTORA - BULIAN	GB4	REVO FIT	RFS	Ready	0-30	3	Stok_per_no_mesin_dealer - 2026-08-06T080342.480.xls	HTML table / 5,239 data rows	2026-08-06 08:03:42	Aggregated; raw unit/engine identifiers excluded
05545	PT. SINAR SENTOSA MOTORA - BULIAN	GD4	REVO X	RFS	Ready	0-30	2	Stok_per_no_mesin_dealer - 2026-08-06T080342.480.xls	HTML table / 5,239 data rows	2026-08-06 08:03:42	Aggregated; raw unit/engine identifiers excluded
05545	PT. SINAR SENTOSA MOTORA - BULIAN	GD4	REVO X	RFS	Soft Booking	0-30	1	Stok_per_no_mesin_dealer - 2026-08-06T080342.480.xls	HTML table / 5,239 data rows	2026-08-06 08:03:42	Aggregated; raw unit/engine identifiers excluded
05545	PT. SINAR SENTOSA MOTORA - BULIAN	GD4	REVO X	RFS	Unfill	0-30	1	Stok_per_no_mesin_dealer - 2026-08-06T080342.480.xls	HTML table / 5,239 data rows	2026-08-06 08:03:42	Aggregated; raw unit/engine identifiers excluded
05545	PT. SINAR SENTOSA MOTORA - BULIAN	GF5	SUPRA X 125 CW	RFS	Ready	0-30	2	Stok_per_no_mesin_dealer - 2026-08-06T080342.480.xls	HTML table / 5,239 data rows	2026-08-06 08:03:42	Aggregated; raw unit/engine identifiers excluded
05545	PT. SINAR SENTOSA MOTORA - BULIAN	GF5	SUPRA X 125 CW	RFS	Soft Booking	0-30	1	Stok_per_no_mesin_dealer - 2026-08-06T080342.480.xls	HTML table / 5,239 data rows	2026-08-06 08:03:42	Aggregated; raw unit/engine identifiers excluded
05545	PT. SINAR SENTOSA MOTORA - BULIAN	KF0	CB150 VERZA SW	RFS	Soft Booking	61-90	1	Stok_per_no_mesin_dealer - 2026-08-06T080342.480.xls	HTML table / 5,239 data rows	2026-08-06 08:03:42	Aggregated; raw unit/engine identifiers excluded
05545	PT. SINAR SENTOSA MOTORA - BULIAN	LZ2	GENIO CBS ISS	RFS	Ready	31-60	1	Stok_per_no_mesin_dealer - 2026-08-06T080342.480.xls	HTML table / 5,239 data rows	2026-08-06 08:03:42	Aggregated; raw unit/engine identifiers excluded
05545	PT. SINAR SENTOSA MOTORA - BULIAN	MF1	STYLO 160 CBS	RFS	Soft Booking	31-60	1	Stok_per_no_mesin_dealer - 2026-08-06T080342.480.xls	HTML table / 5,239 data rows	2026-08-06 08:03:42	Aggregated; raw unit/engine identifiers excluded
05545	PT. SINAR SENTOSA MOTORA - BULIAN	MGA	STYLO 160 ABS SPECIAL	RFS	Unfill	0-30	1	Stok_per_no_mesin_dealer - 2026-08-06T080342.480.xls	HTML table / 5,239 data rows	2026-08-06 08:03:42	Aggregated; raw unit/engine identifiers excluded
05545	PT. SINAR SENTOSA MOTORA - BULIAN	MJ2	BEAT SPORTY CBS	RFS	Unfill	0-30	4	Stok_per_no_mesin_dealer - 2026-08-06T080342.480.xls	HTML table / 5,239 data rows	2026-08-06 08:03:42	Aggregated; raw unit/engine identifiers excluded
05545	PT. SINAR SENTOSA MOTORA - BULIAN	MK2	BEAT SPORTY CBS ISS	RFS	Ready	0-30	2	Stok_per_no_mesin_dealer - 2026-08-06T080342.480.xls	HTML table / 5,239 data rows	2026-08-06 08:03:42	Aggregated; raw unit/engine identifiers excluded
05545	PT. SINAR SENTOSA MOTORA - BULIAN	MK2	BEAT SPORTY CBS ISS	RFS	Unfill	0-30	1	Stok_per_no_mesin_dealer - 2026-08-06T080342.480.xls	HTML table / 5,239 data rows	2026-08-06 08:03:42	Aggregated; raw unit/engine identifiers excluded
05545	PT. SINAR SENTOSA MOTORA - BULIAN	ML1	BEAT SPORTY DLX SMART KEY	RFS	Soft Booking	61-90	1	Stok_per_no_mesin_dealer - 2026-08-06T080342.480.xls	HTML table / 5,239 data rows	2026-08-06 08:03:42	Aggregated; raw unit/engine identifiers excluded
05545	PT. SINAR SENTOSA MOTORA - BULIAN	ML2	BEAT SPORTY DLX SMART KEY	RFS	Ready	0-30	1	Stok_per_no_mesin_dealer - 2026-08-06T080342.480.xls	HTML table / 5,239 data rows	2026-08-06 08:03:42	Aggregated; raw unit/engine identifiers excluded
05545	PT. SINAR SENTOSA MOTORA - BULIAN	ML2	BEAT SPORTY DLX SMART KEY	RFS	Unfill	0-30	1	Stok_per_no_mesin_dealer - 2026-08-06T080342.480.xls	HTML table / 5,239 data rows	2026-08-06 08:03:42	Aggregated; raw unit/engine identifiers excluded
05545	PT. SINAR SENTOSA MOTORA - BULIAN	MM2	BEAT STREET	RFS	Ready	0-30	5	Stok_per_no_mesin_dealer - 2026-08-06T080342.480.xls	HTML table / 5,239 data rows	2026-08-06 08:03:42	Aggregated; raw unit/engine identifiers excluded
05545	PT. SINAR SENTOSA MOTORA - BULIAN	MM2	BEAT STREET	RFS	Unfill	0-30	1	Stok_per_no_mesin_dealer - 2026-08-06T080342.480.xls	HTML table / 5,239 data rows	2026-08-06 08:03:42	Aggregated; raw unit/engine identifiers excluded
05545	PT. SINAR SENTOSA MOTORA - BULIAN	MN0	CUV e:	RFS	Ready	>150	1	Stok_per_no_mesin_dealer - 2026-08-06T080342.480.xls	HTML table / 5,239 data rows	2026-08-06 08:03:42	Aggregated; raw unit/engine identifiers excluded
05545	PT. SINAR SENTOSA MOTORA - BULIAN	MS1	SCOOPY PRESTIGE	RFS	Soft Booking	61-90	1	Stok_per_no_mesin_dealer - 2026-08-06T080342.480.xls	HTML table / 5,239 data rows	2026-08-06 08:03:42	Aggregated; raw unit/engine identifiers excluded
05545	PT. SINAR SENTOSA MOTORA - BULIAN	MS1	SCOOPY PRESTIGE	RFS	Unfill	0-30	1	Stok_per_no_mesin_dealer - 2026-08-06T080342.480.xls	HTML table / 5,239 data rows	2026-08-06 08:03:42	Aggregated; raw unit/engine identifiers excluded
05545	PT. SINAR SENTOSA MOTORA - BULIAN	MSB	SCOOPY STYLISH	RFS	Soft Booking	0-30	1	Stok_per_no_mesin_dealer - 2026-08-06T080342.480.xls	HTML table / 5,239 data rows	2026-08-06 08:03:42	Aggregated; raw unit/engine identifiers excluded
05545	PT. SINAR SENTOSA MOTORA - BULIAN	MSB	SCOOPY STYLISH	RFS	Unfill	0-30	1	Stok_per_no_mesin_dealer - 2026-08-06T080342.480.xls	HTML table / 5,239 data rows	2026-08-06 08:03:42	Aggregated; raw unit/engine identifiers excluded
05545	PT. SINAR SENTOSA MOTORA - BULIAN	MT1	PCX160 CBS	RFS	Ready	0-30	1	Stok_per_no_mesin_dealer - 2026-08-06T080342.480.xls	HTML table / 5,239 data rows	2026-08-06 08:03:42	Aggregated; raw unit/engine identifiers excluded
05545	PT. SINAR SENTOSA MOTORA - BULIAN	MT1	PCX160 CBS	RFS	Soft Booking	0-30	1	Stok_per_no_mesin_dealer - 2026-08-06T080342.480.xls	HTML table / 5,239 data rows	2026-08-06 08:03:42	Aggregated; raw unit/engine identifiers excluded
05545	PT. SINAR SENTOSA MOTORA - BULIAN	MYA	VARIO EVO 160 CBS	RFS	Soft Booking	0-30	1	Stok_per_no_mesin_dealer - 2026-08-06T080342.480.xls	HTML table / 5,239 data rows	2026-08-06 08:03:42	Aggregated; raw unit/engine identifiers excluded
05545	PT. SINAR SENTOSA MOTORA - BULIAN	MZ0	VARIO EVO 160 ABS	RFS	Unfill	0-30	1	Stok_per_no_mesin_dealer - 2026-08-06T080342.480.xls	HTML table / 5,239 data rows	2026-08-06 08:03:42	Aggregated; raw unit/engine identifiers excluded
05545	PT. SINAR SENTOSA MOTORA - BULIAN	NE0	VARIO 125 CBS ISS	RFS	Soft Booking	0-30	1	Stok_per_no_mesin_dealer - 2026-08-06T080342.480.xls	HTML table / 5,239 data rows	2026-08-06 08:03:42	Aggregated; raw unit/engine identifiers excluded
05545	PT. SINAR SENTOSA MOTORA - BULIAN	NE0	VARIO 125 CBS ISS	RFS	Unfill	0-30	1	Stok_per_no_mesin_dealer - 2026-08-06T080342.480.xls	HTML table / 5,239 data rows	2026-08-06 08:03:42	Aggregated; raw unit/engine identifiers excluded
05545	PT. SINAR SENTOSA MOTORA - BULIAN	NF0	VARIO 125 STREET	RFS	Ready	0-30	1	Stok_per_no_mesin_dealer - 2026-08-06T080342.480.xls	HTML table / 5,239 data rows	2026-08-06 08:03:42	Aggregated; raw unit/engine identifiers excluded
05545	PT. SINAR SENTOSA MOTORA - BULIAN	NF0	VARIO 125 STREET	RFS	Ready	31-60	1	Stok_per_no_mesin_dealer - 2026-08-06T080342.480.xls	HTML table / 5,239 data rows	2026-08-06 08:03:42	Aggregated; raw unit/engine identifiers excluded
05621	PT. SENTOSA SAKTI MOTOR - MAYANG	ES7	CRF150L	RFS	Soft Booking	61-90	1	Stok_per_no_mesin_dealer - 2026-08-06T080342.480.xls	HTML table / 5,239 data rows	2026-08-06 08:03:42	Aggregated; raw unit/engine identifiers excluded
05621	PT. SENTOSA SAKTI MOTOR - MAYANG	ESL	CRF150L	RFS	Ready	0-30	1	Stok_per_no_mesin_dealer - 2026-08-06T080342.480.xls	HTML table / 5,239 data rows	2026-08-06 08:03:42	Aggregated; raw unit/engine identifiers excluded
05621	PT. SENTOSA SAKTI MOTOR - MAYANG	GB4	REVO FIT	RFS	Ready	0-30	2	Stok_per_no_mesin_dealer - 2026-08-06T080342.480.xls	HTML table / 5,239 data rows	2026-08-06 08:03:42	Aggregated; raw unit/engine identifiers excluded
05621	PT. SENTOSA SAKTI MOTOR - MAYANG	GB4	REVO FIT	RFS	Ready	61-90	1	Stok_per_no_mesin_dealer - 2026-08-06T080342.480.xls	HTML table / 5,239 data rows	2026-08-06 08:03:42	Aggregated; raw unit/engine identifiers excluded
05621	PT. SENTOSA SAKTI MOTOR - MAYANG	GB4	REVO FIT	RFS	Ready	>150	1	Stok_per_no_mesin_dealer - 2026-08-06T080342.480.xls	HTML table / 5,239 data rows	2026-08-06 08:03:42	Aggregated; raw unit/engine identifiers excluded
05621	PT. SENTOSA SAKTI MOTOR - MAYANG	GD4	REVO X	RFS	Ready	0-30	2	Stok_per_no_mesin_dealer - 2026-08-06T080342.480.xls	HTML table / 5,239 data rows	2026-08-06 08:03:42	Aggregated; raw unit/engine identifiers excluded
05621	PT. SENTOSA SAKTI MOTOR - MAYANG	GD4	REVO X	RFS	Soft Booking	0-30	1	Stok_per_no_mesin_dealer - 2026-08-06T080342.480.xls	HTML table / 5,239 data rows	2026-08-06 08:03:42	Aggregated; raw unit/engine identifiers excluded
05621	PT. SENTOSA SAKTI MOTOR - MAYANG	GD4	REVO X	RFS	Soft Booking	31-60	1	Stok_per_no_mesin_dealer - 2026-08-06T080342.480.xls	HTML table / 5,239 data rows	2026-08-06 08:03:42	Aggregated; raw unit/engine identifiers excluded
05621	PT. SENTOSA SAKTI MOTOR - MAYANG	GF5	SUPRA X 125 CW	RFS	Ready	0-30	1	Stok_per_no_mesin_dealer - 2026-08-06T080342.480.xls	HTML table / 5,239 data rows	2026-08-06 08:03:42	Aggregated; raw unit/engine identifiers excluded
05621	PT. SENTOSA SAKTI MOTOR - MAYANG	GF5	SUPRA X 125 CW	RFS	Ready	31-60	2	Stok_per_no_mesin_dealer - 2026-08-06T080342.480.xls	HTML table / 5,239 data rows	2026-08-06 08:03:42	Aggregated; raw unit/engine identifiers excluded
05621	PT. SENTOSA SAKTI MOTOR - MAYANG	GF5	SUPRA X 125 CW	RFS	Soft Booking	0-30	1	Stok_per_no_mesin_dealer - 2026-08-06T080342.480.xls	HTML table / 5,239 data rows	2026-08-06 08:03:42	Aggregated; raw unit/engine identifiers excluded
05621	PT. SENTOSA SAKTI MOTOR - MAYANG	GF5	SUPRA X 125 CW	RFS	Soft Booking	31-60	1	Stok_per_no_mesin_dealer - 2026-08-06T080342.480.xls	HTML table / 5,239 data rows	2026-08-06 08:03:42	Aggregated; raw unit/engine identifiers excluded
05621	PT. SENTOSA SAKTI MOTOR - MAYANG	HJ9	NEW SUPRA GTR150 SPORTY	RFS	Ready	61-90	1	Stok_per_no_mesin_dealer - 2026-08-06T080342.480.xls	HTML table / 5,239 data rows	2026-08-06 08:03:42	Aggregated; raw unit/engine identifiers excluded
05621	PT. SENTOSA SAKTI MOTOR - MAYANG	HJ9	NEW SUPRA GTR150 SPORTY	RFS	Ready	91-120	1	Stok_per_no_mesin_dealer - 2026-08-06T080342.480.xls	HTML table / 5,239 data rows	2026-08-06 08:03:42	Aggregated; raw unit/engine identifiers excluded
05621	PT. SENTOSA SAKTI MOTOR - MAYANG	JMM	CBR 150R STD	RFS	Ready	91-120	1	Stok_per_no_mesin_dealer - 2026-08-06T080342.480.xls	HTML table / 5,239 data rows	2026-08-06 08:03:42	Aggregated; raw unit/engine identifiers excluded
05621	PT. SENTOSA SAKTI MOTOR - MAYANG	JS0	CB150R STREETFIRE	RFS	Ready	91-120	1	Stok_per_no_mesin_dealer - 2026-08-06T080342.480.xls	HTML table / 5,239 data rows	2026-08-06 08:03:42	Aggregated; raw unit/engine identifiers excluded
05621	PT. SENTOSA SAKTI MOTOR - MAYANG	KF0	CB150 VERZA SW	RFS	Ready	>150	1	Stok_per_no_mesin_dealer - 2026-08-06T080342.480.xls	HTML table / 5,239 data rows	2026-08-06 08:03:42	Aggregated; raw unit/engine identifiers excluded
05621	PT. SENTOSA SAKTI MOTOR - MAYANG	LY2	GENIO CBS	RFS	Ready	>150	2	Stok_per_no_mesin_dealer - 2026-08-06T080342.480.xls	HTML table / 5,239 data rows	2026-08-06 08:03:42	Aggregated; raw unit/engine identifiers excluded
05621	PT. SENTOSA SAKTI MOTOR - MAYANG	LZ2	GENIO CBS ISS	RFS	Ready	31-60	2	Stok_per_no_mesin_dealer - 2026-08-06T080342.480.xls	HTML table / 5,239 data rows	2026-08-06 08:03:42	Aggregated; raw unit/engine identifiers excluded
05621	PT. SENTOSA SAKTI MOTOR - MAYANG	MJ1	BEAT SPORTY CBS	RFS	Ready	121-150	1	Stok_per_no_mesin_dealer - 2026-08-06T080342.480.xls	HTML table / 5,239 data rows	2026-08-06 08:03:42	Aggregated; raw unit/engine identifiers excluded
05621	PT. SENTOSA SAKTI MOTOR - MAYANG	MJ1	BEAT SPORTY CBS	RFS	Ready	31-60	2	Stok_per_no_mesin_dealer - 2026-08-06T080342.480.xls	HTML table / 5,239 data rows	2026-08-06 08:03:42	Aggregated; raw unit/engine identifiers excluded
05621	PT. SENTOSA SAKTI MOTOR - MAYANG	MJ1	BEAT SPORTY CBS	RFS	Ready	>150	1	Stok_per_no_mesin_dealer - 2026-08-06T080342.480.xls	HTML table / 5,239 data rows	2026-08-06 08:03:42	Aggregated; raw unit/engine identifiers excluded
05621	PT. SENTOSA SAKTI MOTOR - MAYANG	MJ2	BEAT SPORTY CBS	RFS	Ready	0-30	4	Stok_per_no_mesin_dealer - 2026-08-06T080342.480.xls	HTML table / 5,239 data rows	2026-08-06 08:03:42	Aggregated; raw unit/engine identifiers excluded
05621	PT. SENTOSA SAKTI MOTOR - MAYANG	MJ2	BEAT SPORTY CBS	RFS	Soft Booking	0-30	2	Stok_per_no_mesin_dealer - 2026-08-06T080342.480.xls	HTML table / 5,239 data rows	2026-08-06 08:03:42	Aggregated; raw unit/engine identifiers excluded
05621	PT. SENTOSA SAKTI MOTOR - MAYANG	MK1	BEAT SPORTY CBS ISS DELUXE	RFS	Ready	121-150	1	Stok_per_no_mesin_dealer - 2026-08-06T080342.480.xls	HTML table / 5,239 data rows	2026-08-06 08:03:42	Aggregated; raw unit/engine identifiers excluded
05621	PT. SENTOSA SAKTI MOTOR - MAYANG	MK2	BEAT SPORTY CBS ISS	RFS	Ready	0-30	4	Stok_per_no_mesin_dealer - 2026-08-06T080342.480.xls	HTML table / 5,239 data rows	2026-08-06 08:03:42	Aggregated; raw unit/engine identifiers excluded
05621	PT. SENTOSA SAKTI MOTOR - MAYANG	MK2	BEAT SPORTY CBS ISS	RFS	Ready	31-60	1	Stok_per_no_mesin_dealer - 2026-08-06T080342.480.xls	HTML table / 5,239 data rows	2026-08-06 08:03:42	Aggregated; raw unit/engine identifiers excluded
05621	PT. SENTOSA SAKTI MOTOR - MAYANG	ML2	BEAT SPORTY DLX SMART KEY	RFS	Ready	0-30	5	Stok_per_no_mesin_dealer - 2026-08-06T080342.480.xls	HTML table / 5,239 data rows	2026-08-06 08:03:42	Aggregated; raw unit/engine identifiers excluded
05621	PT. SENTOSA SAKTI MOTOR - MAYANG	ML2	BEAT SPORTY DLX SMART KEY	RFS	Soft Booking	0-30	1	Stok_per_no_mesin_dealer - 2026-08-06T080342.480.xls	HTML table / 5,239 data rows	2026-08-06 08:03:42	Aggregated; raw unit/engine identifiers excluded
05621	PT. SENTOSA SAKTI MOTOR - MAYANG	ML2	BEAT SPORTY DLX SMART KEY	RFS	Unfill	0-30	1	Stok_per_no_mesin_dealer - 2026-08-06T080342.480.xls	HTML table / 5,239 data rows	2026-08-06 08:03:42	Aggregated; raw unit/engine identifiers excluded
05621	PT. SENTOSA SAKTI MOTOR - MAYANG	MM1	BEAT STREET	RFS	Ready	121-150	1	Stok_per_no_mesin_dealer - 2026-08-06T080342.480.xls	HTML table / 5,239 data rows	2026-08-06 08:03:42	Aggregated; raw unit/engine identifiers excluded
05621	PT. SENTOSA SAKTI MOTOR - MAYANG	MM2	BEAT STREET	RFS	Soft Booking	0-30	2	Stok_per_no_mesin_dealer - 2026-08-06T080342.480.xls	HTML table / 5,239 data rows	2026-08-06 08:03:42	Aggregated; raw unit/engine identifiers excluded
05621	PT. SENTOSA SAKTI MOTOR - MAYANG	MRB	SCOOPY FASHION	RFS	Ready	0-30	1	Stok_per_no_mesin_dealer - 2026-08-06T080342.480.xls	HTML table / 5,239 data rows	2026-08-06 08:03:42	Aggregated; raw unit/engine identifiers excluded
05621	PT. SENTOSA SAKTI MOTOR - MAYANG	MRB	SCOOPY FASHION	RFS	Ready	121-150	1	Stok_per_no_mesin_dealer - 2026-08-06T080342.480.xls	HTML table / 5,239 data rows	2026-08-06 08:03:42	Aggregated; raw unit/engine identifiers excluded
05621	PT. SENTOSA SAKTI MOTOR - MAYANG	MRB	SCOOPY FASHION	RFS	Ready	61-90	1	Stok_per_no_mesin_dealer - 2026-08-06T080342.480.xls	HTML table / 5,239 data rows	2026-08-06 08:03:42	Aggregated; raw unit/engine identifiers excluded
05621	PT. SENTOSA SAKTI MOTOR - MAYANG	MS1	SCOOPY PRESTIGE	RFS	Ready	0-30	3	Stok_per_no_mesin_dealer - 2026-08-06T080342.480.xls	HTML table / 5,239 data rows	2026-08-06 08:03:42	Aggregated; raw unit/engine identifiers excluded
05621	PT. SENTOSA SAKTI MOTOR - MAYANG	MT1	PCX160 CBS	RFS	Ready	0-30	5	Stok_per_no_mesin_dealer - 2026-08-06T080342.480.xls	HTML table / 5,239 data rows	2026-08-06 08:03:42	Aggregated; raw unit/engine identifiers excluded
05621	PT. SENTOSA SAKTI MOTOR - MAYANG	MT1	PCX160 CBS	RFS	Soft Booking	0-30	1	Stok_per_no_mesin_dealer - 2026-08-06T080342.480.xls	HTML table / 5,239 data rows	2026-08-06 08:03:42	Aggregated; raw unit/engine identifiers excluded
05621	PT. SENTOSA SAKTI MOTOR - MAYANG	MV1	PCX160 ABS	RFS	Ready	0-30	3	Stok_per_no_mesin_dealer - 2026-08-06T080342.480.xls	HTML table / 5,239 data rows	2026-08-06 08:03:42	Aggregated; raw unit/engine identifiers excluded
05621	PT. SENTOSA SAKTI MOTOR - MAYANG	MV1	PCX160 ABS	RFS	Ready	61-90	1	Stok_per_no_mesin_dealer - 2026-08-06T080342.480.xls	HTML table / 5,239 data rows	2026-08-06 08:03:42	Aggregated; raw unit/engine identifiers excluded
05621	PT. SENTOSA SAKTI MOTOR - MAYANG	MW1	PCX160 Honda RoadSync	RFS	Ready	0-30	1	Stok_per_no_mesin_dealer - 2026-08-06T080342.480.xls	HTML table / 5,239 data rows	2026-08-06 08:03:42	Aggregated; raw unit/engine identifiers excluded
05621	PT. SENTOSA SAKTI MOTOR - MAYANG	MW1	PCX160 Honda RoadSync	RFS	Ready	91-120	1	Stok_per_no_mesin_dealer - 2026-08-06T080342.480.xls	HTML table / 5,239 data rows	2026-08-06 08:03:42	Aggregated; raw unit/engine identifiers excluded
05621	PT. SENTOSA SAKTI MOTOR - MAYANG	MX0	ICON E:	RFS	Ready	>150	1	Stok_per_no_mesin_dealer - 2026-08-06T080342.480.xls	HTML table / 5,239 data rows	2026-08-06 08:03:42	Aggregated; raw unit/engine identifiers excluded
05621	PT. SENTOSA SAKTI MOTOR - MAYANG	MY0	VARIO EVO 160 CBS Nitro	RFS	Ready	0-30	1	Stok_per_no_mesin_dealer - 2026-08-06T080342.480.xls	HTML table / 5,239 data rows	2026-08-06 08:03:42	Aggregated; raw unit/engine identifiers excluded
05621	PT. SENTOSA SAKTI MOTOR - MAYANG	MYA	VARIO EVO 160 CBS	RFS	Unfill	0-30	1	Stok_per_no_mesin_dealer - 2026-08-06T080342.480.xls	HTML table / 5,239 data rows	2026-08-06 08:03:42	Aggregated; raw unit/engine identifiers excluded
05621	PT. SENTOSA SAKTI MOTOR - MAYANG	MZ0	VARIO EVO 160 ABS	RFS	Ready	0-30	1	Stok_per_no_mesin_dealer - 2026-08-06T080342.480.xls	HTML table / 5,239 data rows	2026-08-06 08:03:42	Aggregated; raw unit/engine identifiers excluded
05621	PT. SENTOSA SAKTI MOTOR - MAYANG	NC0	ADV160 RoadSync	RFS	Ready	61-90	1	Stok_per_no_mesin_dealer - 2026-08-06T080342.480.xls	HTML table / 5,239 data rows	2026-08-06 08:03:42	Aggregated; raw unit/engine identifiers excluded
05621	PT. SENTOSA SAKTI MOTOR - MAYANG	NE0	VARIO 125 CBS ISS	RFS	Ready	0-30	1	Stok_per_no_mesin_dealer - 2026-08-06T080342.480.xls	HTML table / 5,239 data rows	2026-08-06 08:03:42	Aggregated; raw unit/engine identifiers excluded
05621	PT. SENTOSA SAKTI MOTOR - MAYANG	NF0	VARIO 125 STREET	RFS	Ready	0-30	1	Stok_per_no_mesin_dealer - 2026-08-06T080342.480.xls	HTML table / 5,239 data rows	2026-08-06 08:03:42	Aggregated; raw unit/engine identifiers excluded
05621	PT. SENTOSA SAKTI MOTOR - MAYANG	NF0	VARIO 125 STREET	RFS	Ready	121-150	1	Stok_per_no_mesin_dealer - 2026-08-06T080342.480.xls	HTML table / 5,239 data rows	2026-08-06 08:03:42	Aggregated; raw unit/engine identifiers excluded
05621	PT. SENTOSA SAKTI MOTOR - MAYANG	NF0	VARIO 125 STREET	RFS	Ready	61-90	1	Stok_per_no_mesin_dealer - 2026-08-06T080342.480.xls	HTML table / 5,239 data rows	2026-08-06 08:03:42	Aggregated; raw unit/engine identifiers excluded
05621	PT. SENTOSA SAKTI MOTOR - MAYANG	NF0	VARIO 125 STREET	RFS	Ready	91-120	1	Stok_per_no_mesin_dealer - 2026-08-06T080342.480.xls	HTML table / 5,239 data rows	2026-08-06 08:03:42	Aggregated; raw unit/engine identifiers excluded
05621.1	POS SSM - NIPAH PANJANG	ESL	CRF150L	RFS	Intransit	0-30	1	Stok_per_no_mesin_dealer - 2026-08-06T080342.480.xls	HTML table / 5,239 data rows	2026-08-06 08:03:42	Aggregated; raw unit/engine identifiers excluded
05621.1	POS SSM - NIPAH PANJANG	ESL	CRF150L	RFS	Unfill	0-30	1	Stok_per_no_mesin_dealer - 2026-08-06T080342.480.xls	HTML table / 5,239 data rows	2026-08-06 08:03:42	Aggregated; raw unit/engine identifiers excluded
05621.1	POS SSM - NIPAH PANJANG	GB4	REVO FIT	RFS	Ready	31-60	6	Stok_per_no_mesin_dealer - 2026-08-06T080342.480.xls	HTML table / 5,239 data rows	2026-08-06 08:03:42	Aggregated; raw unit/engine identifiers excluded
05621.1	POS SSM - NIPAH PANJANG	GD4	REVO X	RFS	Intransit	0-30	2	Stok_per_no_mesin_dealer - 2026-08-06T080342.480.xls	HTML table / 5,239 data rows	2026-08-06 08:03:42	Aggregated; raw unit/engine identifiers excluded
05621.1	POS SSM - NIPAH PANJANG	GD4	REVO X	RFS	Unfill	0-30	4	Stok_per_no_mesin_dealer - 2026-08-06T080342.480.xls	HTML table / 5,239 data rows	2026-08-06 08:03:42	Aggregated; raw unit/engine identifiers excluded
05621.1	POS SSM - NIPAH PANJANG	GF5	SUPRA X 125 CW	RFS	Intransit	0-30	2	Stok_per_no_mesin_dealer - 2026-08-06T080342.480.xls	HTML table / 5,239 data rows	2026-08-06 08:03:42	Aggregated; raw unit/engine identifiers excluded
05621.1	POS SSM - NIPAH PANJANG	GF5	SUPRA X 125 CW	RFS	Ready	0-30	1	Stok_per_no_mesin_dealer - 2026-08-06T080342.480.xls	HTML table / 5,239 data rows	2026-08-06 08:03:42	Aggregated; raw unit/engine identifiers excluded
05621.1	POS SSM - NIPAH PANJANG	GF5	SUPRA X 125 CW	RFS	Unfill	0-30	3	Stok_per_no_mesin_dealer - 2026-08-06T080342.480.xls	HTML table / 5,239 data rows	2026-08-06 08:03:42	Aggregated; raw unit/engine identifiers excluded
05621.1	POS SSM - NIPAH PANJANG	KG0	CB150 VERZA CW	RFS	Unfill	0-30	1	Stok_per_no_mesin_dealer - 2026-08-06T080342.480.xls	HTML table / 5,239 data rows	2026-08-06 08:03:42	Aggregated; raw unit/engine identifiers excluded
05621.1	POS SSM - NIPAH PANJANG	LVE	VARIO 160 CBS	RFS	Ready	121-150	1	Stok_per_no_mesin_dealer - 2026-08-06T080342.480.xls	HTML table / 5,239 data rows	2026-08-06 08:03:42	Aggregated; raw unit/engine identifiers excluded
05621.1	POS SSM - NIPAH PANJANG	LW1	VARIO 160 ABS	RFS	Ready	91-120	1	Stok_per_no_mesin_dealer - 2026-08-06T080342.480.xls	HTML table / 5,239 data rows	2026-08-06 08:03:42	Aggregated; raw unit/engine identifiers excluded
05621.1	POS SSM - NIPAH PANJANG	LY2	GENIO CBS	RFS	Ready	91-120	1	Stok_per_no_mesin_dealer - 2026-08-06T080342.480.xls	HTML table / 5,239 data rows	2026-08-06 08:03:42	Aggregated; raw unit/engine identifiers excluded
05621.1	POS SSM - NIPAH PANJANG	LZ2	GENIO CBS ISS	RFS	Ready	61-90	1	Stok_per_no_mesin_dealer - 2026-08-06T080342.480.xls	HTML table / 5,239 data rows	2026-08-06 08:03:42	Aggregated; raw unit/engine identifiers excluded
05621.1	POS SSM - NIPAH PANJANG	MF1	STYLO 160 CBS	RFS	Unfill	0-30	1	Stok_per_no_mesin_dealer - 2026-08-06T080342.480.xls	HTML table / 5,239 data rows	2026-08-06 08:03:42	Aggregated; raw unit/engine identifiers excluded
05621.1	POS SSM - NIPAH PANJANG	MJ1	BEAT SPORTY CBS	RFS	Ready	0-30	1	Stok_per_no_mesin_dealer - 2026-08-06T080342.480.xls	HTML table / 5,239 data rows	2026-08-06 08:03:42	Aggregated; raw unit/engine identifiers excluded
05621.1	POS SSM - NIPAH PANJANG	MJ2	BEAT SPORTY CBS	RFS	Intransit	0-30	1	Stok_per_no_mesin_dealer - 2026-08-06T080342.480.xls	HTML table / 5,239 data rows	2026-08-06 08:03:42	Aggregated; raw unit/engine identifiers excluded
05621.1	POS SSM - NIPAH PANJANG	MJ2	BEAT SPORTY CBS	RFS	Ready	0-30	4	Stok_per_no_mesin_dealer - 2026-08-06T080342.480.xls	HTML table / 5,239 data rows	2026-08-06 08:03:42	Aggregated; raw unit/engine identifiers excluded
05621.1	POS SSM - NIPAH PANJANG	MK1	BEAT SPORTY CBS ISS DELUXE	RFS	Ready	31-60	1	Stok_per_no_mesin_dealer - 2026-08-06T080342.480.xls	HTML table / 5,239 data rows	2026-08-06 08:03:42	Aggregated; raw unit/engine identifiers excluded
05621.1	POS SSM - NIPAH PANJANG	MK2	BEAT SPORTY CBS ISS	RFS	Intransit	0-30	1	Stok_per_no_mesin_dealer - 2026-08-06T080342.480.xls	HTML table / 5,239 data rows	2026-08-06 08:03:42	Aggregated; raw unit/engine identifiers excluded
05621.1	POS SSM - NIPAH PANJANG	ML2	BEAT SPORTY DLX SMART KEY	RFS	Ready	31-60	1	Stok_per_no_mesin_dealer - 2026-08-06T080342.480.xls	HTML table / 5,239 data rows	2026-08-06 08:03:42	Aggregated; raw unit/engine identifiers excluded
05621.1	POS SSM - NIPAH PANJANG	ML2	BEAT SPORTY DLX SMART KEY	RFS	Soft Booking	0-30	1	Stok_per_no_mesin_dealer - 2026-08-06T080342.480.xls	HTML table / 5,239 data rows	2026-08-06 08:03:42	Aggregated; raw unit/engine identifiers excluded
05621.1	POS SSM - NIPAH PANJANG	MM2	BEAT STREET	RFS	Intransit	0-30	2	Stok_per_no_mesin_dealer - 2026-08-06T080342.480.xls	HTML table / 5,239 data rows	2026-08-06 08:03:42	Aggregated; raw unit/engine identifiers excluded
05621.1	POS SSM - NIPAH PANJANG	MM2	BEAT STREET	RFS	Unfill	0-30	4	Stok_per_no_mesin_dealer - 2026-08-06T080342.480.xls	HTML table / 5,239 data rows	2026-08-06 08:03:42	Aggregated; raw unit/engine identifiers excluded
05621.1	POS SSM - NIPAH PANJANG	MS1	SCOOPY PRESTIGE	RFS	Unfill	0-30	2	Stok_per_no_mesin_dealer - 2026-08-06T080342.480.xls	HTML table / 5,239 data rows	2026-08-06 08:03:42	Aggregated; raw unit/engine identifiers excluded
05621.1	POS SSM - NIPAH PANJANG	MSB	SCOOPY STYLISH	RFS	Intransit	0-30	2	Stok_per_no_mesin_dealer - 2026-08-06T080342.480.xls	HTML table / 5,239 data rows	2026-08-06 08:03:42	Aggregated; raw unit/engine identifiers excluded
05621.1	POS SSM - NIPAH PANJANG	MT1	PCX160 CBS	RFS	Intransit	0-30	1	Stok_per_no_mesin_dealer - 2026-08-06T080342.480.xls	HTML table / 5,239 data rows	2026-08-06 08:03:42	Aggregated; raw unit/engine identifiers excluded
05621.1	POS SSM - NIPAH PANJANG	MW1	PCX160 Honda RoadSync	RFS	Ready	0-30	1	Stok_per_no_mesin_dealer - 2026-08-06T080342.480.xls	HTML table / 5,239 data rows	2026-08-06 08:03:42	Aggregated; raw unit/engine identifiers excluded
05621.1	POS SSM - NIPAH PANJANG	NE0	VARIO 125 CBS ISS	RFS	Ready	0-30	1	Stok_per_no_mesin_dealer - 2026-08-06T080342.480.xls	HTML table / 5,239 data rows	2026-08-06 08:03:42	Aggregated; raw unit/engine identifiers excluded
05621.1	POS SSM - NIPAH PANJANG	NF0	VARIO 125 STREET	RFS	Soft Booking	>150	1	Stok_per_no_mesin_dealer - 2026-08-06T080342.480.xls	HTML table / 5,239 data rows	2026-08-06 08:03:42	Aggregated; raw unit/engine identifiers excluded
05621.1	POS SSM - NIPAH PANJANG	NF0	VARIO 125 STREET	RFS	Unfill	0-30	1	Stok_per_no_mesin_dealer - 2026-08-06T080342.480.xls	HTML table / 5,239 data rows	2026-08-06 08:03:42	Aggregated; raw unit/engine identifiers excluded
06111	CV. WULAN JAYA MOTOR - TEBO	ESK	CRF150L	RFS	Ready	0-30	1	Stok_per_no_mesin_dealer - 2026-08-06T080342.480.xls	HTML table / 5,239 data rows	2026-08-06 08:03:42	Aggregated; raw unit/engine identifiers excluded
06111	CV. WULAN JAYA MOTOR - TEBO	ESL	CRF150L	RFS	Intransit	0-30	1	Stok_per_no_mesin_dealer - 2026-08-06T080342.480.xls	HTML table / 5,239 data rows	2026-08-06 08:03:42	Aggregated; raw unit/engine identifiers excluded
06111	CV. WULAN JAYA MOTOR - TEBO	ESL	CRF150L	RFS	Ready	0-30	1	Stok_per_no_mesin_dealer - 2026-08-06T080342.480.xls	HTML table / 5,239 data rows	2026-08-06 08:03:42	Aggregated; raw unit/engine identifiers excluded
06111	CV. WULAN JAYA MOTOR - TEBO	ESL	CRF150L	RFS	Ready	121-150	1	Stok_per_no_mesin_dealer - 2026-08-06T080342.480.xls	HTML table / 5,239 data rows	2026-08-06 08:03:42	Aggregated; raw unit/engine identifiers excluded
06111	CV. WULAN JAYA MOTOR - TEBO	GB4	REVO FIT	RFS	Intransit	0-30	2	Stok_per_no_mesin_dealer - 2026-08-06T080342.480.xls	HTML table / 5,239 data rows	2026-08-06 08:03:42	Aggregated; raw unit/engine identifiers excluded
06111	CV. WULAN JAYA MOTOR - TEBO	GB4	REVO FIT	RFS	Ready	0-30	6	Stok_per_no_mesin_dealer - 2026-08-06T080342.480.xls	HTML table / 5,239 data rows	2026-08-06 08:03:42	Aggregated; raw unit/engine identifiers excluded
06111	CV. WULAN JAYA MOTOR - TEBO	GB4	REVO FIT	RFS	Ready	31-60	1	Stok_per_no_mesin_dealer - 2026-08-06T080342.480.xls	HTML table / 5,239 data rows	2026-08-06 08:03:42	Aggregated; raw unit/engine identifiers excluded
06111	CV. WULAN JAYA MOTOR - TEBO	GB4	REVO FIT	RFS	Soft Booking	31-60	1	Stok_per_no_mesin_dealer - 2026-08-06T080342.480.xls	HTML table / 5,239 data rows	2026-08-06 08:03:42	Aggregated; raw unit/engine identifiers excluded
06111	CV. WULAN JAYA MOTOR - TEBO	GB4	REVO FIT	RFS	Soft Booking	61-90	1	Stok_per_no_mesin_dealer - 2026-08-06T080342.480.xls	HTML table / 5,239 data rows	2026-08-06 08:03:42	Aggregated; raw unit/engine identifiers excluded
06111	CV. WULAN JAYA MOTOR - TEBO	GD4	REVO X	RFS	Intransit	0-30	2	Stok_per_no_mesin_dealer - 2026-08-06T080342.480.xls	HTML table / 5,239 data rows	2026-08-06 08:03:42	Aggregated; raw unit/engine identifiers excluded
06111	CV. WULAN JAYA MOTOR - TEBO	GD4	REVO X	RFS	Ready	0-30	8	Stok_per_no_mesin_dealer - 2026-08-06T080342.480.xls	HTML table / 5,239 data rows	2026-08-06 08:03:42	Aggregated; raw unit/engine identifiers excluded
06111	CV. WULAN JAYA MOTOR - TEBO	GF5	SUPRA X 125 CW	RFS	Intransit	0-30	3	Stok_per_no_mesin_dealer - 2026-08-06T080342.480.xls	HTML table / 5,239 data rows	2026-08-06 08:03:42	Aggregated; raw unit/engine identifiers excluded
06111	CV. WULAN JAYA MOTOR - TEBO	GF5	SUPRA X 125 CW	RFS	Ready	0-30	6	Stok_per_no_mesin_dealer - 2026-08-06T080342.480.xls	HTML table / 5,239 data rows	2026-08-06 08:03:42	Aggregated; raw unit/engine identifiers excluded
06111	CV. WULAN JAYA MOTOR - TEBO	GF5	SUPRA X 125 CW	RFS	Soft Booking	0-30	1	Stok_per_no_mesin_dealer - 2026-08-06T080342.480.xls	HTML table / 5,239 data rows	2026-08-06 08:03:42	Aggregated; raw unit/engine identifiers excluded
06111	CV. WULAN JAYA MOTOR - TEBO	HJK	NEW SUPRA GTR150	RFS	Ready	0-30	1	Stok_per_no_mesin_dealer - 2026-08-06T080342.480.xls	HTML table / 5,239 data rows	2026-08-06 08:03:42	Aggregated; raw unit/engine identifiers excluded
06111	CV. WULAN JAYA MOTOR - TEBO	JML	CBR 150R STD	RFS	Ready	0-30	1	Stok_per_no_mesin_dealer - 2026-08-06T080342.480.xls	HTML table / 5,239 data rows	2026-08-06 08:03:42	Aggregated; raw unit/engine identifiers excluded
06111	CV. WULAN JAYA MOTOR - TEBO	JS0	CB150R STREETFIRE	RFS	Ready	61-90	1	Stok_per_no_mesin_dealer - 2026-08-06T080342.480.xls	HTML table / 5,239 data rows	2026-08-06 08:03:42	Aggregated; raw unit/engine identifiers excluded
06111	CV. WULAN JAYA MOTOR - TEBO	KF0	CB150 VERZA SW	RFS	Ready	121-150	1	Stok_per_no_mesin_dealer - 2026-08-06T080342.480.xls	HTML table / 5,239 data rows	2026-08-06 08:03:42	Aggregated; raw unit/engine identifiers excluded
06111	CV. WULAN JAYA MOTOR - TEBO	KG0	CB150 VERZA CW	RFS	Ready	0-30	1	Stok_per_no_mesin_dealer - 2026-08-06T080342.480.xls	HTML table / 5,239 data rows	2026-08-06 08:03:42	Aggregated; raw unit/engine identifiers excluded
06111	CV. WULAN JAYA MOTOR - TEBO	LY2	GENIO CBS	RFS	Ready	121-150	1	Stok_per_no_mesin_dealer - 2026-08-06T080342.480.xls	HTML table / 5,239 data rows	2026-08-06 08:03:42	Aggregated; raw unit/engine identifiers excluded
06111	CV. WULAN JAYA MOTOR - TEBO	LY2	GENIO CBS	RFS	Ready	>150	1	Stok_per_no_mesin_dealer - 2026-08-06T080342.480.xls	HTML table / 5,239 data rows	2026-08-06 08:03:42	Aggregated; raw unit/engine identifiers excluded
06111	CV. WULAN JAYA MOTOR - TEBO	LZ2	GENIO CBS ISS	RFS	Ready	31-60	1	Stok_per_no_mesin_dealer - 2026-08-06T080342.480.xls	HTML table / 5,239 data rows	2026-08-06 08:03:42	Aggregated; raw unit/engine identifiers excluded
06111	CV. WULAN JAYA MOTOR - TEBO	MG1	STYLO 160 ABS	RFS	Intransit	0-30	1	Stok_per_no_mesin_dealer - 2026-08-06T080342.480.xls	HTML table / 5,239 data rows	2026-08-06 08:03:42	Aggregated; raw unit/engine identifiers excluded
06111	CV. WULAN JAYA MOTOR - TEBO	MGA	STYLO 160 ABS SPECIAL	RFS	Intransit	0-30	2	Stok_per_no_mesin_dealer - 2026-08-06T080342.480.xls	HTML table / 5,239 data rows	2026-08-06 08:03:42	Aggregated; raw unit/engine identifiers excluded
06111	CV. WULAN JAYA MOTOR - TEBO	MJ1	BEAT SPORTY CBS	RFS	Ready	0-30	4	Stok_per_no_mesin_dealer - 2026-08-06T080342.480.xls	HTML table / 5,239 data rows	2026-08-06 08:03:42	Aggregated; raw unit/engine identifiers excluded
06111	CV. WULAN JAYA MOTOR - TEBO	MJ1	BEAT SPORTY CBS	RFS	Ready	31-60	1	Stok_per_no_mesin_dealer - 2026-08-06T080342.480.xls	HTML table / 5,239 data rows	2026-08-06 08:03:42	Aggregated; raw unit/engine identifiers excluded
06111	CV. WULAN JAYA MOTOR - TEBO	MJ1	BEAT SPORTY CBS	RFS	Ready	61-90	1	Stok_per_no_mesin_dealer - 2026-08-06T080342.480.xls	HTML table / 5,239 data rows	2026-08-06 08:03:42	Aggregated; raw unit/engine identifiers excluded
06111	CV. WULAN JAYA MOTOR - TEBO	MJ1	BEAT SPORTY CBS	RFS	Soft Booking	31-60	1	Stok_per_no_mesin_dealer - 2026-08-06T080342.480.xls	HTML table / 5,239 data rows	2026-08-06 08:03:42	Aggregated; raw unit/engine identifiers excluded
06111	CV. WULAN JAYA MOTOR - TEBO	MJ2	BEAT SPORTY CBS	RFS	Intransit	0-30	2	Stok_per_no_mesin_dealer - 2026-08-06T080342.480.xls	HTML table / 5,239 data rows	2026-08-06 08:03:42	Aggregated; raw unit/engine identifiers excluded
06111	CV. WULAN JAYA MOTOR - TEBO	MJ2	BEAT SPORTY CBS	RFS	Ready	0-30	2	Stok_per_no_mesin_dealer - 2026-08-06T080342.480.xls	HTML table / 5,239 data rows	2026-08-06 08:03:42	Aggregated; raw unit/engine identifiers excluded
06111	CV. WULAN JAYA MOTOR - TEBO	MJ2	BEAT SPORTY CBS	RFS	Soft Booking	0-30	2	Stok_per_no_mesin_dealer - 2026-08-06T080342.480.xls	HTML table / 5,239 data rows	2026-08-06 08:03:42	Aggregated; raw unit/engine identifiers excluded
06111	CV. WULAN JAYA MOTOR - TEBO	MK2	BEAT SPORTY CBS ISS	RFS	Intransit	0-30	1	Stok_per_no_mesin_dealer - 2026-08-06T080342.480.xls	HTML table / 5,239 data rows	2026-08-06 08:03:42	Aggregated; raw unit/engine identifiers excluded
06111	CV. WULAN JAYA MOTOR - TEBO	MK2	BEAT SPORTY CBS ISS	RFS	Ready	0-30	4	Stok_per_no_mesin_dealer - 2026-08-06T080342.480.xls	HTML table / 5,239 data rows	2026-08-06 08:03:42	Aggregated; raw unit/engine identifiers excluded
06111	CV. WULAN JAYA MOTOR - TEBO	MK2	BEAT SPORTY CBS ISS	RFS	Ready	31-60	1	Stok_per_no_mesin_dealer - 2026-08-06T080342.480.xls	HTML table / 5,239 data rows	2026-08-06 08:03:42	Aggregated; raw unit/engine identifiers excluded
06111	CV. WULAN JAYA MOTOR - TEBO	ML1	BEAT SPORTY DLX SMART KEY	RFS	Ready	>150	1	Stok_per_no_mesin_dealer - 2026-08-06T080342.480.xls	HTML table / 5,239 data rows	2026-08-06 08:03:42	Aggregated; raw unit/engine identifiers excluded
06111	CV. WULAN JAYA MOTOR - TEBO	ML2	BEAT SPORTY DLX SMART KEY	RFS	Ready	0-30	5	Stok_per_no_mesin_dealer - 2026-08-06T080342.480.xls	HTML table / 5,239 data rows	2026-08-06 08:03:42	Aggregated; raw unit/engine identifiers excluded
06111	CV. WULAN JAYA MOTOR - TEBO	MM1	BEAT STREET	RFS	Ready	61-90	1	Stok_per_no_mesin_dealer - 2026-08-06T080342.480.xls	HTML table / 5,239 data rows	2026-08-06 08:03:42	Aggregated; raw unit/engine identifiers excluded
06111	CV. WULAN JAYA MOTOR - TEBO	MM1	BEAT STREET	RFS	Ready	91-120	1	Stok_per_no_mesin_dealer - 2026-08-06T080342.480.xls	HTML table / 5,239 data rows	2026-08-06 08:03:42	Aggregated; raw unit/engine identifiers excluded
06111	CV. WULAN JAYA MOTOR - TEBO	MM2	BEAT STREET	RFS	Intransit	0-30	2	Stok_per_no_mesin_dealer - 2026-08-06T080342.480.xls	HTML table / 5,239 data rows	2026-08-06 08:03:42	Aggregated; raw unit/engine identifiers excluded
06111	CV. WULAN JAYA MOTOR - TEBO	MM2	BEAT STREET	RFS	Ready	0-30	4	Stok_per_no_mesin_dealer - 2026-08-06T080342.480.xls	HTML table / 5,239 data rows	2026-08-06 08:03:42	Aggregated; raw unit/engine identifiers excluded
06111	CV. WULAN JAYA MOTOR - TEBO	MM2	BEAT STREET	RFS	Soft Booking	0-30	2	Stok_per_no_mesin_dealer - 2026-08-06T080342.480.xls	HTML table / 5,239 data rows	2026-08-06 08:03:42	Aggregated; raw unit/engine identifiers excluded
06111	CV. WULAN JAYA MOTOR - TEBO	MRB	SCOOPY FASHION	RFS	Soft Booking	0-30	1	Stok_per_no_mesin_dealer - 2026-08-06T080342.480.xls	HTML table / 5,239 data rows	2026-08-06 08:03:42	Aggregated; raw unit/engine identifiers excluded
06111	CV. WULAN JAYA MOTOR - TEBO	MS1	SCOOPY PRESTIGE	RFS	Intransit	0-30	1	Stok_per_no_mesin_dealer - 2026-08-06T080342.480.xls	HTML table / 5,239 data rows	2026-08-06 08:03:42	Aggregated; raw unit/engine identifiers excluded
06111	CV. WULAN JAYA MOTOR - TEBO	MS1	SCOOPY PRESTIGE	RFS	Ready	0-30	2	Stok_per_no_mesin_dealer - 2026-08-06T080342.480.xls	HTML table / 5,239 data rows	2026-08-06 08:03:42	Aggregated; raw unit/engine identifiers excluded
06111	CV. WULAN JAYA MOTOR - TEBO	MS1	SCOOPY PRESTIGE	RFS	Soft Booking	0-30	1	Stok_per_no_mesin_dealer - 2026-08-06T080342.480.xls	HTML table / 5,239 data rows	2026-08-06 08:03:42	Aggregated; raw unit/engine identifiers excluded
06111	CV. WULAN JAYA MOTOR - TEBO	MSB	SCOOPY STYLISH	RFS	Intransit	0-30	2	Stok_per_no_mesin_dealer - 2026-08-06T080342.480.xls	HTML table / 5,239 data rows	2026-08-06 08:03:42	Aggregated; raw unit/engine identifiers excluded
06111	CV. WULAN JAYA MOTOR - TEBO	MSB	SCOOPY STYLISH	RFS	Ready	0-30	1	Stok_per_no_mesin_dealer - 2026-08-06T080342.480.xls	HTML table / 5,239 data rows	2026-08-06 08:03:42	Aggregated; raw unit/engine identifiers excluded
06111	CV. WULAN JAYA MOTOR - TEBO	MT1	PCX160 CBS	RFS	Ready	0-30	2	Stok_per_no_mesin_dealer - 2026-08-06T080342.480.xls	HTML table / 5,239 data rows	2026-08-06 08:03:42	Aggregated; raw unit/engine identifiers excluded
06111	CV. WULAN JAYA MOTOR - TEBO	MW1	PCX160 Honda RoadSync	RFS	Ready	0-30	1	Stok_per_no_mesin_dealer - 2026-08-06T080342.480.xls	HTML table / 5,239 data rows	2026-08-06 08:03:42	Aggregated; raw unit/engine identifiers excluded
06111	CV. WULAN JAYA MOTOR - TEBO	MX0	ICON E:	RFS	Ready	>150	1	Stok_per_no_mesin_dealer - 2026-08-06T080342.480.xls	HTML table / 5,239 data rows	2026-08-06 08:03:42	Aggregated; raw unit/engine identifiers excluded
06111	CV. WULAN JAYA MOTOR - TEBO	MY0	VARIO EVO 160 CBS Nitro	RFS	Intransit	0-30	1	Stok_per_no_mesin_dealer - 2026-08-06T080342.480.xls	HTML table / 5,239 data rows	2026-08-06 08:03:42	Aggregated; raw unit/engine identifiers excluded
06111	CV. WULAN JAYA MOTOR - TEBO	MY0	VARIO EVO 160 CBS Nitro	RFS	Ready	31-60	1	Stok_per_no_mesin_dealer - 2026-08-06T080342.480.xls	HTML table / 5,239 data rows	2026-08-06 08:03:42	Aggregated; raw unit/engine identifiers excluded
06111	CV. WULAN JAYA MOTOR - TEBO	MYA	VARIO EVO 160 CBS	RFS	Intransit	0-30	1	Stok_per_no_mesin_dealer - 2026-08-06T080342.480.xls	HTML table / 5,239 data rows	2026-08-06 08:03:42	Aggregated; raw unit/engine identifiers excluded
06111	CV. WULAN JAYA MOTOR - TEBO	MYA	VARIO EVO 160 CBS	RFS	Ready	0-30	1	Stok_per_no_mesin_dealer - 2026-08-06T080342.480.xls	HTML table / 5,239 data rows	2026-08-06 08:03:42	Aggregated; raw unit/engine identifiers excluded
06111	CV. WULAN JAYA MOTOR - TEBO	MZ0	VARIO EVO 160 ABS	RFS	Intransit	0-30	1	Stok_per_no_mesin_dealer - 2026-08-06T080342.480.xls	HTML table / 5,239 data rows	2026-08-06 08:03:42	Aggregated; raw unit/engine identifiers excluded
06111	CV. WULAN JAYA MOTOR - TEBO	MZ0	VARIO EVO 160 ABS	RFS	Ready	0-30	1	Stok_per_no_mesin_dealer - 2026-08-06T080342.480.xls	HTML table / 5,239 data rows	2026-08-06 08:03:42	Aggregated; raw unit/engine identifiers excluded
06111	CV. WULAN JAYA MOTOR - TEBO	NE0	VARIO 125 CBS ISS	RFS	Intransit	0-30	2	Stok_per_no_mesin_dealer - 2026-08-06T080342.480.xls	HTML table / 5,239 data rows	2026-08-06 08:03:42	Aggregated; raw unit/engine identifiers excluded
06111	CV. WULAN JAYA MOTOR - TEBO	NE0	VARIO 125 CBS ISS	RFS	Ready	0-30	1	Stok_per_no_mesin_dealer - 2026-08-06T080342.480.xls	HTML table / 5,239 data rows	2026-08-06 08:03:42	Aggregated; raw unit/engine identifiers excluded
06111	CV. WULAN JAYA MOTOR - TEBO	NF0	VARIO 125 STREET	RFS	Ready	0-30	1	Stok_per_no_mesin_dealer - 2026-08-06T080342.480.xls	HTML table / 5,239 data rows	2026-08-06 08:03:42	Aggregated; raw unit/engine identifiers excluded
06111	CV. WULAN JAYA MOTOR - TEBO	NF0	VARIO 125 STREET	RFS	Ready	121-150	3	Stok_per_no_mesin_dealer - 2026-08-06T080342.480.xls	HTML table / 5,239 data rows	2026-08-06 08:03:42	Aggregated; raw unit/engine identifiers excluded
06111	CV. WULAN JAYA MOTOR - TEBO	NF0	VARIO 125 STREET	RFS	Ready	91-120	1	Stok_per_no_mesin_dealer - 2026-08-06T080342.480.xls	HTML table / 5,239 data rows	2026-08-06 08:03:42	Aggregated; raw unit/engine identifiers excluded
06112	CV. WULAN JAYA MOTOR - RIMBO	ESK	CRF150L	RFS	Intransit	0-30	1	Stok_per_no_mesin_dealer - 2026-08-06T080342.480.xls	HTML table / 5,239 data rows	2026-08-06 08:03:42	Aggregated; raw unit/engine identifiers excluded
06112	CV. WULAN JAYA MOTOR - RIMBO	ESL	CRF150L	RFS	Intransit	0-30	2	Stok_per_no_mesin_dealer - 2026-08-06T080342.480.xls	HTML table / 5,239 data rows	2026-08-06 08:03:42	Aggregated; raw unit/engine identifiers excluded
06112	CV. WULAN JAYA MOTOR - RIMBO	ESL	CRF150L	RFS	Ready	0-30	3	Stok_per_no_mesin_dealer - 2026-08-06T080342.480.xls	HTML table / 5,239 data rows	2026-08-06 08:03:42	Aggregated; raw unit/engine identifiers excluded
06112	CV. WULAN JAYA MOTOR - RIMBO	ESL	CRF150L	RFS	Ready	91-120	1	Stok_per_no_mesin_dealer - 2026-08-06T080342.480.xls	HTML table / 5,239 data rows	2026-08-06 08:03:42	Aggregated; raw unit/engine identifiers excluded
06112	CV. WULAN JAYA MOTOR - RIMBO	ESL	CRF150L	RFS	Soft Booking	0-30	1	Stok_per_no_mesin_dealer - 2026-08-06T080342.480.xls	HTML table / 5,239 data rows	2026-08-06 08:03:42	Aggregated; raw unit/engine identifiers excluded
06112	CV. WULAN JAYA MOTOR - RIMBO	GB4	REVO FIT	RFS	Intransit	0-30	2	Stok_per_no_mesin_dealer - 2026-08-06T080342.480.xls	HTML table / 5,239 data rows	2026-08-06 08:03:42	Aggregated; raw unit/engine identifiers excluded
06112	CV. WULAN JAYA MOTOR - RIMBO	GB4	REVO FIT	RFS	Ready	0-30	2	Stok_per_no_mesin_dealer - 2026-08-06T080342.480.xls	HTML table / 5,239 data rows	2026-08-06 08:03:42	Aggregated; raw unit/engine identifiers excluded
06112	CV. WULAN JAYA MOTOR - RIMBO	GB4	REVO FIT	RFS	Soft Booking	0-30	4	Stok_per_no_mesin_dealer - 2026-08-06T080342.480.xls	HTML table / 5,239 data rows	2026-08-06 08:03:42	Aggregated; raw unit/engine identifiers excluded
06112	CV. WULAN JAYA MOTOR - RIMBO	GB4	REVO FIT	RFS	Soft Booking	61-90	1	Stok_per_no_mesin_dealer - 2026-08-06T080342.480.xls	HTML table / 5,239 data rows	2026-08-06 08:03:42	Aggregated; raw unit/engine identifiers excluded
06112	CV. WULAN JAYA MOTOR - RIMBO	GD4	REVO X	RFS	Intransit	0-30	4	Stok_per_no_mesin_dealer - 2026-08-06T080342.480.xls	HTML table / 5,239 data rows	2026-08-06 08:03:42	Aggregated; raw unit/engine identifiers excluded
06112	CV. WULAN JAYA MOTOR - RIMBO	GD4	REVO X	RFS	Ready	0-30	2	Stok_per_no_mesin_dealer - 2026-08-06T080342.480.xls	HTML table / 5,239 data rows	2026-08-06 08:03:42	Aggregated; raw unit/engine identifiers excluded
06112	CV. WULAN JAYA MOTOR - RIMBO	GD4	REVO X	RFS	Soft Booking	0-30	5	Stok_per_no_mesin_dealer - 2026-08-06T080342.480.xls	HTML table / 5,239 data rows	2026-08-06 08:03:42	Aggregated; raw unit/engine identifiers excluded
06112	CV. WULAN JAYA MOTOR - RIMBO	GD4	REVO X	RFS	Soft Booking	31-60	2	Stok_per_no_mesin_dealer - 2026-08-06T080342.480.xls	HTML table / 5,239 data rows	2026-08-06 08:03:42	Aggregated; raw unit/engine identifiers excluded
06112	CV. WULAN JAYA MOTOR - RIMBO	GF5	SUPRA X 125 CW	RFS	Ready	0-30	4	Stok_per_no_mesin_dealer - 2026-08-06T080342.480.xls	HTML table / 5,239 data rows	2026-08-06 08:03:42	Aggregated; raw unit/engine identifiers excluded
06112	CV. WULAN JAYA MOTOR - RIMBO	GF5	SUPRA X 125 CW	RFS	Soft Booking	0-30	2	Stok_per_no_mesin_dealer - 2026-08-06T080342.480.xls	HTML table / 5,239 data rows	2026-08-06 08:03:42	Aggregated; raw unit/engine identifiers excluded
06112	CV. WULAN JAYA MOTOR - RIMBO	HJ9	NEW SUPRA GTR150 SPORTY	RFS	Intransit	0-30	1	Stok_per_no_mesin_dealer - 2026-08-06T080342.480.xls	HTML table / 5,239 data rows	2026-08-06 08:03:42	Aggregated; raw unit/engine identifiers excluded
06112	CV. WULAN JAYA MOTOR - RIMBO	HJK	NEW SUPRA GTR150	RFS	Intransit	0-30	1	Stok_per_no_mesin_dealer - 2026-08-06T080342.480.xls	HTML table / 5,239 data rows	2026-08-06 08:03:42	Aggregated; raw unit/engine identifiers excluded
06112	CV. WULAN JAYA MOTOR - RIMBO	JR0	CB150R STREETFIRE	RFS	Ready	31-60	1	Stok_per_no_mesin_dealer - 2026-08-06T080342.480.xls	HTML table / 5,239 data rows	2026-08-06 08:03:42	Aggregated; raw unit/engine identifiers excluded
06112	CV. WULAN JAYA MOTOR - RIMBO	KEA	CBR 150R ABS	RFS	Soft Booking	>150	1	Stok_per_no_mesin_dealer - 2026-08-06T080342.480.xls	HTML table / 5,239 data rows	2026-08-06 08:03:42	Aggregated; raw unit/engine identifiers excluded
06112	CV. WULAN JAYA MOTOR - RIMBO	KF0	CB150 VERZA SW	RFS	Ready	31-60	1	Stok_per_no_mesin_dealer - 2026-08-06T080342.480.xls	HTML table / 5,239 data rows	2026-08-06 08:03:42	Aggregated; raw unit/engine identifiers excluded
06112	CV. WULAN JAYA MOTOR - RIMBO	KG0	CB150 VERZA CW	RFS	Soft Booking	0-30	1	Stok_per_no_mesin_dealer - 2026-08-06T080342.480.xls	HTML table / 5,239 data rows	2026-08-06 08:03:42	Aggregated; raw unit/engine identifiers excluded
06112	CV. WULAN JAYA MOTOR - RIMBO	LZ2	GENIO CBS ISS	RFS	Ready	121-150	1	Stok_per_no_mesin_dealer - 2026-08-06T080342.480.xls	HTML table / 5,239 data rows	2026-08-06 08:03:42	Aggregated; raw unit/engine identifiers excluded
06112	CV. WULAN JAYA MOTOR - RIMBO	LZ2	GENIO CBS ISS	RFS	Ready	61-90	1	Stok_per_no_mesin_dealer - 2026-08-06T080342.480.xls	HTML table / 5,239 data rows	2026-08-06 08:03:42	Aggregated; raw unit/engine identifiers excluded
06112	CV. WULAN JAYA MOTOR - RIMBO	MF1	STYLO 160 CBS	RFS	Intransit	0-30	1	Stok_per_no_mesin_dealer - 2026-08-06T080342.480.xls	HTML table / 5,239 data rows	2026-08-06 08:03:42	Aggregated; raw unit/engine identifiers excluded
06112	CV. WULAN JAYA MOTOR - RIMBO	MG1	STYLO 160 ABS	RFS	Intransit	0-30	4	Stok_per_no_mesin_dealer - 2026-08-06T080342.480.xls	HTML table / 5,239 data rows	2026-08-06 08:03:42	Aggregated; raw unit/engine identifiers excluded
06112	CV. WULAN JAYA MOTOR - RIMBO	MGA	STYLO 160 ABS SPECIAL	RFS	Intransit	0-30	3	Stok_per_no_mesin_dealer - 2026-08-06T080342.480.xls	HTML table / 5,239 data rows	2026-08-06 08:03:42	Aggregated; raw unit/engine identifiers excluded
06112	CV. WULAN JAYA MOTOR - RIMBO	MJ1	BEAT SPORTY CBS	RFS	Ready	0-30	4	Stok_per_no_mesin_dealer - 2026-08-06T080342.480.xls	HTML table / 5,239 data rows	2026-08-06 08:03:42	Aggregated; raw unit/engine identifiers excluded
06112	CV. WULAN JAYA MOTOR - RIMBO	MJ1	BEAT SPORTY CBS	RFS	Ready	31-60	1	Stok_per_no_mesin_dealer - 2026-08-06T080342.480.xls	HTML table / 5,239 data rows	2026-08-06 08:03:42	Aggregated; raw unit/engine identifiers excluded
06112	CV. WULAN JAYA MOTOR - RIMBO	MJ1	BEAT SPORTY CBS	RFS	Ready	61-90	1	Stok_per_no_mesin_dealer - 2026-08-06T080342.480.xls	HTML table / 5,239 data rows	2026-08-06 08:03:42	Aggregated; raw unit/engine identifiers excluded
06112	CV. WULAN JAYA MOTOR - RIMBO	MJ1	BEAT SPORTY CBS	RFS	Soft Booking	0-30	1	Stok_per_no_mesin_dealer - 2026-08-06T080342.480.xls	HTML table / 5,239 data rows	2026-08-06 08:03:42	Aggregated; raw unit/engine identifiers excluded
06112	CV. WULAN JAYA MOTOR - RIMBO	MJ2	BEAT SPORTY CBS	RFS	Intransit	0-30	8	Stok_per_no_mesin_dealer - 2026-08-06T080342.480.xls	HTML table / 5,239 data rows	2026-08-06 08:03:42	Aggregated; raw unit/engine identifiers excluded
06112	CV. WULAN JAYA MOTOR - RIMBO	MJ2	BEAT SPORTY CBS	RFS	Ready	0-30	14	Stok_per_no_mesin_dealer - 2026-08-06T080342.480.xls	HTML table / 5,239 data rows	2026-08-06 08:03:42	Aggregated; raw unit/engine identifiers excluded
06112	CV. WULAN JAYA MOTOR - RIMBO	MJ2	BEAT SPORTY CBS	RFS	Soft Booking	0-30	3	Stok_per_no_mesin_dealer - 2026-08-06T080342.480.xls	HTML table / 5,239 data rows	2026-08-06 08:03:42	Aggregated; raw unit/engine identifiers excluded
06112	CV. WULAN JAYA MOTOR - RIMBO	MK2	BEAT SPORTY CBS ISS	RFS	Ready	0-30	9	Stok_per_no_mesin_dealer - 2026-08-06T080342.480.xls	HTML table / 5,239 data rows	2026-08-06 08:03:42	Aggregated; raw unit/engine identifiers excluded
06112	CV. WULAN JAYA MOTOR - RIMBO	MK2	BEAT SPORTY CBS ISS	RFS	Ready	31-60	4	Stok_per_no_mesin_dealer - 2026-08-06T080342.480.xls	HTML table / 5,239 data rows	2026-08-06 08:03:42	Aggregated; raw unit/engine identifiers excluded
06112	CV. WULAN JAYA MOTOR - RIMBO	ML2	BEAT SPORTY DLX SMART KEY	RFS	Ready	0-30	18	Stok_per_no_mesin_dealer - 2026-08-06T080342.480.xls	HTML table / 5,239 data rows	2026-08-06 08:03:42	Aggregated; raw unit/engine identifiers excluded
06112	CV. WULAN JAYA MOTOR - RIMBO	MM2	BEAT STREET	RFS	Intransit	0-30	5	Stok_per_no_mesin_dealer - 2026-08-06T080342.480.xls	HTML table / 5,239 data rows	2026-08-06 08:03:42	Aggregated; raw unit/engine identifiers excluded
06112	CV. WULAN JAYA MOTOR - RIMBO	MM2	BEAT STREET	RFS	Ready	0-30	14	Stok_per_no_mesin_dealer - 2026-08-06T080342.480.xls	HTML table / 5,239 data rows	2026-08-06 08:03:42	Aggregated; raw unit/engine identifiers excluded
06112	CV. WULAN JAYA MOTOR - RIMBO	MM2	BEAT STREET	RFS	Soft Booking	0-30	5	Stok_per_no_mesin_dealer - 2026-08-06T080342.480.xls	HTML table / 5,239 data rows	2026-08-06 08:03:42	Aggregated; raw unit/engine identifiers excluded
06112	CV. WULAN JAYA MOTOR - RIMBO	MM2	BEAT STREET	RFS	Soft Booking	31-60	2	Stok_per_no_mesin_dealer - 2026-08-06T080342.480.xls	HTML table / 5,239 data rows	2026-08-06 08:03:42	Aggregated; raw unit/engine identifiers excluded
06112	CV. WULAN JAYA MOTOR - RIMBO	MRB	SCOOPY FASHION	RFS	Intransit	0-30	2	Stok_per_no_mesin_dealer - 2026-08-06T080342.480.xls	HTML table / 5,239 data rows	2026-08-06 08:03:42	Aggregated; raw unit/engine identifiers excluded
06112	CV. WULAN JAYA MOTOR - RIMBO	MRB	SCOOPY FASHION	RFS	Ready	0-30	2	Stok_per_no_mesin_dealer - 2026-08-06T080342.480.xls	HTML table / 5,239 data rows	2026-08-06 08:03:42	Aggregated; raw unit/engine identifiers excluded
06112	CV. WULAN JAYA MOTOR - RIMBO	MS1	SCOOPY PRESTIGE	RFS	Intransit	0-30	2	Stok_per_no_mesin_dealer - 2026-08-06T080342.480.xls	HTML table / 5,239 data rows	2026-08-06 08:03:42	Aggregated; raw unit/engine identifiers excluded
06112	CV. WULAN JAYA MOTOR - RIMBO	MS1	SCOOPY PRESTIGE	RFS	Ready	0-30	3	Stok_per_no_mesin_dealer - 2026-08-06T080342.480.xls	HTML table / 5,239 data rows	2026-08-06 08:03:42	Aggregated; raw unit/engine identifiers excluded
06112	CV. WULAN JAYA MOTOR - RIMBO	MS1	SCOOPY PRESTIGE	RFS	Soft Booking	0-30	1	Stok_per_no_mesin_dealer - 2026-08-06T080342.480.xls	HTML table / 5,239 data rows	2026-08-06 08:03:42	Aggregated; raw unit/engine identifiers excluded
06112	CV. WULAN JAYA MOTOR - RIMBO	MSB	SCOOPY STYLISH	RFS	Intransit	0-30	2	Stok_per_no_mesin_dealer - 2026-08-06T080342.480.xls	HTML table / 5,239 data rows	2026-08-06 08:03:42	Aggregated; raw unit/engine identifiers excluded
06112	CV. WULAN JAYA MOTOR - RIMBO	MSB	SCOOPY STYLISH	RFS	Ready	0-30	1	Stok_per_no_mesin_dealer - 2026-08-06T080342.480.xls	HTML table / 5,239 data rows	2026-08-06 08:03:42	Aggregated; raw unit/engine identifiers excluded
06112	CV. WULAN JAYA MOTOR - RIMBO	MT1	PCX160 CBS	RFS	Intransit	0-30	4	Stok_per_no_mesin_dealer - 2026-08-06T080342.480.xls	HTML table / 5,239 data rows	2026-08-06 08:03:42	Aggregated; raw unit/engine identifiers excluded
06112	CV. WULAN JAYA MOTOR - RIMBO	MT1	PCX160 CBS	RFS	Ready	0-30	1	Stok_per_no_mesin_dealer - 2026-08-06T080342.480.xls	HTML table / 5,239 data rows	2026-08-06 08:03:42	Aggregated; raw unit/engine identifiers excluded
06112	CV. WULAN JAYA MOTOR - RIMBO	MV1	PCX160 ABS	RFS	Intransit	0-30	1	Stok_per_no_mesin_dealer - 2026-08-06T080342.480.xls	HTML table / 5,239 data rows	2026-08-06 08:03:42	Aggregated; raw unit/engine identifiers excluded
06112	CV. WULAN JAYA MOTOR - RIMBO	MW1	PCX160 Honda RoadSync	RFS	Intransit	0-30	1	Stok_per_no_mesin_dealer - 2026-08-06T080342.480.xls	HTML table / 5,239 data rows	2026-08-06 08:03:42	Aggregated; raw unit/engine identifiers excluded
06112	CV. WULAN JAYA MOTOR - RIMBO	MX0	ICON E:	RFS	Ready	>150	2	Stok_per_no_mesin_dealer - 2026-08-06T080342.480.xls	HTML table / 5,239 data rows	2026-08-06 08:03:42	Aggregated; raw unit/engine identifiers excluded
06112	CV. WULAN JAYA MOTOR - RIMBO	MY0	VARIO EVO 160 CBS Nitro	RFS	Ready	0-30	2	Stok_per_no_mesin_dealer - 2026-08-06T080342.480.xls	HTML table / 5,239 data rows	2026-08-06 08:03:42	Aggregated; raw unit/engine identifiers excluded
06112	CV. WULAN JAYA MOTOR - RIMBO	MYA	VARIO EVO 160 CBS	RFS	Intransit	0-30	1	Stok_per_no_mesin_dealer - 2026-08-06T080342.480.xls	HTML table / 5,239 data rows	2026-08-06 08:03:42	Aggregated; raw unit/engine identifiers excluded
06112	CV. WULAN JAYA MOTOR - RIMBO	MYA	VARIO EVO 160 CBS	RFS	Ready	0-30	1	Stok_per_no_mesin_dealer - 2026-08-06T080342.480.xls	HTML table / 5,239 data rows	2026-08-06 08:03:42	Aggregated; raw unit/engine identifiers excluded
06112	CV. WULAN JAYA MOTOR - RIMBO	MZ0	VARIO EVO 160 ABS	RFS	Intransit	0-30	1	Stok_per_no_mesin_dealer - 2026-08-06T080342.480.xls	HTML table / 5,239 data rows	2026-08-06 08:03:42	Aggregated; raw unit/engine identifiers excluded
06112	CV. WULAN JAYA MOTOR - RIMBO	NA0	ADV160 CBS	RFS	Ready	0-30	1	Stok_per_no_mesin_dealer - 2026-08-06T080342.480.xls	HTML table / 5,239 data rows	2026-08-06 08:03:42	Aggregated; raw unit/engine identifiers excluded
06112	CV. WULAN JAYA MOTOR - RIMBO	NC0	ADV160 RoadSync	RFS	Ready	0-30	1	Stok_per_no_mesin_dealer - 2026-08-06T080342.480.xls	HTML table / 5,239 data rows	2026-08-06 08:03:42	Aggregated; raw unit/engine identifiers excluded
06112	CV. WULAN JAYA MOTOR - RIMBO	ND0	VARIO 125 CBS	RFS	Soft Booking	0-30	1	Stok_per_no_mesin_dealer - 2026-08-06T080342.480.xls	HTML table / 5,239 data rows	2026-08-06 08:03:42	Aggregated; raw unit/engine identifiers excluded
06112	CV. WULAN JAYA MOTOR - RIMBO	NE0	VARIO 125 CBS ISS	RFS	Intransit	0-30	2	Stok_per_no_mesin_dealer - 2026-08-06T080342.480.xls	HTML table / 5,239 data rows	2026-08-06 08:03:42	Aggregated; raw unit/engine identifiers excluded
06112	CV. WULAN JAYA MOTOR - RIMBO	NE0	VARIO 125 CBS ISS	RFS	Ready	0-30	1	Stok_per_no_mesin_dealer - 2026-08-06T080342.480.xls	HTML table / 5,239 data rows	2026-08-06 08:03:42	Aggregated; raw unit/engine identifiers excluded
06112	CV. WULAN JAYA MOTOR - RIMBO	NF0	VARIO 125 STREET	RFS	Ready	0-30	2	Stok_per_no_mesin_dealer - 2026-08-06T080342.480.xls	HTML table / 5,239 data rows	2026-08-06 08:03:42	Aggregated; raw unit/engine identifiers excluded
06112	CV. WULAN JAYA MOTOR - RIMBO	NF0	VARIO 125 STREET	RFS	Ready	61-90	1	Stok_per_no_mesin_dealer - 2026-08-06T080342.480.xls	HTML table / 5,239 data rows	2026-08-06 08:03:42	Aggregated; raw unit/engine identifiers excluded
06112	CV. WULAN JAYA MOTOR - RIMBO	NF0	VARIO 125 STREET	RFS	Ready	>150	1	Stok_per_no_mesin_dealer - 2026-08-06T080342.480.xls	HTML table / 5,239 data rows	2026-08-06 08:03:42	Aggregated; raw unit/engine identifiers excluded
06935	PT. MEGA WAHANA PESONA - SENGETI	ESL	CRF150L	RFS	Ready	0-30	1	Stok_per_no_mesin_dealer - 2026-08-06T080342.480.xls	HTML table / 5,239 data rows	2026-08-06 08:03:42	Aggregated; raw unit/engine identifiers excluded
06935	PT. MEGA WAHANA PESONA - SENGETI	ESL	CRF150L	RFS	Soft Booking	0-30	2	Stok_per_no_mesin_dealer - 2026-08-06T080342.480.xls	HTML table / 5,239 data rows	2026-08-06 08:03:42	Aggregated; raw unit/engine identifiers excluded
06935	PT. MEGA WAHANA PESONA - SENGETI	GB4	REVO FIT	RFS	Ready	0-30	1	Stok_per_no_mesin_dealer - 2026-08-06T080342.480.xls	HTML table / 5,239 data rows	2026-08-06 08:03:42	Aggregated; raw unit/engine identifiers excluded
06935	PT. MEGA WAHANA PESONA - SENGETI	GB4	REVO FIT	RFS	Soft Booking	0-30	1	Stok_per_no_mesin_dealer - 2026-08-06T080342.480.xls	HTML table / 5,239 data rows	2026-08-06 08:03:42	Aggregated; raw unit/engine identifiers excluded
06935	PT. MEGA WAHANA PESONA - SENGETI	GD4	REVO X	RFS	Ready	0-30	1	Stok_per_no_mesin_dealer - 2026-08-06T080342.480.xls	HTML table / 5,239 data rows	2026-08-06 08:03:42	Aggregated; raw unit/engine identifiers excluded
06935	PT. MEGA WAHANA PESONA - SENGETI	GF5	SUPRA X 125 CW	RFS	Soft Booking	0-30	1	Stok_per_no_mesin_dealer - 2026-08-06T080342.480.xls	HTML table / 5,239 data rows	2026-08-06 08:03:42	Aggregated; raw unit/engine identifiers excluded
06935	PT. MEGA WAHANA PESONA - SENGETI	KF0	CB150 VERZA SW	RFS	Ready	91-120	1	Stok_per_no_mesin_dealer - 2026-08-06T080342.480.xls	HTML table / 5,239 data rows	2026-08-06 08:03:42	Aggregated; raw unit/engine identifiers excluded
06935	PT. MEGA WAHANA PESONA - SENGETI	LZ2	GENIO CBS ISS	RFS	Ready	31-60	1	Stok_per_no_mesin_dealer - 2026-08-06T080342.480.xls	HTML table / 5,239 data rows	2026-08-06 08:03:42	Aggregated; raw unit/engine identifiers excluded
06935	PT. MEGA WAHANA PESONA - SENGETI	MF1	STYLO 160 CBS	RFS	Unfill	0-30	1	Stok_per_no_mesin_dealer - 2026-08-06T080342.480.xls	HTML table / 5,239 data rows	2026-08-06 08:03:42	Aggregated; raw unit/engine identifiers excluded
06935	PT. MEGA WAHANA PESONA - SENGETI	MG1	STYLO 160 ABS	RFS	Unfill	0-30	2	Stok_per_no_mesin_dealer - 2026-08-06T080342.480.xls	HTML table / 5,239 data rows	2026-08-06 08:03:42	Aggregated; raw unit/engine identifiers excluded
06935	PT. MEGA WAHANA PESONA - SENGETI	MJ2	BEAT SPORTY CBS	RFS	Ready	0-30	2	Stok_per_no_mesin_dealer - 2026-08-06T080342.480.xls	HTML table / 5,239 data rows	2026-08-06 08:03:42	Aggregated; raw unit/engine identifiers excluded
06935	PT. MEGA WAHANA PESONA - SENGETI	MJ2	BEAT SPORTY CBS	RFS	Soft Booking	0-30	1	Stok_per_no_mesin_dealer - 2026-08-06T080342.480.xls	HTML table / 5,239 data rows	2026-08-06 08:03:42	Aggregated; raw unit/engine identifiers excluded
06935	PT. MEGA WAHANA PESONA - SENGETI	MK2	BEAT SPORTY CBS ISS	RFS	Ready	0-30	3	Stok_per_no_mesin_dealer - 2026-08-06T080342.480.xls	HTML table / 5,239 data rows	2026-08-06 08:03:42	Aggregated; raw unit/engine identifiers excluded
06935	PT. MEGA WAHANA PESONA - SENGETI	ML2	BEAT SPORTY DLX SMART KEY	RFS	Ready	0-30	1	Stok_per_no_mesin_dealer - 2026-08-06T080342.480.xls	HTML table / 5,239 data rows	2026-08-06 08:03:42	Aggregated; raw unit/engine identifiers excluded
06935	PT. MEGA WAHANA PESONA - SENGETI	ML2	BEAT SPORTY DLX SMART KEY	RFS	Unfill	0-30	2	Stok_per_no_mesin_dealer - 2026-08-06T080342.480.xls	HTML table / 5,239 data rows	2026-08-06 08:03:42	Aggregated; raw unit/engine identifiers excluded
06935	PT. MEGA WAHANA PESONA - SENGETI	MM1	BEAT STREET	RFS	Ready	31-60	2	Stok_per_no_mesin_dealer - 2026-08-06T080342.480.xls	HTML table / 5,239 data rows	2026-08-06 08:03:42	Aggregated; raw unit/engine identifiers excluded
06935	PT. MEGA WAHANA PESONA - SENGETI	MM2	BEAT STREET	RFS	Ready	0-30	1	Stok_per_no_mesin_dealer - 2026-08-06T080342.480.xls	HTML table / 5,239 data rows	2026-08-06 08:03:42	Aggregated; raw unit/engine identifiers excluded
06935	PT. MEGA WAHANA PESONA - SENGETI	MM2	BEAT STREET	RFS	Soft Booking	0-30	1	Stok_per_no_mesin_dealer - 2026-08-06T080342.480.xls	HTML table / 5,239 data rows	2026-08-06 08:03:42	Aggregated; raw unit/engine identifiers excluded
06935	PT. MEGA WAHANA PESONA - SENGETI	MM2	BEAT STREET	RFS	Unfill	0-30	1	Stok_per_no_mesin_dealer - 2026-08-06T080342.480.xls	HTML table / 5,239 data rows	2026-08-06 08:03:42	Aggregated; raw unit/engine identifiers excluded
06935	PT. MEGA WAHANA PESONA - SENGETI	MN0	CUV e:	RFS	Ready	>150	1	Stok_per_no_mesin_dealer - 2026-08-06T080342.480.xls	HTML table / 5,239 data rows	2026-08-06 08:03:42	Aggregated; raw unit/engine identifiers excluded
06935	PT. MEGA WAHANA PESONA - SENGETI	MS1	SCOOPY PRESTIGE	RFS	Ready	0-30	3	Stok_per_no_mesin_dealer - 2026-08-06T080342.480.xls	HTML table / 5,239 data rows	2026-08-06 08:03:42	Aggregated; raw unit/engine identifiers excluded
06935	PT. MEGA WAHANA PESONA - SENGETI	MSB	SCOOPY STYLISH	RFS	Unfill	0-30	1	Stok_per_no_mesin_dealer - 2026-08-06T080342.480.xls	HTML table / 5,239 data rows	2026-08-06 08:03:42	Aggregated; raw unit/engine identifiers excluded
06935	PT. MEGA WAHANA PESONA - SENGETI	MT1	PCX160 CBS	RFS	Ready	0-30	2	Stok_per_no_mesin_dealer - 2026-08-06T080342.480.xls	HTML table / 5,239 data rows	2026-08-06 08:03:42	Aggregated; raw unit/engine identifiers excluded
06935	PT. MEGA WAHANA PESONA - SENGETI	MYA	VARIO EVO 160 CBS	RFS	Ready	0-30	1	Stok_per_no_mesin_dealer - 2026-08-06T080342.480.xls	HTML table / 5,239 data rows	2026-08-06 08:03:42	Aggregated; raw unit/engine identifiers excluded
06935	PT. MEGA WAHANA PESONA - SENGETI	NA0	ADV160 CBS	RFS	Ready	31-60	1	Stok_per_no_mesin_dealer - 2026-08-06T080342.480.xls	HTML table / 5,239 data rows	2026-08-06 08:03:42	Aggregated; raw unit/engine identifiers excluded
06935	PT. MEGA WAHANA PESONA - SENGETI	NF0	VARIO 125 STREET	RFS	Ready	0-30	1	Stok_per_no_mesin_dealer - 2026-08-06T080342.480.xls	HTML table / 5,239 data rows	2026-08-06 08:03:42	Aggregated; raw unit/engine identifiers excluded
06935	PT. MEGA WAHANA PESONA - SENGETI	NF0	VARIO 125 STREET	RFS	Ready	31-60	1	Stok_per_no_mesin_dealer - 2026-08-06T080342.480.xls	HTML table / 5,239 data rows	2026-08-06 08:03:42	Aggregated; raw unit/engine identifiers excluded
06935	PT. MEGA WAHANA PESONA - SENGETI	NF0	VARIO 125 STREET	RFS	Ready	91-120	1	Stok_per_no_mesin_dealer - 2026-08-06T080342.480.xls	HTML table / 5,239 data rows	2026-08-06 08:03:42	Aggregated; raw unit/engine identifiers excluded
07464	PT. CITRA LENCANA SAKTI - PAMENANG	ESL	CRF150L	RFS	Ready	0-30	5	Stok_per_no_mesin_dealer - 2026-08-06T080342.480.xls	HTML table / 5,239 data rows	2026-08-06 08:03:42	Aggregated; raw unit/engine identifiers excluded
07464	PT. CITRA LENCANA SAKTI - PAMENANG	GB4	REVO FIT	NRFS	Ready	>150	1	Stok_per_no_mesin_dealer - 2026-08-06T080342.480.xls	HTML table / 5,239 data rows	2026-08-06 08:03:42	Aggregated; raw unit/engine identifiers excluded
07464	PT. CITRA LENCANA SAKTI - PAMENANG	GB4	REVO FIT	RFS	Ready	0-30	8	Stok_per_no_mesin_dealer - 2026-08-06T080342.480.xls	HTML table / 5,239 data rows	2026-08-06 08:03:42	Aggregated; raw unit/engine identifiers excluded
07464	PT. CITRA LENCANA SAKTI - PAMENANG	GB4	REVO FIT	RFS	Soft Booking	31-60	1	Stok_per_no_mesin_dealer - 2026-08-06T080342.480.xls	HTML table / 5,239 data rows	2026-08-06 08:03:42	Aggregated; raw unit/engine identifiers excluded
07464	PT. CITRA LENCANA SAKTI - PAMENANG	GD4	REVO X	RFS	Ready	0-30	5	Stok_per_no_mesin_dealer - 2026-08-06T080342.480.xls	HTML table / 5,239 data rows	2026-08-06 08:03:42	Aggregated; raw unit/engine identifiers excluded
07464	PT. CITRA LENCANA SAKTI - PAMENANG	GD4	REVO X	RFS	Ready	31-60	1	Stok_per_no_mesin_dealer - 2026-08-06T080342.480.xls	HTML table / 5,239 data rows	2026-08-06 08:03:42	Aggregated; raw unit/engine identifiers excluded
07464	PT. CITRA LENCANA SAKTI - PAMENANG	GD4	REVO X	RFS	Soft Booking	0-30	2	Stok_per_no_mesin_dealer - 2026-08-06T080342.480.xls	HTML table / 5,239 data rows	2026-08-06 08:03:42	Aggregated; raw unit/engine identifiers excluded
07464	PT. CITRA LENCANA SAKTI - PAMENANG	GD4	REVO X	RFS	Soft Booking	31-60	2	Stok_per_no_mesin_dealer - 2026-08-06T080342.480.xls	HTML table / 5,239 data rows	2026-08-06 08:03:42	Aggregated; raw unit/engine identifiers excluded
07464	PT. CITRA LENCANA SAKTI - PAMENANG	GF5	SUPRA X 125 CW	RFS	Ready	0-30	5	Stok_per_no_mesin_dealer - 2026-08-06T080342.480.xls	HTML table / 5,239 data rows	2026-08-06 08:03:42	Aggregated; raw unit/engine identifiers excluded
07464	PT. CITRA LENCANA SAKTI - PAMENANG	GF5	SUPRA X 125 CW	RFS	Soft Booking	0-30	2	Stok_per_no_mesin_dealer - 2026-08-06T080342.480.xls	HTML table / 5,239 data rows	2026-08-06 08:03:42	Aggregated; raw unit/engine identifiers excluded
07464	PT. CITRA LENCANA SAKTI - PAMENANG	GF5	SUPRA X 125 CW	RFS	Soft Booking	31-60	1	Stok_per_no_mesin_dealer - 2026-08-06T080342.480.xls	HTML table / 5,239 data rows	2026-08-06 08:03:42	Aggregated; raw unit/engine identifiers excluded
07464	PT. CITRA LENCANA SAKTI - PAMENANG	HJK	NEW SUPRA GTR150	RFS	Ready	31-60	1	Stok_per_no_mesin_dealer - 2026-08-06T080342.480.xls	HTML table / 5,239 data rows	2026-08-06 08:03:42	Aggregated; raw unit/engine identifiers excluded
07464	PT. CITRA LENCANA SAKTI - PAMENANG	JM2	CBR 150R STD	RFS	Ready	61-90	1	Stok_per_no_mesin_dealer - 2026-08-06T080342.480.xls	HTML table / 5,239 data rows	2026-08-06 08:03:42	Aggregated; raw unit/engine identifiers excluded
07464	PT. CITRA LENCANA SAKTI - PAMENANG	KF0	CB150 VERZA SW	RFS	Ready	61-90	1	Stok_per_no_mesin_dealer - 2026-08-06T080342.480.xls	HTML table / 5,239 data rows	2026-08-06 08:03:42	Aggregated; raw unit/engine identifiers excluded
07464	PT. CITRA LENCANA SAKTI - PAMENANG	KG0	CB150 VERZA CW	RFS	Ready	31-60	2	Stok_per_no_mesin_dealer - 2026-08-06T080342.480.xls	HTML table / 5,239 data rows	2026-08-06 08:03:42	Aggregated; raw unit/engine identifiers excluded
07464	PT. CITRA LENCANA SAKTI - PAMENANG	LV1	VARIO 160 CBS	RFS	Ready	>150	1	Stok_per_no_mesin_dealer - 2026-08-06T080342.480.xls	HTML table / 5,239 data rows	2026-08-06 08:03:42	Aggregated; raw unit/engine identifiers excluded
07464	PT. CITRA LENCANA SAKTI - PAMENANG	LY2	GENIO CBS	RFS	Ready	121-150	1	Stok_per_no_mesin_dealer - 2026-08-06T080342.480.xls	HTML table / 5,239 data rows	2026-08-06 08:03:42	Aggregated; raw unit/engine identifiers excluded
07464	PT. CITRA LENCANA SAKTI - PAMENANG	MG1	STYLO 160 ABS	RFS	Soft Booking	0-30	1	Stok_per_no_mesin_dealer - 2026-08-06T080342.480.xls	HTML table / 5,239 data rows	2026-08-06 08:03:42	Aggregated; raw unit/engine identifiers excluded
07464	PT. CITRA LENCANA SAKTI - PAMENANG	MJ1	BEAT SPORTY CBS	RFS	Ready	0-30	2	Stok_per_no_mesin_dealer - 2026-08-06T080342.480.xls	HTML table / 5,239 data rows	2026-08-06 08:03:42	Aggregated; raw unit/engine identifiers excluded
07464	PT. CITRA LENCANA SAKTI - PAMENANG	MJ1	BEAT SPORTY CBS	RFS	Ready	31-60	1	Stok_per_no_mesin_dealer - 2026-08-06T080342.480.xls	HTML table / 5,239 data rows	2026-08-06 08:03:42	Aggregated; raw unit/engine identifiers excluded
07464	PT. CITRA LENCANA SAKTI - PAMENANG	MJ1	BEAT SPORTY CBS	RFS	Soft Booking	31-60	3	Stok_per_no_mesin_dealer - 2026-08-06T080342.480.xls	HTML table / 5,239 data rows	2026-08-06 08:03:42	Aggregated; raw unit/engine identifiers excluded
07464	PT. CITRA LENCANA SAKTI - PAMENANG	MJ1	BEAT SPORTY CBS	RFS	Soft Booking	91-120	1	Stok_per_no_mesin_dealer - 2026-08-06T080342.480.xls	HTML table / 5,239 data rows	2026-08-06 08:03:42	Aggregated; raw unit/engine identifiers excluded
07464	PT. CITRA LENCANA SAKTI - PAMENANG	MJ2	BEAT SPORTY CBS	RFS	Ready	0-30	4	Stok_per_no_mesin_dealer - 2026-08-06T080342.480.xls	HTML table / 5,239 data rows	2026-08-06 08:03:42	Aggregated; raw unit/engine identifiers excluded
07464	PT. CITRA LENCANA SAKTI - PAMENANG	MJ2	BEAT SPORTY CBS	RFS	Soft Booking	0-30	1	Stok_per_no_mesin_dealer - 2026-08-06T080342.480.xls	HTML table / 5,239 data rows	2026-08-06 08:03:42	Aggregated; raw unit/engine identifiers excluded
07464	PT. CITRA LENCANA SAKTI - PAMENANG	MK1	BEAT SPORTY CBS ISS DELUXE	RFS	Ready	31-60	1	Stok_per_no_mesin_dealer - 2026-08-06T080342.480.xls	HTML table / 5,239 data rows	2026-08-06 08:03:42	Aggregated; raw unit/engine identifiers excluded
07464	PT. CITRA LENCANA SAKTI - PAMENANG	MK2	BEAT SPORTY CBS ISS	RFS	Ready	0-30	1	Stok_per_no_mesin_dealer - 2026-08-06T080342.480.xls	HTML table / 5,239 data rows	2026-08-06 08:03:42	Aggregated; raw unit/engine identifiers excluded
07464	PT. CITRA LENCANA SAKTI - PAMENANG	MK2	BEAT SPORTY CBS ISS	RFS	Ready	31-60	1	Stok_per_no_mesin_dealer - 2026-08-06T080342.480.xls	HTML table / 5,239 data rows	2026-08-06 08:03:42	Aggregated; raw unit/engine identifiers excluded
07464	PT. CITRA LENCANA SAKTI - PAMENANG	MK2	BEAT SPORTY CBS ISS	RFS	Soft Booking	0-30	1	Stok_per_no_mesin_dealer - 2026-08-06T080342.480.xls	HTML table / 5,239 data rows	2026-08-06 08:03:42	Aggregated; raw unit/engine identifiers excluded
07464	PT. CITRA LENCANA SAKTI - PAMENANG	MK2	BEAT SPORTY CBS ISS	RFS	Unfill	0-30	1	Stok_per_no_mesin_dealer - 2026-08-06T080342.480.xls	HTML table / 5,239 data rows	2026-08-06 08:03:42	Aggregated; raw unit/engine identifiers excluded
07464	PT. CITRA LENCANA SAKTI - PAMENANG	ML2	BEAT SPORTY DLX SMART KEY	RFS	Ready	0-30	3	Stok_per_no_mesin_dealer - 2026-08-06T080342.480.xls	HTML table / 5,239 data rows	2026-08-06 08:03:42	Aggregated; raw unit/engine identifiers excluded
07464	PT. CITRA LENCANA SAKTI - PAMENANG	ML2	BEAT SPORTY DLX SMART KEY	RFS	Soft Booking	0-30	2	Stok_per_no_mesin_dealer - 2026-08-06T080342.480.xls	HTML table / 5,239 data rows	2026-08-06 08:03:42	Aggregated; raw unit/engine identifiers excluded
07464	PT. CITRA LENCANA SAKTI - PAMENANG	ML2	BEAT SPORTY DLX SMART KEY	RFS	Unfill	0-30	2	Stok_per_no_mesin_dealer - 2026-08-06T080342.480.xls	HTML table / 5,239 data rows	2026-08-06 08:03:42	Aggregated; raw unit/engine identifiers excluded
07464	PT. CITRA LENCANA SAKTI - PAMENANG	MM2	BEAT STREET	RFS	Ready	0-30	8	Stok_per_no_mesin_dealer - 2026-08-06T080342.480.xls	HTML table / 5,239 data rows	2026-08-06 08:03:42	Aggregated; raw unit/engine identifiers excluded
07464	PT. CITRA LENCANA SAKTI - PAMENANG	MM2	BEAT STREET	RFS	Soft Booking	0-30	9	Stok_per_no_mesin_dealer - 2026-08-06T080342.480.xls	HTML table / 5,239 data rows	2026-08-06 08:03:42	Aggregated; raw unit/engine identifiers excluded
07464	PT. CITRA LENCANA SAKTI - PAMENANG	MM2	BEAT STREET	RFS	Unfill	0-30	1	Stok_per_no_mesin_dealer - 2026-08-06T080342.480.xls	HTML table / 5,239 data rows	2026-08-06 08:03:42	Aggregated; raw unit/engine identifiers excluded
07464	PT. CITRA LENCANA SAKTI - PAMENANG	MN0	CUV e:	RFS	Ready	121-150	1	Stok_per_no_mesin_dealer - 2026-08-06T080342.480.xls	HTML table / 5,239 data rows	2026-08-06 08:03:42	Aggregated; raw unit/engine identifiers excluded
07464	PT. CITRA LENCANA SAKTI - PAMENANG	MRB	SCOOPY FASHION	RFS	Ready	31-60	1	Stok_per_no_mesin_dealer - 2026-08-06T080342.480.xls	HTML table / 5,239 data rows	2026-08-06 08:03:42	Aggregated; raw unit/engine identifiers excluded
07464	PT. CITRA LENCANA SAKTI - PAMENANG	MS1	SCOOPY PRESTIGE	RFS	Ready	0-30	5	Stok_per_no_mesin_dealer - 2026-08-06T080342.480.xls	HTML table / 5,239 data rows	2026-08-06 08:03:42	Aggregated; raw unit/engine identifiers excluded
07464	PT. CITRA LENCANA SAKTI - PAMENANG	MSB	SCOOPY STYLISH	RFS	Ready	0-30	1	Stok_per_no_mesin_dealer - 2026-08-06T080342.480.xls	HTML table / 5,239 data rows	2026-08-06 08:03:42	Aggregated; raw unit/engine identifiers excluded
07464	PT. CITRA LENCANA SAKTI - PAMENANG	MT1	PCX160 CBS	RFS	Ready	0-30	1	Stok_per_no_mesin_dealer - 2026-08-06T080342.480.xls	HTML table / 5,239 data rows	2026-08-06 08:03:42	Aggregated; raw unit/engine identifiers excluded
07464	PT. CITRA LENCANA SAKTI - PAMENANG	MT1	PCX160 CBS	RFS	Soft Booking	31-60	1	Stok_per_no_mesin_dealer - 2026-08-06T080342.480.xls	HTML table / 5,239 data rows	2026-08-06 08:03:42	Aggregated; raw unit/engine identifiers excluded
07464	PT. CITRA LENCANA SAKTI - PAMENANG	MV1	PCX160 ABS	RFS	Ready	0-30	1	Stok_per_no_mesin_dealer - 2026-08-06T080342.480.xls	HTML table / 5,239 data rows	2026-08-06 08:03:42	Aggregated; raw unit/engine identifiers excluded
07464	PT. CITRA LENCANA SAKTI - PAMENANG	MW1	PCX160 Honda RoadSync	RFS	Ready	0-30	1	Stok_per_no_mesin_dealer - 2026-08-06T080342.480.xls	HTML table / 5,239 data rows	2026-08-06 08:03:42	Aggregated; raw unit/engine identifiers excluded
07464	PT. CITRA LENCANA SAKTI - PAMENANG	MY0	VARIO EVO 160 CBS Nitro	RFS	Ready	0-30	1	Stok_per_no_mesin_dealer - 2026-08-06T080342.480.xls	HTML table / 5,239 data rows	2026-08-06 08:03:42	Aggregated; raw unit/engine identifiers excluded
07464	PT. CITRA LENCANA SAKTI - PAMENANG	MY0	VARIO EVO 160 CBS Nitro	RFS	Soft Booking	0-30	1	Stok_per_no_mesin_dealer - 2026-08-06T080342.480.xls	HTML table / 5,239 data rows	2026-08-06 08:03:42	Aggregated; raw unit/engine identifiers excluded
07464	PT. CITRA LENCANA SAKTI - PAMENANG	MYA	VARIO EVO 160 CBS	RFS	Ready	0-30	1	Stok_per_no_mesin_dealer - 2026-08-06T080342.480.xls	HTML table / 5,239 data rows	2026-08-06 08:03:42	Aggregated; raw unit/engine identifiers excluded
07464	PT. CITRA LENCANA SAKTI - PAMENANG	MYA	VARIO EVO 160 CBS	RFS	Soft Booking	0-30	1	Stok_per_no_mesin_dealer - 2026-08-06T080342.480.xls	HTML table / 5,239 data rows	2026-08-06 08:03:42	Aggregated; raw unit/engine identifiers excluded
07464	PT. CITRA LENCANA SAKTI - PAMENANG	MZ0	VARIO EVO 160 ABS	RFS	Ready	0-30	1	Stok_per_no_mesin_dealer - 2026-08-06T080342.480.xls	HTML table / 5,239 data rows	2026-08-06 08:03:42	Aggregated; raw unit/engine identifiers excluded
07464	PT. CITRA LENCANA SAKTI - PAMENANG	NC0	ADV160 RoadSync	RFS	Unfill	0-30	1	Stok_per_no_mesin_dealer - 2026-08-06T080342.480.xls	HTML table / 5,239 data rows	2026-08-06 08:03:42	Aggregated; raw unit/engine identifiers excluded
07464	PT. CITRA LENCANA SAKTI - PAMENANG	NE0	VARIO 125 CBS ISS	RFS	Ready	0-30	1	Stok_per_no_mesin_dealer - 2026-08-06T080342.480.xls	HTML table / 5,239 data rows	2026-08-06 08:03:42	Aggregated; raw unit/engine identifiers excluded
07464	PT. CITRA LENCANA SAKTI - PAMENANG	NF0	VARIO 125 STREET	RFS	Ready	0-30	1	Stok_per_no_mesin_dealer - 2026-08-06T080342.480.xls	HTML table / 5,239 data rows	2026-08-06 08:03:42	Aggregated; raw unit/engine identifiers excluded
07464	PT. CITRA LENCANA SAKTI - PAMENANG	NF0	VARIO 125 STREET	RFS	Ready	61-90	3	Stok_per_no_mesin_dealer - 2026-08-06T080342.480.xls	HTML table / 5,239 data rows	2026-08-06 08:03:42	Aggregated; raw unit/engine identifiers excluded
07464	PT. CITRA LENCANA SAKTI - PAMENANG	NF0	VARIO 125 STREET	RFS	Ready	91-120	2	Stok_per_no_mesin_dealer - 2026-08-06T080342.480.xls	HTML table / 5,239 data rows	2026-08-06 08:03:42	Aggregated; raw unit/engine identifiers excluded
07465	PT. SURYA MANDALA - BAKUNG	ESL	CRF150L	RFS	Ready	0-30	1	Stok_per_no_mesin_dealer - 2026-08-06T080342.480.xls	HTML table / 5,239 data rows	2026-08-06 08:03:42	Aggregated; raw unit/engine identifiers excluded
07465	PT. SURYA MANDALA - BAKUNG	ESL	CRF150L	RFS	Ready	31-60	1	Stok_per_no_mesin_dealer - 2026-08-06T080342.480.xls	HTML table / 5,239 data rows	2026-08-06 08:03:42	Aggregated; raw unit/engine identifiers excluded
07465	PT. SURYA MANDALA - BAKUNG	ESL	CRF150L	RFS	Ready	61-90	1	Stok_per_no_mesin_dealer - 2026-08-06T080342.480.xls	HTML table / 5,239 data rows	2026-08-06 08:03:42	Aggregated; raw unit/engine identifiers excluded
07465	PT. SURYA MANDALA - BAKUNG	GB4	REVO FIT	RFS	Ready	31-60	2	Stok_per_no_mesin_dealer - 2026-08-06T080342.480.xls	HTML table / 5,239 data rows	2026-08-06 08:03:42	Aggregated; raw unit/engine identifiers excluded
07465	PT. SURYA MANDALA - BAKUNG	GD4	REVO X	RFS	Ready	0-30	1	Stok_per_no_mesin_dealer - 2026-08-06T080342.480.xls	HTML table / 5,239 data rows	2026-08-06 08:03:42	Aggregated; raw unit/engine identifiers excluded
07465	PT. SURYA MANDALA - BAKUNG	GD4	REVO X	RFS	Unfill	0-30	1	Stok_per_no_mesin_dealer - 2026-08-06T080342.480.xls	HTML table / 5,239 data rows	2026-08-06 08:03:42	Aggregated; raw unit/engine identifiers excluded
07465	PT. SURYA MANDALA - BAKUNG	GF5	SUPRA X 125 CW	RFS	Ready	0-30	2	Stok_per_no_mesin_dealer - 2026-08-06T080342.480.xls	HTML table / 5,239 data rows	2026-08-06 08:03:42	Aggregated; raw unit/engine identifiers excluded
07465	PT. SURYA MANDALA - BAKUNG	LY2	GENIO CBS	RFS	Ready	>150	1	Stok_per_no_mesin_dealer - 2026-08-06T080342.480.xls	HTML table / 5,239 data rows	2026-08-06 08:03:42	Aggregated; raw unit/engine identifiers excluded
07465	PT. SURYA MANDALA - BAKUNG	LZ2	GENIO CBS ISS	RFS	Ready	>150	1	Stok_per_no_mesin_dealer - 2026-08-06T080342.480.xls	HTML table / 5,239 data rows	2026-08-06 08:03:42	Aggregated; raw unit/engine identifiers excluded
07465	PT. SURYA MANDALA - BAKUNG	MG1	STYLO 160 ABS	RFS	Ready	31-60	1	Stok_per_no_mesin_dealer - 2026-08-06T080342.480.xls	HTML table / 5,239 data rows	2026-08-06 08:03:42	Aggregated; raw unit/engine identifiers excluded
07465	PT. SURYA MANDALA - BAKUNG	MJ2	BEAT SPORTY CBS	RFS	Ready	0-30	1	Stok_per_no_mesin_dealer - 2026-08-06T080342.480.xls	HTML table / 5,239 data rows	2026-08-06 08:03:42	Aggregated; raw unit/engine identifiers excluded
07465	PT. SURYA MANDALA - BAKUNG	MJ2	BEAT SPORTY CBS	RFS	Soft Booking	0-30	1	Stok_per_no_mesin_dealer - 2026-08-06T080342.480.xls	HTML table / 5,239 data rows	2026-08-06 08:03:42	Aggregated; raw unit/engine identifiers excluded
07465	PT. SURYA MANDALA - BAKUNG	MJ2	BEAT SPORTY CBS	RFS	Unfill	0-30	2	Stok_per_no_mesin_dealer - 2026-08-06T080342.480.xls	HTML table / 5,239 data rows	2026-08-06 08:03:42	Aggregated; raw unit/engine identifiers excluded
07465	PT. SURYA MANDALA - BAKUNG	MK2	BEAT SPORTY CBS ISS	RFS	Ready	31-60	1	Stok_per_no_mesin_dealer - 2026-08-06T080342.480.xls	HTML table / 5,239 data rows	2026-08-06 08:03:42	Aggregated; raw unit/engine identifiers excluded
07465	PT. SURYA MANDALA - BAKUNG	MK2	BEAT SPORTY CBS ISS	RFS	Unfill	0-30	2	Stok_per_no_mesin_dealer - 2026-08-06T080342.480.xls	HTML table / 5,239 data rows	2026-08-06 08:03:42	Aggregated; raw unit/engine identifiers excluded
07465	PT. SURYA MANDALA - BAKUNG	ML1	BEAT SPORTY DLX SMART KEY	RFS	Ready	91-120	1	Stok_per_no_mesin_dealer - 2026-08-06T080342.480.xls	HTML table / 5,239 data rows	2026-08-06 08:03:42	Aggregated; raw unit/engine identifiers excluded
07465	PT. SURYA MANDALA - BAKUNG	ML2	BEAT SPORTY DLX SMART KEY	RFS	Ready	0-30	2	Stok_per_no_mesin_dealer - 2026-08-06T080342.480.xls	HTML table / 5,239 data rows	2026-08-06 08:03:42	Aggregated; raw unit/engine identifiers excluded
07465	PT. SURYA MANDALA - BAKUNG	ML2	BEAT SPORTY DLX SMART KEY	RFS	Soft Booking	0-30	1	Stok_per_no_mesin_dealer - 2026-08-06T080342.480.xls	HTML table / 5,239 data rows	2026-08-06 08:03:42	Aggregated; raw unit/engine identifiers excluded
07465	PT. SURYA MANDALA - BAKUNG	MM1	BEAT STREET	RFS	Ready	31-60	1	Stok_per_no_mesin_dealer - 2026-08-06T080342.480.xls	HTML table / 5,239 data rows	2026-08-06 08:03:42	Aggregated; raw unit/engine identifiers excluded
07465	PT. SURYA MANDALA - BAKUNG	MM1	BEAT STREET	RFS	Ready	91-120	1	Stok_per_no_mesin_dealer - 2026-08-06T080342.480.xls	HTML table / 5,239 data rows	2026-08-06 08:03:42	Aggregated; raw unit/engine identifiers excluded
07465	PT. SURYA MANDALA - BAKUNG	MM2	BEAT STREET	RFS	Ready	0-30	1	Stok_per_no_mesin_dealer - 2026-08-06T080342.480.xls	HTML table / 5,239 data rows	2026-08-06 08:03:42	Aggregated; raw unit/engine identifiers excluded
07465	PT. SURYA MANDALA - BAKUNG	MM2	BEAT STREET	RFS	Ready	31-60	1	Stok_per_no_mesin_dealer - 2026-08-06T080342.480.xls	HTML table / 5,239 data rows	2026-08-06 08:03:42	Aggregated; raw unit/engine identifiers excluded
07465	PT. SURYA MANDALA - BAKUNG	MRB	SCOOPY FASHION	RFS	Ready	0-30	3	Stok_per_no_mesin_dealer - 2026-08-06T080342.480.xls	HTML table / 5,239 data rows	2026-08-06 08:03:42	Aggregated; raw unit/engine identifiers excluded
07465	PT. SURYA MANDALA - BAKUNG	MS1	SCOOPY PRESTIGE	RFS	Ready	0-30	3	Stok_per_no_mesin_dealer - 2026-08-06T080342.480.xls	HTML table / 5,239 data rows	2026-08-06 08:03:42	Aggregated; raw unit/engine identifiers excluded
07465	PT. SURYA MANDALA - BAKUNG	MSB	SCOOPY STYLISH	RFS	Ready	0-30	3	Stok_per_no_mesin_dealer - 2026-08-06T080342.480.xls	HTML table / 5,239 data rows	2026-08-06 08:03:42	Aggregated; raw unit/engine identifiers excluded
07465	PT. SURYA MANDALA - BAKUNG	MT1	PCX160 CBS	RFS	Ready	0-30	1	Stok_per_no_mesin_dealer - 2026-08-06T080342.480.xls	HTML table / 5,239 data rows	2026-08-06 08:03:42	Aggregated; raw unit/engine identifiers excluded
07465	PT. SURYA MANDALA - BAKUNG	MX0	ICON E:	RFS	Ready	>150	1	Stok_per_no_mesin_dealer - 2026-08-06T080342.480.xls	HTML table / 5,239 data rows	2026-08-06 08:03:42	Aggregated; raw unit/engine identifiers excluded
07465	PT. SURYA MANDALA - BAKUNG	MYA	VARIO EVO 160 CBS	RFS	Ready	0-30	1	Stok_per_no_mesin_dealer - 2026-08-06T080342.480.xls	HTML table / 5,239 data rows	2026-08-06 08:03:42	Aggregated; raw unit/engine identifiers excluded
07465	PT. SURYA MANDALA - BAKUNG	MZ0	VARIO EVO 160 ABS	RFS	Unfill	0-30	1	Stok_per_no_mesin_dealer - 2026-08-06T080342.480.xls	HTML table / 5,239 data rows	2026-08-06 08:03:42	Aggregated; raw unit/engine identifiers excluded
07465	PT. SURYA MANDALA - BAKUNG	NA0	ADV160 CBS	RFS	Ready	>150	1	Stok_per_no_mesin_dealer - 2026-08-06T080342.480.xls	HTML table / 5,239 data rows	2026-08-06 08:03:42	Aggregated; raw unit/engine identifiers excluded
07465	PT. SURYA MANDALA - BAKUNG	ND0	VARIO 125 CBS	RFS	Ready	0-30	1	Stok_per_no_mesin_dealer - 2026-08-06T080342.480.xls	HTML table / 5,239 data rows	2026-08-06 08:03:42	Aggregated; raw unit/engine identifiers excluded
07465	PT. SURYA MANDALA - BAKUNG	NE0	VARIO 125 CBS ISS	RFS	Ready	0-30	1	Stok_per_no_mesin_dealer - 2026-08-06T080342.480.xls	HTML table / 5,239 data rows	2026-08-06 08:03:42	Aggregated; raw unit/engine identifiers excluded
07465	PT. SURYA MANDALA - BAKUNG	NE0	VARIO 125 CBS ISS	RFS	Ready	>150	1	Stok_per_no_mesin_dealer - 2026-08-06T080342.480.xls	HTML table / 5,239 data rows	2026-08-06 08:03:42	Aggregated; raw unit/engine identifiers excluded
07465	PT. SURYA MANDALA - BAKUNG	NE0	VARIO 125 CBS ISS	RFS	Soft Booking	61-90	1	Stok_per_no_mesin_dealer - 2026-08-06T080342.480.xls	HTML table / 5,239 data rows	2026-08-06 08:03:42	Aggregated; raw unit/engine identifiers excluded
07465	PT. SURYA MANDALA - BAKUNG	NF0	VARIO 125 STREET	RFS	Ready	31-60	1	Stok_per_no_mesin_dealer - 2026-08-06T080342.480.xls	HTML table / 5,239 data rows	2026-08-06 08:03:42	Aggregated; raw unit/engine identifiers excluded
07465	PT. SURYA MANDALA - BAKUNG	NF0	VARIO 125 STREET	RFS	Unfill	0-30	2	Stok_per_no_mesin_dealer - 2026-08-06T080342.480.xls	HTML table / 5,239 data rows	2026-08-06 08:03:42	Aggregated; raw unit/engine identifiers excluded
07628	PT. ASTRA INTERNATIONAL TBK-HONDA	ESK	CRF150L	RFS	Ready	>150	1	Stok_per_no_mesin_dealer - 2026-08-06T080342.480.xls	HTML table / 5,239 data rows	2026-08-06 08:03:42	Aggregated; raw unit/engine identifiers excluded
07628	PT. ASTRA INTERNATIONAL TBK-HONDA	ESL	CRF150L	RFS	Ready	0-30	2	Stok_per_no_mesin_dealer - 2026-08-06T080342.480.xls	HTML table / 5,239 data rows	2026-08-06 08:03:42	Aggregated; raw unit/engine identifiers excluded
07628	PT. ASTRA INTERNATIONAL TBK-HONDA	ESL	CRF150L	RFS	Ready	>150	1	Stok_per_no_mesin_dealer - 2026-08-06T080342.480.xls	HTML table / 5,239 data rows	2026-08-06 08:03:42	Aggregated; raw unit/engine identifiers excluded
07628	PT. ASTRA INTERNATIONAL TBK-HONDA	GB4	REVO FIT	RFS	Ready	0-30	2	Stok_per_no_mesin_dealer - 2026-08-06T080342.480.xls	HTML table / 5,239 data rows	2026-08-06 08:03:42	Aggregated; raw unit/engine identifiers excluded
07628	PT. ASTRA INTERNATIONAL TBK-HONDA	GD4	REVO X	RFS	Ready	0-30	1	Stok_per_no_mesin_dealer - 2026-08-06T080342.480.xls	HTML table / 5,239 data rows	2026-08-06 08:03:42	Aggregated; raw unit/engine identifiers excluded
07628	PT. ASTRA INTERNATIONAL TBK-HONDA	GD4	REVO X	RFS	Soft Booking	0-30	1	Stok_per_no_mesin_dealer - 2026-08-06T080342.480.xls	HTML table / 5,239 data rows	2026-08-06 08:03:42	Aggregated; raw unit/engine identifiers excluded
07628	PT. ASTRA INTERNATIONAL TBK-HONDA	GF5	SUPRA X 125 CW	RFS	Ready	0-30	1	Stok_per_no_mesin_dealer - 2026-08-06T080342.480.xls	HTML table / 5,239 data rows	2026-08-06 08:03:42	Aggregated; raw unit/engine identifiers excluded
07628	PT. ASTRA INTERNATIONAL TBK-HONDA	GF5	SUPRA X 125 CW	RFS	Soft Booking	0-30	1	Stok_per_no_mesin_dealer - 2026-08-06T080342.480.xls	HTML table / 5,239 data rows	2026-08-06 08:03:42	Aggregated; raw unit/engine identifiers excluded
07628	PT. ASTRA INTERNATIONAL TBK-HONDA	HJ9	NEW SUPRA GTR150 SPORTY	RFS	Ready	31-60	1	Stok_per_no_mesin_dealer - 2026-08-06T080342.480.xls	HTML table / 5,239 data rows	2026-08-06 08:03:42	Aggregated; raw unit/engine identifiers excluded
07628	PT. ASTRA INTERNATIONAL TBK-HONDA	HJK	NEW SUPRA GTR150	RFS	Ready	61-90	1	Stok_per_no_mesin_dealer - 2026-08-06T080342.480.xls	HTML table / 5,239 data rows	2026-08-06 08:03:42	Aggregated; raw unit/engine identifiers excluded
07628	PT. ASTRA INTERNATIONAL TBK-HONDA	JS0	CB150R STREETFIRE	RFS	Ready	61-90	1	Stok_per_no_mesin_dealer - 2026-08-06T080342.480.xls	HTML table / 5,239 data rows	2026-08-06 08:03:42	Aggregated; raw unit/engine identifiers excluded
07628	PT. ASTRA INTERNATIONAL TBK-HONDA	KB0	CBR 250RR ABS	RFS	Soft Booking	>150	1	Stok_per_no_mesin_dealer - 2026-08-06T080342.480.xls	HTML table / 5,239 data rows	2026-08-06 08:03:42	Aggregated; raw unit/engine identifiers excluded
07628	PT. ASTRA INTERNATIONAL TBK-HONDA	KG0	CB150 VERZA CW	RFS	Ready	0-30	60	Stok_per_no_mesin_dealer - 2026-08-06T080342.480.xls	HTML table / 5,239 data rows	2026-08-06 08:03:42	Aggregated; raw unit/engine identifiers excluded
07628	PT. ASTRA INTERNATIONAL TBK-HONDA	LY2	GENIO CBS	RFS	Ready	121-150	1	Stok_per_no_mesin_dealer - 2026-08-06T080342.480.xls	HTML table / 5,239 data rows	2026-08-06 08:03:42	Aggregated; raw unit/engine identifiers excluded
07628	PT. ASTRA INTERNATIONAL TBK-HONDA	ME0	EM1 e:	RFS	Ready	>150	2	Stok_per_no_mesin_dealer - 2026-08-06T080342.480.xls	HTML table / 5,239 data rows	2026-08-06 08:03:42	Aggregated; raw unit/engine identifiers excluded
07628	PT. ASTRA INTERNATIONAL TBK-HONDA	MH0	EM1 e: PLUS	RFS	Ready	>150	1	Stok_per_no_mesin_dealer - 2026-08-06T080342.480.xls	HTML table / 5,239 data rows	2026-08-06 08:03:42	Aggregated; raw unit/engine identifiers excluded
07628	PT. ASTRA INTERNATIONAL TBK-HONDA	MJ1	BEAT SPORTY CBS	RFS	Ready	0-30	1	Stok_per_no_mesin_dealer - 2026-08-06T080342.480.xls	HTML table / 5,239 data rows	2026-08-06 08:03:42	Aggregated; raw unit/engine identifiers excluded
07628	PT. ASTRA INTERNATIONAL TBK-HONDA	MJ1	BEAT SPORTY CBS	RFS	Ready	121-150	1	Stok_per_no_mesin_dealer - 2026-08-06T080342.480.xls	HTML table / 5,239 data rows	2026-08-06 08:03:42	Aggregated; raw unit/engine identifiers excluded
07628	PT. ASTRA INTERNATIONAL TBK-HONDA	MJ1	BEAT SPORTY CBS	RFS	Ready	31-60	1	Stok_per_no_mesin_dealer - 2026-08-06T080342.480.xls	HTML table / 5,239 data rows	2026-08-06 08:03:42	Aggregated; raw unit/engine identifiers excluded
07628	PT. ASTRA INTERNATIONAL TBK-HONDA	MJ1	BEAT SPORTY CBS	RFS	Ready	61-90	2	Stok_per_no_mesin_dealer - 2026-08-06T080342.480.xls	HTML table / 5,239 data rows	2026-08-06 08:03:42	Aggregated; raw unit/engine identifiers excluded
07628	PT. ASTRA INTERNATIONAL TBK-HONDA	MJ2	BEAT SPORTY CBS	RFS	Ready	0-30	7	Stok_per_no_mesin_dealer - 2026-08-06T080342.480.xls	HTML table / 5,239 data rows	2026-08-06 08:03:42	Aggregated; raw unit/engine identifiers excluded
07628	PT. ASTRA INTERNATIONAL TBK-HONDA	MJ2	BEAT SPORTY CBS	RFS	Soft Booking	0-30	2	Stok_per_no_mesin_dealer - 2026-08-06T080342.480.xls	HTML table / 5,239 data rows	2026-08-06 08:03:42	Aggregated; raw unit/engine identifiers excluded
07628	PT. ASTRA INTERNATIONAL TBK-HONDA	MJ2	BEAT SPORTY CBS	RFS	Unfill	0-30	3	Stok_per_no_mesin_dealer - 2026-08-06T080342.480.xls	HTML table / 5,239 data rows	2026-08-06 08:03:42	Aggregated; raw unit/engine identifiers excluded
07628	PT. ASTRA INTERNATIONAL TBK-HONDA	MK2	BEAT SPORTY CBS ISS	RFS	Ready	0-30	3	Stok_per_no_mesin_dealer - 2026-08-06T080342.480.xls	HTML table / 5,239 data rows	2026-08-06 08:03:42	Aggregated; raw unit/engine identifiers excluded
07628	PT. ASTRA INTERNATIONAL TBK-HONDA	MK2	BEAT SPORTY CBS ISS	RFS	Ready	31-60	1	Stok_per_no_mesin_dealer - 2026-08-06T080342.480.xls	HTML table / 5,239 data rows	2026-08-06 08:03:42	Aggregated; raw unit/engine identifiers excluded
07628	PT. ASTRA INTERNATIONAL TBK-HONDA	MK2	BEAT SPORTY CBS ISS	RFS	Unfill	0-30	2	Stok_per_no_mesin_dealer - 2026-08-06T080342.480.xls	HTML table / 5,239 data rows	2026-08-06 08:03:42	Aggregated; raw unit/engine identifiers excluded
07628	PT. ASTRA INTERNATIONAL TBK-HONDA	ML2	BEAT SPORTY DLX SMART KEY	RFS	Ready	0-30	3	Stok_per_no_mesin_dealer - 2026-08-06T080342.480.xls	HTML table / 5,239 data rows	2026-08-06 08:03:42	Aggregated; raw unit/engine identifiers excluded
07628	PT. ASTRA INTERNATIONAL TBK-HONDA	ML2	BEAT SPORTY DLX SMART KEY	RFS	Unfill	0-30	1	Stok_per_no_mesin_dealer - 2026-08-06T080342.480.xls	HTML table / 5,239 data rows	2026-08-06 08:03:42	Aggregated; raw unit/engine identifiers excluded
07628	PT. ASTRA INTERNATIONAL TBK-HONDA	MM2	BEAT STREET	RFS	Ready	0-30	6	Stok_per_no_mesin_dealer - 2026-08-06T080342.480.xls	HTML table / 5,239 data rows	2026-08-06 08:03:42	Aggregated; raw unit/engine identifiers excluded
07628	PT. ASTRA INTERNATIONAL TBK-HONDA	MM2	BEAT STREET	RFS	Ready	31-60	1	Stok_per_no_mesin_dealer - 2026-08-06T080342.480.xls	HTML table / 5,239 data rows	2026-08-06 08:03:42	Aggregated; raw unit/engine identifiers excluded
07628	PT. ASTRA INTERNATIONAL TBK-HONDA	MM2	BEAT STREET	RFS	Soft Booking	0-30	2	Stok_per_no_mesin_dealer - 2026-08-06T080342.480.xls	HTML table / 5,239 data rows	2026-08-06 08:03:42	Aggregated; raw unit/engine identifiers excluded
07628	PT. ASTRA INTERNATIONAL TBK-HONDA	MN0	CUV e:	RFS	Ready	>150	3	Stok_per_no_mesin_dealer - 2026-08-06T080342.480.xls	HTML table / 5,239 data rows	2026-08-06 08:03:42	Aggregated; raw unit/engine identifiers excluded
07628	PT. ASTRA INTERNATIONAL TBK-HONDA	MP0	CUV e: RoadSync Duo	RFS	Ready	>150	2	Stok_per_no_mesin_dealer - 2026-08-06T080342.480.xls	HTML table / 5,239 data rows	2026-08-06 08:03:42	Aggregated; raw unit/engine identifiers excluded
07628	PT. ASTRA INTERNATIONAL TBK-HONDA	MRB	SCOOPY FASHION	RFS	Ready	0-30	2	Stok_per_no_mesin_dealer - 2026-08-06T080342.480.xls	HTML table / 5,239 data rows	2026-08-06 08:03:42	Aggregated; raw unit/engine identifiers excluded
07628	PT. ASTRA INTERNATIONAL TBK-HONDA	MS1	SCOOPY PRESTIGE	RFS	Ready	0-30	1	Stok_per_no_mesin_dealer - 2026-08-06T080342.480.xls	HTML table / 5,239 data rows	2026-08-06 08:03:42	Aggregated; raw unit/engine identifiers excluded
07628	PT. ASTRA INTERNATIONAL TBK-HONDA	MS1	SCOOPY PRESTIGE	RFS	Soft Booking	0-30	2	Stok_per_no_mesin_dealer - 2026-08-06T080342.480.xls	HTML table / 5,239 data rows	2026-08-06 08:03:42	Aggregated; raw unit/engine identifiers excluded
07628	PT. ASTRA INTERNATIONAL TBK-HONDA	MS1	SCOOPY PRESTIGE	RFS	Unfill	0-30	2	Stok_per_no_mesin_dealer - 2026-08-06T080342.480.xls	HTML table / 5,239 data rows	2026-08-06 08:03:42	Aggregated; raw unit/engine identifiers excluded
07628	PT. ASTRA INTERNATIONAL TBK-HONDA	MSB	SCOOPY STYLISH	RFS	Ready	0-30	6	Stok_per_no_mesin_dealer - 2026-08-06T080342.480.xls	HTML table / 5,239 data rows	2026-08-06 08:03:42	Aggregated; raw unit/engine identifiers excluded
07628	PT. ASTRA INTERNATIONAL TBK-HONDA	MSB	SCOOPY STYLISH	RFS	Unfill	0-30	3	Stok_per_no_mesin_dealer - 2026-08-06T080342.480.xls	HTML table / 5,239 data rows	2026-08-06 08:03:42	Aggregated; raw unit/engine identifiers excluded
07628	PT. ASTRA INTERNATIONAL TBK-HONDA	MT1	PCX160 CBS	RFS	Unfill	0-30	4	Stok_per_no_mesin_dealer - 2026-08-06T080342.480.xls	HTML table / 5,239 data rows	2026-08-06 08:03:42	Aggregated; raw unit/engine identifiers excluded
07628	PT. ASTRA INTERNATIONAL TBK-HONDA	MV1	PCX160 ABS	RFS	Ready	0-30	1	Stok_per_no_mesin_dealer - 2026-08-06T080342.480.xls	HTML table / 5,239 data rows	2026-08-06 08:03:42	Aggregated; raw unit/engine identifiers excluded
07628	PT. ASTRA INTERNATIONAL TBK-HONDA	MW1	PCX160 Honda RoadSync	RFS	Ready	0-30	1	Stok_per_no_mesin_dealer - 2026-08-06T080342.480.xls	HTML table / 5,239 data rows	2026-08-06 08:03:42	Aggregated; raw unit/engine identifiers excluded
07628	PT. ASTRA INTERNATIONAL TBK-HONDA	MX0	ICON E:	RFS	Ready	>150	6	Stok_per_no_mesin_dealer - 2026-08-06T080342.480.xls	HTML table / 5,239 data rows	2026-08-06 08:03:42	Aggregated; raw unit/engine identifiers excluded
07628	PT. ASTRA INTERNATIONAL TBK-HONDA	MY0	VARIO EVO 160 CBS Nitro	RFS	Ready	0-30	1	Stok_per_no_mesin_dealer - 2026-08-06T080342.480.xls	HTML table / 5,239 data rows	2026-08-06 08:03:42	Aggregated; raw unit/engine identifiers excluded
07628	PT. ASTRA INTERNATIONAL TBK-HONDA	MY0	VARIO EVO 160 CBS Nitro	RFS	Unfill	0-30	1	Stok_per_no_mesin_dealer - 2026-08-06T080342.480.xls	HTML table / 5,239 data rows	2026-08-06 08:03:42	Aggregated; raw unit/engine identifiers excluded
07628	PT. ASTRA INTERNATIONAL TBK-HONDA	MYA	VARIO EVO 160 CBS	RFS	Ready	0-30	1	Stok_per_no_mesin_dealer - 2026-08-06T080342.480.xls	HTML table / 5,239 data rows	2026-08-06 08:03:42	Aggregated; raw unit/engine identifiers excluded
07628	PT. ASTRA INTERNATIONAL TBK-HONDA	MYA	VARIO EVO 160 CBS	RFS	Soft Booking	0-30	2	Stok_per_no_mesin_dealer - 2026-08-06T080342.480.xls	HTML table / 5,239 data rows	2026-08-06 08:03:42	Aggregated; raw unit/engine identifiers excluded
07628	PT. ASTRA INTERNATIONAL TBK-HONDA	ND0	VARIO 125 CBS	RFS	Ready	0-30	1	Stok_per_no_mesin_dealer - 2026-08-06T080342.480.xls	HTML table / 5,239 data rows	2026-08-06 08:03:42	Aggregated; raw unit/engine identifiers excluded
07628	PT. ASTRA INTERNATIONAL TBK-HONDA	ND0	VARIO 125 CBS	RFS	Soft Booking	0-30	1	Stok_per_no_mesin_dealer - 2026-08-06T080342.480.xls	HTML table / 5,239 data rows	2026-08-06 08:03:42	Aggregated; raw unit/engine identifiers excluded
07628	PT. ASTRA INTERNATIONAL TBK-HONDA	ND0	VARIO 125 CBS	RFS	Soft Booking	>150	1	Stok_per_no_mesin_dealer - 2026-08-06T080342.480.xls	HTML table / 5,239 data rows	2026-08-06 08:03:42	Aggregated; raw unit/engine identifiers excluded
07628	PT. ASTRA INTERNATIONAL TBK-HONDA	ND0	VARIO 125 CBS	RFS	Unfill	0-30	1	Stok_per_no_mesin_dealer - 2026-08-06T080342.480.xls	HTML table / 5,239 data rows	2026-08-06 08:03:42	Aggregated; raw unit/engine identifiers excluded
07628	PT. ASTRA INTERNATIONAL TBK-HONDA	NE0	VARIO 125 CBS ISS	RFS	Ready	0-30	2	Stok_per_no_mesin_dealer - 2026-08-06T080342.480.xls	HTML table / 5,239 data rows	2026-08-06 08:03:42	Aggregated; raw unit/engine identifiers excluded
07628	PT. ASTRA INTERNATIONAL TBK-HONDA	NF0	VARIO 125 STREET	RFS	Ready	61-90	2	Stok_per_no_mesin_dealer - 2026-08-06T080342.480.xls	HTML table / 5,239 data rows	2026-08-06 08:03:42	Aggregated; raw unit/engine identifiers excluded
07628	PT. ASTRA INTERNATIONAL TBK-HONDA	NF0	VARIO 125 STREET	RFS	Ready	91-120	2	Stok_per_no_mesin_dealer - 2026-08-06T080342.480.xls	HTML table / 5,239 data rows	2026-08-06 08:03:42	Aggregated; raw unit/engine identifiers excluded
07628	PT. ASTRA INTERNATIONAL TBK-HONDA	NF0	VARIO 125 STREET	RFS	Ready	>150	1	Stok_per_no_mesin_dealer - 2026-08-06T080342.480.xls	HTML table / 5,239 data rows	2026-08-06 08:03:42	Aggregated; raw unit/engine identifiers excluded
07628	PT. ASTRA INTERNATIONAL TBK-HONDA	NF0	VARIO 125 STREET	RFS	Soft Booking	>150	1	Stok_per_no_mesin_dealer - 2026-08-06T080342.480.xls	HTML table / 5,239 data rows	2026-08-06 08:03:42	Aggregated; raw unit/engine identifiers excluded
07628.1	POS ASTRA - LIVERPOOL	ESL	CRF150L	RFS	Ready	61-90	1	Stok_per_no_mesin_dealer - 2026-08-06T080342.480.xls	HTML table / 5,239 data rows	2026-08-06 08:03:42	Aggregated; raw unit/engine identifiers excluded
07628.1	POS ASTRA - LIVERPOOL	ESL	CRF150L	RFS	Soft Booking	0-30	1	Stok_per_no_mesin_dealer - 2026-08-06T080342.480.xls	HTML table / 5,239 data rows	2026-08-06 08:03:42	Aggregated; raw unit/engine identifiers excluded
07628.1	POS ASTRA - LIVERPOOL	GB4	REVO FIT	RFS	Ready	121-150	1	Stok_per_no_mesin_dealer - 2026-08-06T080342.480.xls	HTML table / 5,239 data rows	2026-08-06 08:03:42	Aggregated; raw unit/engine identifiers excluded
07628.1	POS ASTRA - LIVERPOOL	GB4	REVO FIT	RFS	Soft Booking	121-150	1	Stok_per_no_mesin_dealer - 2026-08-06T080342.480.xls	HTML table / 5,239 data rows	2026-08-06 08:03:42	Aggregated; raw unit/engine identifiers excluded
07628.1	POS ASTRA - LIVERPOOL	GB4	REVO FIT	RFS	Soft Booking	>150	1	Stok_per_no_mesin_dealer - 2026-08-06T080342.480.xls	HTML table / 5,239 data rows	2026-08-06 08:03:42	Aggregated; raw unit/engine identifiers excluded
07628.1	POS ASTRA - LIVERPOOL	GD4	REVO X	RFS	Ready	31-60	1	Stok_per_no_mesin_dealer - 2026-08-06T080342.480.xls	HTML table / 5,239 data rows	2026-08-06 08:03:42	Aggregated; raw unit/engine identifiers excluded
07628.1	POS ASTRA - LIVERPOOL	GD4	REVO X	RFS	Soft Booking	121-150	1	Stok_per_no_mesin_dealer - 2026-08-06T080342.480.xls	HTML table / 5,239 data rows	2026-08-06 08:03:42	Aggregated; raw unit/engine identifiers excluded
07628.1	POS ASTRA - LIVERPOOL	GF5	SUPRA X 125 CW	RFS	Ready	0-30	1	Stok_per_no_mesin_dealer - 2026-08-06T080342.480.xls	HTML table / 5,239 data rows	2026-08-06 08:03:42	Aggregated; raw unit/engine identifiers excluded
07628.1	POS ASTRA - LIVERPOOL	GF5	SUPRA X 125 CW	RFS	Soft Booking	31-60	2	Stok_per_no_mesin_dealer - 2026-08-06T080342.480.xls	HTML table / 5,239 data rows	2026-08-06 08:03:42	Aggregated; raw unit/engine identifiers excluded
07628.1	POS ASTRA - LIVERPOOL	GF5	SUPRA X 125 CW	RFS	Soft Booking	91-120	1	Stok_per_no_mesin_dealer - 2026-08-06T080342.480.xls	HTML table / 5,239 data rows	2026-08-06 08:03:42	Aggregated; raw unit/engine identifiers excluded
07628.1	POS ASTRA - LIVERPOOL	HJ9	NEW SUPRA GTR150 SPORTY	RFS	Ready	0-30	1	Stok_per_no_mesin_dealer - 2026-08-06T080342.480.xls	HTML table / 5,239 data rows	2026-08-06 08:03:42	Aggregated; raw unit/engine identifiers excluded
07628.1	POS ASTRA - LIVERPOOL	JMM	CBR 150R STD	RFS	Soft Booking	31-60	1	Stok_per_no_mesin_dealer - 2026-08-06T080342.480.xls	HTML table / 5,239 data rows	2026-08-06 08:03:42	Aggregated; raw unit/engine identifiers excluded
07628.1	POS ASTRA - LIVERPOOL	JR0	CB150R STREETFIRE	RFS	Ready	>150	1	Stok_per_no_mesin_dealer - 2026-08-06T080342.480.xls	HTML table / 5,239 data rows	2026-08-06 08:03:42	Aggregated; raw unit/engine identifiers excluded
07628.1	POS ASTRA - LIVERPOOL	KF0	CB150 VERZA SW	RFS	Ready	91-120	1	Stok_per_no_mesin_dealer - 2026-08-06T080342.480.xls	HTML table / 5,239 data rows	2026-08-06 08:03:42	Aggregated; raw unit/engine identifiers excluded
07628.1	POS ASTRA - LIVERPOOL	LY2	GENIO CBS	RFS	Ready	91-120	1	Stok_per_no_mesin_dealer - 2026-08-06T080342.480.xls	HTML table / 5,239 data rows	2026-08-06 08:03:42	Aggregated; raw unit/engine identifiers excluded
07628.1	POS ASTRA - LIVERPOOL	MF1	STYLO 160 CBS	RFS	Ready	0-30	1	Stok_per_no_mesin_dealer - 2026-08-06T080342.480.xls	HTML table / 5,239 data rows	2026-08-06 08:03:42	Aggregated; raw unit/engine identifiers excluded
07628.1	POS ASTRA - LIVERPOOL	MJ1	BEAT SPORTY CBS	RFS	Ready	0-30	3	Stok_per_no_mesin_dealer - 2026-08-06T080342.480.xls	HTML table / 5,239 data rows	2026-08-06 08:03:42	Aggregated; raw unit/engine identifiers excluded
07628.1	POS ASTRA - LIVERPOOL	MJ1	BEAT SPORTY CBS	RFS	Ready	31-60	3	Stok_per_no_mesin_dealer - 2026-08-06T080342.480.xls	HTML table / 5,239 data rows	2026-08-06 08:03:42	Aggregated; raw unit/engine identifiers excluded
07628.1	POS ASTRA - LIVERPOOL	MJ1	BEAT SPORTY CBS	RFS	Ready	61-90	1	Stok_per_no_mesin_dealer - 2026-08-06T080342.480.xls	HTML table / 5,239 data rows	2026-08-06 08:03:42	Aggregated; raw unit/engine identifiers excluded
07628.1	POS ASTRA - LIVERPOOL	MJ1	BEAT SPORTY CBS	RFS	Soft Booking	121-150	2	Stok_per_no_mesin_dealer - 2026-08-06T080342.480.xls	HTML table / 5,239 data rows	2026-08-06 08:03:42	Aggregated; raw unit/engine identifiers excluded
07628.1	POS ASTRA - LIVERPOOL	MJ1	BEAT SPORTY CBS	RFS	Soft Booking	31-60	2	Stok_per_no_mesin_dealer - 2026-08-06T080342.480.xls	HTML table / 5,239 data rows	2026-08-06 08:03:42	Aggregated; raw unit/engine identifiers excluded
07628.1	POS ASTRA - LIVERPOOL	MJ2	BEAT SPORTY CBS	RFS	Ready	0-30	4	Stok_per_no_mesin_dealer - 2026-08-06T080342.480.xls	HTML table / 5,239 data rows	2026-08-06 08:03:42	Aggregated; raw unit/engine identifiers excluded
07628.1	POS ASTRA - LIVERPOOL	MJ2	BEAT SPORTY CBS	RFS	Soft Booking	0-30	1	Stok_per_no_mesin_dealer - 2026-08-06T080342.480.xls	HTML table / 5,239 data rows	2026-08-06 08:03:42	Aggregated; raw unit/engine identifiers excluded
07628.1	POS ASTRA - LIVERPOOL	MJ2	BEAT SPORTY CBS	RFS	Unfill	0-30	2	Stok_per_no_mesin_dealer - 2026-08-06T080342.480.xls	HTML table / 5,239 data rows	2026-08-06 08:03:42	Aggregated; raw unit/engine identifiers excluded
07628.1	POS ASTRA - LIVERPOOL	MK1	BEAT SPORTY CBS ISS DELUXE	RFS	Ready	0-30	1	Stok_per_no_mesin_dealer - 2026-08-06T080342.480.xls	HTML table / 5,239 data rows	2026-08-06 08:03:42	Aggregated; raw unit/engine identifiers excluded
07628.1	POS ASTRA - LIVERPOOL	MK2	BEAT SPORTY CBS ISS	RFS	Ready	0-30	1	Stok_per_no_mesin_dealer - 2026-08-06T080342.480.xls	HTML table / 5,239 data rows	2026-08-06 08:03:42	Aggregated; raw unit/engine identifiers excluded
07628.1	POS ASTRA - LIVERPOOL	MK2	BEAT SPORTY CBS ISS	RFS	Soft Booking	0-30	2	Stok_per_no_mesin_dealer - 2026-08-06T080342.480.xls	HTML table / 5,239 data rows	2026-08-06 08:03:42	Aggregated; raw unit/engine identifiers excluded
07628.1	POS ASTRA - LIVERPOOL	MK2	BEAT SPORTY CBS ISS	RFS	Soft Booking	31-60	1	Stok_per_no_mesin_dealer - 2026-08-06T080342.480.xls	HTML table / 5,239 data rows	2026-08-06 08:03:42	Aggregated; raw unit/engine identifiers excluded
07628.1	POS ASTRA - LIVERPOOL	ML2	BEAT SPORTY DLX SMART KEY	RFS	Ready	0-30	3	Stok_per_no_mesin_dealer - 2026-08-06T080342.480.xls	HTML table / 5,239 data rows	2026-08-06 08:03:42	Aggregated; raw unit/engine identifiers excluded
07628.1	POS ASTRA - LIVERPOOL	ML2	BEAT SPORTY DLX SMART KEY	RFS	Soft Booking	0-30	1	Stok_per_no_mesin_dealer - 2026-08-06T080342.480.xls	HTML table / 5,239 data rows	2026-08-06 08:03:42	Aggregated; raw unit/engine identifiers excluded
07628.1	POS ASTRA - LIVERPOOL	ML2	BEAT SPORTY DLX SMART KEY	RFS	Unfill	0-30	1	Stok_per_no_mesin_dealer - 2026-08-06T080342.480.xls	HTML table / 5,239 data rows	2026-08-06 08:03:42	Aggregated; raw unit/engine identifiers excluded
07628.1	POS ASTRA - LIVERPOOL	MM1	BEAT STREET	RFS	Ready	61-90	2	Stok_per_no_mesin_dealer - 2026-08-06T080342.480.xls	HTML table / 5,239 data rows	2026-08-06 08:03:42	Aggregated; raw unit/engine identifiers excluded
07628.1	POS ASTRA - LIVERPOOL	MM1	BEAT STREET	RFS	Soft Booking	121-150	1	Stok_per_no_mesin_dealer - 2026-08-06T080342.480.xls	HTML table / 5,239 data rows	2026-08-06 08:03:42	Aggregated; raw unit/engine identifiers excluded
07628.1	POS ASTRA - LIVERPOOL	MM1	BEAT STREET	RFS	Soft Booking	91-120	1	Stok_per_no_mesin_dealer - 2026-08-06T080342.480.xls	HTML table / 5,239 data rows	2026-08-06 08:03:42	Aggregated; raw unit/engine identifiers excluded
07628.1	POS ASTRA - LIVERPOOL	MM2	BEAT STREET	RFS	Ready	0-30	2	Stok_per_no_mesin_dealer - 2026-08-06T080342.480.xls	HTML table / 5,239 data rows	2026-08-06 08:03:42	Aggregated; raw unit/engine identifiers excluded
07628.1	POS ASTRA - LIVERPOOL	MM2	BEAT STREET	RFS	Soft Booking	0-30	3	Stok_per_no_mesin_dealer - 2026-08-06T080342.480.xls	HTML table / 5,239 data rows	2026-08-06 08:03:42	Aggregated; raw unit/engine identifiers excluded
07628.1	POS ASTRA - LIVERPOOL	MS1	SCOOPY PRESTIGE	RFS	Unfill	0-30	3	Stok_per_no_mesin_dealer - 2026-08-06T080342.480.xls	HTML table / 5,239 data rows	2026-08-06 08:03:42	Aggregated; raw unit/engine identifiers excluded
07628.1	POS ASTRA - LIVERPOOL	MSB	SCOOPY STYLISH	RFS	Unfill	0-30	2	Stok_per_no_mesin_dealer - 2026-08-06T080342.480.xls	HTML table / 5,239 data rows	2026-08-06 08:03:42	Aggregated; raw unit/engine identifiers excluded
07628.1	POS ASTRA - LIVERPOOL	MT1	PCX160 CBS	RFS	Soft Booking	0-30	1	Stok_per_no_mesin_dealer - 2026-08-06T080342.480.xls	HTML table / 5,239 data rows	2026-08-06 08:03:42	Aggregated; raw unit/engine identifiers excluded
07628.1	POS ASTRA - LIVERPOOL	MT1	PCX160 CBS	RFS	Unfill	0-30	1	Stok_per_no_mesin_dealer - 2026-08-06T080342.480.xls	HTML table / 5,239 data rows	2026-08-06 08:03:42	Aggregated; raw unit/engine identifiers excluded
07628.1	POS ASTRA - LIVERPOOL	MV1	PCX160 ABS	RFS	Soft Booking	0-30	1	Stok_per_no_mesin_dealer - 2026-08-06T080342.480.xls	HTML table / 5,239 data rows	2026-08-06 08:03:42	Aggregated; raw unit/engine identifiers excluded
07628.1	POS ASTRA - LIVERPOOL	MW1	PCX160 Honda RoadSync	RFS	Unfill	0-30	1	Stok_per_no_mesin_dealer - 2026-08-06T080342.480.xls	HTML table / 5,239 data rows	2026-08-06 08:03:42	Aggregated; raw unit/engine identifiers excluded
07628.1	POS ASTRA - LIVERPOOL	MX0	ICON E:	RFS	Ready	>150	1	Stok_per_no_mesin_dealer - 2026-08-06T080342.480.xls	HTML table / 5,239 data rows	2026-08-06 08:03:42	Aggregated; raw unit/engine identifiers excluded
07628.1	POS ASTRA - LIVERPOOL	MY0	VARIO EVO 160 CBS Nitro	RFS	Ready	0-30	1	Stok_per_no_mesin_dealer - 2026-08-06T080342.480.xls	HTML table / 5,239 data rows	2026-08-06 08:03:42	Aggregated; raw unit/engine identifiers excluded
07628.1	POS ASTRA - LIVERPOOL	MYA	VARIO EVO 160 CBS	RFS	Ready	0-30	1	Stok_per_no_mesin_dealer - 2026-08-06T080342.480.xls	HTML table / 5,239 data rows	2026-08-06 08:03:42	Aggregated; raw unit/engine identifiers excluded
07628.1	POS ASTRA - LIVERPOOL	MZ0	VARIO EVO 160 ABS	RFS	Soft Booking	0-30	1	Stok_per_no_mesin_dealer - 2026-08-06T080342.480.xls	HTML table / 5,239 data rows	2026-08-06 08:03:42	Aggregated; raw unit/engine identifiers excluded
07628.1	POS ASTRA - LIVERPOOL	ND0	VARIO 125 CBS	RFS	Unfill	0-30	1	Stok_per_no_mesin_dealer - 2026-08-06T080342.480.xls	HTML table / 5,239 data rows	2026-08-06 08:03:42	Aggregated; raw unit/engine identifiers excluded
07628.1	POS ASTRA - LIVERPOOL	NF0	VARIO 125 STREET	RFS	Ready	0-30	1	Stok_per_no_mesin_dealer - 2026-08-06T080342.480.xls	HTML table / 5,239 data rows	2026-08-06 08:03:42	Aggregated; raw unit/engine identifiers excluded
07628.1	POS ASTRA - LIVERPOOL	NF0	VARIO 125 STREET	RFS	Ready	61-90	2	Stok_per_no_mesin_dealer - 2026-08-06T080342.480.xls	HTML table / 5,239 data rows	2026-08-06 08:03:42	Aggregated; raw unit/engine identifiers excluded
07628.1	POS ASTRA - LIVERPOOL	NF0	VARIO 125 STREET	RFS	Ready	91-120	1	Stok_per_no_mesin_dealer - 2026-08-06T080342.480.xls	HTML table / 5,239 data rows	2026-08-06 08:03:42	Aggregated; raw unit/engine identifiers excluded
07628.1	POS ASTRA - LIVERPOOL	NF0	VARIO 125 STREET	RFS	Ready	>150	1	Stok_per_no_mesin_dealer - 2026-08-06T080342.480.xls	HTML table / 5,239 data rows	2026-08-06 08:03:42	Aggregated; raw unit/engine identifiers excluded
07628.1	POS ASTRA - LIVERPOOL	NF0	VARIO 125 STREET	RFS	Soft Booking	61-90	1	Stok_per_no_mesin_dealer - 2026-08-06T080342.480.xls	HTML table / 5,239 data rows	2026-08-06 08:03:42	Aggregated; raw unit/engine identifiers excluded
07717	ANUGRAH HONDA MOTOR	ESL	CRF150L	RFS	Intransit	0-30	1	Stok_per_no_mesin_dealer - 2026-08-06T080342.480.xls	HTML table / 5,239 data rows	2026-08-06 08:03:42	Aggregated; raw unit/engine identifiers excluded
07717	ANUGRAH HONDA MOTOR	ESL	CRF150L	RFS	Ready	0-30	4	Stok_per_no_mesin_dealer - 2026-08-06T080342.480.xls	HTML table / 5,239 data rows	2026-08-06 08:03:42	Aggregated; raw unit/engine identifiers excluded
07717	ANUGRAH HONDA MOTOR	ESL	CRF150L	RFS	Soft Booking	0-30	2	Stok_per_no_mesin_dealer - 2026-08-06T080342.480.xls	HTML table / 5,239 data rows	2026-08-06 08:03:42	Aggregated; raw unit/engine identifiers excluded
07717	ANUGRAH HONDA MOTOR	GB4	REVO FIT	RFS	Ready	0-30	1	Stok_per_no_mesin_dealer - 2026-08-06T080342.480.xls	HTML table / 5,239 data rows	2026-08-06 08:03:42	Aggregated; raw unit/engine identifiers excluded
07717	ANUGRAH HONDA MOTOR	GB4	REVO FIT	RFS	Soft Booking	0-30	3	Stok_per_no_mesin_dealer - 2026-08-06T080342.480.xls	HTML table / 5,239 data rows	2026-08-06 08:03:42	Aggregated; raw unit/engine identifiers excluded
07717	ANUGRAH HONDA MOTOR	GB4	REVO FIT	RFS	Unfill	0-30	4	Stok_per_no_mesin_dealer - 2026-08-06T080342.480.xls	HTML table / 5,239 data rows	2026-08-06 08:03:42	Aggregated; raw unit/engine identifiers excluded
07717	ANUGRAH HONDA MOTOR	GD4	REVO X	RFS	Ready	0-30	1	Stok_per_no_mesin_dealer - 2026-08-06T080342.480.xls	HTML table / 5,239 data rows	2026-08-06 08:03:42	Aggregated; raw unit/engine identifiers excluded
07717	ANUGRAH HONDA MOTOR	GD4	REVO X	RFS	Soft Booking	0-30	1	Stok_per_no_mesin_dealer - 2026-08-06T080342.480.xls	HTML table / 5,239 data rows	2026-08-06 08:03:42	Aggregated; raw unit/engine identifiers excluded
07717	ANUGRAH HONDA MOTOR	GD4	REVO X	RFS	Unfill	0-30	6	Stok_per_no_mesin_dealer - 2026-08-06T080342.480.xls	HTML table / 5,239 data rows	2026-08-06 08:03:42	Aggregated; raw unit/engine identifiers excluded
07717	ANUGRAH HONDA MOTOR	GF5	SUPRA X 125 CW	RFS	Intransit	0-30	2	Stok_per_no_mesin_dealer - 2026-08-06T080342.480.xls	HTML table / 5,239 data rows	2026-08-06 08:03:42	Aggregated; raw unit/engine identifiers excluded
07717	ANUGRAH HONDA MOTOR	GF5	SUPRA X 125 CW	RFS	Ready	0-30	1	Stok_per_no_mesin_dealer - 2026-08-06T080342.480.xls	HTML table / 5,239 data rows	2026-08-06 08:03:42	Aggregated; raw unit/engine identifiers excluded
07717	ANUGRAH HONDA MOTOR	GF5	SUPRA X 125 CW	RFS	Soft Booking	0-30	1	Stok_per_no_mesin_dealer - 2026-08-06T080342.480.xls	HTML table / 5,239 data rows	2026-08-06 08:03:42	Aggregated; raw unit/engine identifiers excluded
07717	ANUGRAH HONDA MOTOR	HJ9	NEW SUPRA GTR150 SPORTY	RFS	Unfill	0-30	1	Stok_per_no_mesin_dealer - 2026-08-06T080342.480.xls	HTML table / 5,239 data rows	2026-08-06 08:03:42	Aggregated; raw unit/engine identifiers excluded
07717	ANUGRAH HONDA MOTOR	JMM	CBR 150R STD	RFS	Ready	0-30	1	Stok_per_no_mesin_dealer - 2026-08-06T080342.480.xls	HTML table / 5,239 data rows	2026-08-06 08:03:42	Aggregated; raw unit/engine identifiers excluded
07717	ANUGRAH HONDA MOTOR	JS0	CB150R STREETFIRE	RFS	Ready	61-90	1	Stok_per_no_mesin_dealer - 2026-08-06T080342.480.xls	HTML table / 5,239 data rows	2026-08-06 08:03:42	Aggregated; raw unit/engine identifiers excluded
07717	ANUGRAH HONDA MOTOR	KF0	CB150 VERZA SW	RFS	Ready	>150	1	Stok_per_no_mesin_dealer - 2026-08-06T080342.480.xls	HTML table / 5,239 data rows	2026-08-06 08:03:42	Aggregated; raw unit/engine identifiers excluded
07717	ANUGRAH HONDA MOTOR	LY2	GENIO CBS	RFS	Ready	>150	1	Stok_per_no_mesin_dealer - 2026-08-06T080342.480.xls	HTML table / 5,239 data rows	2026-08-06 08:03:42	Aggregated; raw unit/engine identifiers excluded
07717	ANUGRAH HONDA MOTOR	LZ2	GENIO CBS ISS	RFS	Ready	121-150	1	Stok_per_no_mesin_dealer - 2026-08-06T080342.480.xls	HTML table / 5,239 data rows	2026-08-06 08:03:42	Aggregated; raw unit/engine identifiers excluded
07717	ANUGRAH HONDA MOTOR	MF1	STYLO 160 CBS	RFS	Soft Booking	0-30	1	Stok_per_no_mesin_dealer - 2026-08-06T080342.480.xls	HTML table / 5,239 data rows	2026-08-06 08:03:42	Aggregated; raw unit/engine identifiers excluded
07717	ANUGRAH HONDA MOTOR	MG1	STYLO 160 ABS	RFS	Ready	0-30	1	Stok_per_no_mesin_dealer - 2026-08-06T080342.480.xls	HTML table / 5,239 data rows	2026-08-06 08:03:42	Aggregated; raw unit/engine identifiers excluded
07717	ANUGRAH HONDA MOTOR	MJ1	BEAT SPORTY CBS	RFS	Ready	0-30	1	Stok_per_no_mesin_dealer - 2026-08-06T080342.480.xls	HTML table / 5,239 data rows	2026-08-06 08:03:42	Aggregated; raw unit/engine identifiers excluded
07717	ANUGRAH HONDA MOTOR	MJ2	BEAT SPORTY CBS	RFS	Intransit	0-30	1	Stok_per_no_mesin_dealer - 2026-08-06T080342.480.xls	HTML table / 5,239 data rows	2026-08-06 08:03:42	Aggregated; raw unit/engine identifiers excluded
07717	ANUGRAH HONDA MOTOR	MJ2	BEAT SPORTY CBS	RFS	Ready	0-30	2	Stok_per_no_mesin_dealer - 2026-08-06T080342.480.xls	HTML table / 5,239 data rows	2026-08-06 08:03:42	Aggregated; raw unit/engine identifiers excluded
07717	ANUGRAH HONDA MOTOR	MJ2	BEAT SPORTY CBS	RFS	Unfill	0-30	3	Stok_per_no_mesin_dealer - 2026-08-06T080342.480.xls	HTML table / 5,239 data rows	2026-08-06 08:03:42	Aggregated; raw unit/engine identifiers excluded
07717	ANUGRAH HONDA MOTOR	MK2	BEAT SPORTY CBS ISS	RFS	Ready	0-30	2	Stok_per_no_mesin_dealer - 2026-08-06T080342.480.xls	HTML table / 5,239 data rows	2026-08-06 08:03:42	Aggregated; raw unit/engine identifiers excluded
07717	ANUGRAH HONDA MOTOR	MK2	BEAT SPORTY CBS ISS	RFS	Soft Booking	0-30	1	Stok_per_no_mesin_dealer - 2026-08-06T080342.480.xls	HTML table / 5,239 data rows	2026-08-06 08:03:42	Aggregated; raw unit/engine identifiers excluded
07717	ANUGRAH HONDA MOTOR	MK2	BEAT SPORTY CBS ISS	RFS	Unfill	0-30	2	Stok_per_no_mesin_dealer - 2026-08-06T080342.480.xls	HTML table / 5,239 data rows	2026-08-06 08:03:42	Aggregated; raw unit/engine identifiers excluded
07717	ANUGRAH HONDA MOTOR	ML2	BEAT SPORTY DLX SMART KEY	RFS	Intransit	0-30	1	Stok_per_no_mesin_dealer - 2026-08-06T080342.480.xls	HTML table / 5,239 data rows	2026-08-06 08:03:42	Aggregated; raw unit/engine identifiers excluded
07717	ANUGRAH HONDA MOTOR	ML2	BEAT SPORTY DLX SMART KEY	RFS	Ready	0-30	4	Stok_per_no_mesin_dealer - 2026-08-06T080342.480.xls	HTML table / 5,239 data rows	2026-08-06 08:03:42	Aggregated; raw unit/engine identifiers excluded
07717	ANUGRAH HONDA MOTOR	MM2	BEAT STREET	RFS	Intransit	0-30	6	Stok_per_no_mesin_dealer - 2026-08-06T080342.480.xls	HTML table / 5,239 data rows	2026-08-06 08:03:42	Aggregated; raw unit/engine identifiers excluded
07717	ANUGRAH HONDA MOTOR	MM2	BEAT STREET	RFS	Ready	0-30	3	Stok_per_no_mesin_dealer - 2026-08-06T080342.480.xls	HTML table / 5,239 data rows	2026-08-06 08:03:42	Aggregated; raw unit/engine identifiers excluded
07717	ANUGRAH HONDA MOTOR	MM2	BEAT STREET	RFS	Unfill	0-30	3	Stok_per_no_mesin_dealer - 2026-08-06T080342.480.xls	HTML table / 5,239 data rows	2026-08-06 08:03:42	Aggregated; raw unit/engine identifiers excluded
07717	ANUGRAH HONDA MOTOR	MN0	CUV e:	RFS	Ready	>150	1	Stok_per_no_mesin_dealer - 2026-08-06T080342.480.xls	HTML table / 5,239 data rows	2026-08-06 08:03:42	Aggregated; raw unit/engine identifiers excluded
07717	ANUGRAH HONDA MOTOR	MRB	SCOOPY FASHION	RFS	Intransit	0-30	3	Stok_per_no_mesin_dealer - 2026-08-06T080342.480.xls	HTML table / 5,239 data rows	2026-08-06 08:03:42	Aggregated; raw unit/engine identifiers excluded
07717	ANUGRAH HONDA MOTOR	MS1	SCOOPY PRESTIGE	RFS	Intransit	0-30	1	Stok_per_no_mesin_dealer - 2026-08-06T080342.480.xls	HTML table / 5,239 data rows	2026-08-06 08:03:42	Aggregated; raw unit/engine identifiers excluded
07717	ANUGRAH HONDA MOTOR	MS1	SCOOPY PRESTIGE	RFS	Ready	0-30	1	Stok_per_no_mesin_dealer - 2026-08-06T080342.480.xls	HTML table / 5,239 data rows	2026-08-06 08:03:42	Aggregated; raw unit/engine identifiers excluded
07717	ANUGRAH HONDA MOTOR	MS1	SCOOPY PRESTIGE	RFS	Unfill	0-30	3	Stok_per_no_mesin_dealer - 2026-08-06T080342.480.xls	HTML table / 5,239 data rows	2026-08-06 08:03:42	Aggregated; raw unit/engine identifiers excluded
07717	ANUGRAH HONDA MOTOR	MSB	SCOOPY STYLISH	RFS	Intransit	0-30	1	Stok_per_no_mesin_dealer - 2026-08-06T080342.480.xls	HTML table / 5,239 data rows	2026-08-06 08:03:42	Aggregated; raw unit/engine identifiers excluded
07717	ANUGRAH HONDA MOTOR	MT1	PCX160 CBS	RFS	Ready	0-30	1	Stok_per_no_mesin_dealer - 2026-08-06T080342.480.xls	HTML table / 5,239 data rows	2026-08-06 08:03:42	Aggregated; raw unit/engine identifiers excluded
07717	ANUGRAH HONDA MOTOR	MT1	PCX160 CBS	RFS	Soft Booking	31-60	1	Stok_per_no_mesin_dealer - 2026-08-06T080342.480.xls	HTML table / 5,239 data rows	2026-08-06 08:03:42	Aggregated; raw unit/engine identifiers excluded
07717	ANUGRAH HONDA MOTOR	MT1	PCX160 CBS	RFS	Unfill	0-30	1	Stok_per_no_mesin_dealer - 2026-08-06T080342.480.xls	HTML table / 5,239 data rows	2026-08-06 08:03:42	Aggregated; raw unit/engine identifiers excluded
07717	ANUGRAH HONDA MOTOR	MV1	PCX160 ABS	RFS	Ready	61-90	1	Stok_per_no_mesin_dealer - 2026-08-06T080342.480.xls	HTML table / 5,239 data rows	2026-08-06 08:03:42	Aggregated; raw unit/engine identifiers excluded
07717	ANUGRAH HONDA MOTOR	MX0	ICON E:	RFS	Ready	>150	1	Stok_per_no_mesin_dealer - 2026-08-06T080342.480.xls	HTML table / 5,239 data rows	2026-08-06 08:03:42	Aggregated; raw unit/engine identifiers excluded
07717	ANUGRAH HONDA MOTOR	MY0	VARIO EVO 160 CBS Nitro	RFS	Soft Booking	0-30	2	Stok_per_no_mesin_dealer - 2026-08-06T080342.480.xls	HTML table / 5,239 data rows	2026-08-06 08:03:42	Aggregated; raw unit/engine identifiers excluded
07717	ANUGRAH HONDA MOTOR	MYA	VARIO EVO 160 CBS	RFS	Ready	0-30	1	Stok_per_no_mesin_dealer - 2026-08-06T080342.480.xls	HTML table / 5,239 data rows	2026-08-06 08:03:42	Aggregated; raw unit/engine identifiers excluded
07717	ANUGRAH HONDA MOTOR	MYA	VARIO EVO 160 CBS	RFS	Unfill	0-30	1	Stok_per_no_mesin_dealer - 2026-08-06T080342.480.xls	HTML table / 5,239 data rows	2026-08-06 08:03:42	Aggregated; raw unit/engine identifiers excluded
07717	ANUGRAH HONDA MOTOR	MZ0	VARIO EVO 160 ABS	RFS	Ready	0-30	1	Stok_per_no_mesin_dealer - 2026-08-06T080342.480.xls	HTML table / 5,239 data rows	2026-08-06 08:03:42	Aggregated; raw unit/engine identifiers excluded
07717	ANUGRAH HONDA MOTOR	NE0	VARIO 125 CBS ISS	RFS	Unfill	0-30	1	Stok_per_no_mesin_dealer - 2026-08-06T080342.480.xls	HTML table / 5,239 data rows	2026-08-06 08:03:42	Aggregated; raw unit/engine identifiers excluded
07717	ANUGRAH HONDA MOTOR	NF0	VARIO 125 STREET	RFS	Ready	0-30	2	Stok_per_no_mesin_dealer - 2026-08-06T080342.480.xls	HTML table / 5,239 data rows	2026-08-06 08:03:42	Aggregated; raw unit/engine identifiers excluded
07717	ANUGRAH HONDA MOTOR	NF0	VARIO 125 STREET	RFS	Ready	31-60	2	Stok_per_no_mesin_dealer - 2026-08-06T080342.480.xls	HTML table / 5,239 data rows	2026-08-06 08:03:42	Aggregated; raw unit/engine identifiers excluded
07717	ANUGRAH HONDA MOTOR	NF0	VARIO 125 STREET	RFS	Ready	61-90	2	Stok_per_no_mesin_dealer - 2026-08-06T080342.480.xls	HTML table / 5,239 data rows	2026-08-06 08:03:42	Aggregated; raw unit/engine identifiers excluded
07717	ANUGRAH HONDA MOTOR	NF0	VARIO 125 STREET	RFS	Unfill	0-30	1	Stok_per_no_mesin_dealer - 2026-08-06T080342.480.xls	HTML table / 5,239 data rows	2026-08-06 08:03:42	Aggregated; raw unit/engine identifiers excluded
07719	PT. MEGA WAHANA PESONA - SIMP. RIMBO	ESL	CRF150L	RFS	Ready	0-30	1	Stok_per_no_mesin_dealer - 2026-08-06T080342.480.xls	HTML table / 5,239 data rows	2026-08-06 08:03:42	Aggregated; raw unit/engine identifiers excluded
07719	PT. MEGA WAHANA PESONA - SIMP. RIMBO	GB4	REVO FIT	RFS	Ready	0-30	2	Stok_per_no_mesin_dealer - 2026-08-06T080342.480.xls	HTML table / 5,239 data rows	2026-08-06 08:03:42	Aggregated; raw unit/engine identifiers excluded
07719	PT. MEGA WAHANA PESONA - SIMP. RIMBO	GD4	REVO X	RFS	Ready	0-30	1	Stok_per_no_mesin_dealer - 2026-08-06T080342.480.xls	HTML table / 5,239 data rows	2026-08-06 08:03:42	Aggregated; raw unit/engine identifiers excluded
07719	PT. MEGA WAHANA PESONA - SIMP. RIMBO	GD4	REVO X	RFS	Soft Booking	31-60	1	Stok_per_no_mesin_dealer - 2026-08-06T080342.480.xls	HTML table / 5,239 data rows	2026-08-06 08:03:42	Aggregated; raw unit/engine identifiers excluded
07719	PT. MEGA WAHANA PESONA - SIMP. RIMBO	GF5	SUPRA X 125 CW	RFS	Ready	0-30	3	Stok_per_no_mesin_dealer - 2026-08-06T080342.480.xls	HTML table / 5,239 data rows	2026-08-06 08:03:42	Aggregated; raw unit/engine identifiers excluded
07719	PT. MEGA WAHANA PESONA - SIMP. RIMBO	MF1	STYLO 160 CBS	RFS	Ready	0-30	1	Stok_per_no_mesin_dealer - 2026-08-06T080342.480.xls	HTML table / 5,239 data rows	2026-08-06 08:03:42	Aggregated; raw unit/engine identifiers excluded
07719	PT. MEGA WAHANA PESONA - SIMP. RIMBO	MJ1	BEAT SPORTY CBS	RFS	Soft Booking	31-60	1	Stok_per_no_mesin_dealer - 2026-08-06T080342.480.xls	HTML table / 5,239 data rows	2026-08-06 08:03:42	Aggregated; raw unit/engine identifiers excluded
07719	PT. MEGA WAHANA PESONA - SIMP. RIMBO	MJ2	BEAT SPORTY CBS	RFS	Intransit	0-30	1	Stok_per_no_mesin_dealer - 2026-08-06T080342.480.xls	HTML table / 5,239 data rows	2026-08-06 08:03:42	Aggregated; raw unit/engine identifiers excluded
07719	PT. MEGA WAHANA PESONA - SIMP. RIMBO	MJ2	BEAT SPORTY CBS	RFS	Ready	0-30	1	Stok_per_no_mesin_dealer - 2026-08-06T080342.480.xls	HTML table / 5,239 data rows	2026-08-06 08:03:42	Aggregated; raw unit/engine identifiers excluded
07719	PT. MEGA WAHANA PESONA - SIMP. RIMBO	MJ2	BEAT SPORTY CBS	RFS	Soft Booking	0-30	1	Stok_per_no_mesin_dealer - 2026-08-06T080342.480.xls	HTML table / 5,239 data rows	2026-08-06 08:03:42	Aggregated; raw unit/engine identifiers excluded
07719	PT. MEGA WAHANA PESONA - SIMP. RIMBO	MJ2	BEAT SPORTY CBS	RFS	Unfill	0-30	1	Stok_per_no_mesin_dealer - 2026-08-06T080342.480.xls	HTML table / 5,239 data rows	2026-08-06 08:03:42	Aggregated; raw unit/engine identifiers excluded
07719	PT. MEGA WAHANA PESONA - SIMP. RIMBO	MK1	BEAT SPORTY CBS ISS DELUXE	RFS	Soft Booking	31-60	1	Stok_per_no_mesin_dealer - 2026-08-06T080342.480.xls	HTML table / 5,239 data rows	2026-08-06 08:03:42	Aggregated; raw unit/engine identifiers excluded
07719	PT. MEGA WAHANA PESONA - SIMP. RIMBO	MK2	BEAT SPORTY CBS ISS	RFS	Ready	0-30	2	Stok_per_no_mesin_dealer - 2026-08-06T080342.480.xls	HTML table / 5,239 data rows	2026-08-06 08:03:42	Aggregated; raw unit/engine identifiers excluded
07719	PT. MEGA WAHANA PESONA - SIMP. RIMBO	ML1	BEAT SPORTY DLX SMART KEY	RFS	Ready	61-90	1	Stok_per_no_mesin_dealer - 2026-08-06T080342.480.xls	HTML table / 5,239 data rows	2026-08-06 08:03:42	Aggregated; raw unit/engine identifiers excluded
07719	PT. MEGA WAHANA PESONA - SIMP. RIMBO	ML1	BEAT SPORTY DLX SMART KEY	RFS	Soft Booking	61-90	1	Stok_per_no_mesin_dealer - 2026-08-06T080342.480.xls	HTML table / 5,239 data rows	2026-08-06 08:03:42	Aggregated; raw unit/engine identifiers excluded
07719	PT. MEGA WAHANA PESONA - SIMP. RIMBO	ML2	BEAT SPORTY DLX SMART KEY	RFS	Ready	0-30	2	Stok_per_no_mesin_dealer - 2026-08-06T080342.480.xls	HTML table / 5,239 data rows	2026-08-06 08:03:42	Aggregated; raw unit/engine identifiers excluded
07719	PT. MEGA WAHANA PESONA - SIMP. RIMBO	ML2	BEAT SPORTY DLX SMART KEY	RFS	Unfill	0-30	1	Stok_per_no_mesin_dealer - 2026-08-06T080342.480.xls	HTML table / 5,239 data rows	2026-08-06 08:03:42	Aggregated; raw unit/engine identifiers excluded
07719	PT. MEGA WAHANA PESONA - SIMP. RIMBO	MM1	BEAT STREET	RFS	Soft Booking	31-60	1	Stok_per_no_mesin_dealer - 2026-08-06T080342.480.xls	HTML table / 5,239 data rows	2026-08-06 08:03:42	Aggregated; raw unit/engine identifiers excluded
07719	PT. MEGA WAHANA PESONA - SIMP. RIMBO	MM2	BEAT STREET	RFS	Ready	0-30	2	Stok_per_no_mesin_dealer - 2026-08-06T080342.480.xls	HTML table / 5,239 data rows	2026-08-06 08:03:42	Aggregated; raw unit/engine identifiers excluded
07719	PT. MEGA WAHANA PESONA - SIMP. RIMBO	MRB	SCOOPY FASHION	RFS	Soft Booking	61-90	1	Stok_per_no_mesin_dealer - 2026-08-06T080342.480.xls	HTML table / 5,239 data rows	2026-08-06 08:03:42	Aggregated; raw unit/engine identifiers excluded
07719	PT. MEGA WAHANA PESONA - SIMP. RIMBO	MS1	SCOOPY PRESTIGE	RFS	Intransit	0-30	1	Stok_per_no_mesin_dealer - 2026-08-06T080342.480.xls	HTML table / 5,239 data rows	2026-08-06 08:03:42	Aggregated; raw unit/engine identifiers excluded
07719	PT. MEGA WAHANA PESONA - SIMP. RIMBO	MS1	SCOOPY PRESTIGE	RFS	Ready	0-30	2	Stok_per_no_mesin_dealer - 2026-08-06T080342.480.xls	HTML table / 5,239 data rows	2026-08-06 08:03:42	Aggregated; raw unit/engine identifiers excluded
07719	PT. MEGA WAHANA PESONA - SIMP. RIMBO	MSB	SCOOPY STYLISH	RFS	Ready	0-30	2	Stok_per_no_mesin_dealer - 2026-08-06T080342.480.xls	HTML table / 5,239 data rows	2026-08-06 08:03:42	Aggregated; raw unit/engine identifiers excluded
07719	PT. MEGA WAHANA PESONA - SIMP. RIMBO	MSB	SCOOPY STYLISH	RFS	Soft Booking	0-30	1	Stok_per_no_mesin_dealer - 2026-08-06T080342.480.xls	HTML table / 5,239 data rows	2026-08-06 08:03:42	Aggregated; raw unit/engine identifiers excluded
07719	PT. MEGA WAHANA PESONA - SIMP. RIMBO	MT1	PCX160 CBS	RFS	Soft Booking	0-30	1	Stok_per_no_mesin_dealer - 2026-08-06T080342.480.xls	HTML table / 5,239 data rows	2026-08-06 08:03:42	Aggregated; raw unit/engine identifiers excluded
07719	PT. MEGA WAHANA PESONA - SIMP. RIMBO	MV1	PCX160 ABS	RFS	Ready	0-30	2	Stok_per_no_mesin_dealer - 2026-08-06T080342.480.xls	HTML table / 5,239 data rows	2026-08-06 08:03:42	Aggregated; raw unit/engine identifiers excluded
07719	PT. MEGA WAHANA PESONA - SIMP. RIMBO	MW1	PCX160 Honda RoadSync	RFS	Ready	0-30	1	Stok_per_no_mesin_dealer - 2026-08-06T080342.480.xls	HTML table / 5,239 data rows	2026-08-06 08:03:42	Aggregated; raw unit/engine identifiers excluded
07719	PT. MEGA WAHANA PESONA - SIMP. RIMBO	MY0	VARIO EVO 160 CBS Nitro	RFS	Intransit	0-30	1	Stok_per_no_mesin_dealer - 2026-08-06T080342.480.xls	HTML table / 5,239 data rows	2026-08-06 08:03:42	Aggregated; raw unit/engine identifiers excluded
07719	PT. MEGA WAHANA PESONA - SIMP. RIMBO	MZ0	VARIO EVO 160 ABS	RFS	Ready	0-30	1	Stok_per_no_mesin_dealer - 2026-08-06T080342.480.xls	HTML table / 5,239 data rows	2026-08-06 08:03:42	Aggregated; raw unit/engine identifiers excluded
07719	PT. MEGA WAHANA PESONA - SIMP. RIMBO	MZ0	VARIO EVO 160 ABS	RFS	Ready	31-60	1	Stok_per_no_mesin_dealer - 2026-08-06T080342.480.xls	HTML table / 5,239 data rows	2026-08-06 08:03:42	Aggregated; raw unit/engine identifiers excluded
07719	PT. MEGA WAHANA PESONA - SIMP. RIMBO	NE0	VARIO 125 CBS ISS	RFS	Ready	0-30	1	Stok_per_no_mesin_dealer - 2026-08-06T080342.480.xls	HTML table / 5,239 data rows	2026-08-06 08:03:42	Aggregated; raw unit/engine identifiers excluded
07719	PT. MEGA WAHANA PESONA - SIMP. RIMBO	NF0	VARIO 125 STREET	RFS	Ready	>150	1	Stok_per_no_mesin_dealer - 2026-08-06T080342.480.xls	HTML table / 5,239 data rows	2026-08-06 08:03:42	Aggregated; raw unit/engine identifiers excluded
07720	PT. BULAN MOTOR - MERLUNG	ESL	CRF150L	RFS	Intransit	0-30	2	Stok_per_no_mesin_dealer - 2026-08-06T080342.480.xls	HTML table / 5,239 data rows	2026-08-06 08:03:42	Aggregated; raw unit/engine identifiers excluded
07720	PT. BULAN MOTOR - MERLUNG	ESL	CRF150L	RFS	Ready	0-30	2	Stok_per_no_mesin_dealer - 2026-08-06T080342.480.xls	HTML table / 5,239 data rows	2026-08-06 08:03:42	Aggregated; raw unit/engine identifiers excluded
07720	PT. BULAN MOTOR - MERLUNG	GB4	REVO FIT	RFS	Intransit	0-30	3	Stok_per_no_mesin_dealer - 2026-08-06T080342.480.xls	HTML table / 5,239 data rows	2026-08-06 08:03:42	Aggregated; raw unit/engine identifiers excluded
07720	PT. BULAN MOTOR - MERLUNG	GB4	REVO FIT	RFS	Ready	0-30	4	Stok_per_no_mesin_dealer - 2026-08-06T080342.480.xls	HTML table / 5,239 data rows	2026-08-06 08:03:42	Aggregated; raw unit/engine identifiers excluded
07720	PT. BULAN MOTOR - MERLUNG	GB4	REVO FIT	RFS	Soft Booking	0-30	3	Stok_per_no_mesin_dealer - 2026-08-06T080342.480.xls	HTML table / 5,239 data rows	2026-08-06 08:03:42	Aggregated; raw unit/engine identifiers excluded
07720	PT. BULAN MOTOR - MERLUNG	GB4	REVO FIT	RFS	Soft Booking	61-90	1	Stok_per_no_mesin_dealer - 2026-08-06T080342.480.xls	HTML table / 5,239 data rows	2026-08-06 08:03:42	Aggregated; raw unit/engine identifiers excluded
07720	PT. BULAN MOTOR - MERLUNG	GD4	REVO X	RFS	Intransit	0-30	5	Stok_per_no_mesin_dealer - 2026-08-06T080342.480.xls	HTML table / 5,239 data rows	2026-08-06 08:03:42	Aggregated; raw unit/engine identifiers excluded
07720	PT. BULAN MOTOR - MERLUNG	GD4	REVO X	RFS	Ready	0-30	1	Stok_per_no_mesin_dealer - 2026-08-06T080342.480.xls	HTML table / 5,239 data rows	2026-08-06 08:03:42	Aggregated; raw unit/engine identifiers excluded
07720	PT. BULAN MOTOR - MERLUNG	GD4	REVO X	RFS	Soft Booking	0-30	2	Stok_per_no_mesin_dealer - 2026-08-06T080342.480.xls	HTML table / 5,239 data rows	2026-08-06 08:03:42	Aggregated; raw unit/engine identifiers excluded
07720	PT. BULAN MOTOR - MERLUNG	GF5	SUPRA X 125 CW	RFS	Intransit	0-30	1	Stok_per_no_mesin_dealer - 2026-08-06T080342.480.xls	HTML table / 5,239 data rows	2026-08-06 08:03:42	Aggregated; raw unit/engine identifiers excluded
07720	PT. BULAN MOTOR - MERLUNG	GF5	SUPRA X 125 CW	RFS	Ready	0-30	1	Stok_per_no_mesin_dealer - 2026-08-06T080342.480.xls	HTML table / 5,239 data rows	2026-08-06 08:03:42	Aggregated; raw unit/engine identifiers excluded
07720	PT. BULAN MOTOR - MERLUNG	GF5	SUPRA X 125 CW	RFS	Soft Booking	0-30	3	Stok_per_no_mesin_dealer - 2026-08-06T080342.480.xls	HTML table / 5,239 data rows	2026-08-06 08:03:42	Aggregated; raw unit/engine identifiers excluded
07720	PT. BULAN MOTOR - MERLUNG	GF5	SUPRA X 125 CW	RFS	Soft Booking	91-120	1	Stok_per_no_mesin_dealer - 2026-08-06T080342.480.xls	HTML table / 5,239 data rows	2026-08-06 08:03:42	Aggregated; raw unit/engine identifiers excluded
07720	PT. BULAN MOTOR - MERLUNG	HJK	NEW SUPRA GTR150	RFS	Ready	0-30	1	Stok_per_no_mesin_dealer - 2026-08-06T080342.480.xls	HTML table / 5,239 data rows	2026-08-06 08:03:42	Aggregated; raw unit/engine identifiers excluded
07720	PT. BULAN MOTOR - MERLUNG	JS0	CB150R STREETFIRE	RFS	Ready	>150	1	Stok_per_no_mesin_dealer - 2026-08-06T080342.480.xls	HTML table / 5,239 data rows	2026-08-06 08:03:42	Aggregated; raw unit/engine identifiers excluded
07720	PT. BULAN MOTOR - MERLUNG	KEA	CBR 150R ABS	RFS	Ready	61-90	1	Stok_per_no_mesin_dealer - 2026-08-06T080342.480.xls	HTML table / 5,239 data rows	2026-08-06 08:03:42	Aggregated; raw unit/engine identifiers excluded
07720	PT. BULAN MOTOR - MERLUNG	KF0	CB150 VERZA SW	RFS	Ready	0-30	1	Stok_per_no_mesin_dealer - 2026-08-06T080342.480.xls	HTML table / 5,239 data rows	2026-08-06 08:03:42	Aggregated; raw unit/engine identifiers excluded
07720	PT. BULAN MOTOR - MERLUNG	LZ2	GENIO CBS ISS	RFS	Soft Booking	61-90	1	Stok_per_no_mesin_dealer - 2026-08-06T080342.480.xls	HTML table / 5,239 data rows	2026-08-06 08:03:42	Aggregated; raw unit/engine identifiers excluded
07720	PT. BULAN MOTOR - MERLUNG	MG1	STYLO 160 ABS	RFS	Intransit	0-30	1	Stok_per_no_mesin_dealer - 2026-08-06T080342.480.xls	HTML table / 5,239 data rows	2026-08-06 08:03:42	Aggregated; raw unit/engine identifiers excluded
07720	PT. BULAN MOTOR - MERLUNG	MJ1	BEAT SPORTY CBS	RFS	Ready	0-30	1	Stok_per_no_mesin_dealer - 2026-08-06T080342.480.xls	HTML table / 5,239 data rows	2026-08-06 08:03:42	Aggregated; raw unit/engine identifiers excluded
07720	PT. BULAN MOTOR - MERLUNG	MJ1	BEAT SPORTY CBS	RFS	Soft Booking	0-30	1	Stok_per_no_mesin_dealer - 2026-08-06T080342.480.xls	HTML table / 5,239 data rows	2026-08-06 08:03:42	Aggregated; raw unit/engine identifiers excluded
07720	PT. BULAN MOTOR - MERLUNG	MJ2	BEAT SPORTY CBS	RFS	Intransit	0-30	4	Stok_per_no_mesin_dealer - 2026-08-06T080342.480.xls	HTML table / 5,239 data rows	2026-08-06 08:03:42	Aggregated; raw unit/engine identifiers excluded
07720	PT. BULAN MOTOR - MERLUNG	MJ2	BEAT SPORTY CBS	RFS	Ready	0-30	2	Stok_per_no_mesin_dealer - 2026-08-06T080342.480.xls	HTML table / 5,239 data rows	2026-08-06 08:03:42	Aggregated; raw unit/engine identifiers excluded
07720	PT. BULAN MOTOR - MERLUNG	MJ2	BEAT SPORTY CBS	RFS	Soft Booking	0-30	1	Stok_per_no_mesin_dealer - 2026-08-06T080342.480.xls	HTML table / 5,239 data rows	2026-08-06 08:03:42	Aggregated; raw unit/engine identifiers excluded
07720	PT. BULAN MOTOR - MERLUNG	MK1	BEAT SPORTY CBS ISS DELUXE	RFS	Ready	>150	1	Stok_per_no_mesin_dealer - 2026-08-06T080342.480.xls	HTML table / 5,239 data rows	2026-08-06 08:03:42	Aggregated; raw unit/engine identifiers excluded
07720	PT. BULAN MOTOR - MERLUNG	MK2	BEAT SPORTY CBS ISS	RFS	Ready	0-30	5	Stok_per_no_mesin_dealer - 2026-08-06T080342.480.xls	HTML table / 5,239 data rows	2026-08-06 08:03:42	Aggregated; raw unit/engine identifiers excluded
07720	PT. BULAN MOTOR - MERLUNG	ML2	BEAT SPORTY DLX SMART KEY	RFS	Intransit	0-30	2	Stok_per_no_mesin_dealer - 2026-08-06T080342.480.xls	HTML table / 5,239 data rows	2026-08-06 08:03:42	Aggregated; raw unit/engine identifiers excluded
07720	PT. BULAN MOTOR - MERLUNG	ML2	BEAT SPORTY DLX SMART KEY	RFS	Ready	0-30	2	Stok_per_no_mesin_dealer - 2026-08-06T080342.480.xls	HTML table / 5,239 data rows	2026-08-06 08:03:42	Aggregated; raw unit/engine identifiers excluded
07720	PT. BULAN MOTOR - MERLUNG	ML2	BEAT SPORTY DLX SMART KEY	RFS	Soft Booking	0-30	1	Stok_per_no_mesin_dealer - 2026-08-06T080342.480.xls	HTML table / 5,239 data rows	2026-08-06 08:03:42	Aggregated; raw unit/engine identifiers excluded
07720	PT. BULAN MOTOR - MERLUNG	MM1	BEAT STREET	RFS	Ready	0-30	1	Stok_per_no_mesin_dealer - 2026-08-06T080342.480.xls	HTML table / 5,239 data rows	2026-08-06 08:03:42	Aggregated; raw unit/engine identifiers excluded
07720	PT. BULAN MOTOR - MERLUNG	MM2	BEAT STREET	RFS	Intransit	0-30	2	Stok_per_no_mesin_dealer - 2026-08-06T080342.480.xls	HTML table / 5,239 data rows	2026-08-06 08:03:42	Aggregated; raw unit/engine identifiers excluded
07720	PT. BULAN MOTOR - MERLUNG	MM2	BEAT STREET	RFS	Ready	0-30	5	Stok_per_no_mesin_dealer - 2026-08-06T080342.480.xls	HTML table / 5,239 data rows	2026-08-06 08:03:42	Aggregated; raw unit/engine identifiers excluded
07720	PT. BULAN MOTOR - MERLUNG	MM2	BEAT STREET	RFS	Soft Booking	0-30	3	Stok_per_no_mesin_dealer - 2026-08-06T080342.480.xls	HTML table / 5,239 data rows	2026-08-06 08:03:42	Aggregated; raw unit/engine identifiers excluded
07720	PT. BULAN MOTOR - MERLUNG	MRB	SCOOPY FASHION	RFS	Intransit	0-30	1	Stok_per_no_mesin_dealer - 2026-08-06T080342.480.xls	HTML table / 5,239 data rows	2026-08-06 08:03:42	Aggregated; raw unit/engine identifiers excluded
07720	PT. BULAN MOTOR - MERLUNG	MRB	SCOOPY FASHION	RFS	Ready	0-30	1	Stok_per_no_mesin_dealer - 2026-08-06T080342.480.xls	HTML table / 5,239 data rows	2026-08-06 08:03:42	Aggregated; raw unit/engine identifiers excluded
07720	PT. BULAN MOTOR - MERLUNG	MS1	SCOOPY PRESTIGE	RFS	Intransit	0-30	3	Stok_per_no_mesin_dealer - 2026-08-06T080342.480.xls	HTML table / 5,239 data rows	2026-08-06 08:03:42	Aggregated; raw unit/engine identifiers excluded
07720	PT. BULAN MOTOR - MERLUNG	MS1	SCOOPY PRESTIGE	RFS	Ready	>150	1	Stok_per_no_mesin_dealer - 2026-08-06T080342.480.xls	HTML table / 5,239 data rows	2026-08-06 08:03:42	Aggregated; raw unit/engine identifiers excluded
07720	PT. BULAN MOTOR - MERLUNG	MSB	SCOOPY STYLISH	RFS	Intransit	0-30	2	Stok_per_no_mesin_dealer - 2026-08-06T080342.480.xls	HTML table / 5,239 data rows	2026-08-06 08:03:42	Aggregated; raw unit/engine identifiers excluded
07720	PT. BULAN MOTOR - MERLUNG	MT1	PCX160 CBS	RFS	Intransit	0-30	2	Stok_per_no_mesin_dealer - 2026-08-06T080342.480.xls	HTML table / 5,239 data rows	2026-08-06 08:03:42	Aggregated; raw unit/engine identifiers excluded
07720	PT. BULAN MOTOR - MERLUNG	MT1	PCX160 CBS	RFS	Ready	0-30	1	Stok_per_no_mesin_dealer - 2026-08-06T080342.480.xls	HTML table / 5,239 data rows	2026-08-06 08:03:42	Aggregated; raw unit/engine identifiers excluded
07720	PT. BULAN MOTOR - MERLUNG	MT1	PCX160 CBS	RFS	Soft Booking	0-30	1	Stok_per_no_mesin_dealer - 2026-08-06T080342.480.xls	HTML table / 5,239 data rows	2026-08-06 08:03:42	Aggregated; raw unit/engine identifiers excluded
07720	PT. BULAN MOTOR - MERLUNG	MV1	PCX160 ABS	RFS	Ready	0-30	1	Stok_per_no_mesin_dealer - 2026-08-06T080342.480.xls	HTML table / 5,239 data rows	2026-08-06 08:03:42	Aggregated; raw unit/engine identifiers excluded
07720	PT. BULAN MOTOR - MERLUNG	MW1	PCX160 Honda RoadSync	RFS	Soft Booking	0-30	1	Stok_per_no_mesin_dealer - 2026-08-06T080342.480.xls	HTML table / 5,239 data rows	2026-08-06 08:03:42	Aggregated; raw unit/engine identifiers excluded
07720	PT. BULAN MOTOR - MERLUNG	MX0	ICON E:	RFS	Ready	>150	1	Stok_per_no_mesin_dealer - 2026-08-06T080342.480.xls	HTML table / 5,239 data rows	2026-08-06 08:03:42	Aggregated; raw unit/engine identifiers excluded
07720	PT. BULAN MOTOR - MERLUNG	MY0	VARIO EVO 160 CBS Nitro	RFS	Intransit	0-30	1	Stok_per_no_mesin_dealer - 2026-08-06T080342.480.xls	HTML table / 5,239 data rows	2026-08-06 08:03:42	Aggregated; raw unit/engine identifiers excluded
07720	PT. BULAN MOTOR - MERLUNG	MY0	VARIO EVO 160 CBS Nitro	RFS	Ready	0-30	1	Stok_per_no_mesin_dealer - 2026-08-06T080342.480.xls	HTML table / 5,239 data rows	2026-08-06 08:03:42	Aggregated; raw unit/engine identifiers excluded
07720	PT. BULAN MOTOR - MERLUNG	MYA	VARIO EVO 160 CBS	RFS	Intransit	0-30	1	Stok_per_no_mesin_dealer - 2026-08-06T080342.480.xls	HTML table / 5,239 data rows	2026-08-06 08:03:42	Aggregated; raw unit/engine identifiers excluded
07720	PT. BULAN MOTOR - MERLUNG	MYA	VARIO EVO 160 CBS	RFS	Ready	0-30	1	Stok_per_no_mesin_dealer - 2026-08-06T080342.480.xls	HTML table / 5,239 data rows	2026-08-06 08:03:42	Aggregated; raw unit/engine identifiers excluded
07720	PT. BULAN MOTOR - MERLUNG	NA0	ADV160 CBS	RFS	Ready	0-30	1	Stok_per_no_mesin_dealer - 2026-08-06T080342.480.xls	HTML table / 5,239 data rows	2026-08-06 08:03:42	Aggregated; raw unit/engine identifiers excluded
07720	PT. BULAN MOTOR - MERLUNG	NB0	ADV160 ABS	RFS	Intransit	0-30	1	Stok_per_no_mesin_dealer - 2026-08-06T080342.480.xls	HTML table / 5,239 data rows	2026-08-06 08:03:42	Aggregated; raw unit/engine identifiers excluded
07720	PT. BULAN MOTOR - MERLUNG	NE0	VARIO 125 CBS ISS	RFS	Intransit	0-30	1	Stok_per_no_mesin_dealer - 2026-08-06T080342.480.xls	HTML table / 5,239 data rows	2026-08-06 08:03:42	Aggregated; raw unit/engine identifiers excluded
07720	PT. BULAN MOTOR - MERLUNG	NE0	VARIO 125 CBS ISS	RFS	Ready	0-30	1	Stok_per_no_mesin_dealer - 2026-08-06T080342.480.xls	HTML table / 5,239 data rows	2026-08-06 08:03:42	Aggregated; raw unit/engine identifiers excluded
07720	PT. BULAN MOTOR - MERLUNG	NF0	VARIO 125 STREET	RFS	Ready	91-120	2	Stok_per_no_mesin_dealer - 2026-08-06T080342.480.xls	HTML table / 5,239 data rows	2026-08-06 08:03:42	Aggregated; raw unit/engine identifiers excluded
07720	PT. BULAN MOTOR - MERLUNG	NF0	VARIO 125 STREET	RFS	Soft Booking	61-90	1	Stok_per_no_mesin_dealer - 2026-08-06T080342.480.xls	HTML table / 5,239 data rows	2026-08-06 08:03:42	Aggregated; raw unit/engine identifiers excluded
07720	PT. BULAN MOTOR - MERLUNG	NF0	VARIO 125 STREET	RFS	Soft Booking	>150	1	Stok_per_no_mesin_dealer - 2026-08-06T080342.480.xls	HTML table / 5,239 data rows	2026-08-06 08:03:42	Aggregated; raw unit/engine identifiers excluded
07780	PT. SURYA MANDALA - SEBAPO	ESK	CRF150L	RFS	Ready	61-90	1	Stok_per_no_mesin_dealer - 2026-08-06T080342.480.xls	HTML table / 5,239 data rows	2026-08-06 08:03:42	Aggregated; raw unit/engine identifiers excluded
07780	PT. SURYA MANDALA - SEBAPO	ESK	CRF150L	RFS	Ready	91-120	1	Stok_per_no_mesin_dealer - 2026-08-06T080342.480.xls	HTML table / 5,239 data rows	2026-08-06 08:03:42	Aggregated; raw unit/engine identifiers excluded
07780	PT. SURYA MANDALA - SEBAPO	ESL	CRF150L	RFS	Ready	0-30	1	Stok_per_no_mesin_dealer - 2026-08-06T080342.480.xls	HTML table / 5,239 data rows	2026-08-06 08:03:42	Aggregated; raw unit/engine identifiers excluded
07780	PT. SURYA MANDALA - SEBAPO	ESL	CRF150L	RFS	Unfill	0-30	1	Stok_per_no_mesin_dealer - 2026-08-06T080342.480.xls	HTML table / 5,239 data rows	2026-08-06 08:03:42	Aggregated; raw unit/engine identifiers excluded
07780	PT. SURYA MANDALA - SEBAPO	GB4	REVO FIT	RFS	Ready	0-30	1	Stok_per_no_mesin_dealer - 2026-08-06T080342.480.xls	HTML table / 5,239 data rows	2026-08-06 08:03:42	Aggregated; raw unit/engine identifiers excluded
07780	PT. SURYA MANDALA - SEBAPO	GB4	REVO FIT	RFS	Unfill	0-30	3	Stok_per_no_mesin_dealer - 2026-08-06T080342.480.xls	HTML table / 5,239 data rows	2026-08-06 08:03:42	Aggregated; raw unit/engine identifiers excluded
07780	PT. SURYA MANDALA - SEBAPO	GD4	REVO X	RFS	Ready	0-30	2	Stok_per_no_mesin_dealer - 2026-08-06T080342.480.xls	HTML table / 5,239 data rows	2026-08-06 08:03:42	Aggregated; raw unit/engine identifiers excluded
07780	PT. SURYA MANDALA - SEBAPO	GD4	REVO X	RFS	Unfill	0-30	2	Stok_per_no_mesin_dealer - 2026-08-06T080342.480.xls	HTML table / 5,239 data rows	2026-08-06 08:03:42	Aggregated; raw unit/engine identifiers excluded
07780	PT. SURYA MANDALA - SEBAPO	GF5	SUPRA X 125 CW	RFS	Ready	31-60	1	Stok_per_no_mesin_dealer - 2026-08-06T080342.480.xls	HTML table / 5,239 data rows	2026-08-06 08:03:42	Aggregated; raw unit/engine identifiers excluded
07780	PT. SURYA MANDALA - SEBAPO	GF5	SUPRA X 125 CW	RFS	Unfill	0-30	3	Stok_per_no_mesin_dealer - 2026-08-06T080342.480.xls	HTML table / 5,239 data rows	2026-08-06 08:03:42	Aggregated; raw unit/engine identifiers excluded
07780	PT. SURYA MANDALA - SEBAPO	HJK	NEW SUPRA GTR150	RFS	Ready	0-30	1	Stok_per_no_mesin_dealer - 2026-08-06T080342.480.xls	HTML table / 5,239 data rows	2026-08-06 08:03:42	Aggregated; raw unit/engine identifiers excluded
07780	PT. SURYA MANDALA - SEBAPO	KF0	CB150 VERZA SW	RFS	Ready	121-150	1	Stok_per_no_mesin_dealer - 2026-08-06T080342.480.xls	HTML table / 5,239 data rows	2026-08-06 08:03:42	Aggregated; raw unit/engine identifiers excluded
07780	PT. SURYA MANDALA - SEBAPO	KG0	CB150 VERZA CW	RFS	Ready	31-60	1	Stok_per_no_mesin_dealer - 2026-08-06T080342.480.xls	HTML table / 5,239 data rows	2026-08-06 08:03:42	Aggregated; raw unit/engine identifiers excluded
07780	PT. SURYA MANDALA - SEBAPO	LW1	VARIO 160 ABS	RFS	Ready	>150	1	Stok_per_no_mesin_dealer - 2026-08-06T080342.480.xls	HTML table / 5,239 data rows	2026-08-06 08:03:42	Aggregated; raw unit/engine identifiers excluded
07780	PT. SURYA MANDALA - SEBAPO	LZ2	GENIO CBS ISS	RFS	Ready	121-150	1	Stok_per_no_mesin_dealer - 2026-08-06T080342.480.xls	HTML table / 5,239 data rows	2026-08-06 08:03:42	Aggregated; raw unit/engine identifiers excluded
07780	PT. SURYA MANDALA - SEBAPO	MJ1	BEAT SPORTY CBS	RFS	Ready	0-30	1	Stok_per_no_mesin_dealer - 2026-08-06T080342.480.xls	HTML table / 5,239 data rows	2026-08-06 08:03:42	Aggregated; raw unit/engine identifiers excluded
07780	PT. SURYA MANDALA - SEBAPO	MJ1	BEAT SPORTY CBS	RFS	Soft Booking	61-90	1	Stok_per_no_mesin_dealer - 2026-08-06T080342.480.xls	HTML table / 5,239 data rows	2026-08-06 08:03:42	Aggregated; raw unit/engine identifiers excluded
07780	PT. SURYA MANDALA - SEBAPO	MJ2	BEAT SPORTY CBS	RFS	Ready	0-30	3	Stok_per_no_mesin_dealer - 2026-08-06T080342.480.xls	HTML table / 5,239 data rows	2026-08-06 08:03:42	Aggregated; raw unit/engine identifiers excluded
07780	PT. SURYA MANDALA - SEBAPO	MJ2	BEAT SPORTY CBS	RFS	Unfill	0-30	2	Stok_per_no_mesin_dealer - 2026-08-06T080342.480.xls	HTML table / 5,239 data rows	2026-08-06 08:03:42	Aggregated; raw unit/engine identifiers excluded
07780	PT. SURYA MANDALA - SEBAPO	MK1	BEAT SPORTY CBS ISS DELUXE	RFS	Ready	121-150	1	Stok_per_no_mesin_dealer - 2026-08-06T080342.480.xls	HTML table / 5,239 data rows	2026-08-06 08:03:42	Aggregated; raw unit/engine identifiers excluded
07780	PT. SURYA MANDALA - SEBAPO	MK2	BEAT SPORTY CBS ISS	RFS	Ready	0-30	2	Stok_per_no_mesin_dealer - 2026-08-06T080342.480.xls	HTML table / 5,239 data rows	2026-08-06 08:03:42	Aggregated; raw unit/engine identifiers excluded
07780	PT. SURYA MANDALA - SEBAPO	ML2	BEAT SPORTY DLX SMART KEY	RFS	Ready	0-30	3	Stok_per_no_mesin_dealer - 2026-08-06T080342.480.xls	HTML table / 5,239 data rows	2026-08-06 08:03:42	Aggregated; raw unit/engine identifiers excluded
07780	PT. SURYA MANDALA - SEBAPO	ML2	BEAT SPORTY DLX SMART KEY	RFS	Unfill	0-30	1	Stok_per_no_mesin_dealer - 2026-08-06T080342.480.xls	HTML table / 5,239 data rows	2026-08-06 08:03:42	Aggregated; raw unit/engine identifiers excluded
07780	PT. SURYA MANDALA - SEBAPO	MM1	BEAT STREET	RFS	Ready	31-60	2	Stok_per_no_mesin_dealer - 2026-08-06T080342.480.xls	HTML table / 5,239 data rows	2026-08-06 08:03:42	Aggregated; raw unit/engine identifiers excluded
07780	PT. SURYA MANDALA - SEBAPO	MM2	BEAT STREET	RFS	Ready	0-30	4	Stok_per_no_mesin_dealer - 2026-08-06T080342.480.xls	HTML table / 5,239 data rows	2026-08-06 08:03:42	Aggregated; raw unit/engine identifiers excluded
07780	PT. SURYA MANDALA - SEBAPO	MM2	BEAT STREET	RFS	Soft Booking	0-30	2	Stok_per_no_mesin_dealer - 2026-08-06T080342.480.xls	HTML table / 5,239 data rows	2026-08-06 08:03:42	Aggregated; raw unit/engine identifiers excluded
07780	PT. SURYA MANDALA - SEBAPO	MM2	BEAT STREET	RFS	Unfill	0-30	3	Stok_per_no_mesin_dealer - 2026-08-06T080342.480.xls	HTML table / 5,239 data rows	2026-08-06 08:03:42	Aggregated; raw unit/engine identifiers excluded
07780	PT. SURYA MANDALA - SEBAPO	MN0	CUV e:	RFS	Ready	>150	1	Stok_per_no_mesin_dealer - 2026-08-06T080342.480.xls	HTML table / 5,239 data rows	2026-08-06 08:03:42	Aggregated; raw unit/engine identifiers excluded
07780	PT. SURYA MANDALA - SEBAPO	MRB	SCOOPY FASHION	RFS	Ready	0-30	1	Stok_per_no_mesin_dealer - 2026-08-06T080342.480.xls	HTML table / 5,239 data rows	2026-08-06 08:03:42	Aggregated; raw unit/engine identifiers excluded
07780	PT. SURYA MANDALA - SEBAPO	MRB	SCOOPY FASHION	RFS	Ready	31-60	1	Stok_per_no_mesin_dealer - 2026-08-06T080342.480.xls	HTML table / 5,239 data rows	2026-08-06 08:03:42	Aggregated; raw unit/engine identifiers excluded
07780	PT. SURYA MANDALA - SEBAPO	MRB	SCOOPY FASHION	RFS	Ready	91-120	1	Stok_per_no_mesin_dealer - 2026-08-06T080342.480.xls	HTML table / 5,239 data rows	2026-08-06 08:03:42	Aggregated; raw unit/engine identifiers excluded
07780	PT. SURYA MANDALA - SEBAPO	MRB	SCOOPY FASHION	RFS	Unfill	0-30	1	Stok_per_no_mesin_dealer - 2026-08-06T080342.480.xls	HTML table / 5,239 data rows	2026-08-06 08:03:42	Aggregated; raw unit/engine identifiers excluded
07780	PT. SURYA MANDALA - SEBAPO	MS1	SCOOPY PRESTIGE	RFS	Ready	0-30	3	Stok_per_no_mesin_dealer - 2026-08-06T080342.480.xls	HTML table / 5,239 data rows	2026-08-06 08:03:42	Aggregated; raw unit/engine identifiers excluded
07780	PT. SURYA MANDALA - SEBAPO	MS1	SCOOPY PRESTIGE	RFS	Unfill	0-30	2	Stok_per_no_mesin_dealer - 2026-08-06T080342.480.xls	HTML table / 5,239 data rows	2026-08-06 08:03:42	Aggregated; raw unit/engine identifiers excluded
07780	PT. SURYA MANDALA - SEBAPO	MSB	SCOOPY STYLISH	RFS	Ready	0-30	3	Stok_per_no_mesin_dealer - 2026-08-06T080342.480.xls	HTML table / 5,239 data rows	2026-08-06 08:03:42	Aggregated; raw unit/engine identifiers excluded
07780	PT. SURYA MANDALA - SEBAPO	MSB	SCOOPY STYLISH	RFS	Unfill	0-30	2	Stok_per_no_mesin_dealer - 2026-08-06T080342.480.xls	HTML table / 5,239 data rows	2026-08-06 08:03:42	Aggregated; raw unit/engine identifiers excluded
07780	PT. SURYA MANDALA - SEBAPO	MT1	PCX160 CBS	RFS	Ready	0-30	2	Stok_per_no_mesin_dealer - 2026-08-06T080342.480.xls	HTML table / 5,239 data rows	2026-08-06 08:03:42	Aggregated; raw unit/engine identifiers excluded
07780	PT. SURYA MANDALA - SEBAPO	MT1	PCX160 CBS	RFS	Soft Booking	0-30	1	Stok_per_no_mesin_dealer - 2026-08-06T080342.480.xls	HTML table / 5,239 data rows	2026-08-06 08:03:42	Aggregated; raw unit/engine identifiers excluded
07780	PT. SURYA MANDALA - SEBAPO	MV1	PCX160 ABS	RFS	Unfill	0-30	1	Stok_per_no_mesin_dealer - 2026-08-06T080342.480.xls	HTML table / 5,239 data rows	2026-08-06 08:03:42	Aggregated; raw unit/engine identifiers excluded
07780	PT. SURYA MANDALA - SEBAPO	MYA	VARIO EVO 160 CBS	RFS	Soft Booking	0-30	1	Stok_per_no_mesin_dealer - 2026-08-06T080342.480.xls	HTML table / 5,239 data rows	2026-08-06 08:03:42	Aggregated; raw unit/engine identifiers excluded
07780	PT. SURYA MANDALA - SEBAPO	MYA	VARIO EVO 160 CBS	RFS	Unfill	0-30	2	Stok_per_no_mesin_dealer - 2026-08-06T080342.480.xls	HTML table / 5,239 data rows	2026-08-06 08:03:42	Aggregated; raw unit/engine identifiers excluded
07780	PT. SURYA MANDALA - SEBAPO	MZ0	VARIO EVO 160 ABS	RFS	Ready	0-30	2	Stok_per_no_mesin_dealer - 2026-08-06T080342.480.xls	HTML table / 5,239 data rows	2026-08-06 08:03:42	Aggregated; raw unit/engine identifiers excluded
07780	PT. SURYA MANDALA - SEBAPO	ND0	VARIO 125 CBS	RFS	Ready	0-30	2	Stok_per_no_mesin_dealer - 2026-08-06T080342.480.xls	HTML table / 5,239 data rows	2026-08-06 08:03:42	Aggregated; raw unit/engine identifiers excluded
07780	PT. SURYA MANDALA - SEBAPO	NE0	VARIO 125 CBS ISS	RFS	Ready	0-30	2	Stok_per_no_mesin_dealer - 2026-08-06T080342.480.xls	HTML table / 5,239 data rows	2026-08-06 08:03:42	Aggregated; raw unit/engine identifiers excluded
07780	PT. SURYA MANDALA - SEBAPO	NE0	VARIO 125 CBS ISS	RFS	Unfill	0-30	1	Stok_per_no_mesin_dealer - 2026-08-06T080342.480.xls	HTML table / 5,239 data rows	2026-08-06 08:03:42	Aggregated; raw unit/engine identifiers excluded
07780	PT. SURYA MANDALA - SEBAPO	NF0	VARIO 125 STREET	RFS	Ready	>150	2	Stok_per_no_mesin_dealer - 2026-08-06T080342.480.xls	HTML table / 5,239 data rows	2026-08-06 08:03:42	Aggregated; raw unit/engine identifiers excluded
07781	CV. CITRA SENTOSA MOTOR - M.ANGIN	ESL	CRF150L	RFS	Ready	31-60	1	Stok_per_no_mesin_dealer - 2026-08-06T080342.480.xls	HTML table / 5,239 data rows	2026-08-06 08:03:42	Aggregated; raw unit/engine identifiers excluded
07781	CV. CITRA SENTOSA MOTOR - M.ANGIN	ESL	CRF150L	RFS	Unfill	0-30	1	Stok_per_no_mesin_dealer - 2026-08-06T080342.480.xls	HTML table / 5,239 data rows	2026-08-06 08:03:42	Aggregated; raw unit/engine identifiers excluded
07781	CV. CITRA SENTOSA MOTOR - M.ANGIN	GB4	REVO FIT	RFS	Ready	0-30	10	Stok_per_no_mesin_dealer - 2026-08-06T080342.480.xls	HTML table / 5,239 data rows	2026-08-06 08:03:42	Aggregated; raw unit/engine identifiers excluded
07781	CV. CITRA SENTOSA MOTOR - M.ANGIN	GD4	REVO X	RFS	Ready	0-30	3	Stok_per_no_mesin_dealer - 2026-08-06T080342.480.xls	HTML table / 5,239 data rows	2026-08-06 08:03:42	Aggregated; raw unit/engine identifiers excluded
07781	CV. CITRA SENTOSA MOTOR - M.ANGIN	GD4	REVO X	RFS	Unfill	0-30	4	Stok_per_no_mesin_dealer - 2026-08-06T080342.480.xls	HTML table / 5,239 data rows	2026-08-06 08:03:42	Aggregated; raw unit/engine identifiers excluded
07781	CV. CITRA SENTOSA MOTOR - M.ANGIN	GE5	SUPRA X 125 SW	RFS	Ready	31-60	1	Stok_per_no_mesin_dealer - 2026-08-06T080342.480.xls	HTML table / 5,239 data rows	2026-08-06 08:03:42	Aggregated; raw unit/engine identifiers excluded
07781	CV. CITRA SENTOSA MOTOR - M.ANGIN	GF5	SUPRA X 125 CW	RFS	Ready	0-30	4	Stok_per_no_mesin_dealer - 2026-08-06T080342.480.xls	HTML table / 5,239 data rows	2026-08-06 08:03:42	Aggregated; raw unit/engine identifiers excluded
07781	CV. CITRA SENTOSA MOTOR - M.ANGIN	GF5	SUPRA X 125 CW	RFS	Unfill	0-30	2	Stok_per_no_mesin_dealer - 2026-08-06T080342.480.xls	HTML table / 5,239 data rows	2026-08-06 08:03:42	Aggregated; raw unit/engine identifiers excluded
07781	CV. CITRA SENTOSA MOTOR - M.ANGIN	HJ9	NEW SUPRA GTR150 SPORTY	RFS	Ready	0-30	1	Stok_per_no_mesin_dealer - 2026-08-06T080342.480.xls	HTML table / 5,239 data rows	2026-08-06 08:03:42	Aggregated; raw unit/engine identifiers excluded
07781	CV. CITRA SENTOSA MOTOR - M.ANGIN	HJK	NEW SUPRA GTR150	RFS	Ready	31-60	1	Stok_per_no_mesin_dealer - 2026-08-06T080342.480.xls	HTML table / 5,239 data rows	2026-08-06 08:03:42	Aggregated; raw unit/engine identifiers excluded
07781	CV. CITRA SENTOSA MOTOR - M.ANGIN	KF0	CB150 VERZA SW	RFS	Ready	91-120	1	Stok_per_no_mesin_dealer - 2026-08-06T080342.480.xls	HTML table / 5,239 data rows	2026-08-06 08:03:42	Aggregated; raw unit/engine identifiers excluded
07781	CV. CITRA SENTOSA MOTOR - M.ANGIN	KG0	CB150 VERZA CW	RFS	Ready	0-30	1	Stok_per_no_mesin_dealer - 2026-08-06T080342.480.xls	HTML table / 5,239 data rows	2026-08-06 08:03:42	Aggregated; raw unit/engine identifiers excluded
07781	CV. CITRA SENTOSA MOTOR - M.ANGIN	KG0	CB150 VERZA CW	RFS	Ready	31-60	1	Stok_per_no_mesin_dealer - 2026-08-06T080342.480.xls	HTML table / 5,239 data rows	2026-08-06 08:03:42	Aggregated; raw unit/engine identifiers excluded
07781	CV. CITRA SENTOSA MOTOR - M.ANGIN	LVE	VARIO 160 CBS	NRFS	Ready	121-150	1	Stok_per_no_mesin_dealer - 2026-08-06T080342.480.xls	HTML table / 5,239 data rows	2026-08-06 08:03:42	Aggregated; raw unit/engine identifiers excluded
07781	CV. CITRA SENTOSA MOTOR - M.ANGIN	LW1	VARIO 160 ABS	RFS	Ready	91-120	1	Stok_per_no_mesin_dealer - 2026-08-06T080342.480.xls	HTML table / 5,239 data rows	2026-08-06 08:03:42	Aggregated; raw unit/engine identifiers excluded
07781	CV. CITRA SENTOSA MOTOR - M.ANGIN	LY2	GENIO CBS	RFS	Ready	>150	1	Stok_per_no_mesin_dealer - 2026-08-06T080342.480.xls	HTML table / 5,239 data rows	2026-08-06 08:03:42	Aggregated; raw unit/engine identifiers excluded
07781	CV. CITRA SENTOSA MOTOR - M.ANGIN	LZ2	GENIO CBS ISS	RFS	Ready	121-150	1	Stok_per_no_mesin_dealer - 2026-08-06T080342.480.xls	HTML table / 5,239 data rows	2026-08-06 08:03:42	Aggregated; raw unit/engine identifiers excluded
07781	CV. CITRA SENTOSA MOTOR - M.ANGIN	LZ2	GENIO CBS ISS	RFS	Ready	>150	1	Stok_per_no_mesin_dealer - 2026-08-06T080342.480.xls	HTML table / 5,239 data rows	2026-08-06 08:03:42	Aggregated; raw unit/engine identifiers excluded
07781	CV. CITRA SENTOSA MOTOR - M.ANGIN	MF1	STYLO 160 CBS	RFS	Unfill	0-30	1	Stok_per_no_mesin_dealer - 2026-08-06T080342.480.xls	HTML table / 5,239 data rows	2026-08-06 08:03:42	Aggregated; raw unit/engine identifiers excluded
07781	CV. CITRA SENTOSA MOTOR - M.ANGIN	MGA	STYLO 160 ABS SPECIAL	RFS	Unfill	0-30	1	Stok_per_no_mesin_dealer - 2026-08-06T080342.480.xls	HTML table / 5,239 data rows	2026-08-06 08:03:42	Aggregated; raw unit/engine identifiers excluded
07781	CV. CITRA SENTOSA MOTOR - M.ANGIN	MJ1	BEAT SPORTY CBS	RFS	Ready	0-30	1	Stok_per_no_mesin_dealer - 2026-08-06T080342.480.xls	HTML table / 5,239 data rows	2026-08-06 08:03:42	Aggregated; raw unit/engine identifiers excluded
07781	CV. CITRA SENTOSA MOTOR - M.ANGIN	MJ1	BEAT SPORTY CBS	RFS	Ready	121-150	1	Stok_per_no_mesin_dealer - 2026-08-06T080342.480.xls	HTML table / 5,239 data rows	2026-08-06 08:03:42	Aggregated; raw unit/engine identifiers excluded
07781	CV. CITRA SENTOSA MOTOR - M.ANGIN	MJ1	BEAT SPORTY CBS	RFS	Ready	31-60	1	Stok_per_no_mesin_dealer - 2026-08-06T080342.480.xls	HTML table / 5,239 data rows	2026-08-06 08:03:42	Aggregated; raw unit/engine identifiers excluded
07781	CV. CITRA SENTOSA MOTOR - M.ANGIN	MJ1	BEAT SPORTY CBS	RFS	Ready	91-120	1	Stok_per_no_mesin_dealer - 2026-08-06T080342.480.xls	HTML table / 5,239 data rows	2026-08-06 08:03:42	Aggregated; raw unit/engine identifiers excluded
07781	CV. CITRA SENTOSA MOTOR - M.ANGIN	MJ2	BEAT SPORTY CBS	RFS	Ready	0-30	3	Stok_per_no_mesin_dealer - 2026-08-06T080342.480.xls	HTML table / 5,239 data rows	2026-08-06 08:03:42	Aggregated; raw unit/engine identifiers excluded
07781	CV. CITRA SENTOSA MOTOR - M.ANGIN	MJ2	BEAT SPORTY CBS	RFS	Soft Booking	0-30	2	Stok_per_no_mesin_dealer - 2026-08-06T080342.480.xls	HTML table / 5,239 data rows	2026-08-06 08:03:42	Aggregated; raw unit/engine identifiers excluded
07781	CV. CITRA SENTOSA MOTOR - M.ANGIN	MJ2	BEAT SPORTY CBS	RFS	Unfill	0-30	2	Stok_per_no_mesin_dealer - 2026-08-06T080342.480.xls	HTML table / 5,239 data rows	2026-08-06 08:03:42	Aggregated; raw unit/engine identifiers excluded
07781	CV. CITRA SENTOSA MOTOR - M.ANGIN	MK2	BEAT SPORTY CBS ISS	RFS	Ready	0-30	5	Stok_per_no_mesin_dealer - 2026-08-06T080342.480.xls	HTML table / 5,239 data rows	2026-08-06 08:03:42	Aggregated; raw unit/engine identifiers excluded
07781	CV. CITRA SENTOSA MOTOR - M.ANGIN	MK2	BEAT SPORTY CBS ISS	RFS	Ready	31-60	1	Stok_per_no_mesin_dealer - 2026-08-06T080342.480.xls	HTML table / 5,239 data rows	2026-08-06 08:03:42	Aggregated; raw unit/engine identifiers excluded
07781	CV. CITRA SENTOSA MOTOR - M.ANGIN	ML2	BEAT SPORTY DLX SMART KEY	RFS	Ready	0-30	7	Stok_per_no_mesin_dealer - 2026-08-06T080342.480.xls	HTML table / 5,239 data rows	2026-08-06 08:03:42	Aggregated; raw unit/engine identifiers excluded
07781	CV. CITRA SENTOSA MOTOR - M.ANGIN	MM1	BEAT STREET	RFS	Ready	61-90	3	Stok_per_no_mesin_dealer - 2026-08-06T080342.480.xls	HTML table / 5,239 data rows	2026-08-06 08:03:42	Aggregated; raw unit/engine identifiers excluded
07781	CV. CITRA SENTOSA MOTOR - M.ANGIN	MM2	BEAT STREET	RFS	Ready	0-30	13	Stok_per_no_mesin_dealer - 2026-08-06T080342.480.xls	HTML table / 5,239 data rows	2026-08-06 08:03:42	Aggregated; raw unit/engine identifiers excluded
07781	CV. CITRA SENTOSA MOTOR - M.ANGIN	MM2	BEAT STREET	RFS	Soft Booking	31-60	1	Stok_per_no_mesin_dealer - 2026-08-06T080342.480.xls	HTML table / 5,239 data rows	2026-08-06 08:03:42	Aggregated; raw unit/engine identifiers excluded
07781	CV. CITRA SENTOSA MOTOR - M.ANGIN	MM2	BEAT STREET	RFS	Unfill	0-30	2	Stok_per_no_mesin_dealer - 2026-08-06T080342.480.xls	HTML table / 5,239 data rows	2026-08-06 08:03:42	Aggregated; raw unit/engine identifiers excluded
07781	CV. CITRA SENTOSA MOTOR - M.ANGIN	MRB	SCOOPY FASHION	RFS	Ready	0-30	1	Stok_per_no_mesin_dealer - 2026-08-06T080342.480.xls	HTML table / 5,239 data rows	2026-08-06 08:03:42	Aggregated; raw unit/engine identifiers excluded
07781	CV. CITRA SENTOSA MOTOR - M.ANGIN	MRB	SCOOPY FASHION	RFS	Ready	31-60	1	Stok_per_no_mesin_dealer - 2026-08-06T080342.480.xls	HTML table / 5,239 data rows	2026-08-06 08:03:42	Aggregated; raw unit/engine identifiers excluded
07781	CV. CITRA SENTOSA MOTOR - M.ANGIN	MS1	SCOOPY PRESTIGE	RFS	Soft Booking	0-30	2	Stok_per_no_mesin_dealer - 2026-08-06T080342.480.xls	HTML table / 5,239 data rows	2026-08-06 08:03:42	Aggregated; raw unit/engine identifiers excluded
07781	CV. CITRA SENTOSA MOTOR - M.ANGIN	MS1	SCOOPY PRESTIGE	RFS	Unfill	0-30	2	Stok_per_no_mesin_dealer - 2026-08-06T080342.480.xls	HTML table / 5,239 data rows	2026-08-06 08:03:42	Aggregated; raw unit/engine identifiers excluded
07781	CV. CITRA SENTOSA MOTOR - M.ANGIN	MSB	SCOOPY STYLISH	RFS	Ready	0-30	1	Stok_per_no_mesin_dealer - 2026-08-06T080342.480.xls	HTML table / 5,239 data rows	2026-08-06 08:03:42	Aggregated; raw unit/engine identifiers excluded
07781	CV. CITRA SENTOSA MOTOR - M.ANGIN	MSB	SCOOPY STYLISH	RFS	Unfill	0-30	1	Stok_per_no_mesin_dealer - 2026-08-06T080342.480.xls	HTML table / 5,239 data rows	2026-08-06 08:03:42	Aggregated; raw unit/engine identifiers excluded
07781	CV. CITRA SENTOSA MOTOR - M.ANGIN	MT1	PCX160 CBS	RFS	Ready	0-30	2	Stok_per_no_mesin_dealer - 2026-08-06T080342.480.xls	HTML table / 5,239 data rows	2026-08-06 08:03:42	Aggregated; raw unit/engine identifiers excluded
07781	CV. CITRA SENTOSA MOTOR - M.ANGIN	MV1	PCX160 ABS	RFS	Ready	0-30	2	Stok_per_no_mesin_dealer - 2026-08-06T080342.480.xls	HTML table / 5,239 data rows	2026-08-06 08:03:42	Aggregated; raw unit/engine identifiers excluded
07781	CV. CITRA SENTOSA MOTOR - M.ANGIN	MYA	VARIO EVO 160 CBS	RFS	Ready	0-30	1	Stok_per_no_mesin_dealer - 2026-08-06T080342.480.xls	HTML table / 5,239 data rows	2026-08-06 08:03:42	Aggregated; raw unit/engine identifiers excluded
07781	CV. CITRA SENTOSA MOTOR - M.ANGIN	NA0	ADV160 CBS	RFS	Ready	0-30	1	Stok_per_no_mesin_dealer - 2026-08-06T080342.480.xls	HTML table / 5,239 data rows	2026-08-06 08:03:42	Aggregated; raw unit/engine identifiers excluded
07781	CV. CITRA SENTOSA MOTOR - M.ANGIN	ND0	VARIO 125 CBS	RFS	Ready	0-30	1	Stok_per_no_mesin_dealer - 2026-08-06T080342.480.xls	HTML table / 5,239 data rows	2026-08-06 08:03:42	Aggregated; raw unit/engine identifiers excluded
07781	CV. CITRA SENTOSA MOTOR - M.ANGIN	NE0	VARIO 125 CBS ISS	RFS	Ready	0-30	1	Stok_per_no_mesin_dealer - 2026-08-06T080342.480.xls	HTML table / 5,239 data rows	2026-08-06 08:03:42	Aggregated; raw unit/engine identifiers excluded
07781	CV. CITRA SENTOSA MOTOR - M.ANGIN	NE0	VARIO 125 CBS ISS	RFS	Ready	31-60	1	Stok_per_no_mesin_dealer - 2026-08-06T080342.480.xls	HTML table / 5,239 data rows	2026-08-06 08:03:42	Aggregated; raw unit/engine identifiers excluded
07781	CV. CITRA SENTOSA MOTOR - M.ANGIN	NF0	VARIO 125 STREET	RFS	Ready	121-150	1	Stok_per_no_mesin_dealer - 2026-08-06T080342.480.xls	HTML table / 5,239 data rows	2026-08-06 08:03:42	Aggregated; raw unit/engine identifiers excluded
07781	CV. CITRA SENTOSA MOTOR - M.ANGIN	NF0	VARIO 125 STREET	RFS	Ready	61-90	1	Stok_per_no_mesin_dealer - 2026-08-06T080342.480.xls	HTML table / 5,239 data rows	2026-08-06 08:03:42	Aggregated; raw unit/engine identifiers excluded
07781	CV. CITRA SENTOSA MOTOR - M.ANGIN	NF0	VARIO 125 STREET	RFS	Ready	91-120	1	Stok_per_no_mesin_dealer - 2026-08-06T080342.480.xls	HTML table / 5,239 data rows	2026-08-06 08:03:42	Aggregated; raw unit/engine identifiers excluded
08549	PT. BULAN MOTOR - SABAK	ESL	CRF150L	RFS	Ready	31-60	1	Stok_per_no_mesin_dealer - 2026-08-06T080342.480.xls	HTML table / 5,239 data rows	2026-08-06 08:03:42	Aggregated; raw unit/engine identifiers excluded
08549	PT. BULAN MOTOR - SABAK	ESL	CRF150L	RFS	Ready	61-90	1	Stok_per_no_mesin_dealer - 2026-08-06T080342.480.xls	HTML table / 5,239 data rows	2026-08-06 08:03:42	Aggregated; raw unit/engine identifiers excluded
08549	PT. BULAN MOTOR - SABAK	GB4	REVO FIT	RFS	Ready	31-60	4	Stok_per_no_mesin_dealer - 2026-08-06T080342.480.xls	HTML table / 5,239 data rows	2026-08-06 08:03:42	Aggregated; raw unit/engine identifiers excluded
08549	PT. BULAN MOTOR - SABAK	GB4	REVO FIT	RFS	Ready	91-120	1	Stok_per_no_mesin_dealer - 2026-08-06T080342.480.xls	HTML table / 5,239 data rows	2026-08-06 08:03:42	Aggregated; raw unit/engine identifiers excluded
08549	PT. BULAN MOTOR - SABAK	GD4	REVO X	RFS	Ready	0-30	2	Stok_per_no_mesin_dealer - 2026-08-06T080342.480.xls	HTML table / 5,239 data rows	2026-08-06 08:03:42	Aggregated; raw unit/engine identifiers excluded
08549	PT. BULAN MOTOR - SABAK	GD4	REVO X	RFS	Ready	61-90	1	Stok_per_no_mesin_dealer - 2026-08-06T080342.480.xls	HTML table / 5,239 data rows	2026-08-06 08:03:42	Aggregated; raw unit/engine identifiers excluded
08549	PT. BULAN MOTOR - SABAK	GD4	REVO X	RFS	Soft Booking	0-30	2	Stok_per_no_mesin_dealer - 2026-08-06T080342.480.xls	HTML table / 5,239 data rows	2026-08-06 08:03:42	Aggregated; raw unit/engine identifiers excluded
08549	PT. BULAN MOTOR - SABAK	GF5	SUPRA X 125 CW	RFS	Ready	0-30	4	Stok_per_no_mesin_dealer - 2026-08-06T080342.480.xls	HTML table / 5,239 data rows	2026-08-06 08:03:42	Aggregated; raw unit/engine identifiers excluded
08549	PT. BULAN MOTOR - SABAK	GF5	SUPRA X 125 CW	RFS	Ready	31-60	1	Stok_per_no_mesin_dealer - 2026-08-06T080342.480.xls	HTML table / 5,239 data rows	2026-08-06 08:03:42	Aggregated; raw unit/engine identifiers excluded
08549	PT. BULAN MOTOR - SABAK	HJ9	NEW SUPRA GTR150 SPORTY	RFS	Ready	0-30	1	Stok_per_no_mesin_dealer - 2026-08-06T080342.480.xls	HTML table / 5,239 data rows	2026-08-06 08:03:42	Aggregated; raw unit/engine identifiers excluded
08549	PT. BULAN MOTOR - SABAK	KF0	CB150 VERZA SW	RFS	Ready	>150	1	Stok_per_no_mesin_dealer - 2026-08-06T080342.480.xls	HTML table / 5,239 data rows	2026-08-06 08:03:42	Aggregated; raw unit/engine identifiers excluded
08549	PT. BULAN MOTOR - SABAK	KG0	CB150 VERZA CW	RFS	Ready	0-30	1	Stok_per_no_mesin_dealer - 2026-08-06T080342.480.xls	HTML table / 5,239 data rows	2026-08-06 08:03:42	Aggregated; raw unit/engine identifiers excluded
08549	PT. BULAN MOTOR - SABAK	LY2	GENIO CBS	RFS	Ready	91-120	1	Stok_per_no_mesin_dealer - 2026-08-06T080342.480.xls	HTML table / 5,239 data rows	2026-08-06 08:03:42	Aggregated; raw unit/engine identifiers excluded
08549	PT. BULAN MOTOR - SABAK	MJ1	BEAT SPORTY CBS	RFS	Ready	0-30	1	Stok_per_no_mesin_dealer - 2026-08-06T080342.480.xls	HTML table / 5,239 data rows	2026-08-06 08:03:42	Aggregated; raw unit/engine identifiers excluded
08549	PT. BULAN MOTOR - SABAK	MJ1	BEAT SPORTY CBS	RFS	Ready	31-60	2	Stok_per_no_mesin_dealer - 2026-08-06T080342.480.xls	HTML table / 5,239 data rows	2026-08-06 08:03:42	Aggregated; raw unit/engine identifiers excluded
08549	PT. BULAN MOTOR - SABAK	MJ2	BEAT SPORTY CBS	RFS	Ready	0-30	5	Stok_per_no_mesin_dealer - 2026-08-06T080342.480.xls	HTML table / 5,239 data rows	2026-08-06 08:03:42	Aggregated; raw unit/engine identifiers excluded
08549	PT. BULAN MOTOR - SABAK	MK2	BEAT SPORTY CBS ISS	RFS	Ready	0-30	3	Stok_per_no_mesin_dealer - 2026-08-06T080342.480.xls	HTML table / 5,239 data rows	2026-08-06 08:03:42	Aggregated; raw unit/engine identifiers excluded
08549	PT. BULAN MOTOR - SABAK	ML1	BEAT SPORTY DLX SMART KEY	RFS	Ready	91-120	1	Stok_per_no_mesin_dealer - 2026-08-06T080342.480.xls	HTML table / 5,239 data rows	2026-08-06 08:03:42	Aggregated; raw unit/engine identifiers excluded
08549	PT. BULAN MOTOR - SABAK	ML2	BEAT SPORTY DLX SMART KEY	RFS	Ready	0-30	4	Stok_per_no_mesin_dealer - 2026-08-06T080342.480.xls	HTML table / 5,239 data rows	2026-08-06 08:03:42	Aggregated; raw unit/engine identifiers excluded
08549	PT. BULAN MOTOR - SABAK	MM2	BEAT STREET	RFS	Ready	0-30	9	Stok_per_no_mesin_dealer - 2026-08-06T080342.480.xls	HTML table / 5,239 data rows	2026-08-06 08:03:42	Aggregated; raw unit/engine identifiers excluded
08549	PT. BULAN MOTOR - SABAK	MM2	BEAT STREET	RFS	Soft Booking	0-30	2	Stok_per_no_mesin_dealer - 2026-08-06T080342.480.xls	HTML table / 5,239 data rows	2026-08-06 08:03:42	Aggregated; raw unit/engine identifiers excluded
08549	PT. BULAN MOTOR - SABAK	MRB	SCOOPY FASHION	RFS	Ready	0-30	1	Stok_per_no_mesin_dealer - 2026-08-06T080342.480.xls	HTML table / 5,239 data rows	2026-08-06 08:03:42	Aggregated; raw unit/engine identifiers excluded
08549	PT. BULAN MOTOR - SABAK	MRB	SCOOPY FASHION	RFS	Soft Booking	>150	1	Stok_per_no_mesin_dealer - 2026-08-06T080342.480.xls	HTML table / 5,239 data rows	2026-08-06 08:03:42	Aggregated; raw unit/engine identifiers excluded
08549	PT. BULAN MOTOR - SABAK	MS1	SCOOPY PRESTIGE	RFS	Ready	0-30	1	Stok_per_no_mesin_dealer - 2026-08-06T080342.480.xls	HTML table / 5,239 data rows	2026-08-06 08:03:42	Aggregated; raw unit/engine identifiers excluded
08549	PT. BULAN MOTOR - SABAK	MS1	SCOOPY PRESTIGE	RFS	Ready	31-60	1	Stok_per_no_mesin_dealer - 2026-08-06T080342.480.xls	HTML table / 5,239 data rows	2026-08-06 08:03:42	Aggregated; raw unit/engine identifiers excluded
08549	PT. BULAN MOTOR - SABAK	MS1	SCOOPY PRESTIGE	RFS	Soft Booking	0-30	1	Stok_per_no_mesin_dealer - 2026-08-06T080342.480.xls	HTML table / 5,239 data rows	2026-08-06 08:03:42	Aggregated; raw unit/engine identifiers excluded
08549	PT. BULAN MOTOR - SABAK	MSB	SCOOPY STYLISH	RFS	Ready	0-30	2	Stok_per_no_mesin_dealer - 2026-08-06T080342.480.xls	HTML table / 5,239 data rows	2026-08-06 08:03:42	Aggregated; raw unit/engine identifiers excluded
08549	PT. BULAN MOTOR - SABAK	MT1	PCX160 CBS	RFS	Ready	0-30	2	Stok_per_no_mesin_dealer - 2026-08-06T080342.480.xls	HTML table / 5,239 data rows	2026-08-06 08:03:42	Aggregated; raw unit/engine identifiers excluded
08549	PT. BULAN MOTOR - SABAK	MV1	PCX160 ABS	RFS	Ready	31-60	1	Stok_per_no_mesin_dealer - 2026-08-06T080342.480.xls	HTML table / 5,239 data rows	2026-08-06 08:03:42	Aggregated; raw unit/engine identifiers excluded
08549	PT. BULAN MOTOR - SABAK	MW1	PCX160 Honda RoadSync	RFS	Ready	0-30	1	Stok_per_no_mesin_dealer - 2026-08-06T080342.480.xls	HTML table / 5,239 data rows	2026-08-06 08:03:42	Aggregated; raw unit/engine identifiers excluded
08549	PT. BULAN MOTOR - SABAK	MY0	VARIO EVO 160 CBS Nitro	RFS	Ready	0-30	1	Stok_per_no_mesin_dealer - 2026-08-06T080342.480.xls	HTML table / 5,239 data rows	2026-08-06 08:03:42	Aggregated; raw unit/engine identifiers excluded
08549	PT. BULAN MOTOR - SABAK	MYA	VARIO EVO 160 CBS	RFS	Ready	0-30	2	Stok_per_no_mesin_dealer - 2026-08-06T080342.480.xls	HTML table / 5,239 data rows	2026-08-06 08:03:42	Aggregated; raw unit/engine identifiers excluded
08549	PT. BULAN MOTOR - SABAK	NB0	ADV160 ABS	RFS	Soft Booking	>150	1	Stok_per_no_mesin_dealer - 2026-08-06T080342.480.xls	HTML table / 5,239 data rows	2026-08-06 08:03:42	Aggregated; raw unit/engine identifiers excluded
08549	PT. BULAN MOTOR - SABAK	NE0	VARIO 125 CBS ISS	RFS	Ready	0-30	2	Stok_per_no_mesin_dealer - 2026-08-06T080342.480.xls	HTML table / 5,239 data rows	2026-08-06 08:03:42	Aggregated; raw unit/engine identifiers excluded
08549	PT. BULAN MOTOR - SABAK	NF0	VARIO 125 STREET	RFS	Ready	0-30	1	Stok_per_no_mesin_dealer - 2026-08-06T080342.480.xls	HTML table / 5,239 data rows	2026-08-06 08:03:42	Aggregated; raw unit/engine identifiers excluded
08549	PT. BULAN MOTOR - SABAK	NF0	VARIO 125 STREET	RFS	Ready	121-150	1	Stok_per_no_mesin_dealer - 2026-08-06T080342.480.xls	HTML table / 5,239 data rows	2026-08-06 08:03:42	Aggregated; raw unit/engine identifiers excluded
08549	PT. BULAN MOTOR - SABAK	NF0	VARIO 125 STREET	RFS	Ready	61-90	1	Stok_per_no_mesin_dealer - 2026-08-06T080342.480.xls	HTML table / 5,239 data rows	2026-08-06 08:03:42	Aggregated; raw unit/engine identifiers excluded
08549	PT. BULAN MOTOR - SABAK	NF0	VARIO 125 STREET	RFS	Ready	91-120	1	Stok_per_no_mesin_dealer - 2026-08-06T080342.480.xls	HTML table / 5,239 data rows	2026-08-06 08:03:42	Aggregated; raw unit/engine identifiers excluded
09673	CV. AGUNG MOTOR	ESK	CRF150L	RFS	Soft Booking	0-30	1	Stok_per_no_mesin_dealer - 2026-08-06T080342.480.xls	HTML table / 5,239 data rows	2026-08-06 08:03:42	Aggregated; raw unit/engine identifiers excluded
09673	CV. AGUNG MOTOR	ESL	CRF150L	RFS	Ready	0-30	3	Stok_per_no_mesin_dealer - 2026-08-06T080342.480.xls	HTML table / 5,239 data rows	2026-08-06 08:03:42	Aggregated; raw unit/engine identifiers excluded
09673	CV. AGUNG MOTOR	ESL	CRF150L	RFS	Unfill	0-30	1	Stok_per_no_mesin_dealer - 2026-08-06T080342.480.xls	HTML table / 5,239 data rows	2026-08-06 08:03:42	Aggregated; raw unit/engine identifiers excluded
09673	CV. AGUNG MOTOR	GB4	REVO FIT	RFS	Ready	0-30	4	Stok_per_no_mesin_dealer - 2026-08-06T080342.480.xls	HTML table / 5,239 data rows	2026-08-06 08:03:42	Aggregated; raw unit/engine identifiers excluded
09673	CV. AGUNG MOTOR	GB4	REVO FIT	RFS	Ready	61-90	1	Stok_per_no_mesin_dealer - 2026-08-06T080342.480.xls	HTML table / 5,239 data rows	2026-08-06 08:03:42	Aggregated; raw unit/engine identifiers excluded
09673	CV. AGUNG MOTOR	GB4	REVO FIT	RFS	Soft Booking	0-30	1	Stok_per_no_mesin_dealer - 2026-08-06T080342.480.xls	HTML table / 5,239 data rows	2026-08-06 08:03:42	Aggregated; raw unit/engine identifiers excluded
09673	CV. AGUNG MOTOR	GB4	REVO FIT	RFS	Soft Booking	31-60	2	Stok_per_no_mesin_dealer - 2026-08-06T080342.480.xls	HTML table / 5,239 data rows	2026-08-06 08:03:42	Aggregated; raw unit/engine identifiers excluded
09673	CV. AGUNG MOTOR	GB4	REVO FIT	RFS	Unfill	0-30	1	Stok_per_no_mesin_dealer - 2026-08-06T080342.480.xls	HTML table / 5,239 data rows	2026-08-06 08:03:42	Aggregated; raw unit/engine identifiers excluded
09673	CV. AGUNG MOTOR	GD4	REVO X	RFS	Ready	0-30	1	Stok_per_no_mesin_dealer - 2026-08-06T080342.480.xls	HTML table / 5,239 data rows	2026-08-06 08:03:42	Aggregated; raw unit/engine identifiers excluded
09673	CV. AGUNG MOTOR	GD4	REVO X	RFS	Soft Booking	31-60	2	Stok_per_no_mesin_dealer - 2026-08-06T080342.480.xls	HTML table / 5,239 data rows	2026-08-06 08:03:42	Aggregated; raw unit/engine identifiers excluded
09673	CV. AGUNG MOTOR	GD4	REVO X	RFS	Unfill	0-30	2	Stok_per_no_mesin_dealer - 2026-08-06T080342.480.xls	HTML table / 5,239 data rows	2026-08-06 08:03:42	Aggregated; raw unit/engine identifiers excluded
09673	CV. AGUNG MOTOR	GF5	SUPRA X 125 CW	RFS	Ready	0-30	1	Stok_per_no_mesin_dealer - 2026-08-06T080342.480.xls	HTML table / 5,239 data rows	2026-08-06 08:03:42	Aggregated; raw unit/engine identifiers excluded
09673	CV. AGUNG MOTOR	GF5	SUPRA X 125 CW	RFS	Soft Booking	0-30	1	Stok_per_no_mesin_dealer - 2026-08-06T080342.480.xls	HTML table / 5,239 data rows	2026-08-06 08:03:42	Aggregated; raw unit/engine identifiers excluded
09673	CV. AGUNG MOTOR	GF5	SUPRA X 125 CW	RFS	Soft Booking	31-60	1	Stok_per_no_mesin_dealer - 2026-08-06T080342.480.xls	HTML table / 5,239 data rows	2026-08-06 08:03:42	Aggregated; raw unit/engine identifiers excluded
09673	CV. AGUNG MOTOR	HJ9	NEW SUPRA GTR150 SPORTY	RFS	Soft Booking	0-30	1	Stok_per_no_mesin_dealer - 2026-08-06T080342.480.xls	HTML table / 5,239 data rows	2026-08-06 08:03:42	Aggregated; raw unit/engine identifiers excluded
09673	CV. AGUNG MOTOR	KF0	CB150 VERZA SW	RFS	Ready	31-60	1	Stok_per_no_mesin_dealer - 2026-08-06T080342.480.xls	HTML table / 5,239 data rows	2026-08-06 08:03:42	Aggregated; raw unit/engine identifiers excluded
09673	CV. AGUNG MOTOR	LY2	GENIO CBS	RFS	Ready	>150	1	Stok_per_no_mesin_dealer - 2026-08-06T080342.480.xls	HTML table / 5,239 data rows	2026-08-06 08:03:42	Aggregated; raw unit/engine identifiers excluded
09673	CV. AGUNG MOTOR	MF1	STYLO 160 CBS	RFS	Ready	0-30	1	Stok_per_no_mesin_dealer - 2026-08-06T080342.480.xls	HTML table / 5,239 data rows	2026-08-06 08:03:42	Aggregated; raw unit/engine identifiers excluded
09673	CV. AGUNG MOTOR	MJ1	BEAT SPORTY CBS	RFS	Ready	0-30	1	Stok_per_no_mesin_dealer - 2026-08-06T080342.480.xls	HTML table / 5,239 data rows	2026-08-06 08:03:42	Aggregated; raw unit/engine identifiers excluded
09673	CV. AGUNG MOTOR	MJ2	BEAT SPORTY CBS	RFS	Ready	0-30	3	Stok_per_no_mesin_dealer - 2026-08-06T080342.480.xls	HTML table / 5,239 data rows	2026-08-06 08:03:42	Aggregated; raw unit/engine identifiers excluded
09673	CV. AGUNG MOTOR	MJ2	BEAT SPORTY CBS	RFS	Unfill	0-30	2	Stok_per_no_mesin_dealer - 2026-08-06T080342.480.xls	HTML table / 5,239 data rows	2026-08-06 08:03:42	Aggregated; raw unit/engine identifiers excluded
09673	CV. AGUNG MOTOR	MK1	BEAT SPORTY CBS ISS DELUXE	RFS	Ready	31-60	1	Stok_per_no_mesin_dealer - 2026-08-06T080342.480.xls	HTML table / 5,239 data rows	2026-08-06 08:03:42	Aggregated; raw unit/engine identifiers excluded
09673	CV. AGUNG MOTOR	MK2	BEAT SPORTY CBS ISS	RFS	Ready	0-30	1	Stok_per_no_mesin_dealer - 2026-08-06T080342.480.xls	HTML table / 5,239 data rows	2026-08-06 08:03:42	Aggregated; raw unit/engine identifiers excluded
09673	CV. AGUNG MOTOR	MK2	BEAT SPORTY CBS ISS	RFS	Soft Booking	0-30	1	Stok_per_no_mesin_dealer - 2026-08-06T080342.480.xls	HTML table / 5,239 data rows	2026-08-06 08:03:42	Aggregated; raw unit/engine identifiers excluded
09673	CV. AGUNG MOTOR	MK2	BEAT SPORTY CBS ISS	RFS	Unfill	0-30	1	Stok_per_no_mesin_dealer - 2026-08-06T080342.480.xls	HTML table / 5,239 data rows	2026-08-06 08:03:42	Aggregated; raw unit/engine identifiers excluded
09673	CV. AGUNG MOTOR	ML2	BEAT SPORTY DLX SMART KEY	RFS	Ready	0-30	2	Stok_per_no_mesin_dealer - 2026-08-06T080342.480.xls	HTML table / 5,239 data rows	2026-08-06 08:03:42	Aggregated; raw unit/engine identifiers excluded
09673	CV. AGUNG MOTOR	ML2	BEAT SPORTY DLX SMART KEY	RFS	Soft Booking	0-30	1	Stok_per_no_mesin_dealer - 2026-08-06T080342.480.xls	HTML table / 5,239 data rows	2026-08-06 08:03:42	Aggregated; raw unit/engine identifiers excluded
09673	CV. AGUNG MOTOR	MM2	BEAT STREET	RFS	Ready	0-30	6	Stok_per_no_mesin_dealer - 2026-08-06T080342.480.xls	HTML table / 5,239 data rows	2026-08-06 08:03:42	Aggregated; raw unit/engine identifiers excluded
09673	CV. AGUNG MOTOR	MM2	BEAT STREET	RFS	Soft Booking	0-30	1	Stok_per_no_mesin_dealer - 2026-08-06T080342.480.xls	HTML table / 5,239 data rows	2026-08-06 08:03:42	Aggregated; raw unit/engine identifiers excluded
09673	CV. AGUNG MOTOR	MM2	BEAT STREET	RFS	Unfill	0-30	3	Stok_per_no_mesin_dealer - 2026-08-06T080342.480.xls	HTML table / 5,239 data rows	2026-08-06 08:03:42	Aggregated; raw unit/engine identifiers excluded
09673	CV. AGUNG MOTOR	MN0	CUV e:	RFS	Ready	>150	1	Stok_per_no_mesin_dealer - 2026-08-06T080342.480.xls	HTML table / 5,239 data rows	2026-08-06 08:03:42	Aggregated; raw unit/engine identifiers excluded
09673	CV. AGUNG MOTOR	MRB	SCOOPY FASHION	RFS	Ready	0-30	2	Stok_per_no_mesin_dealer - 2026-08-06T080342.480.xls	HTML table / 5,239 data rows	2026-08-06 08:03:42	Aggregated; raw unit/engine identifiers excluded
09673	CV. AGUNG MOTOR	MS1	SCOOPY PRESTIGE	RFS	Ready	0-30	3	Stok_per_no_mesin_dealer - 2026-08-06T080342.480.xls	HTML table / 5,239 data rows	2026-08-06 08:03:42	Aggregated; raw unit/engine identifiers excluded
09673	CV. AGUNG MOTOR	MSB	SCOOPY STYLISH	RFS	Ready	0-30	1	Stok_per_no_mesin_dealer - 2026-08-06T080342.480.xls	HTML table / 5,239 data rows	2026-08-06 08:03:42	Aggregated; raw unit/engine identifiers excluded
09673	CV. AGUNG MOTOR	MSB	SCOOPY STYLISH	RFS	Unfill	0-30	1	Stok_per_no_mesin_dealer - 2026-08-06T080342.480.xls	HTML table / 5,239 data rows	2026-08-06 08:03:42	Aggregated; raw unit/engine identifiers excluded
09673	CV. AGUNG MOTOR	MT1	PCX160 CBS	RFS	Ready	0-30	1	Stok_per_no_mesin_dealer - 2026-08-06T080342.480.xls	HTML table / 5,239 data rows	2026-08-06 08:03:42	Aggregated; raw unit/engine identifiers excluded
09673	CV. AGUNG MOTOR	MV1	PCX160 ABS	RFS	Unfill	0-30	1	Stok_per_no_mesin_dealer - 2026-08-06T080342.480.xls	HTML table / 5,239 data rows	2026-08-06 08:03:42	Aggregated; raw unit/engine identifiers excluded
09673	CV. AGUNG MOTOR	MX0	ICON E:	RFS	Ready	>150	1	Stok_per_no_mesin_dealer - 2026-08-06T080342.480.xls	HTML table / 5,239 data rows	2026-08-06 08:03:42	Aggregated; raw unit/engine identifiers excluded
09673	CV. AGUNG MOTOR	MY0	VARIO EVO 160 CBS Nitro	RFS	Ready	0-30	1	Stok_per_no_mesin_dealer - 2026-08-06T080342.480.xls	HTML table / 5,239 data rows	2026-08-06 08:03:42	Aggregated; raw unit/engine identifiers excluded
09673	CV. AGUNG MOTOR	MYA	VARIO EVO 160 CBS	RFS	Ready	0-30	2	Stok_per_no_mesin_dealer - 2026-08-06T080342.480.xls	HTML table / 5,239 data rows	2026-08-06 08:03:42	Aggregated; raw unit/engine identifiers excluded
09673	CV. AGUNG MOTOR	MZ0	VARIO EVO 160 ABS	RFS	Ready	0-30	1	Stok_per_no_mesin_dealer - 2026-08-06T080342.480.xls	HTML table / 5,239 data rows	2026-08-06 08:03:42	Aggregated; raw unit/engine identifiers excluded
09673	CV. AGUNG MOTOR	NE0	VARIO 125 CBS ISS	RFS	Ready	0-30	1	Stok_per_no_mesin_dealer - 2026-08-06T080342.480.xls	HTML table / 5,239 data rows	2026-08-06 08:03:42	Aggregated; raw unit/engine identifiers excluded
09673	CV. AGUNG MOTOR	NF0	VARIO 125 STREET	RFS	Ready	0-30	1	Stok_per_no_mesin_dealer - 2026-08-06T080342.480.xls	HTML table / 5,239 data rows	2026-08-06 08:03:42	Aggregated; raw unit/engine identifiers excluded
09673	CV. AGUNG MOTOR	NF0	VARIO 125 STREET	RFS	Ready	31-60	3	Stok_per_no_mesin_dealer - 2026-08-06T080342.480.xls	HTML table / 5,239 data rows	2026-08-06 08:03:42	Aggregated; raw unit/engine identifiers excluded
09673	CV. AGUNG MOTOR	NF0	VARIO 125 STREET	RFS	Ready	91-120	1	Stok_per_no_mesin_dealer - 2026-08-06T080342.480.xls	HTML table / 5,239 data rows	2026-08-06 08:03:42	Aggregated; raw unit/engine identifiers excluded
11791	PT. SINAR SENTOSA MOTORA - BAHAR	ESL	CRF150L	RFS	Soft Booking	0-30	1	Stok_per_no_mesin_dealer - 2026-08-06T080342.480.xls	HTML table / 5,239 data rows	2026-08-06 08:03:42	Aggregated; raw unit/engine identifiers excluded
11791	PT. SINAR SENTOSA MOTORA - BAHAR	ESL	CRF150L	RFS	Unfill	0-30	1	Stok_per_no_mesin_dealer - 2026-08-06T080342.480.xls	HTML table / 5,239 data rows	2026-08-06 08:03:42	Aggregated; raw unit/engine identifiers excluded
11791	PT. SINAR SENTOSA MOTORA - BAHAR	GB4	REVO FIT	RFS	Ready	0-30	3	Stok_per_no_mesin_dealer - 2026-08-06T080342.480.xls	HTML table / 5,239 data rows	2026-08-06 08:03:42	Aggregated; raw unit/engine identifiers excluded
11791	PT. SINAR SENTOSA MOTORA - BAHAR	GD4	REVO X	RFS	Ready	0-30	5	Stok_per_no_mesin_dealer - 2026-08-06T080342.480.xls	HTML table / 5,239 data rows	2026-08-06 08:03:42	Aggregated; raw unit/engine identifiers excluded
11791	PT. SINAR SENTOSA MOTORA - BAHAR	GD4	REVO X	RFS	Unfill	0-30	4	Stok_per_no_mesin_dealer - 2026-08-06T080342.480.xls	HTML table / 5,239 data rows	2026-08-06 08:03:42	Aggregated; raw unit/engine identifiers excluded
11791	PT. SINAR SENTOSA MOTORA - BAHAR	GF5	SUPRA X 125 CW	RFS	Unfill	0-30	4	Stok_per_no_mesin_dealer - 2026-08-06T080342.480.xls	HTML table / 5,239 data rows	2026-08-06 08:03:42	Aggregated; raw unit/engine identifiers excluded
11791	PT. SINAR SENTOSA MOTORA - BAHAR	HJ9	NEW SUPRA GTR150 SPORTY	RFS	Ready	31-60	1	Stok_per_no_mesin_dealer - 2026-08-06T080342.480.xls	HTML table / 5,239 data rows	2026-08-06 08:03:42	Aggregated; raw unit/engine identifiers excluded
11791	PT. SINAR SENTOSA MOTORA - BAHAR	KF0	CB150 VERZA SW	RFS	Soft Booking	121-150	1	Stok_per_no_mesin_dealer - 2026-08-06T080342.480.xls	HTML table / 5,239 data rows	2026-08-06 08:03:42	Aggregated; raw unit/engine identifiers excluded
11791	PT. SINAR SENTOSA MOTORA - BAHAR	MG1	STYLO 160 ABS	RFS	Unfill	0-30	1	Stok_per_no_mesin_dealer - 2026-08-06T080342.480.xls	HTML table / 5,239 data rows	2026-08-06 08:03:42	Aggregated; raw unit/engine identifiers excluded
11791	PT. SINAR SENTOSA MOTORA - BAHAR	MJ2	BEAT SPORTY CBS	RFS	Soft Booking	0-30	1	Stok_per_no_mesin_dealer - 2026-08-06T080342.480.xls	HTML table / 5,239 data rows	2026-08-06 08:03:42	Aggregated; raw unit/engine identifiers excluded
11791	PT. SINAR SENTOSA MOTORA - BAHAR	MJ2	BEAT SPORTY CBS	RFS	Unfill	0-30	2	Stok_per_no_mesin_dealer - 2026-08-06T080342.480.xls	HTML table / 5,239 data rows	2026-08-06 08:03:42	Aggregated; raw unit/engine identifiers excluded
11791	PT. SINAR SENTOSA MOTORA - BAHAR	MK2	BEAT SPORTY CBS ISS	RFS	Ready	0-30	2	Stok_per_no_mesin_dealer - 2026-08-06T080342.480.xls	HTML table / 5,239 data rows	2026-08-06 08:03:42	Aggregated; raw unit/engine identifiers excluded
11791	PT. SINAR SENTOSA MOTORA - BAHAR	ML2	BEAT SPORTY DLX SMART KEY	RFS	Ready	0-30	1	Stok_per_no_mesin_dealer - 2026-08-06T080342.480.xls	HTML table / 5,239 data rows	2026-08-06 08:03:42	Aggregated; raw unit/engine identifiers excluded
11791	PT. SINAR SENTOSA MOTORA - BAHAR	ML2	BEAT SPORTY DLX SMART KEY	RFS	Unfill	0-30	3	Stok_per_no_mesin_dealer - 2026-08-06T080342.480.xls	HTML table / 5,239 data rows	2026-08-06 08:03:42	Aggregated; raw unit/engine identifiers excluded
11791	PT. SINAR SENTOSA MOTORA - BAHAR	MM1	BEAT STREET	RFS	Soft Booking	61-90	1	Stok_per_no_mesin_dealer - 2026-08-06T080342.480.xls	HTML table / 5,239 data rows	2026-08-06 08:03:42	Aggregated; raw unit/engine identifiers excluded
11791	PT. SINAR SENTOSA MOTORA - BAHAR	MM2	BEAT STREET	RFS	Unfill	0-30	4	Stok_per_no_mesin_dealer - 2026-08-06T080342.480.xls	HTML table / 5,239 data rows	2026-08-06 08:03:42	Aggregated; raw unit/engine identifiers excluded
11791	PT. SINAR SENTOSA MOTORA - BAHAR	MN0	CUV e:	RFS	Ready	>150	1	Stok_per_no_mesin_dealer - 2026-08-06T080342.480.xls	HTML table / 5,239 data rows	2026-08-06 08:03:42	Aggregated; raw unit/engine identifiers excluded
11791	PT. SINAR SENTOSA MOTORA - BAHAR	MRB	SCOOPY FASHION	RFS	Soft Booking	0-30	1	Stok_per_no_mesin_dealer - 2026-08-06T080342.480.xls	HTML table / 5,239 data rows	2026-08-06 08:03:42	Aggregated; raw unit/engine identifiers excluded
11791	PT. SINAR SENTOSA MOTORA - BAHAR	MS1	SCOOPY PRESTIGE	RFS	Ready	0-30	3	Stok_per_no_mesin_dealer - 2026-08-06T080342.480.xls	HTML table / 5,239 data rows	2026-08-06 08:03:42	Aggregated; raw unit/engine identifiers excluded
11791	PT. SINAR SENTOSA MOTORA - BAHAR	MS1	SCOOPY PRESTIGE	RFS	Soft Booking	0-30	1	Stok_per_no_mesin_dealer - 2026-08-06T080342.480.xls	HTML table / 5,239 data rows	2026-08-06 08:03:42	Aggregated; raw unit/engine identifiers excluded
11791	PT. SINAR SENTOSA MOTORA - BAHAR	MSB	SCOOPY STYLISH	RFS	Unfill	0-30	3	Stok_per_no_mesin_dealer - 2026-08-06T080342.480.xls	HTML table / 5,239 data rows	2026-08-06 08:03:42	Aggregated; raw unit/engine identifiers excluded
11791	PT. SINAR SENTOSA MOTORA - BAHAR	MT1	PCX160 CBS	RFS	Ready	0-30	1	Stok_per_no_mesin_dealer - 2026-08-06T080342.480.xls	HTML table / 5,239 data rows	2026-08-06 08:03:42	Aggregated; raw unit/engine identifiers excluded
11791	PT. SINAR SENTOSA MOTORA - BAHAR	MW1	PCX160 Honda RoadSync	RFS	Ready	0-30	3	Stok_per_no_mesin_dealer - 2026-08-06T080342.480.xls	HTML table / 5,239 data rows	2026-08-06 08:03:42	Aggregated; raw unit/engine identifiers excluded
11791	PT. SINAR SENTOSA MOTORA - BAHAR	MW1	PCX160 Honda RoadSync	RFS	Unfill	0-30	1	Stok_per_no_mesin_dealer - 2026-08-06T080342.480.xls	HTML table / 5,239 data rows	2026-08-06 08:03:42	Aggregated; raw unit/engine identifiers excluded
11791	PT. SINAR SENTOSA MOTORA - BAHAR	MYA	VARIO EVO 160 CBS	RFS	Ready	0-30	1	Stok_per_no_mesin_dealer - 2026-08-06T080342.480.xls	HTML table / 5,239 data rows	2026-08-06 08:03:42	Aggregated; raw unit/engine identifiers excluded
11791	PT. SINAR SENTOSA MOTORA - BAHAR	NE0	VARIO 125 CBS ISS	RFS	Unfill	0-30	1	Stok_per_no_mesin_dealer - 2026-08-06T080342.480.xls	HTML table / 5,239 data rows	2026-08-06 08:03:42	Aggregated; raw unit/engine identifiers excluded
11791	PT. SINAR SENTOSA MOTORA - BAHAR	NF0	VARIO 125 STREET	RFS	Ready	0-30	1	Stok_per_no_mesin_dealer - 2026-08-06T080342.480.xls	HTML table / 5,239 data rows	2026-08-06 08:03:42	Aggregated; raw unit/engine identifiers excluded
11791	PT. SINAR SENTOSA MOTORA - BAHAR	NF0	VARIO 125 STREET	RFS	Ready	31-60	1	Stok_per_no_mesin_dealer - 2026-08-06T080342.480.xls	HTML table / 5,239 data rows	2026-08-06 08:03:42	Aggregated; raw unit/engine identifiers excluded
12142	PT. DAYA ANUGRAH MANDIRI - JAMBI	ESL	CRF150L	RFS	Ready	91-120	1	Stok_per_no_mesin_dealer - 2026-08-06T080342.480.xls	HTML table / 5,239 data rows	2026-08-06 08:03:42	Aggregated; raw unit/engine identifiers excluded
12142	PT. DAYA ANUGRAH MANDIRI - JAMBI	ESL	CRF150L	RFS	Soft Booking	31-60	1	Stok_per_no_mesin_dealer - 2026-08-06T080342.480.xls	HTML table / 5,239 data rows	2026-08-06 08:03:42	Aggregated; raw unit/engine identifiers excluded
12142	PT. DAYA ANUGRAH MANDIRI - JAMBI	ESL	CRF150L	RFS	Soft Booking	61-90	1	Stok_per_no_mesin_dealer - 2026-08-06T080342.480.xls	HTML table / 5,239 data rows	2026-08-06 08:03:42	Aggregated; raw unit/engine identifiers excluded
12142	PT. DAYA ANUGRAH MANDIRI - JAMBI	GB4	REVO FIT	RFS	Ready	31-60	2	Stok_per_no_mesin_dealer - 2026-08-06T080342.480.xls	HTML table / 5,239 data rows	2026-08-06 08:03:42	Aggregated; raw unit/engine identifiers excluded
12142	PT. DAYA ANUGRAH MANDIRI - JAMBI	GB4	REVO FIT	RFS	Soft Booking	91-120	1	Stok_per_no_mesin_dealer - 2026-08-06T080342.480.xls	HTML table / 5,239 data rows	2026-08-06 08:03:42	Aggregated; raw unit/engine identifiers excluded
12142	PT. DAYA ANUGRAH MANDIRI - JAMBI	GB4	REVO FIT	RFS	Unfill	0-30	1	Stok_per_no_mesin_dealer - 2026-08-06T080342.480.xls	HTML table / 5,239 data rows	2026-08-06 08:03:42	Aggregated; raw unit/engine identifiers excluded
12142	PT. DAYA ANUGRAH MANDIRI - JAMBI	GD4	REVO X	RFS	Ready	0-30	4	Stok_per_no_mesin_dealer - 2026-08-06T080342.480.xls	HTML table / 5,239 data rows	2026-08-06 08:03:42	Aggregated; raw unit/engine identifiers excluded
12142	PT. DAYA ANUGRAH MANDIRI - JAMBI	GD4	REVO X	RFS	Soft Booking	31-60	1	Stok_per_no_mesin_dealer - 2026-08-06T080342.480.xls	HTML table / 5,239 data rows	2026-08-06 08:03:42	Aggregated; raw unit/engine identifiers excluded
12142	PT. DAYA ANUGRAH MANDIRI - JAMBI	GF5	SUPRA X 125 CW	RFS	Ready	0-30	2	Stok_per_no_mesin_dealer - 2026-08-06T080342.480.xls	HTML table / 5,239 data rows	2026-08-06 08:03:42	Aggregated; raw unit/engine identifiers excluded
12142	PT. DAYA ANUGRAH MANDIRI - JAMBI	GF5	SUPRA X 125 CW	RFS	Soft Booking	0-30	1	Stok_per_no_mesin_dealer - 2026-08-06T080342.480.xls	HTML table / 5,239 data rows	2026-08-06 08:03:42	Aggregated; raw unit/engine identifiers excluded
12142	PT. DAYA ANUGRAH MANDIRI - JAMBI	GF5	SUPRA X 125 CW	RFS	Soft Booking	31-60	1	Stok_per_no_mesin_dealer - 2026-08-06T080342.480.xls	HTML table / 5,239 data rows	2026-08-06 08:03:42	Aggregated; raw unit/engine identifiers excluded
12142	PT. DAYA ANUGRAH MANDIRI - JAMBI	GF5	SUPRA X 125 CW	RFS	Soft Booking	61-90	1	Stok_per_no_mesin_dealer - 2026-08-06T080342.480.xls	HTML table / 5,239 data rows	2026-08-06 08:03:42	Aggregated; raw unit/engine identifiers excluded
12142	PT. DAYA ANUGRAH MANDIRI - JAMBI	HJ9	NEW SUPRA GTR150 SPORTY	RFS	Soft Booking	91-120	1	Stok_per_no_mesin_dealer - 2026-08-06T080342.480.xls	HTML table / 5,239 data rows	2026-08-06 08:03:42	Aggregated; raw unit/engine identifiers excluded
12142	PT. DAYA ANUGRAH MANDIRI - JAMBI	JMM	CBR 150R STD	RFS	Ready	0-30	1	Stok_per_no_mesin_dealer - 2026-08-06T080342.480.xls	HTML table / 5,239 data rows	2026-08-06 08:03:42	Aggregated; raw unit/engine identifiers excluded
12142	PT. DAYA ANUGRAH MANDIRI - JAMBI	JR0	CB150R STREETFIRE	RFS	Ready	>150	1	Stok_per_no_mesin_dealer - 2026-08-06T080342.480.xls	HTML table / 5,239 data rows	2026-08-06 08:03:42	Aggregated; raw unit/engine identifiers excluded
12142	PT. DAYA ANUGRAH MANDIRI - JAMBI	JS0	CB150R STREETFIRE	RFS	Ready	61-90	1	Stok_per_no_mesin_dealer - 2026-08-06T080342.480.xls	HTML table / 5,239 data rows	2026-08-06 08:03:42	Aggregated; raw unit/engine identifiers excluded
12142	PT. DAYA ANUGRAH MANDIRI - JAMBI	KCB	CBR 250RR ABS+QS	RFS	Soft Booking	>150	1	Stok_per_no_mesin_dealer - 2026-08-06T080342.480.xls	HTML table / 5,239 data rows	2026-08-06 08:03:42	Aggregated; raw unit/engine identifiers excluded
12142	PT. DAYA ANUGRAH MANDIRI - JAMBI	KF0	CB150 VERZA SW	RFS	Ready	91-120	1	Stok_per_no_mesin_dealer - 2026-08-06T080342.480.xls	HTML table / 5,239 data rows	2026-08-06 08:03:42	Aggregated; raw unit/engine identifiers excluded
12142	PT. DAYA ANUGRAH MANDIRI - JAMBI	KG0	CB150 VERZA CW	RFS	Ready	31-60	1	Stok_per_no_mesin_dealer - 2026-08-06T080342.480.xls	HTML table / 5,239 data rows	2026-08-06 08:03:42	Aggregated; raw unit/engine identifiers excluded
12142	PT. DAYA ANUGRAH MANDIRI - JAMBI	LY2	GENIO CBS	RFS	Soft Booking	>150	1	Stok_per_no_mesin_dealer - 2026-08-06T080342.480.xls	HTML table / 5,239 data rows	2026-08-06 08:03:42	Aggregated; raw unit/engine identifiers excluded
12142	PT. DAYA ANUGRAH MANDIRI - JAMBI	ME0	EM1 e:	RFS	Ready	>150	1	Stok_per_no_mesin_dealer - 2026-08-06T080342.480.xls	HTML table / 5,239 data rows	2026-08-06 08:03:42	Aggregated; raw unit/engine identifiers excluded
12142	PT. DAYA ANUGRAH MANDIRI - JAMBI	MG1	STYLO 160 ABS	RFS	Soft Booking	31-60	1	Stok_per_no_mesin_dealer - 2026-08-06T080342.480.xls	HTML table / 5,239 data rows	2026-08-06 08:03:42	Aggregated; raw unit/engine identifiers excluded
12142	PT. DAYA ANUGRAH MANDIRI - JAMBI	MGA	STYLO 160 ABS SPECIAL	RFS	Ready	0-30	1	Stok_per_no_mesin_dealer - 2026-08-06T080342.480.xls	HTML table / 5,239 data rows	2026-08-06 08:03:42	Aggregated; raw unit/engine identifiers excluded
12142	PT. DAYA ANUGRAH MANDIRI - JAMBI	MH0	EM1 e: PLUS	RFS	Ready	>150	1	Stok_per_no_mesin_dealer - 2026-08-06T080342.480.xls	HTML table / 5,239 data rows	2026-08-06 08:03:42	Aggregated; raw unit/engine identifiers excluded
12142	PT. DAYA ANUGRAH MANDIRI - JAMBI	MJ1	BEAT SPORTY CBS	RFS	Ready	0-30	5	Stok_per_no_mesin_dealer - 2026-08-06T080342.480.xls	HTML table / 5,239 data rows	2026-08-06 08:03:42	Aggregated; raw unit/engine identifiers excluded
12142	PT. DAYA ANUGRAH MANDIRI - JAMBI	MJ1	BEAT SPORTY CBS	RFS	Ready	121-150	1	Stok_per_no_mesin_dealer - 2026-08-06T080342.480.xls	HTML table / 5,239 data rows	2026-08-06 08:03:42	Aggregated; raw unit/engine identifiers excluded
12142	PT. DAYA ANUGRAH MANDIRI - JAMBI	MJ1	BEAT SPORTY CBS	RFS	Ready	61-90	2	Stok_per_no_mesin_dealer - 2026-08-06T080342.480.xls	HTML table / 5,239 data rows	2026-08-06 08:03:42	Aggregated; raw unit/engine identifiers excluded
12142	PT. DAYA ANUGRAH MANDIRI - JAMBI	MJ1	BEAT SPORTY CBS	RFS	Soft Booking	0-30	4	Stok_per_no_mesin_dealer - 2026-08-06T080342.480.xls	HTML table / 5,239 data rows	2026-08-06 08:03:42	Aggregated; raw unit/engine identifiers excluded
12142	PT. DAYA ANUGRAH MANDIRI - JAMBI	MJ2	BEAT SPORTY CBS	RFS	Ready	0-30	3	Stok_per_no_mesin_dealer - 2026-08-06T080342.480.xls	HTML table / 5,239 data rows	2026-08-06 08:03:42	Aggregated; raw unit/engine identifiers excluded
12142	PT. DAYA ANUGRAH MANDIRI - JAMBI	MJ2	BEAT SPORTY CBS	RFS	Soft Booking	0-30	1	Stok_per_no_mesin_dealer - 2026-08-06T080342.480.xls	HTML table / 5,239 data rows	2026-08-06 08:03:42	Aggregated; raw unit/engine identifiers excluded
12142	PT. DAYA ANUGRAH MANDIRI - JAMBI	MJ2	BEAT SPORTY CBS	RFS	Unfill	0-30	4	Stok_per_no_mesin_dealer - 2026-08-06T080342.480.xls	HTML table / 5,239 data rows	2026-08-06 08:03:42	Aggregated; raw unit/engine identifiers excluded
12142	PT. DAYA ANUGRAH MANDIRI - JAMBI	MK1	BEAT SPORTY CBS ISS DELUXE	RFS	Ready	0-30	1	Stok_per_no_mesin_dealer - 2026-08-06T080342.480.xls	HTML table / 5,239 data rows	2026-08-06 08:03:42	Aggregated; raw unit/engine identifiers excluded
12142	PT. DAYA ANUGRAH MANDIRI - JAMBI	MK1	BEAT SPORTY CBS ISS DELUXE	RFS	Ready	61-90	1	Stok_per_no_mesin_dealer - 2026-08-06T080342.480.xls	HTML table / 5,239 data rows	2026-08-06 08:03:42	Aggregated; raw unit/engine identifiers excluded
12142	PT. DAYA ANUGRAH MANDIRI - JAMBI	MK2	BEAT SPORTY CBS ISS	RFS	Ready	0-30	4	Stok_per_no_mesin_dealer - 2026-08-06T080342.480.xls	HTML table / 5,239 data rows	2026-08-06 08:03:42	Aggregated; raw unit/engine identifiers excluded
12142	PT. DAYA ANUGRAH MANDIRI - JAMBI	MK2	BEAT SPORTY CBS ISS	RFS	Soft Booking	0-30	1	Stok_per_no_mesin_dealer - 2026-08-06T080342.480.xls	HTML table / 5,239 data rows	2026-08-06 08:03:42	Aggregated; raw unit/engine identifiers excluded
12142	PT. DAYA ANUGRAH MANDIRI - JAMBI	ML2	BEAT SPORTY DLX SMART KEY	RFS	Ready	0-30	5	Stok_per_no_mesin_dealer - 2026-08-06T080342.480.xls	HTML table / 5,239 data rows	2026-08-06 08:03:42	Aggregated; raw unit/engine identifiers excluded
12142	PT. DAYA ANUGRAH MANDIRI - JAMBI	ML2	BEAT SPORTY DLX SMART KEY	RFS	Soft Booking	0-30	2	Stok_per_no_mesin_dealer - 2026-08-06T080342.480.xls	HTML table / 5,239 data rows	2026-08-06 08:03:42	Aggregated; raw unit/engine identifiers excluded
12142	PT. DAYA ANUGRAH MANDIRI - JAMBI	MM1	BEAT STREET	RFS	Ready	31-60	1	Stok_per_no_mesin_dealer - 2026-08-06T080342.480.xls	HTML table / 5,239 data rows	2026-08-06 08:03:42	Aggregated; raw unit/engine identifiers excluded
12142	PT. DAYA ANUGRAH MANDIRI - JAMBI	MM1	BEAT STREET	RFS	Ready	61-90	3	Stok_per_no_mesin_dealer - 2026-08-06T080342.480.xls	HTML table / 5,239 data rows	2026-08-06 08:03:42	Aggregated; raw unit/engine identifiers excluded
12142	PT. DAYA ANUGRAH MANDIRI - JAMBI	MM1	BEAT STREET	RFS	Ready	91-120	1	Stok_per_no_mesin_dealer - 2026-08-06T080342.480.xls	HTML table / 5,239 data rows	2026-08-06 08:03:42	Aggregated; raw unit/engine identifiers excluded
12142	PT. DAYA ANUGRAH MANDIRI - JAMBI	MM1	BEAT STREET	RFS	Soft Booking	31-60	1	Stok_per_no_mesin_dealer - 2026-08-06T080342.480.xls	HTML table / 5,239 data rows	2026-08-06 08:03:42	Aggregated; raw unit/engine identifiers excluded
12142	PT. DAYA ANUGRAH MANDIRI - JAMBI	MM1	BEAT STREET	RFS	Soft Booking	91-120	1	Stok_per_no_mesin_dealer - 2026-08-06T080342.480.xls	HTML table / 5,239 data rows	2026-08-06 08:03:42	Aggregated; raw unit/engine identifiers excluded
12142	PT. DAYA ANUGRAH MANDIRI - JAMBI	MM2	BEAT STREET	RFS	Ready	0-30	4	Stok_per_no_mesin_dealer - 2026-08-06T080342.480.xls	HTML table / 5,239 data rows	2026-08-06 08:03:42	Aggregated; raw unit/engine identifiers excluded
12142	PT. DAYA ANUGRAH MANDIRI - JAMBI	MM2	BEAT STREET	RFS	Soft Booking	0-30	2	Stok_per_no_mesin_dealer - 2026-08-06T080342.480.xls	HTML table / 5,239 data rows	2026-08-06 08:03:42	Aggregated; raw unit/engine identifiers excluded
12142	PT. DAYA ANUGRAH MANDIRI - JAMBI	MM2	BEAT STREET	RFS	Unfill	0-30	1	Stok_per_no_mesin_dealer - 2026-08-06T080342.480.xls	HTML table / 5,239 data rows	2026-08-06 08:03:42	Aggregated; raw unit/engine identifiers excluded
12142	PT. DAYA ANUGRAH MANDIRI - JAMBI	MN0	CUV e:	RFS	Ready	>150	3	Stok_per_no_mesin_dealer - 2026-08-06T080342.480.xls	HTML table / 5,239 data rows	2026-08-06 08:03:42	Aggregated; raw unit/engine identifiers excluded
12142	PT. DAYA ANUGRAH MANDIRI - JAMBI	MP0	CUV e: RoadSync Duo	RFS	Ready	>150	2	Stok_per_no_mesin_dealer - 2026-08-06T080342.480.xls	HTML table / 5,239 data rows	2026-08-06 08:03:42	Aggregated; raw unit/engine identifiers excluded
12142	PT. DAYA ANUGRAH MANDIRI - JAMBI	MRB	SCOOPY FASHION	RFS	Ready	0-30	1	Stok_per_no_mesin_dealer - 2026-08-06T080342.480.xls	HTML table / 5,239 data rows	2026-08-06 08:03:42	Aggregated; raw unit/engine identifiers excluded
12142	PT. DAYA ANUGRAH MANDIRI - JAMBI	MRB	SCOOPY FASHION	RFS	Ready	31-60	1	Stok_per_no_mesin_dealer - 2026-08-06T080342.480.xls	HTML table / 5,239 data rows	2026-08-06 08:03:42	Aggregated; raw unit/engine identifiers excluded
12142	PT. DAYA ANUGRAH MANDIRI - JAMBI	MS1	SCOOPY PRESTIGE	RFS	Ready	0-30	2	Stok_per_no_mesin_dealer - 2026-08-06T080342.480.xls	HTML table / 5,239 data rows	2026-08-06 08:03:42	Aggregated; raw unit/engine identifiers excluded
12142	PT. DAYA ANUGRAH MANDIRI - JAMBI	MS1	SCOOPY PRESTIGE	RFS	Soft Booking	0-30	1	Stok_per_no_mesin_dealer - 2026-08-06T080342.480.xls	HTML table / 5,239 data rows	2026-08-06 08:03:42	Aggregated; raw unit/engine identifiers excluded
12142	PT. DAYA ANUGRAH MANDIRI - JAMBI	MSB	SCOOPY STYLISH	RFS	Ready	0-30	1	Stok_per_no_mesin_dealer - 2026-08-06T080342.480.xls	HTML table / 5,239 data rows	2026-08-06 08:03:42	Aggregated; raw unit/engine identifiers excluded
12142	PT. DAYA ANUGRAH MANDIRI - JAMBI	MSB	SCOOPY STYLISH	RFS	Unfill	0-30	1	Stok_per_no_mesin_dealer - 2026-08-06T080342.480.xls	HTML table / 5,239 data rows	2026-08-06 08:03:42	Aggregated; raw unit/engine identifiers excluded
12142	PT. DAYA ANUGRAH MANDIRI - JAMBI	MT1	PCX160 CBS	RFS	Ready	0-30	4	Stok_per_no_mesin_dealer - 2026-08-06T080342.480.xls	HTML table / 5,239 data rows	2026-08-06 08:03:42	Aggregated; raw unit/engine identifiers excluded
12142	PT. DAYA ANUGRAH MANDIRI - JAMBI	MT1	PCX160 CBS	RFS	Soft Booking	0-30	1	Stok_per_no_mesin_dealer - 2026-08-06T080342.480.xls	HTML table / 5,239 data rows	2026-08-06 08:03:42	Aggregated; raw unit/engine identifiers excluded
12142	PT. DAYA ANUGRAH MANDIRI - JAMBI	MV1	PCX160 ABS	RFS	Soft Booking	0-30	2	Stok_per_no_mesin_dealer - 2026-08-06T080342.480.xls	HTML table / 5,239 data rows	2026-08-06 08:03:42	Aggregated; raw unit/engine identifiers excluded
12142	PT. DAYA ANUGRAH MANDIRI - JAMBI	MX0	ICON E:	RFS	Ready	>150	6	Stok_per_no_mesin_dealer - 2026-08-06T080342.480.xls	HTML table / 5,239 data rows	2026-08-06 08:03:42	Aggregated; raw unit/engine identifiers excluded
12142	PT. DAYA ANUGRAH MANDIRI - JAMBI	MY0	VARIO EVO 160 CBS Nitro	RFS	Soft Booking	0-30	1	Stok_per_no_mesin_dealer - 2026-08-06T080342.480.xls	HTML table / 5,239 data rows	2026-08-06 08:03:42	Aggregated; raw unit/engine identifiers excluded
12142	PT. DAYA ANUGRAH MANDIRI - JAMBI	MYA	VARIO EVO 160 CBS	RFS	Ready	0-30	1	Stok_per_no_mesin_dealer - 2026-08-06T080342.480.xls	HTML table / 5,239 data rows	2026-08-06 08:03:42	Aggregated; raw unit/engine identifiers excluded
12142	PT. DAYA ANUGRAH MANDIRI - JAMBI	MYA	VARIO EVO 160 CBS	RFS	Ready	31-60	1	Stok_per_no_mesin_dealer - 2026-08-06T080342.480.xls	HTML table / 5,239 data rows	2026-08-06 08:03:42	Aggregated; raw unit/engine identifiers excluded
12142	PT. DAYA ANUGRAH MANDIRI - JAMBI	MYA	VARIO EVO 160 CBS	RFS	Soft Booking	0-30	1	Stok_per_no_mesin_dealer - 2026-08-06T080342.480.xls	HTML table / 5,239 data rows	2026-08-06 08:03:42	Aggregated; raw unit/engine identifiers excluded
12142	PT. DAYA ANUGRAH MANDIRI - JAMBI	MZ0	VARIO EVO 160 ABS	RFS	Soft Booking	0-30	1	Stok_per_no_mesin_dealer - 2026-08-06T080342.480.xls	HTML table / 5,239 data rows	2026-08-06 08:03:42	Aggregated; raw unit/engine identifiers excluded
12142	PT. DAYA ANUGRAH MANDIRI - JAMBI	NA0	ADV160 CBS	RFS	Soft Booking	0-30	1	Stok_per_no_mesin_dealer - 2026-08-06T080342.480.xls	HTML table / 5,239 data rows	2026-08-06 08:03:42	Aggregated; raw unit/engine identifiers excluded
12142	PT. DAYA ANUGRAH MANDIRI - JAMBI	ND0	VARIO 125 CBS	RFS	Ready	0-30	1	Stok_per_no_mesin_dealer - 2026-08-06T080342.480.xls	HTML table / 5,239 data rows	2026-08-06 08:03:42	Aggregated; raw unit/engine identifiers excluded
12142	PT. DAYA ANUGRAH MANDIRI - JAMBI	ND0	VARIO 125 CBS	RFS	Unfill	0-30	1	Stok_per_no_mesin_dealer - 2026-08-06T080342.480.xls	HTML table / 5,239 data rows	2026-08-06 08:03:42	Aggregated; raw unit/engine identifiers excluded
12142	PT. DAYA ANUGRAH MANDIRI - JAMBI	NE0	VARIO 125 CBS ISS	RFS	Ready	0-30	1	Stok_per_no_mesin_dealer - 2026-08-06T080342.480.xls	HTML table / 5,239 data rows	2026-08-06 08:03:42	Aggregated; raw unit/engine identifiers excluded
12142	PT. DAYA ANUGRAH MANDIRI - JAMBI	NE0	VARIO 125 CBS ISS	RFS	Unfill	0-30	1	Stok_per_no_mesin_dealer - 2026-08-06T080342.480.xls	HTML table / 5,239 data rows	2026-08-06 08:03:42	Aggregated; raw unit/engine identifiers excluded
12142	PT. DAYA ANUGRAH MANDIRI - JAMBI	NF0	VARIO 125 STREET	RFS	Ready	0-30	1	Stok_per_no_mesin_dealer - 2026-08-06T080342.480.xls	HTML table / 5,239 data rows	2026-08-06 08:03:42	Aggregated; raw unit/engine identifiers excluded
12142	PT. DAYA ANUGRAH MANDIRI - JAMBI	NF0	VARIO 125 STREET	RFS	Ready	31-60	2	Stok_per_no_mesin_dealer - 2026-08-06T080342.480.xls	HTML table / 5,239 data rows	2026-08-06 08:03:42	Aggregated; raw unit/engine identifiers excluded
12142	PT. DAYA ANUGRAH MANDIRI - JAMBI	NF0	VARIO 125 STREET	RFS	Ready	61-90	3	Stok_per_no_mesin_dealer - 2026-08-06T080342.480.xls	HTML table / 5,239 data rows	2026-08-06 08:03:42	Aggregated; raw unit/engine identifiers excluded
12142	PT. DAYA ANUGRAH MANDIRI - JAMBI	NF0	VARIO 125 STREET	RFS	Soft Booking	>150	1	Stok_per_no_mesin_dealer - 2026-08-06T080342.480.xls	HTML table / 5,239 data rows	2026-08-06 08:03:42	Aggregated; raw unit/engine identifiers excluded
12142.2	POS DAYA - SUNDERLAND	ESK	CRF150L	RFS	Ready	91-120	1	Stok_per_no_mesin_dealer - 2026-08-06T080342.480.xls	HTML table / 5,239 data rows	2026-08-06 08:03:42	Aggregated; raw unit/engine identifiers excluded
12142.2	POS DAYA - SUNDERLAND	ESL	CRF150L	RFS	Ready	0-30	1	Stok_per_no_mesin_dealer - 2026-08-06T080342.480.xls	HTML table / 5,239 data rows	2026-08-06 08:03:42	Aggregated; raw unit/engine identifiers excluded
12142.2	POS DAYA - SUNDERLAND	ESL	CRF150L	RFS	Ready	91-120	1	Stok_per_no_mesin_dealer - 2026-08-06T080342.480.xls	HTML table / 5,239 data rows	2026-08-06 08:03:42	Aggregated; raw unit/engine identifiers excluded
12142.2	POS DAYA - SUNDERLAND	ESL	CRF150L	RFS	Unfill	0-30	1	Stok_per_no_mesin_dealer - 2026-08-06T080342.480.xls	HTML table / 5,239 data rows	2026-08-06 08:03:42	Aggregated; raw unit/engine identifiers excluded
12142.2	POS DAYA - SUNDERLAND	GB4	REVO FIT	RFS	Ready	0-30	1	Stok_per_no_mesin_dealer - 2026-08-06T080342.480.xls	HTML table / 5,239 data rows	2026-08-06 08:03:42	Aggregated; raw unit/engine identifiers excluded
12142.2	POS DAYA - SUNDERLAND	GB4	REVO FIT	RFS	Soft Booking	31-60	1	Stok_per_no_mesin_dealer - 2026-08-06T080342.480.xls	HTML table / 5,239 data rows	2026-08-06 08:03:42	Aggregated; raw unit/engine identifiers excluded
12142.2	POS DAYA - SUNDERLAND	GB4	REVO FIT	RFS	Soft Booking	61-90	1	Stok_per_no_mesin_dealer - 2026-08-06T080342.480.xls	HTML table / 5,239 data rows	2026-08-06 08:03:42	Aggregated; raw unit/engine identifiers excluded
12142.2	POS DAYA - SUNDERLAND	GB4	REVO FIT	RFS	Unfill	0-30	1	Stok_per_no_mesin_dealer - 2026-08-06T080342.480.xls	HTML table / 5,239 data rows	2026-08-06 08:03:42	Aggregated; raw unit/engine identifiers excluded
12142.2	POS DAYA - SUNDERLAND	GD4	REVO X	RFS	Ready	0-30	1	Stok_per_no_mesin_dealer - 2026-08-06T080342.480.xls	HTML table / 5,239 data rows	2026-08-06 08:03:42	Aggregated; raw unit/engine identifiers excluded
12142.2	POS DAYA - SUNDERLAND	GD4	REVO X	RFS	Soft Booking	0-30	1	Stok_per_no_mesin_dealer - 2026-08-06T080342.480.xls	HTML table / 5,239 data rows	2026-08-06 08:03:42	Aggregated; raw unit/engine identifiers excluded
12142.2	POS DAYA - SUNDERLAND	GD4	REVO X	RFS	Soft Booking	31-60	1	Stok_per_no_mesin_dealer - 2026-08-06T080342.480.xls	HTML table / 5,239 data rows	2026-08-06 08:03:42	Aggregated; raw unit/engine identifiers excluded
12142.2	POS DAYA - SUNDERLAND	GD4	REVO X	RFS	Unfill	0-30	1	Stok_per_no_mesin_dealer - 2026-08-06T080342.480.xls	HTML table / 5,239 data rows	2026-08-06 08:03:42	Aggregated; raw unit/engine identifiers excluded
12142.2	POS DAYA - SUNDERLAND	GE5	SUPRA X 125 SW	RFS	Soft Booking	91-120	1	Stok_per_no_mesin_dealer - 2026-08-06T080342.480.xls	HTML table / 5,239 data rows	2026-08-06 08:03:42	Aggregated; raw unit/engine identifiers excluded
12142.2	POS DAYA - SUNDERLAND	GF5	SUPRA X 125 CW	RFS	Ready	0-30	1	Stok_per_no_mesin_dealer - 2026-08-06T080342.480.xls	HTML table / 5,239 data rows	2026-08-06 08:03:42	Aggregated; raw unit/engine identifiers excluded
12142.2	POS DAYA - SUNDERLAND	GF5	SUPRA X 125 CW	RFS	Soft Booking	0-30	2	Stok_per_no_mesin_dealer - 2026-08-06T080342.480.xls	HTML table / 5,239 data rows	2026-08-06 08:03:42	Aggregated; raw unit/engine identifiers excluded
12142.2	POS DAYA - SUNDERLAND	GF5	SUPRA X 125 CW	RFS	Soft Booking	31-60	1	Stok_per_no_mesin_dealer - 2026-08-06T080342.480.xls	HTML table / 5,239 data rows	2026-08-06 08:03:42	Aggregated; raw unit/engine identifiers excluded
12142.2	POS DAYA - SUNDERLAND	HJK	NEW SUPRA GTR150	RFS	Unfill	0-30	1	Stok_per_no_mesin_dealer - 2026-08-06T080342.480.xls	HTML table / 5,239 data rows	2026-08-06 08:03:42	Aggregated; raw unit/engine identifiers excluded
12142.2	POS DAYA - SUNDERLAND	KF0	CB150 VERZA SW	RFS	Ready	61-90	1	Stok_per_no_mesin_dealer - 2026-08-06T080342.480.xls	HTML table / 5,239 data rows	2026-08-06 08:03:42	Aggregated; raw unit/engine identifiers excluded
12142.2	POS DAYA - SUNDERLAND	KG0	CB150 VERZA CW	RFS	Soft Booking	31-60	1	Stok_per_no_mesin_dealer - 2026-08-06T080342.480.xls	HTML table / 5,239 data rows	2026-08-06 08:03:42	Aggregated; raw unit/engine identifiers excluded
12142.2	POS DAYA - SUNDERLAND	LY2	GENIO CBS	RFS	Ready	91-120	1	Stok_per_no_mesin_dealer - 2026-08-06T080342.480.xls	HTML table / 5,239 data rows	2026-08-06 08:03:42	Aggregated; raw unit/engine identifiers excluded
12142.2	POS DAYA - SUNDERLAND	LZ2	GENIO CBS ISS	RFS	Ready	0-30	1	Stok_per_no_mesin_dealer - 2026-08-06T080342.480.xls	HTML table / 5,239 data rows	2026-08-06 08:03:42	Aggregated; raw unit/engine identifiers excluded
12142.2	POS DAYA - SUNDERLAND	MJ1	BEAT SPORTY CBS	RFS	Ready	0-30	4	Stok_per_no_mesin_dealer - 2026-08-06T080342.480.xls	HTML table / 5,239 data rows	2026-08-06 08:03:42	Aggregated; raw unit/engine identifiers excluded
12142.2	POS DAYA - SUNDERLAND	MJ1	BEAT SPORTY CBS	RFS	Ready	91-120	1	Stok_per_no_mesin_dealer - 2026-08-06T080342.480.xls	HTML table / 5,239 data rows	2026-08-06 08:03:42	Aggregated; raw unit/engine identifiers excluded
12142.2	POS DAYA - SUNDERLAND	MJ1	BEAT SPORTY CBS	RFS	Soft Booking	0-30	3	Stok_per_no_mesin_dealer - 2026-08-06T080342.480.xls	HTML table / 5,239 data rows	2026-08-06 08:03:42	Aggregated; raw unit/engine identifiers excluded
12142.2	POS DAYA - SUNDERLAND	MJ1	BEAT SPORTY CBS	RFS	Soft Booking	91-120	1	Stok_per_no_mesin_dealer - 2026-08-06T080342.480.xls	HTML table / 5,239 data rows	2026-08-06 08:03:42	Aggregated; raw unit/engine identifiers excluded
12142.2	POS DAYA - SUNDERLAND	MJ2	BEAT SPORTY CBS	RFS	Ready	0-30	3	Stok_per_no_mesin_dealer - 2026-08-06T080342.480.xls	HTML table / 5,239 data rows	2026-08-06 08:03:42	Aggregated; raw unit/engine identifiers excluded
12142.2	POS DAYA - SUNDERLAND	MJ2	BEAT SPORTY CBS	RFS	Soft Booking	0-30	1	Stok_per_no_mesin_dealer - 2026-08-06T080342.480.xls	HTML table / 5,239 data rows	2026-08-06 08:03:42	Aggregated; raw unit/engine identifiers excluded
12142.2	POS DAYA - SUNDERLAND	MJ2	BEAT SPORTY CBS	RFS	Unfill	0-30	1	Stok_per_no_mesin_dealer - 2026-08-06T080342.480.xls	HTML table / 5,239 data rows	2026-08-06 08:03:42	Aggregated; raw unit/engine identifiers excluded
12142.2	POS DAYA - SUNDERLAND	MK1	BEAT SPORTY CBS ISS DELUXE	RFS	Ready	31-60	1	Stok_per_no_mesin_dealer - 2026-08-06T080342.480.xls	HTML table / 5,239 data rows	2026-08-06 08:03:42	Aggregated; raw unit/engine identifiers excluded
12142.2	POS DAYA - SUNDERLAND	MK2	BEAT SPORTY CBS ISS	RFS	Ready	0-30	3	Stok_per_no_mesin_dealer - 2026-08-06T080342.480.xls	HTML table / 5,239 data rows	2026-08-06 08:03:42	Aggregated; raw unit/engine identifiers excluded
12142.2	POS DAYA - SUNDERLAND	MK2	BEAT SPORTY CBS ISS	RFS	Soft Booking	0-30	1	Stok_per_no_mesin_dealer - 2026-08-06T080342.480.xls	HTML table / 5,239 data rows	2026-08-06 08:03:42	Aggregated; raw unit/engine identifiers excluded
12142.2	POS DAYA - SUNDERLAND	MK2	BEAT SPORTY CBS ISS	RFS	Unfill	0-30	1	Stok_per_no_mesin_dealer - 2026-08-06T080342.480.xls	HTML table / 5,239 data rows	2026-08-06 08:03:42	Aggregated; raw unit/engine identifiers excluded
12142.2	POS DAYA - SUNDERLAND	ML1	BEAT SPORTY DLX SMART KEY	RFS	Ready	121-150	1	Stok_per_no_mesin_dealer - 2026-08-06T080342.480.xls	HTML table / 5,239 data rows	2026-08-06 08:03:42	Aggregated; raw unit/engine identifiers excluded
12142.2	POS DAYA - SUNDERLAND	ML2	BEAT SPORTY DLX SMART KEY	RFS	Ready	0-30	4	Stok_per_no_mesin_dealer - 2026-08-06T080342.480.xls	HTML table / 5,239 data rows	2026-08-06 08:03:42	Aggregated; raw unit/engine identifiers excluded
12142.2	POS DAYA - SUNDERLAND	ML2	BEAT SPORTY DLX SMART KEY	RFS	Unfill	0-30	2	Stok_per_no_mesin_dealer - 2026-08-06T080342.480.xls	HTML table / 5,239 data rows	2026-08-06 08:03:42	Aggregated; raw unit/engine identifiers excluded
12142.2	POS DAYA - SUNDERLAND	MM1	BEAT STREET	RFS	Ready	31-60	2	Stok_per_no_mesin_dealer - 2026-08-06T080342.480.xls	HTML table / 5,239 data rows	2026-08-06 08:03:42	Aggregated; raw unit/engine identifiers excluded
12142.2	POS DAYA - SUNDERLAND	MM1	BEAT STREET	RFS	Ready	61-90	1	Stok_per_no_mesin_dealer - 2026-08-06T080342.480.xls	HTML table / 5,239 data rows	2026-08-06 08:03:42	Aggregated; raw unit/engine identifiers excluded
12142.2	POS DAYA - SUNDERLAND	MM1	BEAT STREET	RFS	Ready	91-120	1	Stok_per_no_mesin_dealer - 2026-08-06T080342.480.xls	HTML table / 5,239 data rows	2026-08-06 08:03:42	Aggregated; raw unit/engine identifiers excluded
12142.2	POS DAYA - SUNDERLAND	MM1	BEAT STREET	RFS	Ready	>150	1	Stok_per_no_mesin_dealer - 2026-08-06T080342.480.xls	HTML table / 5,239 data rows	2026-08-06 08:03:42	Aggregated; raw unit/engine identifiers excluded
12142.2	POS DAYA - SUNDERLAND	MM1	BEAT STREET	RFS	Soft Booking	31-60	2	Stok_per_no_mesin_dealer - 2026-08-06T080342.480.xls	HTML table / 5,239 data rows	2026-08-06 08:03:42	Aggregated; raw unit/engine identifiers excluded
12142.2	POS DAYA - SUNDERLAND	MM2	BEAT STREET	RFS	Ready	0-30	1	Stok_per_no_mesin_dealer - 2026-08-06T080342.480.xls	HTML table / 5,239 data rows	2026-08-06 08:03:42	Aggregated; raw unit/engine identifiers excluded
12142.2	POS DAYA - SUNDERLAND	MM2	BEAT STREET	RFS	Soft Booking	0-30	1	Stok_per_no_mesin_dealer - 2026-08-06T080342.480.xls	HTML table / 5,239 data rows	2026-08-06 08:03:42	Aggregated; raw unit/engine identifiers excluded
12142.2	POS DAYA - SUNDERLAND	MM2	BEAT STREET	RFS	Unfill	0-30	3	Stok_per_no_mesin_dealer - 2026-08-06T080342.480.xls	HTML table / 5,239 data rows	2026-08-06 08:03:42	Aggregated; raw unit/engine identifiers excluded
12142.2	POS DAYA - SUNDERLAND	MRB	SCOOPY FASHION	RFS	Ready	91-120	1	Stok_per_no_mesin_dealer - 2026-08-06T080342.480.xls	HTML table / 5,239 data rows	2026-08-06 08:03:42	Aggregated; raw unit/engine identifiers excluded
12142.2	POS DAYA - SUNDERLAND	MRB	SCOOPY FASHION	RFS	Soft Booking	0-30	1	Stok_per_no_mesin_dealer - 2026-08-06T080342.480.xls	HTML table / 5,239 data rows	2026-08-06 08:03:42	Aggregated; raw unit/engine identifiers excluded
12142.2	POS DAYA - SUNDERLAND	MRB	SCOOPY FASHION	RFS	Unfill	0-30	1	Stok_per_no_mesin_dealer - 2026-08-06T080342.480.xls	HTML table / 5,239 data rows	2026-08-06 08:03:42	Aggregated; raw unit/engine identifiers excluded
12142.2	POS DAYA - SUNDERLAND	MS1	SCOOPY PRESTIGE	RFS	Soft Booking	0-30	1	Stok_per_no_mesin_dealer - 2026-08-06T080342.480.xls	HTML table / 5,239 data rows	2026-08-06 08:03:42	Aggregated; raw unit/engine identifiers excluded
12142.2	POS DAYA - SUNDERLAND	MS1	SCOOPY PRESTIGE	RFS	Unfill	0-30	1	Stok_per_no_mesin_dealer - 2026-08-06T080342.480.xls	HTML table / 5,239 data rows	2026-08-06 08:03:42	Aggregated; raw unit/engine identifiers excluded
12142.2	POS DAYA - SUNDERLAND	MSB	SCOOPY STYLISH	RFS	Ready	0-30	1	Stok_per_no_mesin_dealer - 2026-08-06T080342.480.xls	HTML table / 5,239 data rows	2026-08-06 08:03:42	Aggregated; raw unit/engine identifiers excluded
12142.2	POS DAYA - SUNDERLAND	MT1	PCX160 CBS	RFS	Ready	0-30	2	Stok_per_no_mesin_dealer - 2026-08-06T080342.480.xls	HTML table / 5,239 data rows	2026-08-06 08:03:42	Aggregated; raw unit/engine identifiers excluded
12142.2	POS DAYA - SUNDERLAND	MT1	PCX160 CBS	RFS	Soft Booking	0-30	1	Stok_per_no_mesin_dealer - 2026-08-06T080342.480.xls	HTML table / 5,239 data rows	2026-08-06 08:03:42	Aggregated; raw unit/engine identifiers excluded
12142.2	POS DAYA - SUNDERLAND	MV0	PCX160 ABS	RFS	Soft Booking	>150	1	Stok_per_no_mesin_dealer - 2026-08-06T080342.480.xls	HTML table / 5,239 data rows	2026-08-06 08:03:42	Aggregated; raw unit/engine identifiers excluded
12142.2	POS DAYA - SUNDERLAND	MV1	PCX160 ABS	RFS	Ready	0-30	1	Stok_per_no_mesin_dealer - 2026-08-06T080342.480.xls	HTML table / 5,239 data rows	2026-08-06 08:03:42	Aggregated; raw unit/engine identifiers excluded
12142.2	POS DAYA - SUNDERLAND	MW1	PCX160 Honda RoadSync	RFS	Soft Booking	0-30	1	Stok_per_no_mesin_dealer - 2026-08-06T080342.480.xls	HTML table / 5,239 data rows	2026-08-06 08:03:42	Aggregated; raw unit/engine identifiers excluded
12142.2	POS DAYA - SUNDERLAND	MX0	ICON E:	RFS	Ready	>150	1	Stok_per_no_mesin_dealer - 2026-08-06T080342.480.xls	HTML table / 5,239 data rows	2026-08-06 08:03:42	Aggregated; raw unit/engine identifiers excluded
12142.2	POS DAYA - SUNDERLAND	MY0	VARIO EVO 160 CBS Nitro	RFS	Ready	0-30	2	Stok_per_no_mesin_dealer - 2026-08-06T080342.480.xls	HTML table / 5,239 data rows	2026-08-06 08:03:42	Aggregated; raw unit/engine identifiers excluded
12142.2	POS DAYA - SUNDERLAND	MYA	VARIO EVO 160 CBS	RFS	Ready	31-60	1	Stok_per_no_mesin_dealer - 2026-08-06T080342.480.xls	HTML table / 5,239 data rows	2026-08-06 08:03:42	Aggregated; raw unit/engine identifiers excluded
12142.2	POS DAYA - SUNDERLAND	MYA	VARIO EVO 160 CBS	RFS	Soft Booking	0-30	1	Stok_per_no_mesin_dealer - 2026-08-06T080342.480.xls	HTML table / 5,239 data rows	2026-08-06 08:03:42	Aggregated; raw unit/engine identifiers excluded
12142.2	POS DAYA - SUNDERLAND	MZ0	VARIO EVO 160 ABS	RFS	Unfill	0-30	1	Stok_per_no_mesin_dealer - 2026-08-06T080342.480.xls	HTML table / 5,239 data rows	2026-08-06 08:03:42	Aggregated; raw unit/engine identifiers excluded
12142.2	POS DAYA - SUNDERLAND	NE0	VARIO 125 CBS ISS	RFS	Ready	0-30	1	Stok_per_no_mesin_dealer - 2026-08-06T080342.480.xls	HTML table / 5,239 data rows	2026-08-06 08:03:42	Aggregated; raw unit/engine identifiers excluded
12142.2	POS DAYA - SUNDERLAND	NF0	VARIO 125 STREET	RFS	Ready	31-60	4	Stok_per_no_mesin_dealer - 2026-08-06T080342.480.xls	HTML table / 5,239 data rows	2026-08-06 08:03:42	Aggregated; raw unit/engine identifiers excluded
12142.2	POS DAYA - SUNDERLAND	NF0	VARIO 125 STREET	RFS	Ready	91-120	1	Stok_per_no_mesin_dealer - 2026-08-06T080342.480.xls	HTML table / 5,239 data rows	2026-08-06 08:03:42	Aggregated; raw unit/engine identifiers excluded
12142.2	POS DAYA - SUNDERLAND	NF0	VARIO 125 STREET	RFS	Ready	>150	1	Stok_per_no_mesin_dealer - 2026-08-06T080342.480.xls	HTML table / 5,239 data rows	2026-08-06 08:03:42	Aggregated; raw unit/engine identifiers excluded
12142.2	POS DAYA - SUNDERLAND	NF0	VARIO 125 STREET	RFS	Soft Booking	31-60	1	Stok_per_no_mesin_dealer - 2026-08-06T080342.480.xls	HTML table / 5,239 data rows	2026-08-06 08:03:42	Aggregated; raw unit/engine identifiers excluded
12143	PT. DAYA ANUGRAH MANDIRI - RIMBO	ESL	CRF150L	RFS	Ready	0-30	2	Stok_per_no_mesin_dealer - 2026-08-06T080342.480.xls	HTML table / 5,239 data rows	2026-08-06 08:03:42	Aggregated; raw unit/engine identifiers excluded
12143	PT. DAYA ANUGRAH MANDIRI - RIMBO	ESL	CRF150L	RFS	Soft Booking	0-30	1	Stok_per_no_mesin_dealer - 2026-08-06T080342.480.xls	HTML table / 5,239 data rows	2026-08-06 08:03:42	Aggregated; raw unit/engine identifiers excluded
12143	PT. DAYA ANUGRAH MANDIRI - RIMBO	GB4	REVO FIT	RFS	Ready	0-30	3	Stok_per_no_mesin_dealer - 2026-08-06T080342.480.xls	HTML table / 5,239 data rows	2026-08-06 08:03:42	Aggregated; raw unit/engine identifiers excluded
12143	PT. DAYA ANUGRAH MANDIRI - RIMBO	GB4	REVO FIT	RFS	Soft Booking	0-30	2	Stok_per_no_mesin_dealer - 2026-08-06T080342.480.xls	HTML table / 5,239 data rows	2026-08-06 08:03:42	Aggregated; raw unit/engine identifiers excluded
12143	PT. DAYA ANUGRAH MANDIRI - RIMBO	GD4	REVO X	RFS	Ready	0-30	3	Stok_per_no_mesin_dealer - 2026-08-06T080342.480.xls	HTML table / 5,239 data rows	2026-08-06 08:03:42	Aggregated; raw unit/engine identifiers excluded
12143	PT. DAYA ANUGRAH MANDIRI - RIMBO	GD4	REVO X	RFS	Soft Booking	0-30	2	Stok_per_no_mesin_dealer - 2026-08-06T080342.480.xls	HTML table / 5,239 data rows	2026-08-06 08:03:42	Aggregated; raw unit/engine identifiers excluded
12143	PT. DAYA ANUGRAH MANDIRI - RIMBO	GE5	SUPRA X 125 SW	RFS	Soft Booking	0-30	1	Stok_per_no_mesin_dealer - 2026-08-06T080342.480.xls	HTML table / 5,239 data rows	2026-08-06 08:03:42	Aggregated; raw unit/engine identifiers excluded
12143	PT. DAYA ANUGRAH MANDIRI - RIMBO	GF5	SUPRA X 125 CW	RFS	Ready	0-30	4	Stok_per_no_mesin_dealer - 2026-08-06T080342.480.xls	HTML table / 5,239 data rows	2026-08-06 08:03:42	Aggregated; raw unit/engine identifiers excluded
12143	PT. DAYA ANUGRAH MANDIRI - RIMBO	GF5	SUPRA X 125 CW	RFS	Soft Booking	0-30	1	Stok_per_no_mesin_dealer - 2026-08-06T080342.480.xls	HTML table / 5,239 data rows	2026-08-06 08:03:42	Aggregated; raw unit/engine identifiers excluded
12143	PT. DAYA ANUGRAH MANDIRI - RIMBO	HJK	NEW SUPRA GTR150	RFS	Ready	0-30	1	Stok_per_no_mesin_dealer - 2026-08-06T080342.480.xls	HTML table / 5,239 data rows	2026-08-06 08:03:42	Aggregated; raw unit/engine identifiers excluded
12143	PT. DAYA ANUGRAH MANDIRI - RIMBO	JML	CBR 150R STD	RFS	Ready	121-150	1	Stok_per_no_mesin_dealer - 2026-08-06T080342.480.xls	HTML table / 5,239 data rows	2026-08-06 08:03:42	Aggregated; raw unit/engine identifiers excluded
12143	PT. DAYA ANUGRAH MANDIRI - RIMBO	JS0	CB150R STREETFIRE	RFS	Ready	121-150	1	Stok_per_no_mesin_dealer - 2026-08-06T080342.480.xls	HTML table / 5,239 data rows	2026-08-06 08:03:42	Aggregated; raw unit/engine identifiers excluded
12143	PT. DAYA ANUGRAH MANDIRI - RIMBO	KF0	CB150 VERZA SW	RFS	Ready	91-120	1	Stok_per_no_mesin_dealer - 2026-08-06T080342.480.xls	HTML table / 5,239 data rows	2026-08-06 08:03:42	Aggregated; raw unit/engine identifiers excluded
12143	PT. DAYA ANUGRAH MANDIRI - RIMBO	LY2	GENIO CBS	RFS	Ready	121-150	1	Stok_per_no_mesin_dealer - 2026-08-06T080342.480.xls	HTML table / 5,239 data rows	2026-08-06 08:03:42	Aggregated; raw unit/engine identifiers excluded
12143	PT. DAYA ANUGRAH MANDIRI - RIMBO	LY2	GENIO CBS	RFS	Soft Booking	>150	1	Stok_per_no_mesin_dealer - 2026-08-06T080342.480.xls	HTML table / 5,239 data rows	2026-08-06 08:03:42	Aggregated; raw unit/engine identifiers excluded
12143	PT. DAYA ANUGRAH MANDIRI - RIMBO	ME0	EM1 e:	RFS	Soft Booking	>150	1	Stok_per_no_mesin_dealer - 2026-08-06T080342.480.xls	HTML table / 5,239 data rows	2026-08-06 08:03:42	Aggregated; raw unit/engine identifiers excluded
12143	PT. DAYA ANUGRAH MANDIRI - RIMBO	MH0	EM1 e: PLUS	RFS	Ready	>150	1	Stok_per_no_mesin_dealer - 2026-08-06T080342.480.xls	HTML table / 5,239 data rows	2026-08-06 08:03:42	Aggregated; raw unit/engine identifiers excluded
12143	PT. DAYA ANUGRAH MANDIRI - RIMBO	MJ1	BEAT SPORTY CBS	RFS	Ready	0-30	3	Stok_per_no_mesin_dealer - 2026-08-06T080342.480.xls	HTML table / 5,239 data rows	2026-08-06 08:03:42	Aggregated; raw unit/engine identifiers excluded
12143	PT. DAYA ANUGRAH MANDIRI - RIMBO	MJ2	BEAT SPORTY CBS	RFS	Ready	0-30	2	Stok_per_no_mesin_dealer - 2026-08-06T080342.480.xls	HTML table / 5,239 data rows	2026-08-06 08:03:42	Aggregated; raw unit/engine identifiers excluded
12143	PT. DAYA ANUGRAH MANDIRI - RIMBO	MK2	BEAT SPORTY CBS ISS	RFS	Ready	0-30	1	Stok_per_no_mesin_dealer - 2026-08-06T080342.480.xls	HTML table / 5,239 data rows	2026-08-06 08:03:42	Aggregated; raw unit/engine identifiers excluded
12143	PT. DAYA ANUGRAH MANDIRI - RIMBO	MK2	BEAT SPORTY CBS ISS	RFS	Soft Booking	0-30	2	Stok_per_no_mesin_dealer - 2026-08-06T080342.480.xls	HTML table / 5,239 data rows	2026-08-06 08:03:42	Aggregated; raw unit/engine identifiers excluded
12143	PT. DAYA ANUGRAH MANDIRI - RIMBO	ML2	BEAT SPORTY DLX SMART KEY	RFS	Ready	0-30	2	Stok_per_no_mesin_dealer - 2026-08-06T080342.480.xls	HTML table / 5,239 data rows	2026-08-06 08:03:42	Aggregated; raw unit/engine identifiers excluded
12143	PT. DAYA ANUGRAH MANDIRI - RIMBO	ML2	BEAT SPORTY DLX SMART KEY	RFS	Soft Booking	0-30	2	Stok_per_no_mesin_dealer - 2026-08-06T080342.480.xls	HTML table / 5,239 data rows	2026-08-06 08:03:42	Aggregated; raw unit/engine identifiers excluded
12143	PT. DAYA ANUGRAH MANDIRI - RIMBO	MM1	BEAT STREET	RFS	Soft Booking	121-150	1	Stok_per_no_mesin_dealer - 2026-08-06T080342.480.xls	HTML table / 5,239 data rows	2026-08-06 08:03:42	Aggregated; raw unit/engine identifiers excluded
12143	PT. DAYA ANUGRAH MANDIRI - RIMBO	MM2	BEAT STREET	RFS	Ready	0-30	6	Stok_per_no_mesin_dealer - 2026-08-06T080342.480.xls	HTML table / 5,239 data rows	2026-08-06 08:03:42	Aggregated; raw unit/engine identifiers excluded
12143	PT. DAYA ANUGRAH MANDIRI - RIMBO	MM2	BEAT STREET	RFS	Soft Booking	0-30	2	Stok_per_no_mesin_dealer - 2026-08-06T080342.480.xls	HTML table / 5,239 data rows	2026-08-06 08:03:42	Aggregated; raw unit/engine identifiers excluded
12143	PT. DAYA ANUGRAH MANDIRI - RIMBO	MN0	CUV e:	RFS	Ready	>150	4	Stok_per_no_mesin_dealer - 2026-08-06T080342.480.xls	HTML table / 5,239 data rows	2026-08-06 08:03:42	Aggregated; raw unit/engine identifiers excluded
12143	PT. DAYA ANUGRAH MANDIRI - RIMBO	MP0	CUV e: RoadSync Duo	RFS	Ready	>150	1	Stok_per_no_mesin_dealer - 2026-08-06T080342.480.xls	HTML table / 5,239 data rows	2026-08-06 08:03:42	Aggregated; raw unit/engine identifiers excluded
12143	PT. DAYA ANUGRAH MANDIRI - RIMBO	MRB	SCOOPY FASHION	RFS	Soft Booking	0-30	1	Stok_per_no_mesin_dealer - 2026-08-06T080342.480.xls	HTML table / 5,239 data rows	2026-08-06 08:03:42	Aggregated; raw unit/engine identifiers excluded
12143	PT. DAYA ANUGRAH MANDIRI - RIMBO	MS1	SCOOPY PRESTIGE	RFS	Ready	0-30	3	Stok_per_no_mesin_dealer - 2026-08-06T080342.480.xls	HTML table / 5,239 data rows	2026-08-06 08:03:42	Aggregated; raw unit/engine identifiers excluded
12143	PT. DAYA ANUGRAH MANDIRI - RIMBO	MS1	SCOOPY PRESTIGE	RFS	Soft Booking	0-30	1	Stok_per_no_mesin_dealer - 2026-08-06T080342.480.xls	HTML table / 5,239 data rows	2026-08-06 08:03:42	Aggregated; raw unit/engine identifiers excluded
12143	PT. DAYA ANUGRAH MANDIRI - RIMBO	MV1	PCX160 ABS	RFS	Ready	0-30	1	Stok_per_no_mesin_dealer - 2026-08-06T080342.480.xls	HTML table / 5,239 data rows	2026-08-06 08:03:42	Aggregated; raw unit/engine identifiers excluded
12143	PT. DAYA ANUGRAH MANDIRI - RIMBO	MW1	PCX160 Honda RoadSync	RFS	Ready	0-30	1	Stok_per_no_mesin_dealer - 2026-08-06T080342.480.xls	HTML table / 5,239 data rows	2026-08-06 08:03:42	Aggregated; raw unit/engine identifiers excluded
12143	PT. DAYA ANUGRAH MANDIRI - RIMBO	MX0	ICON E:	RFS	Ready	>150	4	Stok_per_no_mesin_dealer - 2026-08-06T080342.480.xls	HTML table / 5,239 data rows	2026-08-06 08:03:42	Aggregated; raw unit/engine identifiers excluded
12143	PT. DAYA ANUGRAH MANDIRI - RIMBO	MYA	VARIO EVO 160 CBS	RFS	Ready	0-30	1	Stok_per_no_mesin_dealer - 2026-08-06T080342.480.xls	HTML table / 5,239 data rows	2026-08-06 08:03:42	Aggregated; raw unit/engine identifiers excluded
12143	PT. DAYA ANUGRAH MANDIRI - RIMBO	MYA	VARIO EVO 160 CBS	RFS	Soft Booking	0-30	1	Stok_per_no_mesin_dealer - 2026-08-06T080342.480.xls	HTML table / 5,239 data rows	2026-08-06 08:03:42	Aggregated; raw unit/engine identifiers excluded
12143	PT. DAYA ANUGRAH MANDIRI - RIMBO	NA0	ADV160 CBS	RFS	Ready	0-30	1	Stok_per_no_mesin_dealer - 2026-08-06T080342.480.xls	HTML table / 5,239 data rows	2026-08-06 08:03:42	Aggregated; raw unit/engine identifiers excluded
12143	PT. DAYA ANUGRAH MANDIRI - RIMBO	NE0	VARIO 125 CBS ISS	RFS	Ready	0-30	2	Stok_per_no_mesin_dealer - 2026-08-06T080342.480.xls	HTML table / 5,239 data rows	2026-08-06 08:03:42	Aggregated; raw unit/engine identifiers excluded
12143	PT. DAYA ANUGRAH MANDIRI - RIMBO	NF0	VARIO 125 STREET	RFS	Ready	0-30	2	Stok_per_no_mesin_dealer - 2026-08-06T080342.480.xls	HTML table / 5,239 data rows	2026-08-06 08:03:42	Aggregated; raw unit/engine identifiers excluded
12143	PT. DAYA ANUGRAH MANDIRI - RIMBO	NF0	VARIO 125 STREET	RFS	Ready	121-150	1	Stok_per_no_mesin_dealer - 2026-08-06T080342.480.xls	HTML table / 5,239 data rows	2026-08-06 08:03:42	Aggregated; raw unit/engine identifiers excluded
12143	PT. DAYA ANUGRAH MANDIRI - RIMBO	NF0	VARIO 125 STREET	RFS	Ready	31-60	1	Stok_per_no_mesin_dealer - 2026-08-06T080342.480.xls	HTML table / 5,239 data rows	2026-08-06 08:03:42	Aggregated; raw unit/engine identifiers excluded
12143	PT. DAYA ANUGRAH MANDIRI - RIMBO	NF0	VARIO 125 STREET	RFS	Ready	61-90	1	Stok_per_no_mesin_dealer - 2026-08-06T080342.480.xls	HTML table / 5,239 data rows	2026-08-06 08:03:42	Aggregated; raw unit/engine identifiers excluded
12143.1	POS DAYA - BENGKAL	ESL	CRF150L	RFS	Ready	0-30	3	Stok_per_no_mesin_dealer - 2026-08-06T080342.480.xls	HTML table / 5,239 data rows	2026-08-06 08:03:42	Aggregated; raw unit/engine identifiers excluded
12143.1	POS DAYA - BENGKAL	GB4	REVO FIT	RFS	Ready	0-30	2	Stok_per_no_mesin_dealer - 2026-08-06T080342.480.xls	HTML table / 5,239 data rows	2026-08-06 08:03:42	Aggregated; raw unit/engine identifiers excluded
12143.1	POS DAYA - BENGKAL	GB4	REVO FIT	RFS	Soft Booking	0-30	1	Stok_per_no_mesin_dealer - 2026-08-06T080342.480.xls	HTML table / 5,239 data rows	2026-08-06 08:03:42	Aggregated; raw unit/engine identifiers excluded
12143.1	POS DAYA - BENGKAL	GF5	SUPRA X 125 CW	RFS	Soft Booking	0-30	1	Stok_per_no_mesin_dealer - 2026-08-06T080342.480.xls	HTML table / 5,239 data rows	2026-08-06 08:03:42	Aggregated; raw unit/engine identifiers excluded
12143.1	POS DAYA - BENGKAL	HJK	NEW SUPRA GTR150	RFS	Ready	0-30	1	Stok_per_no_mesin_dealer - 2026-08-06T080342.480.xls	HTML table / 5,239 data rows	2026-08-06 08:03:42	Aggregated; raw unit/engine identifiers excluded
12143.1	POS DAYA - BENGKAL	JMM	CBR 150R STD	RFS	Soft Booking	0-30	1	Stok_per_no_mesin_dealer - 2026-08-06T080342.480.xls	HTML table / 5,239 data rows	2026-08-06 08:03:42	Aggregated; raw unit/engine identifiers excluded
12143.1	POS DAYA - BENGKAL	KG0	CB150 VERZA CW	RFS	Ready	0-30	1	Stok_per_no_mesin_dealer - 2026-08-06T080342.480.xls	HTML table / 5,239 data rows	2026-08-06 08:03:42	Aggregated; raw unit/engine identifiers excluded
12143.1	POS DAYA - BENGKAL	LY2	GENIO CBS	RFS	Ready	>150	1	Stok_per_no_mesin_dealer - 2026-08-06T080342.480.xls	HTML table / 5,239 data rows	2026-08-06 08:03:42	Aggregated; raw unit/engine identifiers excluded
12143.1	POS DAYA - BENGKAL	LY2	GENIO CBS	RFS	Soft Booking	121-150	1	Stok_per_no_mesin_dealer - 2026-08-06T080342.480.xls	HTML table / 5,239 data rows	2026-08-06 08:03:42	Aggregated; raw unit/engine identifiers excluded
12143.1	POS DAYA - BENGKAL	MG1	STYLO 160 ABS	RFS	Soft Booking	91-120	1	Stok_per_no_mesin_dealer - 2026-08-06T080342.480.xls	HTML table / 5,239 data rows	2026-08-06 08:03:42	Aggregated; raw unit/engine identifiers excluded
12143.1	POS DAYA - BENGKAL	MJ1	BEAT SPORTY CBS	RFS	Ready	0-30	2	Stok_per_no_mesin_dealer - 2026-08-06T080342.480.xls	HTML table / 5,239 data rows	2026-08-06 08:03:42	Aggregated; raw unit/engine identifiers excluded
12143.1	POS DAYA - BENGKAL	MJ1	BEAT SPORTY CBS	RFS	Ready	121-150	1	Stok_per_no_mesin_dealer - 2026-08-06T080342.480.xls	HTML table / 5,239 data rows	2026-08-06 08:03:42	Aggregated; raw unit/engine identifiers excluded
12143.1	POS DAYA - BENGKAL	MJ1	BEAT SPORTY CBS	RFS	Ready	31-60	1	Stok_per_no_mesin_dealer - 2026-08-06T080342.480.xls	HTML table / 5,239 data rows	2026-08-06 08:03:42	Aggregated; raw unit/engine identifiers excluded
12143.1	POS DAYA - BENGKAL	MJ2	BEAT SPORTY CBS	RFS	Soft Booking	0-30	1	Stok_per_no_mesin_dealer - 2026-08-06T080342.480.xls	HTML table / 5,239 data rows	2026-08-06 08:03:42	Aggregated; raw unit/engine identifiers excluded
12143.1	POS DAYA - BENGKAL	MK2	BEAT SPORTY CBS ISS	RFS	Ready	0-30	2	Stok_per_no_mesin_dealer - 2026-08-06T080342.480.xls	HTML table / 5,239 data rows	2026-08-06 08:03:42	Aggregated; raw unit/engine identifiers excluded
12143.1	POS DAYA - BENGKAL	ML1	BEAT SPORTY DLX SMART KEY	RFS	Ready	121-150	1	Stok_per_no_mesin_dealer - 2026-08-06T080342.480.xls	HTML table / 5,239 data rows	2026-08-06 08:03:42	Aggregated; raw unit/engine identifiers excluded
12143.1	POS DAYA - BENGKAL	ML1	BEAT SPORTY DLX SMART KEY	RFS	Soft Booking	121-150	1	Stok_per_no_mesin_dealer - 2026-08-06T080342.480.xls	HTML table / 5,239 data rows	2026-08-06 08:03:42	Aggregated; raw unit/engine identifiers excluded
12143.1	POS DAYA - BENGKAL	ML2	BEAT SPORTY DLX SMART KEY	RFS	Ready	0-30	1	Stok_per_no_mesin_dealer - 2026-08-06T080342.480.xls	HTML table / 5,239 data rows	2026-08-06 08:03:42	Aggregated; raw unit/engine identifiers excluded
12143.1	POS DAYA - BENGKAL	MM2	BEAT STREET	RFS	Ready	0-30	1	Stok_per_no_mesin_dealer - 2026-08-06T080342.480.xls	HTML table / 5,239 data rows	2026-08-06 08:03:42	Aggregated; raw unit/engine identifiers excluded
12143.1	POS DAYA - BENGKAL	MM2	BEAT STREET	RFS	Soft Booking	0-30	2	Stok_per_no_mesin_dealer - 2026-08-06T080342.480.xls	HTML table / 5,239 data rows	2026-08-06 08:03:42	Aggregated; raw unit/engine identifiers excluded
12143.1	POS DAYA - BENGKAL	MS1	SCOOPY PRESTIGE	RFS	Ready	0-30	1	Stok_per_no_mesin_dealer - 2026-08-06T080342.480.xls	HTML table / 5,239 data rows	2026-08-06 08:03:42	Aggregated; raw unit/engine identifiers excluded
12143.1	POS DAYA - BENGKAL	MSB	SCOOPY STYLISH	RFS	Ready	0-30	3	Stok_per_no_mesin_dealer - 2026-08-06T080342.480.xls	HTML table / 5,239 data rows	2026-08-06 08:03:42	Aggregated; raw unit/engine identifiers excluded
12143.1	POS DAYA - BENGKAL	MT1	PCX160 CBS	RFS	Ready	0-30	1	Stok_per_no_mesin_dealer - 2026-08-06T080342.480.xls	HTML table / 5,239 data rows	2026-08-06 08:03:42	Aggregated; raw unit/engine identifiers excluded
12143.1	POS DAYA - BENGKAL	MV1	PCX160 ABS	RFS	Ready	0-30	1	Stok_per_no_mesin_dealer - 2026-08-06T080342.480.xls	HTML table / 5,239 data rows	2026-08-06 08:03:42	Aggregated; raw unit/engine identifiers excluded
12143.1	POS DAYA - BENGKAL	MW1	PCX160 Honda RoadSync	RFS	Ready	0-30	1	Stok_per_no_mesin_dealer - 2026-08-06T080342.480.xls	HTML table / 5,239 data rows	2026-08-06 08:03:42	Aggregated; raw unit/engine identifiers excluded
12143.1	POS DAYA - BENGKAL	MX0	ICON E:	RFS	Ready	>150	1	Stok_per_no_mesin_dealer - 2026-08-06T080342.480.xls	HTML table / 5,239 data rows	2026-08-06 08:03:42	Aggregated; raw unit/engine identifiers excluded
12143.1	POS DAYA - BENGKAL	MY0	VARIO EVO 160 CBS Nitro	RFS	Ready	0-30	1	Stok_per_no_mesin_dealer - 2026-08-06T080342.480.xls	HTML table / 5,239 data rows	2026-08-06 08:03:42	Aggregated; raw unit/engine identifiers excluded
12143.1	POS DAYA - BENGKAL	MY0	VARIO EVO 160 CBS Nitro	RFS	Soft Booking	0-30	1	Stok_per_no_mesin_dealer - 2026-08-06T080342.480.xls	HTML table / 5,239 data rows	2026-08-06 08:03:42	Aggregated; raw unit/engine identifiers excluded
12143.1	POS DAYA - BENGKAL	MYA	VARIO EVO 160 CBS	RFS	Ready	0-30	1	Stok_per_no_mesin_dealer - 2026-08-06T080342.480.xls	HTML table / 5,239 data rows	2026-08-06 08:03:42	Aggregated; raw unit/engine identifiers excluded
12143.1	POS DAYA - BENGKAL	MZ0	VARIO EVO 160 ABS	RFS	Ready	0-30	1	Stok_per_no_mesin_dealer - 2026-08-06T080342.480.xls	HTML table / 5,239 data rows	2026-08-06 08:03:42	Aggregated; raw unit/engine identifiers excluded
12143.1	POS DAYA - BENGKAL	NB0	ADV160 ABS	RFS	Ready	91-120	1	Stok_per_no_mesin_dealer - 2026-08-06T080342.480.xls	HTML table / 5,239 data rows	2026-08-06 08:03:42	Aggregated; raw unit/engine identifiers excluded
12143.1	POS DAYA - BENGKAL	NE0	VARIO 125 CBS ISS	RFS	Ready	0-30	1	Stok_per_no_mesin_dealer - 2026-08-06T080342.480.xls	HTML table / 5,239 data rows	2026-08-06 08:03:42	Aggregated; raw unit/engine identifiers excluded
12143.1	POS DAYA - BENGKAL	NF0	VARIO 125 STREET	RFS	Ready	0-30	3	Stok_per_no_mesin_dealer - 2026-08-06T080342.480.xls	HTML table / 5,239 data rows	2026-08-06 08:03:42	Aggregated; raw unit/engine identifiers excluded
12143.1	POS DAYA - BENGKAL	NF0	VARIO 125 STREET	RFS	Ready	61-90	3	Stok_per_no_mesin_dealer - 2026-08-06T080342.480.xls	HTML table / 5,239 data rows	2026-08-06 08:03:42	Aggregated; raw unit/engine identifiers excluded
12144	PT. TUNAS DWIPA MATRA - BANGKO	ESK	CRF150L	RFS	Ready	0-30	1	Stok_per_no_mesin_dealer - 2026-08-06T080342.480.xls	HTML table / 5,239 data rows	2026-08-06 08:03:42	Aggregated; raw unit/engine identifiers excluded
12144	PT. TUNAS DWIPA MATRA - BANGKO	ESK	CRF150L	RFS	Unfill	0-30	1	Stok_per_no_mesin_dealer - 2026-08-06T080342.480.xls	HTML table / 5,239 data rows	2026-08-06 08:03:42	Aggregated; raw unit/engine identifiers excluded
12144	PT. TUNAS DWIPA MATRA - BANGKO	ESL	CRF150L	RFS	Ready	0-30	5	Stok_per_no_mesin_dealer - 2026-08-06T080342.480.xls	HTML table / 5,239 data rows	2026-08-06 08:03:42	Aggregated; raw unit/engine identifiers excluded
12144	PT. TUNAS DWIPA MATRA - BANGKO	ESL	CRF150L	RFS	Soft Booking	0-30	3	Stok_per_no_mesin_dealer - 2026-08-06T080342.480.xls	HTML table / 5,239 data rows	2026-08-06 08:03:42	Aggregated; raw unit/engine identifiers excluded
12144	PT. TUNAS DWIPA MATRA - BANGKO	ESL	CRF150L	RFS	Unfill	0-30	1	Stok_per_no_mesin_dealer - 2026-08-06T080342.480.xls	HTML table / 5,239 data rows	2026-08-06 08:03:42	Aggregated; raw unit/engine identifiers excluded
12144	PT. TUNAS DWIPA MATRA - BANGKO	GB4	REVO FIT	RFS	Ready	0-30	4	Stok_per_no_mesin_dealer - 2026-08-06T080342.480.xls	HTML table / 5,239 data rows	2026-08-06 08:03:42	Aggregated; raw unit/engine identifiers excluded
12144	PT. TUNAS DWIPA MATRA - BANGKO	GB4	REVO FIT	RFS	Soft Booking	0-30	1	Stok_per_no_mesin_dealer - 2026-08-06T080342.480.xls	HTML table / 5,239 data rows	2026-08-06 08:03:42	Aggregated; raw unit/engine identifiers excluded
12144	PT. TUNAS DWIPA MATRA - BANGKO	GB4	REVO FIT	RFS	Soft Booking	31-60	2	Stok_per_no_mesin_dealer - 2026-08-06T080342.480.xls	HTML table / 5,239 data rows	2026-08-06 08:03:42	Aggregated; raw unit/engine identifiers excluded
12144	PT. TUNAS DWIPA MATRA - BANGKO	GB4	REVO FIT	RFS	Soft Booking	91-120	1	Stok_per_no_mesin_dealer - 2026-08-06T080342.480.xls	HTML table / 5,239 data rows	2026-08-06 08:03:42	Aggregated; raw unit/engine identifiers excluded
12144	PT. TUNAS DWIPA MATRA - BANGKO	GB4	REVO FIT	RFS	Unfill	0-30	2	Stok_per_no_mesin_dealer - 2026-08-06T080342.480.xls	HTML table / 5,239 data rows	2026-08-06 08:03:42	Aggregated; raw unit/engine identifiers excluded
12144	PT. TUNAS DWIPA MATRA - BANGKO	GD4	REVO X	RFS	Ready	0-30	4	Stok_per_no_mesin_dealer - 2026-08-06T080342.480.xls	HTML table / 5,239 data rows	2026-08-06 08:03:42	Aggregated; raw unit/engine identifiers excluded
12144	PT. TUNAS DWIPA MATRA - BANGKO	GD4	REVO X	RFS	Soft Booking	0-30	1	Stok_per_no_mesin_dealer - 2026-08-06T080342.480.xls	HTML table / 5,239 data rows	2026-08-06 08:03:42	Aggregated; raw unit/engine identifiers excluded
12144	PT. TUNAS DWIPA MATRA - BANGKO	GD4	REVO X	RFS	Unfill	0-30	7	Stok_per_no_mesin_dealer - 2026-08-06T080342.480.xls	HTML table / 5,239 data rows	2026-08-06 08:03:42	Aggregated; raw unit/engine identifiers excluded
12144	PT. TUNAS DWIPA MATRA - BANGKO	GE5	SUPRA X 125 SW	RFS	Soft Booking	121-150	1	Stok_per_no_mesin_dealer - 2026-08-06T080342.480.xls	HTML table / 5,239 data rows	2026-08-06 08:03:42	Aggregated; raw unit/engine identifiers excluded
12144	PT. TUNAS DWIPA MATRA - BANGKO	GF5	SUPRA X 125 CW	RFS	Ready	0-30	4	Stok_per_no_mesin_dealer - 2026-08-06T080342.480.xls	HTML table / 5,239 data rows	2026-08-06 08:03:42	Aggregated; raw unit/engine identifiers excluded
12144	PT. TUNAS DWIPA MATRA - BANGKO	GF5	SUPRA X 125 CW	RFS	Ready	31-60	1	Stok_per_no_mesin_dealer - 2026-08-06T080342.480.xls	HTML table / 5,239 data rows	2026-08-06 08:03:42	Aggregated; raw unit/engine identifiers excluded
12144	PT. TUNAS DWIPA MATRA - BANGKO	GF5	SUPRA X 125 CW	RFS	Soft Booking	31-60	2	Stok_per_no_mesin_dealer - 2026-08-06T080342.480.xls	HTML table / 5,239 data rows	2026-08-06 08:03:42	Aggregated; raw unit/engine identifiers excluded
12144	PT. TUNAS DWIPA MATRA - BANGKO	GF5	SUPRA X 125 CW	RFS	Unfill	0-30	1	Stok_per_no_mesin_dealer - 2026-08-06T080342.480.xls	HTML table / 5,239 data rows	2026-08-06 08:03:42	Aggregated; raw unit/engine identifiers excluded
12144	PT. TUNAS DWIPA MATRA - BANGKO	HJ9	NEW SUPRA GTR150 SPORTY	RFS	Ready	31-60	1	Stok_per_no_mesin_dealer - 2026-08-06T080342.480.xls	HTML table / 5,239 data rows	2026-08-06 08:03:42	Aggregated; raw unit/engine identifiers excluded
12144	PT. TUNAS DWIPA MATRA - BANGKO	HJK	NEW SUPRA GTR150	RFS	Ready	0-30	1	Stok_per_no_mesin_dealer - 2026-08-06T080342.480.xls	HTML table / 5,239 data rows	2026-08-06 08:03:42	Aggregated; raw unit/engine identifiers excluded
12144	PT. TUNAS DWIPA MATRA - BANGKO	JMM	CBR 150R STD	RFS	Ready	31-60	1	Stok_per_no_mesin_dealer - 2026-08-06T080342.480.xls	HTML table / 5,239 data rows	2026-08-06 08:03:42	Aggregated; raw unit/engine identifiers excluded
12144	PT. TUNAS DWIPA MATRA - BANGKO	KF0	CB150 VERZA SW	RFS	Ready	61-90	1	Stok_per_no_mesin_dealer - 2026-08-06T080342.480.xls	HTML table / 5,239 data rows	2026-08-06 08:03:42	Aggregated; raw unit/engine identifiers excluded
12144	PT. TUNAS DWIPA MATRA - BANGKO	KF0	CB150 VERZA SW	RFS	Ready	91-120	1	Stok_per_no_mesin_dealer - 2026-08-06T080342.480.xls	HTML table / 5,239 data rows	2026-08-06 08:03:42	Aggregated; raw unit/engine identifiers excluded
12144	PT. TUNAS DWIPA MATRA - BANGKO	KG0	CB150 VERZA CW	RFS	Ready	31-60	1	Stok_per_no_mesin_dealer - 2026-08-06T080342.480.xls	HTML table / 5,239 data rows	2026-08-06 08:03:42	Aggregated; raw unit/engine identifiers excluded
12144	PT. TUNAS DWIPA MATRA - BANGKO	KG0	CB150 VERZA CW	RFS	Soft Booking	31-60	1	Stok_per_no_mesin_dealer - 2026-08-06T080342.480.xls	HTML table / 5,239 data rows	2026-08-06 08:03:42	Aggregated; raw unit/engine identifiers excluded
12144	PT. TUNAS DWIPA MATRA - BANGKO	LVE	VARIO 160 CBS	RFS	Soft Booking	0-30	1	Stok_per_no_mesin_dealer - 2026-08-06T080342.480.xls	HTML table / 5,239 data rows	2026-08-06 08:03:42	Aggregated; raw unit/engine identifiers excluded
12144	PT. TUNAS DWIPA MATRA - BANGKO	LY2	GENIO CBS	RFS	Ready	>150	1	Stok_per_no_mesin_dealer - 2026-08-06T080342.480.xls	HTML table / 5,239 data rows	2026-08-06 08:03:42	Aggregated; raw unit/engine identifiers excluded
12144	PT. TUNAS DWIPA MATRA - BANGKO	MF1	STYLO 160 CBS	RFS	Ready	0-30	3	Stok_per_no_mesin_dealer - 2026-08-06T080342.480.xls	HTML table / 5,239 data rows	2026-08-06 08:03:42	Aggregated; raw unit/engine identifiers excluded
12144	PT. TUNAS DWIPA MATRA - BANGKO	MF1	STYLO 160 CBS	RFS	Soft Booking	0-30	1	Stok_per_no_mesin_dealer - 2026-08-06T080342.480.xls	HTML table / 5,239 data rows	2026-08-06 08:03:42	Aggregated; raw unit/engine identifiers excluded
12144	PT. TUNAS DWIPA MATRA - BANGKO	MG1	STYLO 160 ABS	RFS	Ready	0-30	1	Stok_per_no_mesin_dealer - 2026-08-06T080342.480.xls	HTML table / 5,239 data rows	2026-08-06 08:03:42	Aggregated; raw unit/engine identifiers excluded
12144	PT. TUNAS DWIPA MATRA - BANGKO	MGA	STYLO 160 ABS SPECIAL	RFS	Ready	0-30	1	Stok_per_no_mesin_dealer - 2026-08-06T080342.480.xls	HTML table / 5,239 data rows	2026-08-06 08:03:42	Aggregated; raw unit/engine identifiers excluded
12144	PT. TUNAS DWIPA MATRA - BANGKO	MGA	STYLO 160 ABS SPECIAL	RFS	Soft Booking	0-30	1	Stok_per_no_mesin_dealer - 2026-08-06T080342.480.xls	HTML table / 5,239 data rows	2026-08-06 08:03:42	Aggregated; raw unit/engine identifiers excluded
12144	PT. TUNAS DWIPA MATRA - BANGKO	MJ1	BEAT SPORTY CBS	RFS	Ready	0-30	3	Stok_per_no_mesin_dealer - 2026-08-06T080342.480.xls	HTML table / 5,239 data rows	2026-08-06 08:03:42	Aggregated; raw unit/engine identifiers excluded
12144	PT. TUNAS DWIPA MATRA - BANGKO	MJ1	BEAT SPORTY CBS	RFS	Ready	121-150	2	Stok_per_no_mesin_dealer - 2026-08-06T080342.480.xls	HTML table / 5,239 data rows	2026-08-06 08:03:42	Aggregated; raw unit/engine identifiers excluded
12144	PT. TUNAS DWIPA MATRA - BANGKO	MJ1	BEAT SPORTY CBS	RFS	Ready	31-60	7	Stok_per_no_mesin_dealer - 2026-08-06T080342.480.xls	HTML table / 5,239 data rows	2026-08-06 08:03:42	Aggregated; raw unit/engine identifiers excluded
12144	PT. TUNAS DWIPA MATRA - BANGKO	MJ1	BEAT SPORTY CBS	RFS	Soft Booking	31-60	7	Stok_per_no_mesin_dealer - 2026-08-06T080342.480.xls	HTML table / 5,239 data rows	2026-08-06 08:03:42	Aggregated; raw unit/engine identifiers excluded
12144	PT. TUNAS DWIPA MATRA - BANGKO	MJ2	BEAT SPORTY CBS	RFS	Ready	0-30	10	Stok_per_no_mesin_dealer - 2026-08-06T080342.480.xls	HTML table / 5,239 data rows	2026-08-06 08:03:42	Aggregated; raw unit/engine identifiers excluded
12144	PT. TUNAS DWIPA MATRA - BANGKO	MJ2	BEAT SPORTY CBS	RFS	Soft Booking	0-30	7	Stok_per_no_mesin_dealer - 2026-08-06T080342.480.xls	HTML table / 5,239 data rows	2026-08-06 08:03:42	Aggregated; raw unit/engine identifiers excluded
12144	PT. TUNAS DWIPA MATRA - BANGKO	MJ2	BEAT SPORTY CBS	RFS	Unfill	0-30	2	Stok_per_no_mesin_dealer - 2026-08-06T080342.480.xls	HTML table / 5,239 data rows	2026-08-06 08:03:42	Aggregated; raw unit/engine identifiers excluded
12144	PT. TUNAS DWIPA MATRA - BANGKO	MK1	BEAT SPORTY CBS ISS DELUXE	RFS	Ready	0-30	2	Stok_per_no_mesin_dealer - 2026-08-06T080342.480.xls	HTML table / 5,239 data rows	2026-08-06 08:03:42	Aggregated; raw unit/engine identifiers excluded
12144	PT. TUNAS DWIPA MATRA - BANGKO	MK2	BEAT SPORTY CBS ISS	RFS	Ready	0-30	4	Stok_per_no_mesin_dealer - 2026-08-06T080342.480.xls	HTML table / 5,239 data rows	2026-08-06 08:03:42	Aggregated; raw unit/engine identifiers excluded
12144	PT. TUNAS DWIPA MATRA - BANGKO	MK2	BEAT SPORTY CBS ISS	RFS	Soft Booking	0-30	1	Stok_per_no_mesin_dealer - 2026-08-06T080342.480.xls	HTML table / 5,239 data rows	2026-08-06 08:03:42	Aggregated; raw unit/engine identifiers excluded
12144	PT. TUNAS DWIPA MATRA - BANGKO	MK2	BEAT SPORTY CBS ISS	RFS	Unfill	0-30	2	Stok_per_no_mesin_dealer - 2026-08-06T080342.480.xls	HTML table / 5,239 data rows	2026-08-06 08:03:42	Aggregated; raw unit/engine identifiers excluded
12144	PT. TUNAS DWIPA MATRA - BANGKO	ML2	BEAT SPORTY DLX SMART KEY	RFS	Ready	0-30	4	Stok_per_no_mesin_dealer - 2026-08-06T080342.480.xls	HTML table / 5,239 data rows	2026-08-06 08:03:42	Aggregated; raw unit/engine identifiers excluded
12144	PT. TUNAS DWIPA MATRA - BANGKO	MM2	BEAT STREET	RFS	Ready	0-30	15	Stok_per_no_mesin_dealer - 2026-08-06T080342.480.xls	HTML table / 5,239 data rows	2026-08-06 08:03:42	Aggregated; raw unit/engine identifiers excluded
12144	PT. TUNAS DWIPA MATRA - BANGKO	MM2	BEAT STREET	RFS	Soft Booking	0-30	2	Stok_per_no_mesin_dealer - 2026-08-06T080342.480.xls	HTML table / 5,239 data rows	2026-08-06 08:03:42	Aggregated; raw unit/engine identifiers excluded
12144	PT. TUNAS DWIPA MATRA - BANGKO	MM2	BEAT STREET	RFS	Unfill	0-30	8	Stok_per_no_mesin_dealer - 2026-08-06T080342.480.xls	HTML table / 5,239 data rows	2026-08-06 08:03:42	Aggregated; raw unit/engine identifiers excluded
12144	PT. TUNAS DWIPA MATRA - BANGKO	MN0	CUV e:	RFS	Ready	>150	3	Stok_per_no_mesin_dealer - 2026-08-06T080342.480.xls	HTML table / 5,239 data rows	2026-08-06 08:03:42	Aggregated; raw unit/engine identifiers excluded
12144	PT. TUNAS DWIPA MATRA - BANGKO	MP0	CUV e: RoadSync Duo	RFS	Ready	>150	2	Stok_per_no_mesin_dealer - 2026-08-06T080342.480.xls	HTML table / 5,239 data rows	2026-08-06 08:03:42	Aggregated; raw unit/engine identifiers excluded
12144	PT. TUNAS DWIPA MATRA - BANGKO	MRB	SCOOPY FASHION	RFS	Unfill	0-30	1	Stok_per_no_mesin_dealer - 2026-08-06T080342.480.xls	HTML table / 5,239 data rows	2026-08-06 08:03:42	Aggregated; raw unit/engine identifiers excluded
12144	PT. TUNAS DWIPA MATRA - BANGKO	MS1	SCOOPY PRESTIGE	RFS	Ready	0-30	6	Stok_per_no_mesin_dealer - 2026-08-06T080342.480.xls	HTML table / 5,239 data rows	2026-08-06 08:03:42	Aggregated; raw unit/engine identifiers excluded
12144	PT. TUNAS DWIPA MATRA - BANGKO	MS1	SCOOPY PRESTIGE	RFS	Unfill	0-30	2	Stok_per_no_mesin_dealer - 2026-08-06T080342.480.xls	HTML table / 5,239 data rows	2026-08-06 08:03:42	Aggregated; raw unit/engine identifiers excluded
12144	PT. TUNAS DWIPA MATRA - BANGKO	MSB	SCOOPY STYLISH	RFS	Ready	0-30	3	Stok_per_no_mesin_dealer - 2026-08-06T080342.480.xls	HTML table / 5,239 data rows	2026-08-06 08:03:42	Aggregated; raw unit/engine identifiers excluded
12144	PT. TUNAS DWIPA MATRA - BANGKO	MSB	SCOOPY STYLISH	RFS	Unfill	0-30	2	Stok_per_no_mesin_dealer - 2026-08-06T080342.480.xls	HTML table / 5,239 data rows	2026-08-06 08:03:42	Aggregated; raw unit/engine identifiers excluded
12144	PT. TUNAS DWIPA MATRA - BANGKO	MT1	PCX160 CBS	RFS	Ready	0-30	3	Stok_per_no_mesin_dealer - 2026-08-06T080342.480.xls	HTML table / 5,239 data rows	2026-08-06 08:03:42	Aggregated; raw unit/engine identifiers excluded
12144	PT. TUNAS DWIPA MATRA - BANGKO	MV1	PCX160 ABS	RFS	Ready	0-30	1	Stok_per_no_mesin_dealer - 2026-08-06T080342.480.xls	HTML table / 5,239 data rows	2026-08-06 08:03:42	Aggregated; raw unit/engine identifiers excluded
12144	PT. TUNAS DWIPA MATRA - BANGKO	MV1	PCX160 ABS	RFS	Soft Booking	31-60	1	Stok_per_no_mesin_dealer - 2026-08-06T080342.480.xls	HTML table / 5,239 data rows	2026-08-06 08:03:42	Aggregated; raw unit/engine identifiers excluded
12144	PT. TUNAS DWIPA MATRA - BANGKO	MW1	PCX160 Honda RoadSync	RFS	Ready	0-30	1	Stok_per_no_mesin_dealer - 2026-08-06T080342.480.xls	HTML table / 5,239 data rows	2026-08-06 08:03:42	Aggregated; raw unit/engine identifiers excluded
12144	PT. TUNAS DWIPA MATRA - BANGKO	MW1	PCX160 Honda RoadSync	RFS	Soft Booking	0-30	1	Stok_per_no_mesin_dealer - 2026-08-06T080342.480.xls	HTML table / 5,239 data rows	2026-08-06 08:03:42	Aggregated; raw unit/engine identifiers excluded
12144	PT. TUNAS DWIPA MATRA - BANGKO	MX0	ICON E:	RFS	Ready	>150	4	Stok_per_no_mesin_dealer - 2026-08-06T080342.480.xls	HTML table / 5,239 data rows	2026-08-06 08:03:42	Aggregated; raw unit/engine identifiers excluded
12144	PT. TUNAS DWIPA MATRA - BANGKO	MY0	VARIO EVO 160 CBS Nitro	RFS	Ready	0-30	2	Stok_per_no_mesin_dealer - 2026-08-06T080342.480.xls	HTML table / 5,239 data rows	2026-08-06 08:03:42	Aggregated; raw unit/engine identifiers excluded
12144	PT. TUNAS DWIPA MATRA - BANGKO	MYA	VARIO EVO 160 CBS	RFS	Ready	0-30	2	Stok_per_no_mesin_dealer - 2026-08-06T080342.480.xls	HTML table / 5,239 data rows	2026-08-06 08:03:42	Aggregated; raw unit/engine identifiers excluded
12144	PT. TUNAS DWIPA MATRA - BANGKO	MZ0	VARIO EVO 160 ABS	RFS	Ready	0-30	2	Stok_per_no_mesin_dealer - 2026-08-06T080342.480.xls	HTML table / 5,239 data rows	2026-08-06 08:03:42	Aggregated; raw unit/engine identifiers excluded
12144	PT. TUNAS DWIPA MATRA - BANGKO	MZ0	VARIO EVO 160 ABS	RFS	Unfill	0-30	1	Stok_per_no_mesin_dealer - 2026-08-06T080342.480.xls	HTML table / 5,239 data rows	2026-08-06 08:03:42	Aggregated; raw unit/engine identifiers excluded
12144	PT. TUNAS DWIPA MATRA - BANGKO	NA0	ADV160 CBS	RFS	Unfill	0-30	1	Stok_per_no_mesin_dealer - 2026-08-06T080342.480.xls	HTML table / 5,239 data rows	2026-08-06 08:03:42	Aggregated; raw unit/engine identifiers excluded
12144	PT. TUNAS DWIPA MATRA - BANGKO	NB0	ADV160 ABS	RFS	Unfill	0-30	1	Stok_per_no_mesin_dealer - 2026-08-06T080342.480.xls	HTML table / 5,239 data rows	2026-08-06 08:03:42	Aggregated; raw unit/engine identifiers excluded
12144	PT. TUNAS DWIPA MATRA - BANGKO	NE0	VARIO 125 CBS ISS	RFS	Ready	0-30	2	Stok_per_no_mesin_dealer - 2026-08-06T080342.480.xls	HTML table / 5,239 data rows	2026-08-06 08:03:42	Aggregated; raw unit/engine identifiers excluded
12144	PT. TUNAS DWIPA MATRA - BANGKO	NF0	VARIO 125 STREET	RFS	Ready	0-30	2	Stok_per_no_mesin_dealer - 2026-08-06T080342.480.xls	HTML table / 5,239 data rows	2026-08-06 08:03:42	Aggregated; raw unit/engine identifiers excluded
12144	PT. TUNAS DWIPA MATRA - BANGKO	NF0	VARIO 125 STREET	RFS	Ready	61-90	2	Stok_per_no_mesin_dealer - 2026-08-06T080342.480.xls	HTML table / 5,239 data rows	2026-08-06 08:03:42	Aggregated; raw unit/engine identifiers excluded
12144	PT. TUNAS DWIPA MATRA - BANGKO	NF0	VARIO 125 STREET	RFS	Soft Booking	61-90	1	Stok_per_no_mesin_dealer - 2026-08-06T080342.480.xls	HTML table / 5,239 data rows	2026-08-06 08:03:42	Aggregated; raw unit/engine identifiers excluded
12203	PT. SINAR SENTOSA MOTORA - PAAL VI	ESK	CRF150L	NRFS	Ready	61-90	1	Stok_per_no_mesin_dealer - 2026-08-06T080342.480.xls	HTML table / 5,239 data rows	2026-08-06 08:03:42	Aggregated; raw unit/engine identifiers excluded
12203	PT. SINAR SENTOSA MOTORA - PAAL VI	ESL	CRF150L	RFS	Ready	0-30	1	Stok_per_no_mesin_dealer - 2026-08-06T080342.480.xls	HTML table / 5,239 data rows	2026-08-06 08:03:42	Aggregated; raw unit/engine identifiers excluded
12203	PT. SINAR SENTOSA MOTORA - PAAL VI	GB4	REVO FIT	RFS	Ready	0-30	2	Stok_per_no_mesin_dealer - 2026-08-06T080342.480.xls	HTML table / 5,239 data rows	2026-08-06 08:03:42	Aggregated; raw unit/engine identifiers excluded
12203	PT. SINAR SENTOSA MOTORA - PAAL VI	GD4	REVO X	RFS	Ready	0-30	2	Stok_per_no_mesin_dealer - 2026-08-06T080342.480.xls	HTML table / 5,239 data rows	2026-08-06 08:03:42	Aggregated; raw unit/engine identifiers excluded
12203	PT. SINAR SENTOSA MOTORA - PAAL VI	GF5	SUPRA X 125 CW	RFS	Ready	0-30	2	Stok_per_no_mesin_dealer - 2026-08-06T080342.480.xls	HTML table / 5,239 data rows	2026-08-06 08:03:42	Aggregated; raw unit/engine identifiers excluded
12203	PT. SINAR SENTOSA MOTORA - PAAL VI	GF5	SUPRA X 125 CW	RFS	Soft Booking	0-30	1	Stok_per_no_mesin_dealer - 2026-08-06T080342.480.xls	HTML table / 5,239 data rows	2026-08-06 08:03:42	Aggregated; raw unit/engine identifiers excluded
12203	PT. SINAR SENTOSA MOTORA - PAAL VI	HJ9	NEW SUPRA GTR150 SPORTY	RFS	Ready	31-60	1	Stok_per_no_mesin_dealer - 2026-08-06T080342.480.xls	HTML table / 5,239 data rows	2026-08-06 08:03:42	Aggregated; raw unit/engine identifiers excluded
12203	PT. SINAR SENTOSA MOTORA - PAAL VI	KF0	CB150 VERZA SW	RFS	Ready	0-30	1	Stok_per_no_mesin_dealer - 2026-08-06T080342.480.xls	HTML table / 5,239 data rows	2026-08-06 08:03:42	Aggregated; raw unit/engine identifiers excluded
12203	PT. SINAR SENTOSA MOTORA - PAAL VI	MF1	STYLO 160 CBS	RFS	Ready	0-30	1	Stok_per_no_mesin_dealer - 2026-08-06T080342.480.xls	HTML table / 5,239 data rows	2026-08-06 08:03:42	Aggregated; raw unit/engine identifiers excluded
12203	PT. SINAR SENTOSA MOTORA - PAAL VI	MF1	STYLO 160 CBS	RFS	Soft Booking	0-30	1	Stok_per_no_mesin_dealer - 2026-08-06T080342.480.xls	HTML table / 5,239 data rows	2026-08-06 08:03:42	Aggregated; raw unit/engine identifiers excluded
12203	PT. SINAR SENTOSA MOTORA - PAAL VI	MJ2	BEAT SPORTY CBS	RFS	Ready	0-30	6	Stok_per_no_mesin_dealer - 2026-08-06T080342.480.xls	HTML table / 5,239 data rows	2026-08-06 08:03:42	Aggregated; raw unit/engine identifiers excluded
12203	PT. SINAR SENTOSA MOTORA - PAAL VI	MK1	BEAT SPORTY CBS ISS DELUXE	RFS	Ready	31-60	1	Stok_per_no_mesin_dealer - 2026-08-06T080342.480.xls	HTML table / 5,239 data rows	2026-08-06 08:03:42	Aggregated; raw unit/engine identifiers excluded
12203	PT. SINAR SENTOSA MOTORA - PAAL VI	MK2	BEAT SPORTY CBS ISS	RFS	Ready	0-30	4	Stok_per_no_mesin_dealer - 2026-08-06T080342.480.xls	HTML table / 5,239 data rows	2026-08-06 08:03:42	Aggregated; raw unit/engine identifiers excluded
12203	PT. SINAR SENTOSA MOTORA - PAAL VI	ML2	BEAT SPORTY DLX SMART KEY	RFS	Ready	0-30	5	Stok_per_no_mesin_dealer - 2026-08-06T080342.480.xls	HTML table / 5,239 data rows	2026-08-06 08:03:42	Aggregated; raw unit/engine identifiers excluded
12203	PT. SINAR SENTOSA MOTORA - PAAL VI	ML2	BEAT SPORTY DLX SMART KEY	RFS	Soft Booking	0-30	1	Stok_per_no_mesin_dealer - 2026-08-06T080342.480.xls	HTML table / 5,239 data rows	2026-08-06 08:03:42	Aggregated; raw unit/engine identifiers excluded
12203	PT. SINAR SENTOSA MOTORA - PAAL VI	ML2	BEAT SPORTY DLX SMART KEY	RFS	Unfill	0-30	1	Stok_per_no_mesin_dealer - 2026-08-06T080342.480.xls	HTML table / 5,239 data rows	2026-08-06 08:03:42	Aggregated; raw unit/engine identifiers excluded
12203	PT. SINAR SENTOSA MOTORA - PAAL VI	MM2	BEAT STREET	RFS	Intransit	0-30	2	Stok_per_no_mesin_dealer - 2026-08-06T080342.480.xls	HTML table / 5,239 data rows	2026-08-06 08:03:42	Aggregated; raw unit/engine identifiers excluded
12203	PT. SINAR SENTOSA MOTORA - PAAL VI	MM2	BEAT STREET	RFS	Ready	0-30	3	Stok_per_no_mesin_dealer - 2026-08-06T080342.480.xls	HTML table / 5,239 data rows	2026-08-06 08:03:42	Aggregated; raw unit/engine identifiers excluded
12203	PT. SINAR SENTOSA MOTORA - PAAL VI	MM2	BEAT STREET	RFS	Unfill	0-30	1	Stok_per_no_mesin_dealer - 2026-08-06T080342.480.xls	HTML table / 5,239 data rows	2026-08-06 08:03:42	Aggregated; raw unit/engine identifiers excluded
12203	PT. SINAR SENTOSA MOTORA - PAAL VI	MRB	SCOOPY FASHION	RFS	Ready	0-30	1	Stok_per_no_mesin_dealer - 2026-08-06T080342.480.xls	HTML table / 5,239 data rows	2026-08-06 08:03:42	Aggregated; raw unit/engine identifiers excluded
12203	PT. SINAR SENTOSA MOTORA - PAAL VI	MRB	SCOOPY FASHION	RFS	Unfill	0-30	1	Stok_per_no_mesin_dealer - 2026-08-06T080342.480.xls	HTML table / 5,239 data rows	2026-08-06 08:03:42	Aggregated; raw unit/engine identifiers excluded
12203	PT. SINAR SENTOSA MOTORA - PAAL VI	MS1	SCOOPY PRESTIGE	RFS	Ready	0-30	4	Stok_per_no_mesin_dealer - 2026-08-06T080342.480.xls	HTML table / 5,239 data rows	2026-08-06 08:03:42	Aggregated; raw unit/engine identifiers excluded
12203	PT. SINAR SENTOSA MOTORA - PAAL VI	MS1	SCOOPY PRESTIGE	RFS	Unfill	0-30	2	Stok_per_no_mesin_dealer - 2026-08-06T080342.480.xls	HTML table / 5,239 data rows	2026-08-06 08:03:42	Aggregated; raw unit/engine identifiers excluded
12203	PT. SINAR SENTOSA MOTORA - PAAL VI	MSB	SCOOPY STYLISH	RFS	Intransit	0-30	1	Stok_per_no_mesin_dealer - 2026-08-06T080342.480.xls	HTML table / 5,239 data rows	2026-08-06 08:03:42	Aggregated; raw unit/engine identifiers excluded
12203	PT. SINAR SENTOSA MOTORA - PAAL VI	MSB	SCOOPY STYLISH	RFS	Ready	0-30	1	Stok_per_no_mesin_dealer - 2026-08-06T080342.480.xls	HTML table / 5,239 data rows	2026-08-06 08:03:42	Aggregated; raw unit/engine identifiers excluded
12203	PT. SINAR SENTOSA MOTORA - PAAL VI	MT1	PCX160 CBS	RFS	Unfill	0-30	1	Stok_per_no_mesin_dealer - 2026-08-06T080342.480.xls	HTML table / 5,239 data rows	2026-08-06 08:03:42	Aggregated; raw unit/engine identifiers excluded
12203	PT. SINAR SENTOSA MOTORA - PAAL VI	MV1	PCX160 ABS	RFS	Ready	0-30	1	Stok_per_no_mesin_dealer - 2026-08-06T080342.480.xls	HTML table / 5,239 data rows	2026-08-06 08:03:42	Aggregated; raw unit/engine identifiers excluded
12203	PT. SINAR SENTOSA MOTORA - PAAL VI	MX0	ICON E:	RFS	Ready	>150	1	Stok_per_no_mesin_dealer - 2026-08-06T080342.480.xls	HTML table / 5,239 data rows	2026-08-06 08:03:42	Aggregated; raw unit/engine identifiers excluded
12203	PT. SINAR SENTOSA MOTORA - PAAL VI	MYA	VARIO EVO 160 CBS	RFS	Ready	0-30	1	Stok_per_no_mesin_dealer - 2026-08-06T080342.480.xls	HTML table / 5,239 data rows	2026-08-06 08:03:42	Aggregated; raw unit/engine identifiers excluded
12203	PT. SINAR SENTOSA MOTORA - PAAL VI	MZ0	VARIO EVO 160 ABS	RFS	Ready	31-60	1	Stok_per_no_mesin_dealer - 2026-08-06T080342.480.xls	HTML table / 5,239 data rows	2026-08-06 08:03:42	Aggregated; raw unit/engine identifiers excluded
12203	PT. SINAR SENTOSA MOTORA - PAAL VI	NA0	ADV160 CBS	RFS	Ready	0-30	1	Stok_per_no_mesin_dealer - 2026-08-06T080342.480.xls	HTML table / 5,239 data rows	2026-08-06 08:03:42	Aggregated; raw unit/engine identifiers excluded
12203	PT. SINAR SENTOSA MOTORA - PAAL VI	ND0	VARIO 125 CBS	RFS	Ready	0-30	1	Stok_per_no_mesin_dealer - 2026-08-06T080342.480.xls	HTML table / 5,239 data rows	2026-08-06 08:03:42	Aggregated; raw unit/engine identifiers excluded
12203	PT. SINAR SENTOSA MOTORA - PAAL VI	NE0	VARIO 125 CBS ISS	RFS	Intransit	0-30	2	Stok_per_no_mesin_dealer - 2026-08-06T080342.480.xls	HTML table / 5,239 data rows	2026-08-06 08:03:42	Aggregated; raw unit/engine identifiers excluded
12203	PT. SINAR SENTOSA MOTORA - PAAL VI	NE0	VARIO 125 CBS ISS	RFS	Soft Booking	0-30	1	Stok_per_no_mesin_dealer - 2026-08-06T080342.480.xls	HTML table / 5,239 data rows	2026-08-06 08:03:42	Aggregated; raw unit/engine identifiers excluded
12203	PT. SINAR SENTOSA MOTORA - PAAL VI	NF0	VARIO 125 STREET	RFS	Ready	0-30	1	Stok_per_no_mesin_dealer - 2026-08-06T080342.480.xls	HTML table / 5,239 data rows	2026-08-06 08:03:42	Aggregated; raw unit/engine identifiers excluded
12203	PT. SINAR SENTOSA MOTORA - PAAL VI	NF0	VARIO 125 STREET	RFS	Ready	31-60	1	Stok_per_no_mesin_dealer - 2026-08-06T080342.480.xls	HTML table / 5,239 data rows	2026-08-06 08:03:42	Aggregated; raw unit/engine identifiers excluded
12598	PT. TUNAS DWIPA MATRA - JAMBI	ESK	CRF150L	RFS	Ready	61-90	1	Stok_per_no_mesin_dealer - 2026-08-06T080342.480.xls	HTML table / 5,239 data rows	2026-08-06 08:03:42	Aggregated; raw unit/engine identifiers excluded
12598	PT. TUNAS DWIPA MATRA - JAMBI	ESL	CRF150L	RFS	Ready	>150	1	Stok_per_no_mesin_dealer - 2026-08-06T080342.480.xls	HTML table / 5,239 data rows	2026-08-06 08:03:42	Aggregated; raw unit/engine identifiers excluded
12598	PT. TUNAS DWIPA MATRA - JAMBI	ESL	CRF150L	RFS	Soft Booking	31-60	1	Stok_per_no_mesin_dealer - 2026-08-06T080342.480.xls	HTML table / 5,239 data rows	2026-08-06 08:03:42	Aggregated; raw unit/engine identifiers excluded
12598	PT. TUNAS DWIPA MATRA - JAMBI	ESL	CRF150L	RFS	Soft Booking	>150	1	Stok_per_no_mesin_dealer - 2026-08-06T080342.480.xls	HTML table / 5,239 data rows	2026-08-06 08:03:42	Aggregated; raw unit/engine identifiers excluded
12598	PT. TUNAS DWIPA MATRA - JAMBI	GB4	REVO FIT	RFS	Ready	0-30	4	Stok_per_no_mesin_dealer - 2026-08-06T080342.480.xls	HTML table / 5,239 data rows	2026-08-06 08:03:42	Aggregated; raw unit/engine identifiers excluded
12598	PT. TUNAS DWIPA MATRA - JAMBI	GB4	REVO FIT	RFS	Soft Booking	61-90	1	Stok_per_no_mesin_dealer - 2026-08-06T080342.480.xls	HTML table / 5,239 data rows	2026-08-06 08:03:42	Aggregated; raw unit/engine identifiers excluded
12598	PT. TUNAS DWIPA MATRA - JAMBI	GD4	REVO X	RFS	Ready	121-150	1	Stok_per_no_mesin_dealer - 2026-08-06T080342.480.xls	HTML table / 5,239 data rows	2026-08-06 08:03:42	Aggregated; raw unit/engine identifiers excluded
12598	PT. TUNAS DWIPA MATRA - JAMBI	GD4	REVO X	RFS	Ready	31-60	1	Stok_per_no_mesin_dealer - 2026-08-06T080342.480.xls	HTML table / 5,239 data rows	2026-08-06 08:03:42	Aggregated; raw unit/engine identifiers excluded
12598	PT. TUNAS DWIPA MATRA - JAMBI	GD4	REVO X	RFS	Ready	61-90	1	Stok_per_no_mesin_dealer - 2026-08-06T080342.480.xls	HTML table / 5,239 data rows	2026-08-06 08:03:42	Aggregated; raw unit/engine identifiers excluded
12598	PT. TUNAS DWIPA MATRA - JAMBI	GE5	SUPRA X 125 SW	RFS	Ready	31-60	1	Stok_per_no_mesin_dealer - 2026-08-06T080342.480.xls	HTML table / 5,239 data rows	2026-08-06 08:03:42	Aggregated; raw unit/engine identifiers excluded
12598	PT. TUNAS DWIPA MATRA - JAMBI	GF5	SUPRA X 125 CW	RFS	Ready	0-30	3	Stok_per_no_mesin_dealer - 2026-08-06T080342.480.xls	HTML table / 5,239 data rows	2026-08-06 08:03:42	Aggregated; raw unit/engine identifiers excluded
12598	PT. TUNAS DWIPA MATRA - JAMBI	GF5	SUPRA X 125 CW	RFS	Ready	31-60	1	Stok_per_no_mesin_dealer - 2026-08-06T080342.480.xls	HTML table / 5,239 data rows	2026-08-06 08:03:42	Aggregated; raw unit/engine identifiers excluded
12598	PT. TUNAS DWIPA MATRA - JAMBI	HJ9	NEW SUPRA GTR150 SPORTY	RFS	Ready	91-120	1	Stok_per_no_mesin_dealer - 2026-08-06T080342.480.xls	HTML table / 5,239 data rows	2026-08-06 08:03:42	Aggregated; raw unit/engine identifiers excluded
12598	PT. TUNAS DWIPA MATRA - JAMBI	HJK	NEW SUPRA GTR150	RFS	Ready	61-90	1	Stok_per_no_mesin_dealer - 2026-08-06T080342.480.xls	HTML table / 5,239 data rows	2026-08-06 08:03:42	Aggregated; raw unit/engine identifiers excluded
12598	PT. TUNAS DWIPA MATRA - JAMBI	JMM	CBR 150R STD	RFS	Ready	>150	1	Stok_per_no_mesin_dealer - 2026-08-06T080342.480.xls	HTML table / 5,239 data rows	2026-08-06 08:03:42	Aggregated; raw unit/engine identifiers excluded
12598	PT. TUNAS DWIPA MATRA - JAMBI	JS0	CB150R STREETFIRE	RFS	Ready	>150	1	Stok_per_no_mesin_dealer - 2026-08-06T080342.480.xls	HTML table / 5,239 data rows	2026-08-06 08:03:42	Aggregated; raw unit/engine identifiers excluded
12598	PT. TUNAS DWIPA MATRA - JAMBI	KF0	CB150 VERZA SW	RFS	Ready	>150	1	Stok_per_no_mesin_dealer - 2026-08-06T080342.480.xls	HTML table / 5,239 data rows	2026-08-06 08:03:42	Aggregated; raw unit/engine identifiers excluded
12598	PT. TUNAS DWIPA MATRA - JAMBI	LY2	GENIO CBS	RFS	Ready	31-60	1	Stok_per_no_mesin_dealer - 2026-08-06T080342.480.xls	HTML table / 5,239 data rows	2026-08-06 08:03:42	Aggregated; raw unit/engine identifiers excluded
12598	PT. TUNAS DWIPA MATRA - JAMBI	LY2	GENIO CBS	RFS	Ready	61-90	1	Stok_per_no_mesin_dealer - 2026-08-06T080342.480.xls	HTML table / 5,239 data rows	2026-08-06 08:03:42	Aggregated; raw unit/engine identifiers excluded
12598	PT. TUNAS DWIPA MATRA - JAMBI	LZ2	GENIO CBS ISS	RFS	Ready	121-150	1	Stok_per_no_mesin_dealer - 2026-08-06T080342.480.xls	HTML table / 5,239 data rows	2026-08-06 08:03:42	Aggregated; raw unit/engine identifiers excluded
12598	PT. TUNAS DWIPA MATRA - JAMBI	MF1	STYLO 160 CBS	NRFS	Ready	61-90	1	Stok_per_no_mesin_dealer - 2026-08-06T080342.480.xls	HTML table / 5,239 data rows	2026-08-06 08:03:42	Aggregated; raw unit/engine identifiers excluded
12598	PT. TUNAS DWIPA MATRA - JAMBI	MG1	STYLO 160 ABS	RFS	Ready	0-30	1	Stok_per_no_mesin_dealer - 2026-08-06T080342.480.xls	HTML table / 5,239 data rows	2026-08-06 08:03:42	Aggregated; raw unit/engine identifiers excluded
12598	PT. TUNAS DWIPA MATRA - JAMBI	MG1	STYLO 160 ABS	RFS	Soft Booking	91-120	1	Stok_per_no_mesin_dealer - 2026-08-06T080342.480.xls	HTML table / 5,239 data rows	2026-08-06 08:03:42	Aggregated; raw unit/engine identifiers excluded
12598	PT. TUNAS DWIPA MATRA - JAMBI	MGA	STYLO 160 ABS SPECIAL	RFS	Ready	0-30	1	Stok_per_no_mesin_dealer - 2026-08-06T080342.480.xls	HTML table / 5,239 data rows	2026-08-06 08:03:42	Aggregated; raw unit/engine identifiers excluded
12598	PT. TUNAS DWIPA MATRA - JAMBI	MJ1	BEAT SPORTY CBS	RFS	Ready	0-30	5	Stok_per_no_mesin_dealer - 2026-08-06T080342.480.xls	HTML table / 5,239 data rows	2026-08-06 08:03:42	Aggregated; raw unit/engine identifiers excluded
12598	PT. TUNAS DWIPA MATRA - JAMBI	MJ1	BEAT SPORTY CBS	RFS	Ready	121-150	1	Stok_per_no_mesin_dealer - 2026-08-06T080342.480.xls	HTML table / 5,239 data rows	2026-08-06 08:03:42	Aggregated; raw unit/engine identifiers excluded
12598	PT. TUNAS DWIPA MATRA - JAMBI	MJ1	BEAT SPORTY CBS	RFS	Ready	31-60	5	Stok_per_no_mesin_dealer - 2026-08-06T080342.480.xls	HTML table / 5,239 data rows	2026-08-06 08:03:42	Aggregated; raw unit/engine identifiers excluded
12598	PT. TUNAS DWIPA MATRA - JAMBI	MJ1	BEAT SPORTY CBS	RFS	Ready	61-90	2	Stok_per_no_mesin_dealer - 2026-08-06T080342.480.xls	HTML table / 5,239 data rows	2026-08-06 08:03:42	Aggregated; raw unit/engine identifiers excluded
12598	PT. TUNAS DWIPA MATRA - JAMBI	MJ1	BEAT SPORTY CBS	RFS	Ready	>150	1	Stok_per_no_mesin_dealer - 2026-08-06T080342.480.xls	HTML table / 5,239 data rows	2026-08-06 08:03:42	Aggregated; raw unit/engine identifiers excluded
12598	PT. TUNAS DWIPA MATRA - JAMBI	MJ2	BEAT SPORTY CBS	RFS	Ready	0-30	6	Stok_per_no_mesin_dealer - 2026-08-06T080342.480.xls	HTML table / 5,239 data rows	2026-08-06 08:03:42	Aggregated; raw unit/engine identifiers excluded
12598	PT. TUNAS DWIPA MATRA - JAMBI	MJ2	BEAT SPORTY CBS	RFS	Soft Booking	0-30	3	Stok_per_no_mesin_dealer - 2026-08-06T080342.480.xls	HTML table / 5,239 data rows	2026-08-06 08:03:42	Aggregated; raw unit/engine identifiers excluded
12598	PT. TUNAS DWIPA MATRA - JAMBI	MK1	BEAT SPORTY CBS ISS DELUXE	RFS	Ready	121-150	1	Stok_per_no_mesin_dealer - 2026-08-06T080342.480.xls	HTML table / 5,239 data rows	2026-08-06 08:03:42	Aggregated; raw unit/engine identifiers excluded
12598	PT. TUNAS DWIPA MATRA - JAMBI	MK2	BEAT SPORTY CBS ISS	RFS	Ready	0-30	5	Stok_per_no_mesin_dealer - 2026-08-06T080342.480.xls	HTML table / 5,239 data rows	2026-08-06 08:03:42	Aggregated; raw unit/engine identifiers excluded
12598	PT. TUNAS DWIPA MATRA - JAMBI	MK2	BEAT SPORTY CBS ISS	RFS	Soft Booking	31-60	1	Stok_per_no_mesin_dealer - 2026-08-06T080342.480.xls	HTML table / 5,239 data rows	2026-08-06 08:03:42	Aggregated; raw unit/engine identifiers excluded
12598	PT. TUNAS DWIPA MATRA - JAMBI	ML1	BEAT SPORTY DLX SMART KEY	RFS	Ready	31-60	1	Stok_per_no_mesin_dealer - 2026-08-06T080342.480.xls	HTML table / 5,239 data rows	2026-08-06 08:03:42	Aggregated; raw unit/engine identifiers excluded
12598	PT. TUNAS DWIPA MATRA - JAMBI	ML2	BEAT SPORTY DLX SMART KEY	RFS	Ready	0-30	6	Stok_per_no_mesin_dealer - 2026-08-06T080342.480.xls	HTML table / 5,239 data rows	2026-08-06 08:03:42	Aggregated; raw unit/engine identifiers excluded
12598	PT. TUNAS DWIPA MATRA - JAMBI	MM1	BEAT STREET	RFS	Ready	121-150	1	Stok_per_no_mesin_dealer - 2026-08-06T080342.480.xls	HTML table / 5,239 data rows	2026-08-06 08:03:42	Aggregated; raw unit/engine identifiers excluded
12598	PT. TUNAS DWIPA MATRA - JAMBI	MM1	BEAT STREET	RFS	Ready	31-60	4	Stok_per_no_mesin_dealer - 2026-08-06T080342.480.xls	HTML table / 5,239 data rows	2026-08-06 08:03:42	Aggregated; raw unit/engine identifiers excluded
12598	PT. TUNAS DWIPA MATRA - JAMBI	MM1	BEAT STREET	RFS	Ready	61-90	2	Stok_per_no_mesin_dealer - 2026-08-06T080342.480.xls	HTML table / 5,239 data rows	2026-08-06 08:03:42	Aggregated; raw unit/engine identifiers excluded
12598	PT. TUNAS DWIPA MATRA - JAMBI	MM1	BEAT STREET	RFS	Soft Booking	61-90	1	Stok_per_no_mesin_dealer - 2026-08-06T080342.480.xls	HTML table / 5,239 data rows	2026-08-06 08:03:42	Aggregated; raw unit/engine identifiers excluded
12598	PT. TUNAS DWIPA MATRA - JAMBI	MM2	BEAT STREET	RFS	Ready	0-30	4	Stok_per_no_mesin_dealer - 2026-08-06T080342.480.xls	HTML table / 5,239 data rows	2026-08-06 08:03:42	Aggregated; raw unit/engine identifiers excluded
12598	PT. TUNAS DWIPA MATRA - JAMBI	MM2	BEAT STREET	RFS	Ready	31-60	1	Stok_per_no_mesin_dealer - 2026-08-06T080342.480.xls	HTML table / 5,239 data rows	2026-08-06 08:03:42	Aggregated; raw unit/engine identifiers excluded
12598	PT. TUNAS DWIPA MATRA - JAMBI	MM2	BEAT STREET	RFS	Soft Booking	0-30	4	Stok_per_no_mesin_dealer - 2026-08-06T080342.480.xls	HTML table / 5,239 data rows	2026-08-06 08:03:42	Aggregated; raw unit/engine identifiers excluded
12598	PT. TUNAS DWIPA MATRA - JAMBI	MN0	CUV e:	RFS	Ready	>150	4	Stok_per_no_mesin_dealer - 2026-08-06T080342.480.xls	HTML table / 5,239 data rows	2026-08-06 08:03:42	Aggregated; raw unit/engine identifiers excluded
12598	PT. TUNAS DWIPA MATRA - JAMBI	MS1	SCOOPY PRESTIGE	RFS	Ready	0-30	2	Stok_per_no_mesin_dealer - 2026-08-06T080342.480.xls	HTML table / 5,239 data rows	2026-08-06 08:03:42	Aggregated; raw unit/engine identifiers excluded
12598	PT. TUNAS DWIPA MATRA - JAMBI	MS1	SCOOPY PRESTIGE	RFS	Soft Booking	0-30	1	Stok_per_no_mesin_dealer - 2026-08-06T080342.480.xls	HTML table / 5,239 data rows	2026-08-06 08:03:42	Aggregated; raw unit/engine identifiers excluded
12598	PT. TUNAS DWIPA MATRA - JAMBI	MT1	PCX160 CBS	RFS	Ready	0-30	1	Stok_per_no_mesin_dealer - 2026-08-06T080342.480.xls	HTML table / 5,239 data rows	2026-08-06 08:03:42	Aggregated; raw unit/engine identifiers excluded
12598	PT. TUNAS DWIPA MATRA - JAMBI	MT1	PCX160 CBS	RFS	Ready	61-90	1	Stok_per_no_mesin_dealer - 2026-08-06T080342.480.xls	HTML table / 5,239 data rows	2026-08-06 08:03:42	Aggregated; raw unit/engine identifiers excluded
12598	PT. TUNAS DWIPA MATRA - JAMBI	MT1	PCX160 CBS	RFS	Soft Booking	0-30	1	Stok_per_no_mesin_dealer - 2026-08-06T080342.480.xls	HTML table / 5,239 data rows	2026-08-06 08:03:42	Aggregated; raw unit/engine identifiers excluded
12598	PT. TUNAS DWIPA MATRA - JAMBI	MV1	PCX160 ABS	RFS	Soft Booking	0-30	1	Stok_per_no_mesin_dealer - 2026-08-06T080342.480.xls	HTML table / 5,239 data rows	2026-08-06 08:03:42	Aggregated; raw unit/engine identifiers excluded
12598	PT. TUNAS DWIPA MATRA - JAMBI	MW1	PCX160 Honda RoadSync	RFS	Ready	0-30	1	Stok_per_no_mesin_dealer - 2026-08-06T080342.480.xls	HTML table / 5,239 data rows	2026-08-06 08:03:42	Aggregated; raw unit/engine identifiers excluded
12598	PT. TUNAS DWIPA MATRA - JAMBI	MX0	ICON E:	RFS	Ready	31-60	1	Stok_per_no_mesin_dealer - 2026-08-06T080342.480.xls	HTML table / 5,239 data rows	2026-08-06 08:03:42	Aggregated; raw unit/engine identifiers excluded
12598	PT. TUNAS DWIPA MATRA - JAMBI	MX0	ICON E:	RFS	Ready	>150	5	Stok_per_no_mesin_dealer - 2026-08-06T080342.480.xls	HTML table / 5,239 data rows	2026-08-06 08:03:42	Aggregated; raw unit/engine identifiers excluded
12598	PT. TUNAS DWIPA MATRA - JAMBI	MY0	VARIO EVO 160 CBS Nitro	RFS	Ready	0-30	1	Stok_per_no_mesin_dealer - 2026-08-06T080342.480.xls	HTML table / 5,239 data rows	2026-08-06 08:03:42	Aggregated; raw unit/engine identifiers excluded
12598	PT. TUNAS DWIPA MATRA - JAMBI	MY0	VARIO EVO 160 CBS Nitro	RFS	Ready	31-60	1	Stok_per_no_mesin_dealer - 2026-08-06T080342.480.xls	HTML table / 5,239 data rows	2026-08-06 08:03:42	Aggregated; raw unit/engine identifiers excluded
12598	PT. TUNAS DWIPA MATRA - JAMBI	MYA	VARIO EVO 160 CBS	RFS	Ready	0-30	2	Stok_per_no_mesin_dealer - 2026-08-06T080342.480.xls	HTML table / 5,239 data rows	2026-08-06 08:03:42	Aggregated; raw unit/engine identifiers excluded
12598	PT. TUNAS DWIPA MATRA - JAMBI	MZ0	VARIO EVO 160 ABS	RFS	Ready	0-30	2	Stok_per_no_mesin_dealer - 2026-08-06T080342.480.xls	HTML table / 5,239 data rows	2026-08-06 08:03:42	Aggregated; raw unit/engine identifiers excluded
12598	PT. TUNAS DWIPA MATRA - JAMBI	NA0	ADV160 CBS	RFS	Ready	0-30	1	Stok_per_no_mesin_dealer - 2026-08-06T080342.480.xls	HTML table / 5,239 data rows	2026-08-06 08:03:42	Aggregated; raw unit/engine identifiers excluded
12598	PT. TUNAS DWIPA MATRA - JAMBI	NE0	VARIO 125 CBS ISS	RFS	Soft Booking	0-30	1	Stok_per_no_mesin_dealer - 2026-08-06T080342.480.xls	HTML table / 5,239 data rows	2026-08-06 08:03:42	Aggregated; raw unit/engine identifiers excluded
12598	PT. TUNAS DWIPA MATRA - JAMBI	NF0	VARIO 125 STREET	RFS	Ready	0-30	1	Stok_per_no_mesin_dealer - 2026-08-06T080342.480.xls	HTML table / 5,239 data rows	2026-08-06 08:03:42	Aggregated; raw unit/engine identifiers excluded
12598	PT. TUNAS DWIPA MATRA - JAMBI	NF0	VARIO 125 STREET	RFS	Ready	121-150	1	Stok_per_no_mesin_dealer - 2026-08-06T080342.480.xls	HTML table / 5,239 data rows	2026-08-06 08:03:42	Aggregated; raw unit/engine identifiers excluded
12598	PT. TUNAS DWIPA MATRA - JAMBI	NF0	VARIO 125 STREET	RFS	Ready	31-60	2	Stok_per_no_mesin_dealer - 2026-08-06T080342.480.xls	HTML table / 5,239 data rows	2026-08-06 08:03:42	Aggregated; raw unit/engine identifiers excluded
12598	PT. TUNAS DWIPA MATRA - JAMBI	NF0	VARIO 125 STREET	RFS	Ready	61-90	1	Stok_per_no_mesin_dealer - 2026-08-06T080342.480.xls	HTML table / 5,239 data rows	2026-08-06 08:03:42	Aggregated; raw unit/engine identifiers excluded
12598	PT. TUNAS DWIPA MATRA - JAMBI	NF0	VARIO 125 STREET	RFS	Ready	91-120	2	Stok_per_no_mesin_dealer - 2026-08-06T080342.480.xls	HTML table / 5,239 data rows	2026-08-06 08:03:42	Aggregated; raw unit/engine identifiers excluded
12598	PT. TUNAS DWIPA MATRA - JAMBI	NF0	VARIO 125 STREET	RFS	Ready	>150	1	Stok_per_no_mesin_dealer - 2026-08-06T080342.480.xls	HTML table / 5,239 data rows	2026-08-06 08:03:42	Aggregated; raw unit/engine identifiers excluded
12598.1	POS TUNAS JAMBI - BULURAN	ESK	CRF150L	RFS	Soft Booking	91-120	1	Stok_per_no_mesin_dealer - 2026-08-06T080342.480.xls	HTML table / 5,239 data rows	2026-08-06 08:03:42	Aggregated; raw unit/engine identifiers excluded
12598.1	POS TUNAS JAMBI - BULURAN	ESL	CRF150L	RFS	Ready	91-120	1	Stok_per_no_mesin_dealer - 2026-08-06T080342.480.xls	HTML table / 5,239 data rows	2026-08-06 08:03:42	Aggregated; raw unit/engine identifiers excluded
12598.1	POS TUNAS JAMBI - BULURAN	ESL	CRF150L	RFS	Ready	>150	1	Stok_per_no_mesin_dealer - 2026-08-06T080342.480.xls	HTML table / 5,239 data rows	2026-08-06 08:03:42	Aggregated; raw unit/engine identifiers excluded
12598.1	POS TUNAS JAMBI - BULURAN	GB4	REVO FIT	RFS	Ready	0-30	1	Stok_per_no_mesin_dealer - 2026-08-06T080342.480.xls	HTML table / 5,239 data rows	2026-08-06 08:03:42	Aggregated; raw unit/engine identifiers excluded
12598.1	POS TUNAS JAMBI - BULURAN	GB4	REVO FIT	RFS	Ready	121-150	1	Stok_per_no_mesin_dealer - 2026-08-06T080342.480.xls	HTML table / 5,239 data rows	2026-08-06 08:03:42	Aggregated; raw unit/engine identifiers excluded
12598.1	POS TUNAS JAMBI - BULURAN	GB4	REVO FIT	RFS	Ready	61-90	2	Stok_per_no_mesin_dealer - 2026-08-06T080342.480.xls	HTML table / 5,239 data rows	2026-08-06 08:03:42	Aggregated; raw unit/engine identifiers excluded
12598.1	POS TUNAS JAMBI - BULURAN	GD4	REVO X	RFS	Ready	31-60	1	Stok_per_no_mesin_dealer - 2026-08-06T080342.480.xls	HTML table / 5,239 data rows	2026-08-06 08:03:42	Aggregated; raw unit/engine identifiers excluded
12598.1	POS TUNAS JAMBI - BULURAN	GD4	REVO X	RFS	Ready	61-90	1	Stok_per_no_mesin_dealer - 2026-08-06T080342.480.xls	HTML table / 5,239 data rows	2026-08-06 08:03:42	Aggregated; raw unit/engine identifiers excluded
12598.1	POS TUNAS JAMBI - BULURAN	GD4	REVO X	RFS	Ready	91-120	1	Stok_per_no_mesin_dealer - 2026-08-06T080342.480.xls	HTML table / 5,239 data rows	2026-08-06 08:03:42	Aggregated; raw unit/engine identifiers excluded
12598.1	POS TUNAS JAMBI - BULURAN	GD4	REVO X	RFS	Ready	>150	1	Stok_per_no_mesin_dealer - 2026-08-06T080342.480.xls	HTML table / 5,239 data rows	2026-08-06 08:03:42	Aggregated; raw unit/engine identifiers excluded
12598.1	POS TUNAS JAMBI - BULURAN	GE5	SUPRA X 125 SW	RFS	Ready	31-60	1	Stok_per_no_mesin_dealer - 2026-08-06T080342.480.xls	HTML table / 5,239 data rows	2026-08-06 08:03:42	Aggregated; raw unit/engine identifiers excluded
12598.1	POS TUNAS JAMBI - BULURAN	GF5	SUPRA X 125 CW	RFS	Ready	0-30	2	Stok_per_no_mesin_dealer - 2026-08-06T080342.480.xls	HTML table / 5,239 data rows	2026-08-06 08:03:42	Aggregated; raw unit/engine identifiers excluded
12598.1	POS TUNAS JAMBI - BULURAN	GF5	SUPRA X 125 CW	RFS	Ready	61-90	1	Stok_per_no_mesin_dealer - 2026-08-06T080342.480.xls	HTML table / 5,239 data rows	2026-08-06 08:03:42	Aggregated; raw unit/engine identifiers excluded
12598.1	POS TUNAS JAMBI - BULURAN	GF5	SUPRA X 125 CW	RFS	Soft Booking	31-60	1	Stok_per_no_mesin_dealer - 2026-08-06T080342.480.xls	HTML table / 5,239 data rows	2026-08-06 08:03:42	Aggregated; raw unit/engine identifiers excluded
12598.1	POS TUNAS JAMBI - BULURAN	HJK	NEW SUPRA GTR150	RFS	Ready	31-60	1	Stok_per_no_mesin_dealer - 2026-08-06T080342.480.xls	HTML table / 5,239 data rows	2026-08-06 08:03:42	Aggregated; raw unit/engine identifiers excluded
12598.1	POS TUNAS JAMBI - BULURAN	JR0	CB150R STREETFIRE	RFS	Ready	61-90	1	Stok_per_no_mesin_dealer - 2026-08-06T080342.480.xls	HTML table / 5,239 data rows	2026-08-06 08:03:42	Aggregated; raw unit/engine identifiers excluded
12598.1	POS TUNAS JAMBI - BULURAN	KF0	CB150 VERZA SW	RFS	Ready	91-120	1	Stok_per_no_mesin_dealer - 2026-08-06T080342.480.xls	HTML table / 5,239 data rows	2026-08-06 08:03:42	Aggregated; raw unit/engine identifiers excluded
12598.1	POS TUNAS JAMBI - BULURAN	KG0	CB150 VERZA CW	RFS	Ready	31-60	1	Stok_per_no_mesin_dealer - 2026-08-06T080342.480.xls	HTML table / 5,239 data rows	2026-08-06 08:03:42	Aggregated; raw unit/engine identifiers excluded
12598.1	POS TUNAS JAMBI - BULURAN	LY2	GENIO CBS	RFS	Ready	91-120	2	Stok_per_no_mesin_dealer - 2026-08-06T080342.480.xls	HTML table / 5,239 data rows	2026-08-06 08:03:42	Aggregated; raw unit/engine identifiers excluded
12598.1	POS TUNAS JAMBI - BULURAN	MF1	STYLO 160 CBS	RFS	Ready	0-30	1	Stok_per_no_mesin_dealer - 2026-08-06T080342.480.xls	HTML table / 5,239 data rows	2026-08-06 08:03:42	Aggregated; raw unit/engine identifiers excluded
12598.1	POS TUNAS JAMBI - BULURAN	MJ1	BEAT SPORTY CBS	RFS	Ready	0-30	1	Stok_per_no_mesin_dealer - 2026-08-06T080342.480.xls	HTML table / 5,239 data rows	2026-08-06 08:03:42	Aggregated; raw unit/engine identifiers excluded
12598.1	POS TUNAS JAMBI - BULURAN	MJ1	BEAT SPORTY CBS	RFS	Ready	121-150	1	Stok_per_no_mesin_dealer - 2026-08-06T080342.480.xls	HTML table / 5,239 data rows	2026-08-06 08:03:42	Aggregated; raw unit/engine identifiers excluded
12598.1	POS TUNAS JAMBI - BULURAN	MJ1	BEAT SPORTY CBS	RFS	Ready	31-60	2	Stok_per_no_mesin_dealer - 2026-08-06T080342.480.xls	HTML table / 5,239 data rows	2026-08-06 08:03:42	Aggregated; raw unit/engine identifiers excluded
12598.1	POS TUNAS JAMBI - BULURAN	MJ1	BEAT SPORTY CBS	RFS	Ready	61-90	2	Stok_per_no_mesin_dealer - 2026-08-06T080342.480.xls	HTML table / 5,239 data rows	2026-08-06 08:03:42	Aggregated; raw unit/engine identifiers excluded
12598.1	POS TUNAS JAMBI - BULURAN	MJ1	BEAT SPORTY CBS	RFS	Ready	>150	1	Stok_per_no_mesin_dealer - 2026-08-06T080342.480.xls	HTML table / 5,239 data rows	2026-08-06 08:03:42	Aggregated; raw unit/engine identifiers excluded
12598.1	POS TUNAS JAMBI - BULURAN	MJ2	BEAT SPORTY CBS	RFS	Ready	0-30	6	Stok_per_no_mesin_dealer - 2026-08-06T080342.480.xls	HTML table / 5,239 data rows	2026-08-06 08:03:42	Aggregated; raw unit/engine identifiers excluded
12598.1	POS TUNAS JAMBI - BULURAN	MJ2	BEAT SPORTY CBS	RFS	Soft Booking	0-30	2	Stok_per_no_mesin_dealer - 2026-08-06T080342.480.xls	HTML table / 5,239 data rows	2026-08-06 08:03:42	Aggregated; raw unit/engine identifiers excluded
12598.1	POS TUNAS JAMBI - BULURAN	MK1	BEAT SPORTY CBS ISS DELUXE	RFS	Ready	121-150	1	Stok_per_no_mesin_dealer - 2026-08-06T080342.480.xls	HTML table / 5,239 data rows	2026-08-06 08:03:42	Aggregated; raw unit/engine identifiers excluded
12598.1	POS TUNAS JAMBI - BULURAN	MK1	BEAT SPORTY CBS ISS DELUXE	RFS	Ready	61-90	1	Stok_per_no_mesin_dealer - 2026-08-06T080342.480.xls	HTML table / 5,239 data rows	2026-08-06 08:03:42	Aggregated; raw unit/engine identifiers excluded
12598.1	POS TUNAS JAMBI - BULURAN	MK1	BEAT SPORTY CBS ISS DELUXE	RFS	Soft Booking	>150	1	Stok_per_no_mesin_dealer - 2026-08-06T080342.480.xls	HTML table / 5,239 data rows	2026-08-06 08:03:42	Aggregated; raw unit/engine identifiers excluded
12598.1	POS TUNAS JAMBI - BULURAN	MK2	BEAT SPORTY CBS ISS	RFS	Ready	0-30	4	Stok_per_no_mesin_dealer - 2026-08-06T080342.480.xls	HTML table / 5,239 data rows	2026-08-06 08:03:42	Aggregated; raw unit/engine identifiers excluded
12598.1	POS TUNAS JAMBI - BULURAN	MK2	BEAT SPORTY CBS ISS	RFS	Ready	31-60	1	Stok_per_no_mesin_dealer - 2026-08-06T080342.480.xls	HTML table / 5,239 data rows	2026-08-06 08:03:42	Aggregated; raw unit/engine identifiers excluded
12598.1	POS TUNAS JAMBI - BULURAN	ML1	BEAT SPORTY DLX SMART KEY	RFS	Ready	61-90	1	Stok_per_no_mesin_dealer - 2026-08-06T080342.480.xls	HTML table / 5,239 data rows	2026-08-06 08:03:42	Aggregated; raw unit/engine identifiers excluded
12598.1	POS TUNAS JAMBI - BULURAN	ML1	BEAT SPORTY DLX SMART KEY	RFS	Ready	>150	1	Stok_per_no_mesin_dealer - 2026-08-06T080342.480.xls	HTML table / 5,239 data rows	2026-08-06 08:03:42	Aggregated; raw unit/engine identifiers excluded
12598.1	POS TUNAS JAMBI - BULURAN	ML2	BEAT SPORTY DLX SMART KEY	RFS	Ready	0-30	3	Stok_per_no_mesin_dealer - 2026-08-06T080342.480.xls	HTML table / 5,239 data rows	2026-08-06 08:03:42	Aggregated; raw unit/engine identifiers excluded
12598.1	POS TUNAS JAMBI - BULURAN	ML2	BEAT SPORTY DLX SMART KEY	RFS	Soft Booking	0-30	1	Stok_per_no_mesin_dealer - 2026-08-06T080342.480.xls	HTML table / 5,239 data rows	2026-08-06 08:03:42	Aggregated; raw unit/engine identifiers excluded
12598.1	POS TUNAS JAMBI - BULURAN	MM1	BEAT STREET	RFS	Ready	121-150	2	Stok_per_no_mesin_dealer - 2026-08-06T080342.480.xls	HTML table / 5,239 data rows	2026-08-06 08:03:42	Aggregated; raw unit/engine identifiers excluded
12598.1	POS TUNAS JAMBI - BULURAN	MM1	BEAT STREET	RFS	Ready	31-60	2	Stok_per_no_mesin_dealer - 2026-08-06T080342.480.xls	HTML table / 5,239 data rows	2026-08-06 08:03:42	Aggregated; raw unit/engine identifiers excluded
12598.1	POS TUNAS JAMBI - BULURAN	MM1	BEAT STREET	RFS	Ready	61-90	1	Stok_per_no_mesin_dealer - 2026-08-06T080342.480.xls	HTML table / 5,239 data rows	2026-08-06 08:03:42	Aggregated; raw unit/engine identifiers excluded
12598.1	POS TUNAS JAMBI - BULURAN	MM1	BEAT STREET	RFS	Ready	>150	1	Stok_per_no_mesin_dealer - 2026-08-06T080342.480.xls	HTML table / 5,239 data rows	2026-08-06 08:03:42	Aggregated; raw unit/engine identifiers excluded
12598.1	POS TUNAS JAMBI - BULURAN	MM2	BEAT STREET	RFS	Ready	0-30	4	Stok_per_no_mesin_dealer - 2026-08-06T080342.480.xls	HTML table / 5,239 data rows	2026-08-06 08:03:42	Aggregated; raw unit/engine identifiers excluded
12598.1	POS TUNAS JAMBI - BULURAN	MM2	BEAT STREET	RFS	Ready	31-60	1	Stok_per_no_mesin_dealer - 2026-08-06T080342.480.xls	HTML table / 5,239 data rows	2026-08-06 08:03:42	Aggregated; raw unit/engine identifiers excluded
12598.1	POS TUNAS JAMBI - BULURAN	MS1	SCOOPY PRESTIGE	RFS	Ready	0-30	2	Stok_per_no_mesin_dealer - 2026-08-06T080342.480.xls	HTML table / 5,239 data rows	2026-08-06 08:03:42	Aggregated; raw unit/engine identifiers excluded
12598.1	POS TUNAS JAMBI - BULURAN	MS1	SCOOPY PRESTIGE	RFS	Soft Booking	0-30	1	Stok_per_no_mesin_dealer - 2026-08-06T080342.480.xls	HTML table / 5,239 data rows	2026-08-06 08:03:42	Aggregated; raw unit/engine identifiers excluded
12598.1	POS TUNAS JAMBI - BULURAN	MSB	SCOOPY STYLISH	RFS	Ready	0-30	2	Stok_per_no_mesin_dealer - 2026-08-06T080342.480.xls	HTML table / 5,239 data rows	2026-08-06 08:03:42	Aggregated; raw unit/engine identifiers excluded
12598.1	POS TUNAS JAMBI - BULURAN	MT1	PCX160 CBS	RFS	Ready	0-30	1	Stok_per_no_mesin_dealer - 2026-08-06T080342.480.xls	HTML table / 5,239 data rows	2026-08-06 08:03:42	Aggregated; raw unit/engine identifiers excluded
12598.1	POS TUNAS JAMBI - BULURAN	MV1	PCX160 ABS	RFS	Ready	0-30	2	Stok_per_no_mesin_dealer - 2026-08-06T080342.480.xls	HTML table / 5,239 data rows	2026-08-06 08:03:42	Aggregated; raw unit/engine identifiers excluded
12598.1	POS TUNAS JAMBI - BULURAN	MY0	VARIO EVO 160 CBS Nitro	RFS	Ready	0-30	1	Stok_per_no_mesin_dealer - 2026-08-06T080342.480.xls	HTML table / 5,239 data rows	2026-08-06 08:03:42	Aggregated; raw unit/engine identifiers excluded
12598.1	POS TUNAS JAMBI - BULURAN	MYA	VARIO EVO 160 CBS	RFS	Ready	0-30	1	Stok_per_no_mesin_dealer - 2026-08-06T080342.480.xls	HTML table / 5,239 data rows	2026-08-06 08:03:42	Aggregated; raw unit/engine identifiers excluded
12598.1	POS TUNAS JAMBI - BULURAN	MZ0	VARIO EVO 160 ABS	RFS	Ready	0-30	1	Stok_per_no_mesin_dealer - 2026-08-06T080342.480.xls	HTML table / 5,239 data rows	2026-08-06 08:03:42	Aggregated; raw unit/engine identifiers excluded
12598.1	POS TUNAS JAMBI - BULURAN	NA0	ADV160 CBS	RFS	Ready	31-60	1	Stok_per_no_mesin_dealer - 2026-08-06T080342.480.xls	HTML table / 5,239 data rows	2026-08-06 08:03:42	Aggregated; raw unit/engine identifiers excluded
12598.1	POS TUNAS JAMBI - BULURAN	NE0	VARIO 125 CBS ISS	RFS	Soft Booking	0-30	1	Stok_per_no_mesin_dealer - 2026-08-06T080342.480.xls	HTML table / 5,239 data rows	2026-08-06 08:03:42	Aggregated; raw unit/engine identifiers excluded
12598.1	POS TUNAS JAMBI - BULURAN	NF0	VARIO 125 STREET	RFS	Ready	121-150	1	Stok_per_no_mesin_dealer - 2026-08-06T080342.480.xls	HTML table / 5,239 data rows	2026-08-06 08:03:42	Aggregated; raw unit/engine identifiers excluded
12598.1	POS TUNAS JAMBI - BULURAN	NF0	VARIO 125 STREET	RFS	Ready	31-60	1	Stok_per_no_mesin_dealer - 2026-08-06T080342.480.xls	HTML table / 5,239 data rows	2026-08-06 08:03:42	Aggregated; raw unit/engine identifiers excluded
12598.1	POS TUNAS JAMBI - BULURAN	NF0	VARIO 125 STREET	RFS	Ready	91-120	1	Stok_per_no_mesin_dealer - 2026-08-06T080342.480.xls	HTML table / 5,239 data rows	2026-08-06 08:03:42	Aggregated; raw unit/engine identifiers excluded
12598.1	POS TUNAS JAMBI - BULURAN	NF0	VARIO 125 STREET	RFS	Ready	>150	1	Stok_per_no_mesin_dealer - 2026-08-06T080342.480.xls	HTML table / 5,239 data rows	2026-08-06 08:03:42	Aggregated; raw unit/engine identifiers excluded
12598.1	POS TUNAS JAMBI - BULURAN	NF0	VARIO 125 STREET	RFS	Soft Booking	121-150	1	Stok_per_no_mesin_dealer - 2026-08-06T080342.480.xls	HTML table / 5,239 data rows	2026-08-06 08:03:42	Aggregated; raw unit/engine identifiers excluded
12797	PT. NUSANTARA SURYA SAKTI - JAMBI	ESL	CRF150L	RFS	Ready	0-30	1	Stok_per_no_mesin_dealer - 2026-08-06T080342.480.xls	HTML table / 5,239 data rows	2026-08-06 08:03:42	Aggregated; raw unit/engine identifiers excluded
12797	PT. NUSANTARA SURYA SAKTI - JAMBI	ESL	CRF150L	RFS	Ready	61-90	1	Stok_per_no_mesin_dealer - 2026-08-06T080342.480.xls	HTML table / 5,239 data rows	2026-08-06 08:03:42	Aggregated; raw unit/engine identifiers excluded
12797	PT. NUSANTARA SURYA SAKTI - JAMBI	ESL	CRF150L	RFS	Ready	91-120	1	Stok_per_no_mesin_dealer - 2026-08-06T080342.480.xls	HTML table / 5,239 data rows	2026-08-06 08:03:42	Aggregated; raw unit/engine identifiers excluded
12797	PT. NUSANTARA SURYA SAKTI - JAMBI	ESL	CRF150L	RFS	Unfill	0-30	1	Stok_per_no_mesin_dealer - 2026-08-06T080342.480.xls	HTML table / 5,239 data rows	2026-08-06 08:03:42	Aggregated; raw unit/engine identifiers excluded
12797	PT. NUSANTARA SURYA SAKTI - JAMBI	GB4	REVO FIT	RFS	Ready	0-30	1	Stok_per_no_mesin_dealer - 2026-08-06T080342.480.xls	HTML table / 5,239 data rows	2026-08-06 08:03:42	Aggregated; raw unit/engine identifiers excluded
12797	PT. NUSANTARA SURYA SAKTI - JAMBI	GB4	REVO FIT	RFS	Ready	61-90	4	Stok_per_no_mesin_dealer - 2026-08-06T080342.480.xls	HTML table / 5,239 data rows	2026-08-06 08:03:42	Aggregated; raw unit/engine identifiers excluded
12797	PT. NUSANTARA SURYA SAKTI - JAMBI	GD4	REVO X	RFS	Ready	0-30	1	Stok_per_no_mesin_dealer - 2026-08-06T080342.480.xls	HTML table / 5,239 data rows	2026-08-06 08:03:42	Aggregated; raw unit/engine identifiers excluded
12797	PT. NUSANTARA SURYA SAKTI - JAMBI	GD4	REVO X	RFS	Ready	61-90	2	Stok_per_no_mesin_dealer - 2026-08-06T080342.480.xls	HTML table / 5,239 data rows	2026-08-06 08:03:42	Aggregated; raw unit/engine identifiers excluded
12797	PT. NUSANTARA SURYA SAKTI - JAMBI	GD4	REVO X	RFS	Ready	91-120	1	Stok_per_no_mesin_dealer - 2026-08-06T080342.480.xls	HTML table / 5,239 data rows	2026-08-06 08:03:42	Aggregated; raw unit/engine identifiers excluded
12797	PT. NUSANTARA SURYA SAKTI - JAMBI	GF5	SUPRA X 125 CW	RFS	Ready	0-30	4	Stok_per_no_mesin_dealer - 2026-08-06T080342.480.xls	HTML table / 5,239 data rows	2026-08-06 08:03:42	Aggregated; raw unit/engine identifiers excluded
12797	PT. NUSANTARA SURYA SAKTI - JAMBI	HJ9	NEW SUPRA GTR150 SPORTY	RFS	Ready	0-30	1	Stok_per_no_mesin_dealer - 2026-08-06T080342.480.xls	HTML table / 5,239 data rows	2026-08-06 08:03:42	Aggregated; raw unit/engine identifiers excluded
12797	PT. NUSANTARA SURYA SAKTI - JAMBI	HJK	NEW SUPRA GTR150	RFS	Ready	61-90	1	Stok_per_no_mesin_dealer - 2026-08-06T080342.480.xls	HTML table / 5,239 data rows	2026-08-06 08:03:42	Aggregated; raw unit/engine identifiers excluded
12797	PT. NUSANTARA SURYA SAKTI - JAMBI	JML	CBR 150R STD	RFS	Ready	91-120	1	Stok_per_no_mesin_dealer - 2026-08-06T080342.480.xls	HTML table / 5,239 data rows	2026-08-06 08:03:42	Aggregated; raw unit/engine identifiers excluded
12797	PT. NUSANTARA SURYA SAKTI - JAMBI	JR0	CB150R STREETFIRE	RFS	Ready	61-90	1	Stok_per_no_mesin_dealer - 2026-08-06T080342.480.xls	HTML table / 5,239 data rows	2026-08-06 08:03:42	Aggregated; raw unit/engine identifiers excluded
12797	PT. NUSANTARA SURYA SAKTI - JAMBI	KB0	CBR 250RR ABS	RFS	Ready	>150	1	Stok_per_no_mesin_dealer - 2026-08-06T080342.480.xls	HTML table / 5,239 data rows	2026-08-06 08:03:42	Aggregated; raw unit/engine identifiers excluded
12797	PT. NUSANTARA SURYA SAKTI - JAMBI	KF0	CB150 VERZA SW	RFS	Ready	>150	1	Stok_per_no_mesin_dealer - 2026-08-06T080342.480.xls	HTML table / 5,239 data rows	2026-08-06 08:03:42	Aggregated; raw unit/engine identifiers excluded
12797	PT. NUSANTARA SURYA SAKTI - JAMBI	MD1	VARIO 125 CBS ISS	RFS	Ready	>150	1	Stok_per_no_mesin_dealer - 2026-08-06T080342.480.xls	HTML table / 5,239 data rows	2026-08-06 08:03:42	Aggregated; raw unit/engine identifiers excluded
12797	PT. NUSANTARA SURYA SAKTI - JAMBI	ME0	EM1 e:	RFS	Ready	>150	1	Stok_per_no_mesin_dealer - 2026-08-06T080342.480.xls	HTML table / 5,239 data rows	2026-08-06 08:03:42	Aggregated; raw unit/engine identifiers excluded
12797	PT. NUSANTARA SURYA SAKTI - JAMBI	MJ1	BEAT SPORTY CBS	RFS	Ready	0-30	2	Stok_per_no_mesin_dealer - 2026-08-06T080342.480.xls	HTML table / 5,239 data rows	2026-08-06 08:03:42	Aggregated; raw unit/engine identifiers excluded
12797	PT. NUSANTARA SURYA SAKTI - JAMBI	MJ2	BEAT SPORTY CBS	RFS	Intransit	0-30	3	Stok_per_no_mesin_dealer - 2026-08-06T080342.480.xls	HTML table / 5,239 data rows	2026-08-06 08:03:42	Aggregated; raw unit/engine identifiers excluded
12797	PT. NUSANTARA SURYA SAKTI - JAMBI	MJ2	BEAT SPORTY CBS	RFS	Ready	0-30	8	Stok_per_no_mesin_dealer - 2026-08-06T080342.480.xls	HTML table / 5,239 data rows	2026-08-06 08:03:42	Aggregated; raw unit/engine identifiers excluded
12797	PT. NUSANTARA SURYA SAKTI - JAMBI	MJ2	BEAT SPORTY CBS	RFS	Soft Booking	0-30	1	Stok_per_no_mesin_dealer - 2026-08-06T080342.480.xls	HTML table / 5,239 data rows	2026-08-06 08:03:42	Aggregated; raw unit/engine identifiers excluded
12797	PT. NUSANTARA SURYA SAKTI - JAMBI	MK2	BEAT SPORTY CBS ISS	RFS	Ready	0-30	4	Stok_per_no_mesin_dealer - 2026-08-06T080342.480.xls	HTML table / 5,239 data rows	2026-08-06 08:03:42	Aggregated; raw unit/engine identifiers excluded
12797	PT. NUSANTARA SURYA SAKTI - JAMBI	ML2	BEAT SPORTY DLX SMART KEY	RFS	Intransit	0-30	1	Stok_per_no_mesin_dealer - 2026-08-06T080342.480.xls	HTML table / 5,239 data rows	2026-08-06 08:03:42	Aggregated; raw unit/engine identifiers excluded
12797	PT. NUSANTARA SURYA SAKTI - JAMBI	ML2	BEAT SPORTY DLX SMART KEY	RFS	Ready	0-30	2	Stok_per_no_mesin_dealer - 2026-08-06T080342.480.xls	HTML table / 5,239 data rows	2026-08-06 08:03:42	Aggregated; raw unit/engine identifiers excluded
12797	PT. NUSANTARA SURYA SAKTI - JAMBI	ML2	BEAT SPORTY DLX SMART KEY	RFS	Unfill	0-30	1	Stok_per_no_mesin_dealer - 2026-08-06T080342.480.xls	HTML table / 5,239 data rows	2026-08-06 08:03:42	Aggregated; raw unit/engine identifiers excluded
12797	PT. NUSANTARA SURYA SAKTI - JAMBI	MM1	BEAT STREET	RFS	Ready	121-150	1	Stok_per_no_mesin_dealer - 2026-08-06T080342.480.xls	HTML table / 5,239 data rows	2026-08-06 08:03:42	Aggregated; raw unit/engine identifiers excluded
12797	PT. NUSANTARA SURYA SAKTI - JAMBI	MM1	BEAT STREET	RFS	Ready	31-60	1	Stok_per_no_mesin_dealer - 2026-08-06T080342.480.xls	HTML table / 5,239 data rows	2026-08-06 08:03:42	Aggregated; raw unit/engine identifiers excluded
12797	PT. NUSANTARA SURYA SAKTI - JAMBI	MM2	BEAT STREET	RFS	Intransit	0-30	3	Stok_per_no_mesin_dealer - 2026-08-06T080342.480.xls	HTML table / 5,239 data rows	2026-08-06 08:03:42	Aggregated; raw unit/engine identifiers excluded
12797	PT. NUSANTARA SURYA SAKTI - JAMBI	MM2	BEAT STREET	RFS	Ready	0-30	2	Stok_per_no_mesin_dealer - 2026-08-06T080342.480.xls	HTML table / 5,239 data rows	2026-08-06 08:03:42	Aggregated; raw unit/engine identifiers excluded
12797	PT. NUSANTARA SURYA SAKTI - JAMBI	MM2	BEAT STREET	RFS	Unfill	0-30	1	Stok_per_no_mesin_dealer - 2026-08-06T080342.480.xls	HTML table / 5,239 data rows	2026-08-06 08:03:42	Aggregated; raw unit/engine identifiers excluded
12797	PT. NUSANTARA SURYA SAKTI - JAMBI	MN0	CUV e:	RFS	Ready	>150	3	Stok_per_no_mesin_dealer - 2026-08-06T080342.480.xls	HTML table / 5,239 data rows	2026-08-06 08:03:42	Aggregated; raw unit/engine identifiers excluded
12797	PT. NUSANTARA SURYA SAKTI - JAMBI	MP0	CUV e: RoadSync Duo	RFS	Ready	>150	1	Stok_per_no_mesin_dealer - 2026-08-06T080342.480.xls	HTML table / 5,239 data rows	2026-08-06 08:03:42	Aggregated; raw unit/engine identifiers excluded
12797	PT. NUSANTARA SURYA SAKTI - JAMBI	MRB	SCOOPY FASHION	RFS	Soft Booking	>150	1	Stok_per_no_mesin_dealer - 2026-08-06T080342.480.xls	HTML table / 5,239 data rows	2026-08-06 08:03:42	Aggregated; raw unit/engine identifiers excluded
12797	PT. NUSANTARA SURYA SAKTI - JAMBI	MRB	SCOOPY FASHION	RFS	Unfill	0-30	2	Stok_per_no_mesin_dealer - 2026-08-06T080342.480.xls	HTML table / 5,239 data rows	2026-08-06 08:03:42	Aggregated; raw unit/engine identifiers excluded
12797	PT. NUSANTARA SURYA SAKTI - JAMBI	MS1	SCOOPY PRESTIGE	RFS	Ready	0-30	1	Stok_per_no_mesin_dealer - 2026-08-06T080342.480.xls	HTML table / 5,239 data rows	2026-08-06 08:03:42	Aggregated; raw unit/engine identifiers excluded
12797	PT. NUSANTARA SURYA SAKTI - JAMBI	MS1	SCOOPY PRESTIGE	RFS	Unfill	0-30	1	Stok_per_no_mesin_dealer - 2026-08-06T080342.480.xls	HTML table / 5,239 data rows	2026-08-06 08:03:42	Aggregated; raw unit/engine identifiers excluded
12797	PT. NUSANTARA SURYA SAKTI - JAMBI	MSB	SCOOPY STYLISH	RFS	Intransit	0-30	1	Stok_per_no_mesin_dealer - 2026-08-06T080342.480.xls	HTML table / 5,239 data rows	2026-08-06 08:03:42	Aggregated; raw unit/engine identifiers excluded
12797	PT. NUSANTARA SURYA SAKTI - JAMBI	MSB	SCOOPY STYLISH	RFS	Ready	0-30	2	Stok_per_no_mesin_dealer - 2026-08-06T080342.480.xls	HTML table / 5,239 data rows	2026-08-06 08:03:42	Aggregated; raw unit/engine identifiers excluded
12797	PT. NUSANTARA SURYA SAKTI - JAMBI	MSB	SCOOPY STYLISH	RFS	Unfill	0-30	3	Stok_per_no_mesin_dealer - 2026-08-06T080342.480.xls	HTML table / 5,239 data rows	2026-08-06 08:03:42	Aggregated; raw unit/engine identifiers excluded
12797	PT. NUSANTARA SURYA SAKTI - JAMBI	MT1	PCX160 CBS	RFS	Ready	0-30	3	Stok_per_no_mesin_dealer - 2026-08-06T080342.480.xls	HTML table / 5,239 data rows	2026-08-06 08:03:42	Aggregated; raw unit/engine identifiers excluded
12797	PT. NUSANTARA SURYA SAKTI - JAMBI	MT1	PCX160 CBS	RFS	Unfill	0-30	1	Stok_per_no_mesin_dealer - 2026-08-06T080342.480.xls	HTML table / 5,239 data rows	2026-08-06 08:03:42	Aggregated; raw unit/engine identifiers excluded
12797	PT. NUSANTARA SURYA SAKTI - JAMBI	MV1	PCX160 ABS	RFS	Ready	0-30	2	Stok_per_no_mesin_dealer - 2026-08-06T080342.480.xls	HTML table / 5,239 data rows	2026-08-06 08:03:42	Aggregated; raw unit/engine identifiers excluded
12797	PT. NUSANTARA SURYA SAKTI - JAMBI	MV1	PCX160 ABS	RFS	Ready	121-150	1	Stok_per_no_mesin_dealer - 2026-08-06T080342.480.xls	HTML table / 5,239 data rows	2026-08-06 08:03:42	Aggregated; raw unit/engine identifiers excluded
12797	PT. NUSANTARA SURYA SAKTI - JAMBI	MW1	PCX160 Honda RoadSync	RFS	Ready	0-30	1	Stok_per_no_mesin_dealer - 2026-08-06T080342.480.xls	HTML table / 5,239 data rows	2026-08-06 08:03:42	Aggregated; raw unit/engine identifiers excluded
12797	PT. NUSANTARA SURYA SAKTI - JAMBI	MX0	ICON E:	RFS	Ready	>150	6	Stok_per_no_mesin_dealer - 2026-08-06T080342.480.xls	HTML table / 5,239 data rows	2026-08-06 08:03:42	Aggregated; raw unit/engine identifiers excluded
12797	PT. NUSANTARA SURYA SAKTI - JAMBI	MY0	VARIO EVO 160 CBS Nitro	RFS	Ready	0-30	1	Stok_per_no_mesin_dealer - 2026-08-06T080342.480.xls	HTML table / 5,239 data rows	2026-08-06 08:03:42	Aggregated; raw unit/engine identifiers excluded
12797	PT. NUSANTARA SURYA SAKTI - JAMBI	MY0	VARIO EVO 160 CBS Nitro	RFS	Unfill	0-30	1	Stok_per_no_mesin_dealer - 2026-08-06T080342.480.xls	HTML table / 5,239 data rows	2026-08-06 08:03:42	Aggregated; raw unit/engine identifiers excluded
12797	PT. NUSANTARA SURYA SAKTI - JAMBI	MYA	VARIO EVO 160 CBS	RFS	Ready	0-30	2	Stok_per_no_mesin_dealer - 2026-08-06T080342.480.xls	HTML table / 5,239 data rows	2026-08-06 08:03:42	Aggregated; raw unit/engine identifiers excluded
12797	PT. NUSANTARA SURYA SAKTI - JAMBI	MZ0	VARIO EVO 160 ABS	RFS	Unfill	0-30	1	Stok_per_no_mesin_dealer - 2026-08-06T080342.480.xls	HTML table / 5,239 data rows	2026-08-06 08:03:42	Aggregated; raw unit/engine identifiers excluded
12797	PT. NUSANTARA SURYA SAKTI - JAMBI	ND0	VARIO 125 CBS	RFS	Ready	0-30	1	Stok_per_no_mesin_dealer - 2026-08-06T080342.480.xls	HTML table / 5,239 data rows	2026-08-06 08:03:42	Aggregated; raw unit/engine identifiers excluded
12797	PT. NUSANTARA SURYA SAKTI - JAMBI	NE0	VARIO 125 CBS ISS	RFS	Ready	0-30	1	Stok_per_no_mesin_dealer - 2026-08-06T080342.480.xls	HTML table / 5,239 data rows	2026-08-06 08:03:42	Aggregated; raw unit/engine identifiers excluded
12797	PT. NUSANTARA SURYA SAKTI - JAMBI	NF0	VARIO 125 STREET	RFS	Ready	121-150	1	Stok_per_no_mesin_dealer - 2026-08-06T080342.480.xls	HTML table / 5,239 data rows	2026-08-06 08:03:42	Aggregated; raw unit/engine identifiers excluded
12797	PT. NUSANTARA SURYA SAKTI - JAMBI	NF0	VARIO 125 STREET	RFS	Ready	61-90	1	Stok_per_no_mesin_dealer - 2026-08-06T080342.480.xls	HTML table / 5,239 data rows	2026-08-06 08:03:42	Aggregated; raw unit/engine identifiers excluded
12797	PT. NUSANTARA SURYA SAKTI - JAMBI	NF0	VARIO 125 STREET	RFS	Ready	91-120	2	Stok_per_no_mesin_dealer - 2026-08-06T080342.480.xls	HTML table / 5,239 data rows	2026-08-06 08:03:42	Aggregated; raw unit/engine identifiers excluded
12797	PT. NUSANTARA SURYA SAKTI - JAMBI	NF0	VARIO 125 STREET	RFS	Ready	>150	1	Stok_per_no_mesin_dealer - 2026-08-06T080342.480.xls	HTML table / 5,239 data rows	2026-08-06 08:03:42	Aggregated; raw unit/engine identifiers excluded
12797	PT. NUSANTARA SURYA SAKTI - JAMBI	NF0	VARIO 125 STREET	RFS	Soft Booking	>150	1	Stok_per_no_mesin_dealer - 2026-08-06T080342.480.xls	HTML table / 5,239 data rows	2026-08-06 08:03:42	Aggregated; raw unit/engine identifiers excluded
13381	PT. TUNAS DWIPA MATRA - SABAK	ESL	CRF150L	RFS	Ready	0-30	2	Stok_per_no_mesin_dealer - 2026-08-06T080342.480.xls	HTML table / 5,239 data rows	2026-08-06 08:03:42	Aggregated; raw unit/engine identifiers excluded
13381	PT. TUNAS DWIPA MATRA - SABAK	ESL	CRF150L	RFS	Ready	91-120	1	Stok_per_no_mesin_dealer - 2026-08-06T080342.480.xls	HTML table / 5,239 data rows	2026-08-06 08:03:42	Aggregated; raw unit/engine identifiers excluded
13381	PT. TUNAS DWIPA MATRA - SABAK	GB4	REVO FIT	RFS	Ready	31-60	3	Stok_per_no_mesin_dealer - 2026-08-06T080342.480.xls	HTML table / 5,239 data rows	2026-08-06 08:03:42	Aggregated; raw unit/engine identifiers excluded
13381	PT. TUNAS DWIPA MATRA - SABAK	GB4	REVO FIT	RFS	Ready	61-90	3	Stok_per_no_mesin_dealer - 2026-08-06T080342.480.xls	HTML table / 5,239 data rows	2026-08-06 08:03:42	Aggregated; raw unit/engine identifiers excluded
13381	PT. TUNAS DWIPA MATRA - SABAK	GB4	REVO FIT	RFS	Soft Booking	61-90	1	Stok_per_no_mesin_dealer - 2026-08-06T080342.480.xls	HTML table / 5,239 data rows	2026-08-06 08:03:42	Aggregated; raw unit/engine identifiers excluded
13381	PT. TUNAS DWIPA MATRA - SABAK	GB4	REVO FIT	RFS	Soft Booking	91-120	1	Stok_per_no_mesin_dealer - 2026-08-06T080342.480.xls	HTML table / 5,239 data rows	2026-08-06 08:03:42	Aggregated; raw unit/engine identifiers excluded
13381	PT. TUNAS DWIPA MATRA - SABAK	GD4	REVO X	RFS	Ready	0-30	3	Stok_per_no_mesin_dealer - 2026-08-06T080342.480.xls	HTML table / 5,239 data rows	2026-08-06 08:03:42	Aggregated; raw unit/engine identifiers excluded
13381	PT. TUNAS DWIPA MATRA - SABAK	GD4	REVO X	RFS	Ready	31-60	4	Stok_per_no_mesin_dealer - 2026-08-06T080342.480.xls	HTML table / 5,239 data rows	2026-08-06 08:03:42	Aggregated; raw unit/engine identifiers excluded
13381	PT. TUNAS DWIPA MATRA - SABAK	GF5	SUPRA X 125 CW	RFS	Ready	0-30	5	Stok_per_no_mesin_dealer - 2026-08-06T080342.480.xls	HTML table / 5,239 data rows	2026-08-06 08:03:42	Aggregated; raw unit/engine identifiers excluded
13381	PT. TUNAS DWIPA MATRA - SABAK	KF0	CB150 VERZA SW	RFS	Ready	121-150	1	Stok_per_no_mesin_dealer - 2026-08-06T080342.480.xls	HTML table / 5,239 data rows	2026-08-06 08:03:42	Aggregated; raw unit/engine identifiers excluded
13381	PT. TUNAS DWIPA MATRA - SABAK	KG0	CB150 VERZA CW	RFS	Ready	31-60	1	Stok_per_no_mesin_dealer - 2026-08-06T080342.480.xls	HTML table / 5,239 data rows	2026-08-06 08:03:42	Aggregated; raw unit/engine identifiers excluded
13381	PT. TUNAS DWIPA MATRA - SABAK	LW1	VARIO 160 ABS	RFS	Ready	121-150	1	Stok_per_no_mesin_dealer - 2026-08-06T080342.480.xls	HTML table / 5,239 data rows	2026-08-06 08:03:42	Aggregated; raw unit/engine identifiers excluded
13381	PT. TUNAS DWIPA MATRA - SABAK	LY2	GENIO CBS	RFS	Ready	31-60	1	Stok_per_no_mesin_dealer - 2026-08-06T080342.480.xls	HTML table / 5,239 data rows	2026-08-06 08:03:42	Aggregated; raw unit/engine identifiers excluded
13381	PT. TUNAS DWIPA MATRA - SABAK	LZ2	GENIO CBS ISS	RFS	Ready	31-60	1	Stok_per_no_mesin_dealer - 2026-08-06T080342.480.xls	HTML table / 5,239 data rows	2026-08-06 08:03:42	Aggregated; raw unit/engine identifiers excluded
13381	PT. TUNAS DWIPA MATRA - SABAK	MF1	STYLO 160 CBS	RFS	Ready	0-30	2	Stok_per_no_mesin_dealer - 2026-08-06T080342.480.xls	HTML table / 5,239 data rows	2026-08-06 08:03:42	Aggregated; raw unit/engine identifiers excluded
13381	PT. TUNAS DWIPA MATRA - SABAK	MJ1	BEAT SPORTY CBS	RFS	Ready	0-30	1	Stok_per_no_mesin_dealer - 2026-08-06T080342.480.xls	HTML table / 5,239 data rows	2026-08-06 08:03:42	Aggregated; raw unit/engine identifiers excluded
13381	PT. TUNAS DWIPA MATRA - SABAK	MJ2	BEAT SPORTY CBS	RFS	Ready	0-30	4	Stok_per_no_mesin_dealer - 2026-08-06T080342.480.xls	HTML table / 5,239 data rows	2026-08-06 08:03:42	Aggregated; raw unit/engine identifiers excluded
13381	PT. TUNAS DWIPA MATRA - SABAK	MJ2	BEAT SPORTY CBS	RFS	Unfill	0-30	1	Stok_per_no_mesin_dealer - 2026-08-06T080342.480.xls	HTML table / 5,239 data rows	2026-08-06 08:03:42	Aggregated; raw unit/engine identifiers excluded
13381	PT. TUNAS DWIPA MATRA - SABAK	MK2	BEAT SPORTY CBS ISS	RFS	Ready	0-30	4	Stok_per_no_mesin_dealer - 2026-08-06T080342.480.xls	HTML table / 5,239 data rows	2026-08-06 08:03:42	Aggregated; raw unit/engine identifiers excluded
13381	PT. TUNAS DWIPA MATRA - SABAK	ML2	BEAT SPORTY DLX SMART KEY	RFS	Ready	0-30	3	Stok_per_no_mesin_dealer - 2026-08-06T080342.480.xls	HTML table / 5,239 data rows	2026-08-06 08:03:42	Aggregated; raw unit/engine identifiers excluded
13381	PT. TUNAS DWIPA MATRA - SABAK	ML2	BEAT SPORTY DLX SMART KEY	RFS	Soft Booking	0-30	1	Stok_per_no_mesin_dealer - 2026-08-06T080342.480.xls	HTML table / 5,239 data rows	2026-08-06 08:03:42	Aggregated; raw unit/engine identifiers excluded
13381	PT. TUNAS DWIPA MATRA - SABAK	MM2	BEAT STREET	RFS	Ready	0-30	3	Stok_per_no_mesin_dealer - 2026-08-06T080342.480.xls	HTML table / 5,239 data rows	2026-08-06 08:03:42	Aggregated; raw unit/engine identifiers excluded
13381	PT. TUNAS DWIPA MATRA - SABAK	MM2	BEAT STREET	RFS	Soft Booking	0-30	4	Stok_per_no_mesin_dealer - 2026-08-06T080342.480.xls	HTML table / 5,239 data rows	2026-08-06 08:03:42	Aggregated; raw unit/engine identifiers excluded
13381	PT. TUNAS DWIPA MATRA - SABAK	MM2	BEAT STREET	RFS	Unfill	0-30	1	Stok_per_no_mesin_dealer - 2026-08-06T080342.480.xls	HTML table / 5,239 data rows	2026-08-06 08:03:42	Aggregated; raw unit/engine identifiers excluded
13381	PT. TUNAS DWIPA MATRA - SABAK	MN0	CUV e:	RFS	Ready	91-120	1	Stok_per_no_mesin_dealer - 2026-08-06T080342.480.xls	HTML table / 5,239 data rows	2026-08-06 08:03:42	Aggregated; raw unit/engine identifiers excluded
13381	PT. TUNAS DWIPA MATRA - SABAK	MN0	CUV e:	RFS	Ready	>150	1	Stok_per_no_mesin_dealer - 2026-08-06T080342.480.xls	HTML table / 5,239 data rows	2026-08-06 08:03:42	Aggregated; raw unit/engine identifiers excluded
13381	PT. TUNAS DWIPA MATRA - SABAK	MP0	CUV e: RoadSync Duo	RFS	Ready	>150	2	Stok_per_no_mesin_dealer - 2026-08-06T080342.480.xls	HTML table / 5,239 data rows	2026-08-06 08:03:42	Aggregated; raw unit/engine identifiers excluded
13381	PT. TUNAS DWIPA MATRA - SABAK	MS1	SCOOPY PRESTIGE	RFS	Ready	0-30	1	Stok_per_no_mesin_dealer - 2026-08-06T080342.480.xls	HTML table / 5,239 data rows	2026-08-06 08:03:42	Aggregated; raw unit/engine identifiers excluded
13381	PT. TUNAS DWIPA MATRA - SABAK	MSB	SCOOPY STYLISH	RFS	Ready	0-30	1	Stok_per_no_mesin_dealer - 2026-08-06T080342.480.xls	HTML table / 5,239 data rows	2026-08-06 08:03:42	Aggregated; raw unit/engine identifiers excluded
13381	PT. TUNAS DWIPA MATRA - SABAK	MSB	SCOOPY STYLISH	RFS	Soft Booking	0-30	1	Stok_per_no_mesin_dealer - 2026-08-06T080342.480.xls	HTML table / 5,239 data rows	2026-08-06 08:03:42	Aggregated; raw unit/engine identifiers excluded
13381	PT. TUNAS DWIPA MATRA - SABAK	MT1	PCX160 CBS	RFS	Soft Booking	0-30	1	Stok_per_no_mesin_dealer - 2026-08-06T080342.480.xls	HTML table / 5,239 data rows	2026-08-06 08:03:42	Aggregated; raw unit/engine identifiers excluded
13381	PT. TUNAS DWIPA MATRA - SABAK	MT1	PCX160 CBS	RFS	Unfill	0-30	1	Stok_per_no_mesin_dealer - 2026-08-06T080342.480.xls	HTML table / 5,239 data rows	2026-08-06 08:03:42	Aggregated; raw unit/engine identifiers excluded
13381	PT. TUNAS DWIPA MATRA - SABAK	MW1	PCX160 Honda RoadSync	RFS	Soft Booking	0-30	1	Stok_per_no_mesin_dealer - 2026-08-06T080342.480.xls	HTML table / 5,239 data rows	2026-08-06 08:03:42	Aggregated; raw unit/engine identifiers excluded
13381	PT. TUNAS DWIPA MATRA - SABAK	MX0	ICON E:	RFS	Ready	>150	3	Stok_per_no_mesin_dealer - 2026-08-06T080342.480.xls	HTML table / 5,239 data rows	2026-08-06 08:03:42	Aggregated; raw unit/engine identifiers excluded
13381	PT. TUNAS DWIPA MATRA - SABAK	MYA	VARIO EVO 160 CBS	RFS	Ready	0-30	2	Stok_per_no_mesin_dealer - 2026-08-06T080342.480.xls	HTML table / 5,239 data rows	2026-08-06 08:03:42	Aggregated; raw unit/engine identifiers excluded
13381	PT. TUNAS DWIPA MATRA - SABAK	NF0	VARIO 125 STREET	RFS	Ready	0-30	1	Stok_per_no_mesin_dealer - 2026-08-06T080342.480.xls	HTML table / 5,239 data rows	2026-08-06 08:03:42	Aggregated; raw unit/engine identifiers excluded
13381	PT. TUNAS DWIPA MATRA - SABAK	NF0	VARIO 125 STREET	RFS	Ready	31-60	1	Stok_per_no_mesin_dealer - 2026-08-06T080342.480.xls	HTML table / 5,239 data rows	2026-08-06 08:03:42	Aggregated; raw unit/engine identifiers excluded
13381	PT. TUNAS DWIPA MATRA - SABAK	NF0	VARIO 125 STREET	RFS	Ready	91-120	2	Stok_per_no_mesin_dealer - 2026-08-06T080342.480.xls	HTML table / 5,239 data rows	2026-08-06 08:03:42	Aggregated; raw unit/engine identifiers excluded
13381	PT. TUNAS DWIPA MATRA - SABAK	NF0	VARIO 125 STREET	RFS	Soft Booking	91-120	1	Stok_per_no_mesin_dealer - 2026-08-06T080342.480.xls	HTML table / 5,239 data rows	2026-08-06 08:03:42	Aggregated; raw unit/engine identifiers excluded
13381.1	POS TUNAS SABAK - RANTAU RASAU	ESL	CRF150L	RFS	Ready	0-30	2	Stok_per_no_mesin_dealer - 2026-08-06T080342.480.xls	HTML table / 5,239 data rows	2026-08-06 08:03:42	Aggregated; raw unit/engine identifiers excluded
13381.1	POS TUNAS SABAK - RANTAU RASAU	ESL	CRF150L	RFS	Ready	121-150	1	Stok_per_no_mesin_dealer - 2026-08-06T080342.480.xls	HTML table / 5,239 data rows	2026-08-06 08:03:42	Aggregated; raw unit/engine identifiers excluded
13381.1	POS TUNAS SABAK - RANTAU RASAU	GB4	REVO FIT	RFS	Ready	0-30	3	Stok_per_no_mesin_dealer - 2026-08-06T080342.480.xls	HTML table / 5,239 data rows	2026-08-06 08:03:42	Aggregated; raw unit/engine identifiers excluded
13381.1	POS TUNAS SABAK - RANTAU RASAU	GB4	REVO FIT	RFS	Ready	31-60	3	Stok_per_no_mesin_dealer - 2026-08-06T080342.480.xls	HTML table / 5,239 data rows	2026-08-06 08:03:42	Aggregated; raw unit/engine identifiers excluded
13381.1	POS TUNAS SABAK - RANTAU RASAU	GB4	REVO FIT	RFS	Ready	61-90	1	Stok_per_no_mesin_dealer - 2026-08-06T080342.480.xls	HTML table / 5,239 data rows	2026-08-06 08:03:42	Aggregated; raw unit/engine identifiers excluded
13381.1	POS TUNAS SABAK - RANTAU RASAU	GD4	REVO X	RFS	Ready	0-30	2	Stok_per_no_mesin_dealer - 2026-08-06T080342.480.xls	HTML table / 5,239 data rows	2026-08-06 08:03:42	Aggregated; raw unit/engine identifiers excluded
13381.1	POS TUNAS SABAK - RANTAU RASAU	GD4	REVO X	RFS	Ready	31-60	1	Stok_per_no_mesin_dealer - 2026-08-06T080342.480.xls	HTML table / 5,239 data rows	2026-08-06 08:03:42	Aggregated; raw unit/engine identifiers excluded
13381.1	POS TUNAS SABAK - RANTAU RASAU	GD4	REVO X	RFS	Soft Booking	31-60	4	Stok_per_no_mesin_dealer - 2026-08-06T080342.480.xls	HTML table / 5,239 data rows	2026-08-06 08:03:42	Aggregated; raw unit/engine identifiers excluded
13381.1	POS TUNAS SABAK - RANTAU RASAU	GF5	SUPRA X 125 CW	RFS	Ready	0-30	4	Stok_per_no_mesin_dealer - 2026-08-06T080342.480.xls	HTML table / 5,239 data rows	2026-08-06 08:03:42	Aggregated; raw unit/engine identifiers excluded
13381.1	POS TUNAS SABAK - RANTAU RASAU	KF0	CB150 VERZA SW	RFS	Ready	31-60	1	Stok_per_no_mesin_dealer - 2026-08-06T080342.480.xls	HTML table / 5,239 data rows	2026-08-06 08:03:42	Aggregated; raw unit/engine identifiers excluded
13381.1	POS TUNAS SABAK - RANTAU RASAU	LY2	GENIO CBS	RFS	Ready	61-90	1	Stok_per_no_mesin_dealer - 2026-08-06T080342.480.xls	HTML table / 5,239 data rows	2026-08-06 08:03:42	Aggregated; raw unit/engine identifiers excluded
13381.1	POS TUNAS SABAK - RANTAU RASAU	LZ2	GENIO CBS ISS	RFS	Ready	31-60	1	Stok_per_no_mesin_dealer - 2026-08-06T080342.480.xls	HTML table / 5,239 data rows	2026-08-06 08:03:42	Aggregated; raw unit/engine identifiers excluded
13381.1	POS TUNAS SABAK - RANTAU RASAU	MF1	STYLO 160 CBS	RFS	Ready	0-30	1	Stok_per_no_mesin_dealer - 2026-08-06T080342.480.xls	HTML table / 5,239 data rows	2026-08-06 08:03:42	Aggregated; raw unit/engine identifiers excluded
13381.1	POS TUNAS SABAK - RANTAU RASAU	MJ1	BEAT SPORTY CBS	RFS	Ready	0-30	1	Stok_per_no_mesin_dealer - 2026-08-06T080342.480.xls	HTML table / 5,239 data rows	2026-08-06 08:03:42	Aggregated; raw unit/engine identifiers excluded
13381.1	POS TUNAS SABAK - RANTAU RASAU	MJ2	BEAT SPORTY CBS	RFS	Ready	0-30	2	Stok_per_no_mesin_dealer - 2026-08-06T080342.480.xls	HTML table / 5,239 data rows	2026-08-06 08:03:42	Aggregated; raw unit/engine identifiers excluded
13381.1	POS TUNAS SABAK - RANTAU RASAU	MJ2	BEAT SPORTY CBS	RFS	Soft Booking	0-30	1	Stok_per_no_mesin_dealer - 2026-08-06T080342.480.xls	HTML table / 5,239 data rows	2026-08-06 08:03:42	Aggregated; raw unit/engine identifiers excluded
13381.1	POS TUNAS SABAK - RANTAU RASAU	MK1	BEAT SPORTY CBS ISS DELUXE	RFS	Ready	91-120	1	Stok_per_no_mesin_dealer - 2026-08-06T080342.480.xls	HTML table / 5,239 data rows	2026-08-06 08:03:42	Aggregated; raw unit/engine identifiers excluded
13381.1	POS TUNAS SABAK - RANTAU RASAU	MK2	BEAT SPORTY CBS ISS	RFS	Ready	0-30	3	Stok_per_no_mesin_dealer - 2026-08-06T080342.480.xls	HTML table / 5,239 data rows	2026-08-06 08:03:42	Aggregated; raw unit/engine identifiers excluded
13381.1	POS TUNAS SABAK - RANTAU RASAU	ML2	BEAT SPORTY DLX SMART KEY	RFS	Ready	0-30	2	Stok_per_no_mesin_dealer - 2026-08-06T080342.480.xls	HTML table / 5,239 data rows	2026-08-06 08:03:42	Aggregated; raw unit/engine identifiers excluded
13381.1	POS TUNAS SABAK - RANTAU RASAU	ML2	BEAT SPORTY DLX SMART KEY	RFS	Soft Booking	0-30	1	Stok_per_no_mesin_dealer - 2026-08-06T080342.480.xls	HTML table / 5,239 data rows	2026-08-06 08:03:42	Aggregated; raw unit/engine identifiers excluded
13381.1	POS TUNAS SABAK - RANTAU RASAU	MM1	BEAT STREET	RFS	Ready	31-60	1	Stok_per_no_mesin_dealer - 2026-08-06T080342.480.xls	HTML table / 5,239 data rows	2026-08-06 08:03:42	Aggregated; raw unit/engine identifiers excluded
13381.1	POS TUNAS SABAK - RANTAU RASAU	MM2	BEAT STREET	RFS	Ready	0-30	4	Stok_per_no_mesin_dealer - 2026-08-06T080342.480.xls	HTML table / 5,239 data rows	2026-08-06 08:03:42	Aggregated; raw unit/engine identifiers excluded
13381.1	POS TUNAS SABAK - RANTAU RASAU	MM2	BEAT STREET	RFS	Soft Booking	0-30	1	Stok_per_no_mesin_dealer - 2026-08-06T080342.480.xls	HTML table / 5,239 data rows	2026-08-06 08:03:42	Aggregated; raw unit/engine identifiers excluded
13381.1	POS TUNAS SABAK - RANTAU RASAU	MS1	SCOOPY PRESTIGE	RFS	Ready	0-30	1	Stok_per_no_mesin_dealer - 2026-08-06T080342.480.xls	HTML table / 5,239 data rows	2026-08-06 08:03:42	Aggregated; raw unit/engine identifiers excluded
13381.1	POS TUNAS SABAK - RANTAU RASAU	MT1	PCX160 CBS	RFS	Ready	0-30	1	Stok_per_no_mesin_dealer - 2026-08-06T080342.480.xls	HTML table / 5,239 data rows	2026-08-06 08:03:42	Aggregated; raw unit/engine identifiers excluded
13381.1	POS TUNAS SABAK - RANTAU RASAU	MY0	VARIO EVO 160 CBS Nitro	RFS	Ready	0-30	1	Stok_per_no_mesin_dealer - 2026-08-06T080342.480.xls	HTML table / 5,239 data rows	2026-08-06 08:03:42	Aggregated; raw unit/engine identifiers excluded
13381.1	POS TUNAS SABAK - RANTAU RASAU	MYA	VARIO EVO 160 CBS	RFS	Ready	0-30	1	Stok_per_no_mesin_dealer - 2026-08-06T080342.480.xls	HTML table / 5,239 data rows	2026-08-06 08:03:42	Aggregated; raw unit/engine identifiers excluded
13381.1	POS TUNAS SABAK - RANTAU RASAU	MZ0	VARIO EVO 160 ABS	RFS	Ready	0-30	1	Stok_per_no_mesin_dealer - 2026-08-06T080342.480.xls	HTML table / 5,239 data rows	2026-08-06 08:03:42	Aggregated; raw unit/engine identifiers excluded
13381.1	POS TUNAS SABAK - RANTAU RASAU	NF0	VARIO 125 STREET	RFS	Ready	31-60	2	Stok_per_no_mesin_dealer - 2026-08-06T080342.480.xls	HTML table / 5,239 data rows	2026-08-06 08:03:42	Aggregated; raw unit/engine identifiers excluded
13381.1	POS TUNAS SABAK - RANTAU RASAU	NF0	VARIO 125 STREET	RFS	Ready	61-90	1	Stok_per_no_mesin_dealer - 2026-08-06T080342.480.xls	HTML table / 5,239 data rows	2026-08-06 08:03:42	Aggregated; raw unit/engine identifiers excluded
13381.1	POS TUNAS SABAK - RANTAU RASAU	NF0	VARIO 125 STREET	RFS	Ready	91-120	1	Stok_per_no_mesin_dealer - 2026-08-06T080342.480.xls	HTML table / 5,239 data rows	2026-08-06 08:03:42	Aggregated; raw unit/engine identifiers excluded
13382	PT. PATRIA ANUGRAH SENTOSA - SRLG	ESK	CRF150L	RFS	Soft Booking	31-60	1	Stok_per_no_mesin_dealer - 2026-08-06T080342.480.xls	HTML table / 5,239 data rows	2026-08-06 08:03:42	Aggregated; raw unit/engine identifiers excluded
13382	PT. PATRIA ANUGRAH SENTOSA - SRLG	ESL	CRF150L	RFS	Unfill	0-30	3	Stok_per_no_mesin_dealer - 2026-08-06T080342.480.xls	HTML table / 5,239 data rows	2026-08-06 08:03:42	Aggregated; raw unit/engine identifiers excluded
13382	PT. PATRIA ANUGRAH SENTOSA - SRLG	GB4	REVO FIT	RFS	Soft Booking	0-30	2	Stok_per_no_mesin_dealer - 2026-08-06T080342.480.xls	HTML table / 5,239 data rows	2026-08-06 08:03:42	Aggregated; raw unit/engine identifiers excluded
13382	PT. PATRIA ANUGRAH SENTOSA - SRLG	GB4	REVO FIT	RFS	Soft Booking	31-60	3	Stok_per_no_mesin_dealer - 2026-08-06T080342.480.xls	HTML table / 5,239 data rows	2026-08-06 08:03:42	Aggregated; raw unit/engine identifiers excluded
13382	PT. PATRIA ANUGRAH SENTOSA - SRLG	GB4	REVO FIT	RFS	Unfill	0-30	3	Stok_per_no_mesin_dealer - 2026-08-06T080342.480.xls	HTML table / 5,239 data rows	2026-08-06 08:03:42	Aggregated; raw unit/engine identifiers excluded
13382	PT. PATRIA ANUGRAH SENTOSA - SRLG	GD4	REVO X	RFS	Unfill	0-30	5	Stok_per_no_mesin_dealer - 2026-08-06T080342.480.xls	HTML table / 5,239 data rows	2026-08-06 08:03:42	Aggregated; raw unit/engine identifiers excluded
13382	PT. PATRIA ANUGRAH SENTOSA - SRLG	GF5	SUPRA X 125 CW	RFS	Ready	0-30	1	Stok_per_no_mesin_dealer - 2026-08-06T080342.480.xls	HTML table / 5,239 data rows	2026-08-06 08:03:42	Aggregated; raw unit/engine identifiers excluded
13382	PT. PATRIA ANUGRAH SENTOSA - SRLG	GF5	SUPRA X 125 CW	RFS	Ready	31-60	5	Stok_per_no_mesin_dealer - 2026-08-06T080342.480.xls	HTML table / 5,239 data rows	2026-08-06 08:03:42	Aggregated; raw unit/engine identifiers excluded
13382	PT. PATRIA ANUGRAH SENTOSA - SRLG	GF5	SUPRA X 125 CW	RFS	Soft Booking	61-90	3	Stok_per_no_mesin_dealer - 2026-08-06T080342.480.xls	HTML table / 5,239 data rows	2026-08-06 08:03:42	Aggregated; raw unit/engine identifiers excluded
13382	PT. PATRIA ANUGRAH SENTOSA - SRLG	HJ9	NEW SUPRA GTR150 SPORTY	RFS	Unfill	0-30	1	Stok_per_no_mesin_dealer - 2026-08-06T080342.480.xls	HTML table / 5,239 data rows	2026-08-06 08:03:42	Aggregated; raw unit/engine identifiers excluded
13382	PT. PATRIA ANUGRAH SENTOSA - SRLG	HJK	NEW SUPRA GTR150	RFS	Ready	31-60	1	Stok_per_no_mesin_dealer - 2026-08-06T080342.480.xls	HTML table / 5,239 data rows	2026-08-06 08:03:42	Aggregated; raw unit/engine identifiers excluded
13382	PT. PATRIA ANUGRAH SENTOSA - SRLG	KEA	CBR 150R ABS	RFS	Ready	61-90	1	Stok_per_no_mesin_dealer - 2026-08-06T080342.480.xls	HTML table / 5,239 data rows	2026-08-06 08:03:42	Aggregated; raw unit/engine identifiers excluded
13382	PT. PATRIA ANUGRAH SENTOSA - SRLG	KF0	CB150 VERZA SW	RFS	Soft Booking	>150	1	Stok_per_no_mesin_dealer - 2026-08-06T080342.480.xls	HTML table / 5,239 data rows	2026-08-06 08:03:42	Aggregated; raw unit/engine identifiers excluded
13382	PT. PATRIA ANUGRAH SENTOSA - SRLG	KG0	CB150 VERZA CW	RFS	Ready	31-60	1	Stok_per_no_mesin_dealer - 2026-08-06T080342.480.xls	HTML table / 5,239 data rows	2026-08-06 08:03:42	Aggregated; raw unit/engine identifiers excluded
13382	PT. PATRIA ANUGRAH SENTOSA - SRLG	KG0	CB150 VERZA CW	RFS	Ready	61-90	1	Stok_per_no_mesin_dealer - 2026-08-06T080342.480.xls	HTML table / 5,239 data rows	2026-08-06 08:03:42	Aggregated; raw unit/engine identifiers excluded
13382	PT. PATRIA ANUGRAH SENTOSA - SRLG	LZ2	GENIO CBS ISS	RFS	Ready	31-60	1	Stok_per_no_mesin_dealer - 2026-08-06T080342.480.xls	HTML table / 5,239 data rows	2026-08-06 08:03:42	Aggregated; raw unit/engine identifiers excluded
13382	PT. PATRIA ANUGRAH SENTOSA - SRLG	MG1	STYLO 160 ABS	RFS	Unfill	0-30	1	Stok_per_no_mesin_dealer - 2026-08-06T080342.480.xls	HTML table / 5,239 data rows	2026-08-06 08:03:42	Aggregated; raw unit/engine identifiers excluded
13382	PT. PATRIA ANUGRAH SENTOSA - SRLG	MGA	STYLO 160 ABS SPECIAL	RFS	Unfill	0-30	1	Stok_per_no_mesin_dealer - 2026-08-06T080342.480.xls	HTML table / 5,239 data rows	2026-08-06 08:03:42	Aggregated; raw unit/engine identifiers excluded
13382	PT. PATRIA ANUGRAH SENTOSA - SRLG	MJ1	BEAT SPORTY CBS	RFS	Ready	31-60	1	Stok_per_no_mesin_dealer - 2026-08-06T080342.480.xls	HTML table / 5,239 data rows	2026-08-06 08:03:42	Aggregated; raw unit/engine identifiers excluded
13382	PT. PATRIA ANUGRAH SENTOSA - SRLG	MJ1	BEAT SPORTY CBS	RFS	Ready	61-90	1	Stok_per_no_mesin_dealer - 2026-08-06T080342.480.xls	HTML table / 5,239 data rows	2026-08-06 08:03:42	Aggregated; raw unit/engine identifiers excluded
13382	PT. PATRIA ANUGRAH SENTOSA - SRLG	MJ1	BEAT SPORTY CBS	RFS	Soft Booking	31-60	1	Stok_per_no_mesin_dealer - 2026-08-06T080342.480.xls	HTML table / 5,239 data rows	2026-08-06 08:03:42	Aggregated; raw unit/engine identifiers excluded
13382	PT. PATRIA ANUGRAH SENTOSA - SRLG	MJ2	BEAT SPORTY CBS	RFS	Unfill	0-30	4	Stok_per_no_mesin_dealer - 2026-08-06T080342.480.xls	HTML table / 5,239 data rows	2026-08-06 08:03:42	Aggregated; raw unit/engine identifiers excluded
13382	PT. PATRIA ANUGRAH SENTOSA - SRLG	MK1	BEAT SPORTY CBS ISS DELUXE	RFS	Ready	0-30	2	Stok_per_no_mesin_dealer - 2026-08-06T080342.480.xls	HTML table / 5,239 data rows	2026-08-06 08:03:42	Aggregated; raw unit/engine identifiers excluded
13382	PT. PATRIA ANUGRAH SENTOSA - SRLG	MK2	BEAT SPORTY CBS ISS	RFS	Ready	0-30	5	Stok_per_no_mesin_dealer - 2026-08-06T080342.480.xls	HTML table / 5,239 data rows	2026-08-06 08:03:42	Aggregated; raw unit/engine identifiers excluded
13382	PT. PATRIA ANUGRAH SENTOSA - SRLG	MK2	BEAT SPORTY CBS ISS	RFS	Ready	31-60	1	Stok_per_no_mesin_dealer - 2026-08-06T080342.480.xls	HTML table / 5,239 data rows	2026-08-06 08:03:42	Aggregated; raw unit/engine identifiers excluded
13382	PT. PATRIA ANUGRAH SENTOSA - SRLG	MK2	BEAT SPORTY CBS ISS	RFS	Soft Booking	0-30	1	Stok_per_no_mesin_dealer - 2026-08-06T080342.480.xls	HTML table / 5,239 data rows	2026-08-06 08:03:42	Aggregated; raw unit/engine identifiers excluded
13382	PT. PATRIA ANUGRAH SENTOSA - SRLG	MK2	BEAT SPORTY CBS ISS	RFS	Unfill	0-30	2	Stok_per_no_mesin_dealer - 2026-08-06T080342.480.xls	HTML table / 5,239 data rows	2026-08-06 08:03:42	Aggregated; raw unit/engine identifiers excluded
13382	PT. PATRIA ANUGRAH SENTOSA - SRLG	ML2	BEAT SPORTY DLX SMART KEY	RFS	Ready	0-30	5	Stok_per_no_mesin_dealer - 2026-08-06T080342.480.xls	HTML table / 5,239 data rows	2026-08-06 08:03:42	Aggregated; raw unit/engine identifiers excluded
13382	PT. PATRIA ANUGRAH SENTOSA - SRLG	ML2	BEAT SPORTY DLX SMART KEY	RFS	Ready	31-60	1	Stok_per_no_mesin_dealer - 2026-08-06T080342.480.xls	HTML table / 5,239 data rows	2026-08-06 08:03:42	Aggregated; raw unit/engine identifiers excluded
13382	PT. PATRIA ANUGRAH SENTOSA - SRLG	ML2	BEAT SPORTY DLX SMART KEY	RFS	Unfill	0-30	5	Stok_per_no_mesin_dealer - 2026-08-06T080342.480.xls	HTML table / 5,239 data rows	2026-08-06 08:03:42	Aggregated; raw unit/engine identifiers excluded
13382	PT. PATRIA ANUGRAH SENTOSA - SRLG	MM1	BEAT STREET	RFS	Ready	31-60	1	Stok_per_no_mesin_dealer - 2026-08-06T080342.480.xls	HTML table / 5,239 data rows	2026-08-06 08:03:42	Aggregated; raw unit/engine identifiers excluded
13382	PT. PATRIA ANUGRAH SENTOSA - SRLG	MM2	BEAT STREET	RFS	Ready	0-30	4	Stok_per_no_mesin_dealer - 2026-08-06T080342.480.xls	HTML table / 5,239 data rows	2026-08-06 08:03:42	Aggregated; raw unit/engine identifiers excluded
13382	PT. PATRIA ANUGRAH SENTOSA - SRLG	MM2	BEAT STREET	RFS	Soft Booking	0-30	1	Stok_per_no_mesin_dealer - 2026-08-06T080342.480.xls	HTML table / 5,239 data rows	2026-08-06 08:03:42	Aggregated; raw unit/engine identifiers excluded
13382	PT. PATRIA ANUGRAH SENTOSA - SRLG	MM2	BEAT STREET	RFS	Unfill	0-30	2	Stok_per_no_mesin_dealer - 2026-08-06T080342.480.xls	HTML table / 5,239 data rows	2026-08-06 08:03:42	Aggregated; raw unit/engine identifiers excluded
13382	PT. PATRIA ANUGRAH SENTOSA - SRLG	MN0	CUV e:	RFS	Ready	>150	1	Stok_per_no_mesin_dealer - 2026-08-06T080342.480.xls	HTML table / 5,239 data rows	2026-08-06 08:03:42	Aggregated; raw unit/engine identifiers excluded
13382	PT. PATRIA ANUGRAH SENTOSA - SRLG	MRB	SCOOPY FASHION	RFS	Unfill	0-30	2	Stok_per_no_mesin_dealer - 2026-08-06T080342.480.xls	HTML table / 5,239 data rows	2026-08-06 08:03:42	Aggregated; raw unit/engine identifiers excluded
13382	PT. PATRIA ANUGRAH SENTOSA - SRLG	MS1	SCOOPY PRESTIGE	RFS	Soft Booking	61-90	1	Stok_per_no_mesin_dealer - 2026-08-06T080342.480.xls	HTML table / 5,239 data rows	2026-08-06 08:03:42	Aggregated; raw unit/engine identifiers excluded
13382	PT. PATRIA ANUGRAH SENTOSA - SRLG	MS1	SCOOPY PRESTIGE	RFS	Unfill	0-30	6	Stok_per_no_mesin_dealer - 2026-08-06T080342.480.xls	HTML table / 5,239 data rows	2026-08-06 08:03:42	Aggregated; raw unit/engine identifiers excluded
13382	PT. PATRIA ANUGRAH SENTOSA - SRLG	MSB	SCOOPY STYLISH	RFS	Unfill	0-30	1	Stok_per_no_mesin_dealer - 2026-08-06T080342.480.xls	HTML table / 5,239 data rows	2026-08-06 08:03:42	Aggregated; raw unit/engine identifiers excluded
13382	PT. PATRIA ANUGRAH SENTOSA - SRLG	MT1	PCX160 CBS	RFS	Unfill	0-30	3	Stok_per_no_mesin_dealer - 2026-08-06T080342.480.xls	HTML table / 5,239 data rows	2026-08-06 08:03:42	Aggregated; raw unit/engine identifiers excluded
13382	PT. PATRIA ANUGRAH SENTOSA - SRLG	MV1	PCX160 ABS	RFS	Ready	0-30	1	Stok_per_no_mesin_dealer - 2026-08-06T080342.480.xls	HTML table / 5,239 data rows	2026-08-06 08:03:42	Aggregated; raw unit/engine identifiers excluded
13382	PT. PATRIA ANUGRAH SENTOSA - SRLG	MV1	PCX160 ABS	RFS	Soft Booking	0-30	1	Stok_per_no_mesin_dealer - 2026-08-06T080342.480.xls	HTML table / 5,239 data rows	2026-08-06 08:03:42	Aggregated; raw unit/engine identifiers excluded
13382	PT. PATRIA ANUGRAH SENTOSA - SRLG	MW1	PCX160 Honda RoadSync	RFS	Soft Booking	0-30	1	Stok_per_no_mesin_dealer - 2026-08-06T080342.480.xls	HTML table / 5,239 data rows	2026-08-06 08:03:42	Aggregated; raw unit/engine identifiers excluded
13382	PT. PATRIA ANUGRAH SENTOSA - SRLG	MW1	PCX160 Honda RoadSync	RFS	Unfill	0-30	1	Stok_per_no_mesin_dealer - 2026-08-06T080342.480.xls	HTML table / 5,239 data rows	2026-08-06 08:03:42	Aggregated; raw unit/engine identifiers excluded
13382	PT. PATRIA ANUGRAH SENTOSA - SRLG	MX0	ICON E:	RFS	Soft Booking	>150	1	Stok_per_no_mesin_dealer - 2026-08-06T080342.480.xls	HTML table / 5,239 data rows	2026-08-06 08:03:42	Aggregated; raw unit/engine identifiers excluded
13382	PT. PATRIA ANUGRAH SENTOSA - SRLG	MY0	VARIO EVO 160 CBS Nitro	RFS	Ready	0-30	1	Stok_per_no_mesin_dealer - 2026-08-06T080342.480.xls	HTML table / 5,239 data rows	2026-08-06 08:03:42	Aggregated; raw unit/engine identifiers excluded
13382	PT. PATRIA ANUGRAH SENTOSA - SRLG	MYA	VARIO EVO 160 CBS	RFS	Unfill	0-30	1	Stok_per_no_mesin_dealer - 2026-08-06T080342.480.xls	HTML table / 5,239 data rows	2026-08-06 08:03:42	Aggregated; raw unit/engine identifiers excluded
13382	PT. PATRIA ANUGRAH SENTOSA - SRLG	MZ0	VARIO EVO 160 ABS	RFS	Ready	0-30	1	Stok_per_no_mesin_dealer - 2026-08-06T080342.480.xls	HTML table / 5,239 data rows	2026-08-06 08:03:42	Aggregated; raw unit/engine identifiers excluded
13382	PT. PATRIA ANUGRAH SENTOSA - SRLG	NB0	ADV160 ABS	RFS	Ready	0-30	1	Stok_per_no_mesin_dealer - 2026-08-06T080342.480.xls	HTML table / 5,239 data rows	2026-08-06 08:03:42	Aggregated; raw unit/engine identifiers excluded
13382	PT. PATRIA ANUGRAH SENTOSA - SRLG	NC0	ADV160 RoadSync	RFS	Unfill	0-30	1	Stok_per_no_mesin_dealer - 2026-08-06T080342.480.xls	HTML table / 5,239 data rows	2026-08-06 08:03:42	Aggregated; raw unit/engine identifiers excluded
13382	PT. PATRIA ANUGRAH SENTOSA - SRLG	ND0	VARIO 125 CBS	RFS	Unfill	0-30	1	Stok_per_no_mesin_dealer - 2026-08-06T080342.480.xls	HTML table / 5,239 data rows	2026-08-06 08:03:42	Aggregated; raw unit/engine identifiers excluded
13382	PT. PATRIA ANUGRAH SENTOSA - SRLG	NE0	VARIO 125 CBS ISS	RFS	Soft Booking	0-30	1	Stok_per_no_mesin_dealer - 2026-08-06T080342.480.xls	HTML table / 5,239 data rows	2026-08-06 08:03:42	Aggregated; raw unit/engine identifiers excluded
13382	PT. PATRIA ANUGRAH SENTOSA - SRLG	NE0	VARIO 125 CBS ISS	RFS	Unfill	0-30	1	Stok_per_no_mesin_dealer - 2026-08-06T080342.480.xls	HTML table / 5,239 data rows	2026-08-06 08:03:42	Aggregated; raw unit/engine identifiers excluded
13382	PT. PATRIA ANUGRAH SENTOSA - SRLG	NF0	VARIO 125 STREET	RFS	Ready	0-30	1	Stok_per_no_mesin_dealer - 2026-08-06T080342.480.xls	HTML table / 5,239 data rows	2026-08-06 08:03:42	Aggregated; raw unit/engine identifiers excluded
13382	PT. PATRIA ANUGRAH SENTOSA - SRLG	NF0	VARIO 125 STREET	RFS	Ready	31-60	2	Stok_per_no_mesin_dealer - 2026-08-06T080342.480.xls	HTML table / 5,239 data rows	2026-08-06 08:03:42	Aggregated; raw unit/engine identifiers excluded
13382	PT. PATRIA ANUGRAH SENTOSA - SRLG	NF0	VARIO 125 STREET	RFS	Ready	61-90	1	Stok_per_no_mesin_dealer - 2026-08-06T080342.480.xls	HTML table / 5,239 data rows	2026-08-06 08:03:42	Aggregated; raw unit/engine identifiers excluded
13382	PT. PATRIA ANUGRAH SENTOSA - SRLG	NF0	VARIO 125 STREET	RFS	Soft Booking	31-60	2	Stok_per_no_mesin_dealer - 2026-08-06T080342.480.xls	HTML table / 5,239 data rows	2026-08-06 08:03:42	Aggregated; raw unit/engine identifiers excluded
13382.1	POS PATRIA - PAUH	ESK	CRF150L	RFS	Unfill	0-30	1	Stok_per_no_mesin_dealer - 2026-08-06T080342.480.xls	HTML table / 5,239 data rows	2026-08-06 08:03:42	Aggregated; raw unit/engine identifiers excluded
13382.1	POS PATRIA - PAUH	ESL	CRF150L	RFS	Soft Booking	0-30	1	Stok_per_no_mesin_dealer - 2026-08-06T080342.480.xls	HTML table / 5,239 data rows	2026-08-06 08:03:42	Aggregated; raw unit/engine identifiers excluded
13382.1	POS PATRIA - PAUH	ESL	CRF150L	RFS	Unfill	0-30	1	Stok_per_no_mesin_dealer - 2026-08-06T080342.480.xls	HTML table / 5,239 data rows	2026-08-06 08:03:42	Aggregated; raw unit/engine identifiers excluded
13382.1	POS PATRIA - PAUH	GB4	REVO FIT	RFS	Ready	0-30	4	Stok_per_no_mesin_dealer - 2026-08-06T080342.480.xls	HTML table / 5,239 data rows	2026-08-06 08:03:42	Aggregated; raw unit/engine identifiers excluded
13382.1	POS PATRIA - PAUH	GB4	REVO FIT	RFS	Soft Booking	61-90	1	Stok_per_no_mesin_dealer - 2026-08-06T080342.480.xls	HTML table / 5,239 data rows	2026-08-06 08:03:42	Aggregated; raw unit/engine identifiers excluded
13382.1	POS PATRIA - PAUH	GB4	REVO FIT	RFS	Unfill	0-30	2	Stok_per_no_mesin_dealer - 2026-08-06T080342.480.xls	HTML table / 5,239 data rows	2026-08-06 08:03:42	Aggregated; raw unit/engine identifiers excluded
13382.1	POS PATRIA - PAUH	GD4	REVO X	RFS	Soft Booking	0-30	1	Stok_per_no_mesin_dealer - 2026-08-06T080342.480.xls	HTML table / 5,239 data rows	2026-08-06 08:03:42	Aggregated; raw unit/engine identifiers excluded
13382.1	POS PATRIA - PAUH	GD4	REVO X	RFS	Unfill	0-30	5	Stok_per_no_mesin_dealer - 2026-08-06T080342.480.xls	HTML table / 5,239 data rows	2026-08-06 08:03:42	Aggregated; raw unit/engine identifiers excluded
13382.1	POS PATRIA - PAUH	GF5	SUPRA X 125 CW	RFS	Ready	0-30	2	Stok_per_no_mesin_dealer - 2026-08-06T080342.480.xls	HTML table / 5,239 data rows	2026-08-06 08:03:42	Aggregated; raw unit/engine identifiers excluded
13382.1	POS PATRIA - PAUH	GF5	SUPRA X 125 CW	RFS	Ready	31-60	1	Stok_per_no_mesin_dealer - 2026-08-06T080342.480.xls	HTML table / 5,239 data rows	2026-08-06 08:03:42	Aggregated; raw unit/engine identifiers excluded
13382.1	POS PATRIA - PAUH	GF5	SUPRA X 125 CW	RFS	Soft Booking	31-60	1	Stok_per_no_mesin_dealer - 2026-08-06T080342.480.xls	HTML table / 5,239 data rows	2026-08-06 08:03:42	Aggregated; raw unit/engine identifiers excluded
13382.1	POS PATRIA - PAUH	GF5	SUPRA X 125 CW	RFS	Unfill	0-30	1	Stok_per_no_mesin_dealer - 2026-08-06T080342.480.xls	HTML table / 5,239 data rows	2026-08-06 08:03:42	Aggregated; raw unit/engine identifiers excluded
13382.1	POS PATRIA - PAUH	HJK	NEW SUPRA GTR150	RFS	Ready	31-60	1	Stok_per_no_mesin_dealer - 2026-08-06T080342.480.xls	HTML table / 5,239 data rows	2026-08-06 08:03:42	Aggregated; raw unit/engine identifiers excluded
13382.1	POS PATRIA - PAUH	LY2	GENIO CBS	RFS	Ready	91-120	1	Stok_per_no_mesin_dealer - 2026-08-06T080342.480.xls	HTML table / 5,239 data rows	2026-08-06 08:03:42	Aggregated; raw unit/engine identifiers excluded
13382.1	POS PATRIA - PAUH	LZ2	GENIO CBS ISS	RFS	Ready	61-90	1	Stok_per_no_mesin_dealer - 2026-08-06T080342.480.xls	HTML table / 5,239 data rows	2026-08-06 08:03:42	Aggregated; raw unit/engine identifiers excluded
13382.1	POS PATRIA - PAUH	MGA	STYLO 160 ABS SPECIAL	RFS	Unfill	0-30	1	Stok_per_no_mesin_dealer - 2026-08-06T080342.480.xls	HTML table / 5,239 data rows	2026-08-06 08:03:42	Aggregated; raw unit/engine identifiers excluded
13382.1	POS PATRIA - PAUH	MJ1	BEAT SPORTY CBS	RFS	Ready	31-60	1	Stok_per_no_mesin_dealer - 2026-08-06T080342.480.xls	HTML table / 5,239 data rows	2026-08-06 08:03:42	Aggregated; raw unit/engine identifiers excluded
13382.1	POS PATRIA - PAUH	MJ1	BEAT SPORTY CBS	RFS	Ready	61-90	1	Stok_per_no_mesin_dealer - 2026-08-06T080342.480.xls	HTML table / 5,239 data rows	2026-08-06 08:03:42	Aggregated; raw unit/engine identifiers excluded
13382.1	POS PATRIA - PAUH	MJ1	BEAT SPORTY CBS	RFS	Soft Booking	31-60	2	Stok_per_no_mesin_dealer - 2026-08-06T080342.480.xls	HTML table / 5,239 data rows	2026-08-06 08:03:42	Aggregated; raw unit/engine identifiers excluded
13382.1	POS PATRIA - PAUH	MJ2	BEAT SPORTY CBS	RFS	Ready	0-30	3	Stok_per_no_mesin_dealer - 2026-08-06T080342.480.xls	HTML table / 5,239 data rows	2026-08-06 08:03:42	Aggregated; raw unit/engine identifiers excluded
13382.1	POS PATRIA - PAUH	MJ2	BEAT SPORTY CBS	RFS	Unfill	0-30	1	Stok_per_no_mesin_dealer - 2026-08-06T080342.480.xls	HTML table / 5,239 data rows	2026-08-06 08:03:42	Aggregated; raw unit/engine identifiers excluded
13382.1	POS PATRIA - PAUH	MK1	BEAT SPORTY CBS ISS DELUXE	RFS	Soft Booking	61-90	1	Stok_per_no_mesin_dealer - 2026-08-06T080342.480.xls	HTML table / 5,239 data rows	2026-08-06 08:03:42	Aggregated; raw unit/engine identifiers excluded
13382.1	POS PATRIA - PAUH	MK2	BEAT SPORTY CBS ISS	RFS	Ready	0-30	3	Stok_per_no_mesin_dealer - 2026-08-06T080342.480.xls	HTML table / 5,239 data rows	2026-08-06 08:03:42	Aggregated; raw unit/engine identifiers excluded
13382.1	POS PATRIA - PAUH	MK2	BEAT SPORTY CBS ISS	RFS	Soft Booking	0-30	2	Stok_per_no_mesin_dealer - 2026-08-06T080342.480.xls	HTML table / 5,239 data rows	2026-08-06 08:03:42	Aggregated; raw unit/engine identifiers excluded
13382.1	POS PATRIA - PAUH	MK2	BEAT SPORTY CBS ISS	RFS	Unfill	0-30	2	Stok_per_no_mesin_dealer - 2026-08-06T080342.480.xls	HTML table / 5,239 data rows	2026-08-06 08:03:42	Aggregated; raw unit/engine identifiers excluded
13382.1	POS PATRIA - PAUH	ML2	BEAT SPORTY DLX SMART KEY	RFS	Ready	0-30	4	Stok_per_no_mesin_dealer - 2026-08-06T080342.480.xls	HTML table / 5,239 data rows	2026-08-06 08:03:42	Aggregated; raw unit/engine identifiers excluded
13382.1	POS PATRIA - PAUH	ML2	BEAT SPORTY DLX SMART KEY	RFS	Ready	31-60	1	Stok_per_no_mesin_dealer - 2026-08-06T080342.480.xls	HTML table / 5,239 data rows	2026-08-06 08:03:42	Aggregated; raw unit/engine identifiers excluded
13382.1	POS PATRIA - PAUH	ML2	BEAT SPORTY DLX SMART KEY	RFS	Soft Booking	0-30	1	Stok_per_no_mesin_dealer - 2026-08-06T080342.480.xls	HTML table / 5,239 data rows	2026-08-06 08:03:42	Aggregated; raw unit/engine identifiers excluded
13382.1	POS PATRIA - PAUH	ML2	BEAT SPORTY DLX SMART KEY	RFS	Soft Booking	31-60	1	Stok_per_no_mesin_dealer - 2026-08-06T080342.480.xls	HTML table / 5,239 data rows	2026-08-06 08:03:42	Aggregated; raw unit/engine identifiers excluded
13382.1	POS PATRIA - PAUH	ML2	BEAT SPORTY DLX SMART KEY	RFS	Unfill	0-30	2	Stok_per_no_mesin_dealer - 2026-08-06T080342.480.xls	HTML table / 5,239 data rows	2026-08-06 08:03:42	Aggregated; raw unit/engine identifiers excluded
13382.1	POS PATRIA - PAUH	MM2	BEAT STREET	RFS	Ready	0-30	2	Stok_per_no_mesin_dealer - 2026-08-06T080342.480.xls	HTML table / 5,239 data rows	2026-08-06 08:03:42	Aggregated; raw unit/engine identifiers excluded
13382.1	POS PATRIA - PAUH	MM2	BEAT STREET	RFS	Soft Booking	0-30	5	Stok_per_no_mesin_dealer - 2026-08-06T080342.480.xls	HTML table / 5,239 data rows	2026-08-06 08:03:42	Aggregated; raw unit/engine identifiers excluded
13382.1	POS PATRIA - PAUH	MM2	BEAT STREET	RFS	Unfill	0-30	4	Stok_per_no_mesin_dealer - 2026-08-06T080342.480.xls	HTML table / 5,239 data rows	2026-08-06 08:03:42	Aggregated; raw unit/engine identifiers excluded
13382.1	POS PATRIA - PAUH	MRB	SCOOPY FASHION	RFS	Ready	0-30	1	Stok_per_no_mesin_dealer - 2026-08-06T080342.480.xls	HTML table / 5,239 data rows	2026-08-06 08:03:42	Aggregated; raw unit/engine identifiers excluded
13382.1	POS PATRIA - PAUH	MS1	SCOOPY PRESTIGE	RFS	Ready	31-60	1	Stok_per_no_mesin_dealer - 2026-08-06T080342.480.xls	HTML table / 5,239 data rows	2026-08-06 08:03:42	Aggregated; raw unit/engine identifiers excluded
13382.1	POS PATRIA - PAUH	MS1	SCOOPY PRESTIGE	RFS	Soft Booking	0-30	1	Stok_per_no_mesin_dealer - 2026-08-06T080342.480.xls	HTML table / 5,239 data rows	2026-08-06 08:03:42	Aggregated; raw unit/engine identifiers excluded
13382.1	POS PATRIA - PAUH	MS1	SCOOPY PRESTIGE	RFS	Soft Booking	61-90	1	Stok_per_no_mesin_dealer - 2026-08-06T080342.480.xls	HTML table / 5,239 data rows	2026-08-06 08:03:42	Aggregated; raw unit/engine identifiers excluded
13382.1	POS PATRIA - PAUH	MS1	SCOOPY PRESTIGE	RFS	Unfill	0-30	4	Stok_per_no_mesin_dealer - 2026-08-06T080342.480.xls	HTML table / 5,239 data rows	2026-08-06 08:03:42	Aggregated; raw unit/engine identifiers excluded
13382.1	POS PATRIA - PAUH	MSB	SCOOPY STYLISH	RFS	Unfill	0-30	1	Stok_per_no_mesin_dealer - 2026-08-06T080342.480.xls	HTML table / 5,239 data rows	2026-08-06 08:03:42	Aggregated; raw unit/engine identifiers excluded
13382.1	POS PATRIA - PAUH	MT1	PCX160 CBS	RFS	Soft Booking	0-30	1	Stok_per_no_mesin_dealer - 2026-08-06T080342.480.xls	HTML table / 5,239 data rows	2026-08-06 08:03:42	Aggregated; raw unit/engine identifiers excluded
13382.1	POS PATRIA - PAUH	MT1	PCX160 CBS	RFS	Unfill	0-30	1	Stok_per_no_mesin_dealer - 2026-08-06T080342.480.xls	HTML table / 5,239 data rows	2026-08-06 08:03:42	Aggregated; raw unit/engine identifiers excluded
13382.1	POS PATRIA - PAUH	MV1	PCX160 ABS	RFS	Ready	0-30	1	Stok_per_no_mesin_dealer - 2026-08-06T080342.480.xls	HTML table / 5,239 data rows	2026-08-06 08:03:42	Aggregated; raw unit/engine identifiers excluded
13382.1	POS PATRIA - PAUH	MW1	PCX160 Honda RoadSync	RFS	Unfill	0-30	1	Stok_per_no_mesin_dealer - 2026-08-06T080342.480.xls	HTML table / 5,239 data rows	2026-08-06 08:03:42	Aggregated; raw unit/engine identifiers excluded
13382.1	POS PATRIA - PAUH	MY0	VARIO EVO 160 CBS Nitro	RFS	Ready	0-30	1	Stok_per_no_mesin_dealer - 2026-08-06T080342.480.xls	HTML table / 5,239 data rows	2026-08-06 08:03:42	Aggregated; raw unit/engine identifiers excluded
13382.1	POS PATRIA - PAUH	MZ0	VARIO EVO 160 ABS	RFS	Ready	0-30	1	Stok_per_no_mesin_dealer - 2026-08-06T080342.480.xls	HTML table / 5,239 data rows	2026-08-06 08:03:42	Aggregated; raw unit/engine identifiers excluded
13382.1	POS PATRIA - PAUH	ND0	VARIO 125 CBS	RFS	Ready	0-30	1	Stok_per_no_mesin_dealer - 2026-08-06T080342.480.xls	HTML table / 5,239 data rows	2026-08-06 08:03:42	Aggregated; raw unit/engine identifiers excluded
13382.1	POS PATRIA - PAUH	NE0	VARIO 125 CBS ISS	RFS	Ready	0-30	1	Stok_per_no_mesin_dealer - 2026-08-06T080342.480.xls	HTML table / 5,239 data rows	2026-08-06 08:03:42	Aggregated; raw unit/engine identifiers excluded
13382.1	POS PATRIA - PAUH	NE0	VARIO 125 CBS ISS	RFS	Unfill	0-30	1	Stok_per_no_mesin_dealer - 2026-08-06T080342.480.xls	HTML table / 5,239 data rows	2026-08-06 08:03:42	Aggregated; raw unit/engine identifiers excluded
13382.1	POS PATRIA - PAUH	NF0	VARIO 125 STREET	RFS	Ready	31-60	1	Stok_per_no_mesin_dealer - 2026-08-06T080342.480.xls	HTML table / 5,239 data rows	2026-08-06 08:03:42	Aggregated; raw unit/engine identifiers excluded
13382.1	POS PATRIA - PAUH	NF0	VARIO 125 STREET	RFS	Ready	61-90	1	Stok_per_no_mesin_dealer - 2026-08-06T080342.480.xls	HTML table / 5,239 data rows	2026-08-06 08:03:42	Aggregated; raw unit/engine identifiers excluded
13382.1	POS PATRIA - PAUH	NF0	VARIO 125 STREET	RFS	Ready	91-120	1	Stok_per_no_mesin_dealer - 2026-08-06T080342.480.xls	HTML table / 5,239 data rows	2026-08-06 08:03:42	Aggregated; raw unit/engine identifiers excluded
13382.2	POS PATRIA - BUNGO	ESK	CRF150L	RFS	Soft Booking	61-90	1	Stok_per_no_mesin_dealer - 2026-08-06T080342.480.xls	HTML table / 5,239 data rows	2026-08-06 08:03:42	Aggregated; raw unit/engine identifiers excluded
13382.2	POS PATRIA - BUNGO	ESL	CRF150L	RFS	Intransit	0-30	1	Stok_per_no_mesin_dealer - 2026-08-06T080342.480.xls	HTML table / 5,239 data rows	2026-08-06 08:03:42	Aggregated; raw unit/engine identifiers excluded
13382.2	POS PATRIA - BUNGO	GB4	REVO FIT	RFS	Ready	0-30	4	Stok_per_no_mesin_dealer - 2026-08-06T080342.480.xls	HTML table / 5,239 data rows	2026-08-06 08:03:42	Aggregated; raw unit/engine identifiers excluded
13382.2	POS PATRIA - BUNGO	GB4	REVO FIT	RFS	Ready	31-60	1	Stok_per_no_mesin_dealer - 2026-08-06T080342.480.xls	HTML table / 5,239 data rows	2026-08-06 08:03:42	Aggregated; raw unit/engine identifiers excluded
13382.2	POS PATRIA - BUNGO	GB4	REVO FIT	RFS	Soft Booking	31-60	3	Stok_per_no_mesin_dealer - 2026-08-06T080342.480.xls	HTML table / 5,239 data rows	2026-08-06 08:03:42	Aggregated; raw unit/engine identifiers excluded
13382.2	POS PATRIA - BUNGO	GD4	REVO X	RFS	Ready	0-30	2	Stok_per_no_mesin_dealer - 2026-08-06T080342.480.xls	HTML table / 5,239 data rows	2026-08-06 08:03:42	Aggregated; raw unit/engine identifiers excluded
13382.2	POS PATRIA - BUNGO	GD4	REVO X	RFS	Ready	31-60	2	Stok_per_no_mesin_dealer - 2026-08-06T080342.480.xls	HTML table / 5,239 data rows	2026-08-06 08:03:42	Aggregated; raw unit/engine identifiers excluded
13382.2	POS PATRIA - BUNGO	GD4	REVO X	RFS	Soft Booking	31-60	2	Stok_per_no_mesin_dealer - 2026-08-06T080342.480.xls	HTML table / 5,239 data rows	2026-08-06 08:03:42	Aggregated; raw unit/engine identifiers excluded
13382.2	POS PATRIA - BUNGO	GE5	SUPRA X 125 SW	RFS	Ready	31-60	1	Stok_per_no_mesin_dealer - 2026-08-06T080342.480.xls	HTML table / 5,239 data rows	2026-08-06 08:03:42	Aggregated; raw unit/engine identifiers excluded
13382.2	POS PATRIA - BUNGO	GF5	SUPRA X 125 CW	RFS	Ready	0-30	2	Stok_per_no_mesin_dealer - 2026-08-06T080342.480.xls	HTML table / 5,239 data rows	2026-08-06 08:03:42	Aggregated; raw unit/engine identifiers excluded
13382.2	POS PATRIA - BUNGO	GF5	SUPRA X 125 CW	RFS	Ready	31-60	2	Stok_per_no_mesin_dealer - 2026-08-06T080342.480.xls	HTML table / 5,239 data rows	2026-08-06 08:03:42	Aggregated; raw unit/engine identifiers excluded
13382.2	POS PATRIA - BUNGO	GF5	SUPRA X 125 CW	RFS	Soft Booking	0-30	1	Stok_per_no_mesin_dealer - 2026-08-06T080342.480.xls	HTML table / 5,239 data rows	2026-08-06 08:03:42	Aggregated; raw unit/engine identifiers excluded
13382.2	POS PATRIA - BUNGO	GF5	SUPRA X 125 CW	RFS	Soft Booking	31-60	1	Stok_per_no_mesin_dealer - 2026-08-06T080342.480.xls	HTML table / 5,239 data rows	2026-08-06 08:03:42	Aggregated; raw unit/engine identifiers excluded
13382.2	POS PATRIA - BUNGO	HJ9	NEW SUPRA GTR150 SPORTY	RFS	Ready	91-120	1	Stok_per_no_mesin_dealer - 2026-08-06T080342.480.xls	HTML table / 5,239 data rows	2026-08-06 08:03:42	Aggregated; raw unit/engine identifiers excluded
13382.2	POS PATRIA - BUNGO	KF0	CB150 VERZA SW	RFS	Ready	61-90	1	Stok_per_no_mesin_dealer - 2026-08-06T080342.480.xls	HTML table / 5,239 data rows	2026-08-06 08:03:42	Aggregated; raw unit/engine identifiers excluded
13382.2	POS PATRIA - BUNGO	LV1	VARIO 160 CBS	RFS	Soft Booking	121-150	1	Stok_per_no_mesin_dealer - 2026-08-06T080342.480.xls	HTML table / 5,239 data rows	2026-08-06 08:03:42	Aggregated; raw unit/engine identifiers excluded
13382.2	POS PATRIA - BUNGO	LV1	VARIO 160 CBS	RFS	Soft Booking	>150	1	Stok_per_no_mesin_dealer - 2026-08-06T080342.480.xls	HTML table / 5,239 data rows	2026-08-06 08:03:42	Aggregated; raw unit/engine identifiers excluded
13382.2	POS PATRIA - BUNGO	LY2	GENIO CBS	RFS	Ready	121-150	1	Stok_per_no_mesin_dealer - 2026-08-06T080342.480.xls	HTML table / 5,239 data rows	2026-08-06 08:03:42	Aggregated; raw unit/engine identifiers excluded
13382.2	POS PATRIA - BUNGO	LY2	GENIO CBS	RFS	Soft Booking	91-120	1	Stok_per_no_mesin_dealer - 2026-08-06T080342.480.xls	HTML table / 5,239 data rows	2026-08-06 08:03:42	Aggregated; raw unit/engine identifiers excluded
13382.2	POS PATRIA - BUNGO	MG1	STYLO 160 ABS	RFS	Intransit	0-30	3	Stok_per_no_mesin_dealer - 2026-08-06T080342.480.xls	HTML table / 5,239 data rows	2026-08-06 08:03:42	Aggregated; raw unit/engine identifiers excluded
13382.2	POS PATRIA - BUNGO	MJ1	BEAT SPORTY CBS	RFS	Ready	31-60	5	Stok_per_no_mesin_dealer - 2026-08-06T080342.480.xls	HTML table / 5,239 data rows	2026-08-06 08:03:42	Aggregated; raw unit/engine identifiers excluded
13382.2	POS PATRIA - BUNGO	MJ1	BEAT SPORTY CBS	RFS	Soft Booking	31-60	1	Stok_per_no_mesin_dealer - 2026-08-06T080342.480.xls	HTML table / 5,239 data rows	2026-08-06 08:03:42	Aggregated; raw unit/engine identifiers excluded
13382.2	POS PATRIA - BUNGO	MJ2	BEAT SPORTY CBS	RFS	Intransit	0-30	3	Stok_per_no_mesin_dealer - 2026-08-06T080342.480.xls	HTML table / 5,239 data rows	2026-08-06 08:03:42	Aggregated; raw unit/engine identifiers excluded
13382.2	POS PATRIA - BUNGO	MK2	BEAT SPORTY CBS ISS	RFS	Ready	0-30	2	Stok_per_no_mesin_dealer - 2026-08-06T080342.480.xls	HTML table / 5,239 data rows	2026-08-06 08:03:42	Aggregated; raw unit/engine identifiers excluded
13382.2	POS PATRIA - BUNGO	MK2	BEAT SPORTY CBS ISS	RFS	Soft Booking	0-30	1	Stok_per_no_mesin_dealer - 2026-08-06T080342.480.xls	HTML table / 5,239 data rows	2026-08-06 08:03:42	Aggregated; raw unit/engine identifiers excluded
13382.2	POS PATRIA - BUNGO	ML2	BEAT SPORTY DLX SMART KEY	RFS	Intransit	0-30	2	Stok_per_no_mesin_dealer - 2026-08-06T080342.480.xls	HTML table / 5,239 data rows	2026-08-06 08:03:42	Aggregated; raw unit/engine identifiers excluded
13382.2	POS PATRIA - BUNGO	ML2	BEAT SPORTY DLX SMART KEY	RFS	Ready	0-30	1	Stok_per_no_mesin_dealer - 2026-08-06T080342.480.xls	HTML table / 5,239 data rows	2026-08-06 08:03:42	Aggregated; raw unit/engine identifiers excluded
13382.2	POS PATRIA - BUNGO	MM1	BEAT STREET	RFS	Ready	31-60	4	Stok_per_no_mesin_dealer - 2026-08-06T080342.480.xls	HTML table / 5,239 data rows	2026-08-06 08:03:42	Aggregated; raw unit/engine identifiers excluded
13382.2	POS PATRIA - BUNGO	MM1	BEAT STREET	RFS	Soft Booking	91-120	1	Stok_per_no_mesin_dealer - 2026-08-06T080342.480.xls	HTML table / 5,239 data rows	2026-08-06 08:03:42	Aggregated; raw unit/engine identifiers excluded
13382.2	POS PATRIA - BUNGO	MM2	BEAT STREET	RFS	Intransit	0-30	3	Stok_per_no_mesin_dealer - 2026-08-06T080342.480.xls	HTML table / 5,239 data rows	2026-08-06 08:03:42	Aggregated; raw unit/engine identifiers excluded
13382.2	POS PATRIA - BUNGO	MM2	BEAT STREET	RFS	Ready	0-30	3	Stok_per_no_mesin_dealer - 2026-08-06T080342.480.xls	HTML table / 5,239 data rows	2026-08-06 08:03:42	Aggregated; raw unit/engine identifiers excluded
13382.2	POS PATRIA - BUNGO	MM2	BEAT STREET	RFS	Soft Booking	0-30	4	Stok_per_no_mesin_dealer - 2026-08-06T080342.480.xls	HTML table / 5,239 data rows	2026-08-06 08:03:42	Aggregated; raw unit/engine identifiers excluded
13382.2	POS PATRIA - BUNGO	MRB	SCOOPY FASHION	RFS	Intransit	0-30	1	Stok_per_no_mesin_dealer - 2026-08-06T080342.480.xls	HTML table / 5,239 data rows	2026-08-06 08:03:42	Aggregated; raw unit/engine identifiers excluded
13382.2	POS PATRIA - BUNGO	MRB	SCOOPY FASHION	RFS	Soft Booking	0-30	1	Stok_per_no_mesin_dealer - 2026-08-06T080342.480.xls	HTML table / 5,239 data rows	2026-08-06 08:03:42	Aggregated; raw unit/engine identifiers excluded
13382.2	POS PATRIA - BUNGO	MS1	SCOOPY PRESTIGE	RFS	Intransit	0-30	5	Stok_per_no_mesin_dealer - 2026-08-06T080342.480.xls	HTML table / 5,239 data rows	2026-08-06 08:03:42	Aggregated; raw unit/engine identifiers excluded
13382.2	POS PATRIA - BUNGO	MSB	SCOOPY STYLISH	RFS	Intransit	0-30	2	Stok_per_no_mesin_dealer - 2026-08-06T080342.480.xls	HTML table / 5,239 data rows	2026-08-06 08:03:42	Aggregated; raw unit/engine identifiers excluded
13382.2	POS PATRIA - BUNGO	MT1	PCX160 CBS	RFS	Intransit	0-30	2	Stok_per_no_mesin_dealer - 2026-08-06T080342.480.xls	HTML table / 5,239 data rows	2026-08-06 08:03:42	Aggregated; raw unit/engine identifiers excluded
13382.2	POS PATRIA - BUNGO	MW1	PCX160 Honda RoadSync	RFS	Intransit	0-30	1	Stok_per_no_mesin_dealer - 2026-08-06T080342.480.xls	HTML table / 5,239 data rows	2026-08-06 08:03:42	Aggregated; raw unit/engine identifiers excluded
13382.2	POS PATRIA - BUNGO	MZ0	VARIO EVO 160 ABS	RFS	Ready	0-30	1	Stok_per_no_mesin_dealer - 2026-08-06T080342.480.xls	HTML table / 5,239 data rows	2026-08-06 08:03:42	Aggregated; raw unit/engine identifiers excluded
13382.2	POS PATRIA - BUNGO	NE0	VARIO 125 CBS ISS	RFS	Intransit	0-30	1	Stok_per_no_mesin_dealer - 2026-08-06T080342.480.xls	HTML table / 5,239 data rows	2026-08-06 08:03:42	Aggregated; raw unit/engine identifiers excluded
13382.2	POS PATRIA - BUNGO	NF0	VARIO 125 STREET	RFS	Ready	0-30	1	Stok_per_no_mesin_dealer - 2026-08-06T080342.480.xls	HTML table / 5,239 data rows	2026-08-06 08:03:42	Aggregated; raw unit/engine identifiers excluded
13382.2	POS PATRIA - BUNGO	NF0	VARIO 125 STREET	RFS	Ready	31-60	1	Stok_per_no_mesin_dealer - 2026-08-06T080342.480.xls	HTML table / 5,239 data rows	2026-08-06 08:03:42	Aggregated; raw unit/engine identifiers excluded
13382.2	POS PATRIA - BUNGO	NF0	VARIO 125 STREET	RFS	Ready	61-90	1	Stok_per_no_mesin_dealer - 2026-08-06T080342.480.xls	HTML table / 5,239 data rows	2026-08-06 08:03:42	Aggregated; raw unit/engine identifiers excluded
13382.2	POS PATRIA - BUNGO	NF0	VARIO 125 STREET	RFS	Ready	>150	1	Stok_per_no_mesin_dealer - 2026-08-06T080342.480.xls	HTML table / 5,239 data rows	2026-08-06 08:03:42	Aggregated; raw unit/engine identifiers excluded
13382.2	POS PATRIA - BUNGO	NF0	VARIO 125 STREET	RFS	Soft Booking	91-120	1	Stok_per_no_mesin_dealer - 2026-08-06T080342.480.xls	HTML table / 5,239 data rows	2026-08-06 08:03:42	Aggregated; raw unit/engine identifiers excluded
13384	PT. PATRIA ANUGRAH SENTOSA - JAMBI	ESK	CRF150L	RFS	Soft Booking	>150	1	Stok_per_no_mesin_dealer - 2026-08-06T080342.480.xls	HTML table / 5,239 data rows	2026-08-06 08:03:42	Aggregated; raw unit/engine identifiers excluded
13384	PT. PATRIA ANUGRAH SENTOSA - JAMBI	ESL	CRF150L	RFS	Ready	31-60	1	Stok_per_no_mesin_dealer - 2026-08-06T080342.480.xls	HTML table / 5,239 data rows	2026-08-06 08:03:42	Aggregated; raw unit/engine identifiers excluded
13384	PT. PATRIA ANUGRAH SENTOSA - JAMBI	ESL	CRF150L	RFS	Ready	91-120	1	Stok_per_no_mesin_dealer - 2026-08-06T080342.480.xls	HTML table / 5,239 data rows	2026-08-06 08:03:42	Aggregated; raw unit/engine identifiers excluded
13384	PT. PATRIA ANUGRAH SENTOSA - JAMBI	ESL	CRF150L	RFS	Soft Booking	0-30	2	Stok_per_no_mesin_dealer - 2026-08-06T080342.480.xls	HTML table / 5,239 data rows	2026-08-06 08:03:42	Aggregated; raw unit/engine identifiers excluded
13384	PT. PATRIA ANUGRAH SENTOSA - JAMBI	GB4	REVO FIT	RFS	Ready	0-30	5	Stok_per_no_mesin_dealer - 2026-08-06T080342.480.xls	HTML table / 5,239 data rows	2026-08-06 08:03:42	Aggregated; raw unit/engine identifiers excluded
13384	PT. PATRIA ANUGRAH SENTOSA - JAMBI	GB4	REVO FIT	RFS	Ready	61-90	1	Stok_per_no_mesin_dealer - 2026-08-06T080342.480.xls	HTML table / 5,239 data rows	2026-08-06 08:03:42	Aggregated; raw unit/engine identifiers excluded
13384	PT. PATRIA ANUGRAH SENTOSA - JAMBI	GD4	REVO X	RFS	Ready	0-30	2	Stok_per_no_mesin_dealer - 2026-08-06T080342.480.xls	HTML table / 5,239 data rows	2026-08-06 08:03:42	Aggregated; raw unit/engine identifiers excluded
13384	PT. PATRIA ANUGRAH SENTOSA - JAMBI	GD4	REVO X	RFS	Ready	31-60	1	Stok_per_no_mesin_dealer - 2026-08-06T080342.480.xls	HTML table / 5,239 data rows	2026-08-06 08:03:42	Aggregated; raw unit/engine identifiers excluded
13384	PT. PATRIA ANUGRAH SENTOSA - JAMBI	GD4	REVO X	RFS	Ready	61-90	1	Stok_per_no_mesin_dealer - 2026-08-06T080342.480.xls	HTML table / 5,239 data rows	2026-08-06 08:03:42	Aggregated; raw unit/engine identifiers excluded
13384	PT. PATRIA ANUGRAH SENTOSA - JAMBI	GF5	SUPRA X 125 CW	RFS	Ready	0-30	3	Stok_per_no_mesin_dealer - 2026-08-06T080342.480.xls	HTML table / 5,239 data rows	2026-08-06 08:03:42	Aggregated; raw unit/engine identifiers excluded
13384	PT. PATRIA ANUGRAH SENTOSA - JAMBI	HJ9	NEW SUPRA GTR150 SPORTY	RFS	Ready	61-90	1	Stok_per_no_mesin_dealer - 2026-08-06T080342.480.xls	HTML table / 5,239 data rows	2026-08-06 08:03:42	Aggregated; raw unit/engine identifiers excluded
13384	PT. PATRIA ANUGRAH SENTOSA - JAMBI	HJK	NEW SUPRA GTR150	RFS	Soft Booking	31-60	1	Stok_per_no_mesin_dealer - 2026-08-06T080342.480.xls	HTML table / 5,239 data rows	2026-08-06 08:03:42	Aggregated; raw unit/engine identifiers excluded
13384	PT. PATRIA ANUGRAH SENTOSA - JAMBI	JMM	CBR 150R STD	RFS	Ready	91-120	1	Stok_per_no_mesin_dealer - 2026-08-06T080342.480.xls	HTML table / 5,239 data rows	2026-08-06 08:03:42	Aggregated; raw unit/engine identifiers excluded
13384	PT. PATRIA ANUGRAH SENTOSA - JAMBI	JS0	CB150R STREETFIRE	RFS	Ready	61-90	1	Stok_per_no_mesin_dealer - 2026-08-06T080342.480.xls	HTML table / 5,239 data rows	2026-08-06 08:03:42	Aggregated; raw unit/engine identifiers excluded
13384	PT. PATRIA ANUGRAH SENTOSA - JAMBI	KF0	CB150 VERZA SW	RFS	Ready	91-120	1	Stok_per_no_mesin_dealer - 2026-08-06T080342.480.xls	HTML table / 5,239 data rows	2026-08-06 08:03:42	Aggregated; raw unit/engine identifiers excluded
13384	PT. PATRIA ANUGRAH SENTOSA - JAMBI	KG0	CB150 VERZA CW	RFS	Ready	0-30	3	Stok_per_no_mesin_dealer - 2026-08-06T080342.480.xls	HTML table / 5,239 data rows	2026-08-06 08:03:42	Aggregated; raw unit/engine identifiers excluded
13384	PT. PATRIA ANUGRAH SENTOSA - JAMBI	KG0	CB150 VERZA CW	RFS	Ready	61-90	1	Stok_per_no_mesin_dealer - 2026-08-06T080342.480.xls	HTML table / 5,239 data rows	2026-08-06 08:03:42	Aggregated; raw unit/engine identifiers excluded
13384	PT. PATRIA ANUGRAH SENTOSA - JAMBI	ME0	EM1 e:	RFS	Ready	>150	1	Stok_per_no_mesin_dealer - 2026-08-06T080342.480.xls	HTML table / 5,239 data rows	2026-08-06 08:03:42	Aggregated; raw unit/engine identifiers excluded
13384	PT. PATRIA ANUGRAH SENTOSA - JAMBI	MGA	STYLO 160 ABS SPECIAL	RFS	Intransit	0-30	1	Stok_per_no_mesin_dealer - 2026-08-06T080342.480.xls	HTML table / 5,239 data rows	2026-08-06 08:03:42	Aggregated; raw unit/engine identifiers excluded
13384	PT. PATRIA ANUGRAH SENTOSA - JAMBI	MH0	EM1 e: PLUS	RFS	Ready	>150	1	Stok_per_no_mesin_dealer - 2026-08-06T080342.480.xls	HTML table / 5,239 data rows	2026-08-06 08:03:42	Aggregated; raw unit/engine identifiers excluded
13384	PT. PATRIA ANUGRAH SENTOSA - JAMBI	MJ2	BEAT SPORTY CBS	RFS	Ready	0-30	6	Stok_per_no_mesin_dealer - 2026-08-06T080342.480.xls	HTML table / 5,239 data rows	2026-08-06 08:03:42	Aggregated; raw unit/engine identifiers excluded
13384	PT. PATRIA ANUGRAH SENTOSA - JAMBI	MJ2	BEAT SPORTY CBS	RFS	Soft Booking	0-30	5	Stok_per_no_mesin_dealer - 2026-08-06T080342.480.xls	HTML table / 5,239 data rows	2026-08-06 08:03:42	Aggregated; raw unit/engine identifiers excluded
13384	PT. PATRIA ANUGRAH SENTOSA - JAMBI	MK1	BEAT SPORTY CBS ISS DELUXE	RFS	Ready	0-30	1	Stok_per_no_mesin_dealer - 2026-08-06T080342.480.xls	HTML table / 5,239 data rows	2026-08-06 08:03:42	Aggregated; raw unit/engine identifiers excluded
13384	PT. PATRIA ANUGRAH SENTOSA - JAMBI	MK2	BEAT SPORTY CBS ISS	RFS	Ready	0-30	6	Stok_per_no_mesin_dealer - 2026-08-06T080342.480.xls	HTML table / 5,239 data rows	2026-08-06 08:03:42	Aggregated; raw unit/engine identifiers excluded
13384	PT. PATRIA ANUGRAH SENTOSA - JAMBI	MK2	BEAT SPORTY CBS ISS	RFS	Soft Booking	0-30	2	Stok_per_no_mesin_dealer - 2026-08-06T080342.480.xls	HTML table / 5,239 data rows	2026-08-06 08:03:42	Aggregated; raw unit/engine identifiers excluded
13384	PT. PATRIA ANUGRAH SENTOSA - JAMBI	ML2	BEAT SPORTY DLX SMART KEY	RFS	Ready	0-30	6	Stok_per_no_mesin_dealer - 2026-08-06T080342.480.xls	HTML table / 5,239 data rows	2026-08-06 08:03:42	Aggregated; raw unit/engine identifiers excluded
13384	PT. PATRIA ANUGRAH SENTOSA - JAMBI	ML2	BEAT SPORTY DLX SMART KEY	RFS	Soft Booking	0-30	3	Stok_per_no_mesin_dealer - 2026-08-06T080342.480.xls	HTML table / 5,239 data rows	2026-08-06 08:03:42	Aggregated; raw unit/engine identifiers excluded
13384	PT. PATRIA ANUGRAH SENTOSA - JAMBI	MM1	BEAT STREET	RFS	Ready	61-90	1	Stok_per_no_mesin_dealer - 2026-08-06T080342.480.xls	HTML table / 5,239 data rows	2026-08-06 08:03:42	Aggregated; raw unit/engine identifiers excluded
13384	PT. PATRIA ANUGRAH SENTOSA - JAMBI	MM2	BEAT STREET	RFS	Ready	0-30	9	Stok_per_no_mesin_dealer - 2026-08-06T080342.480.xls	HTML table / 5,239 data rows	2026-08-06 08:03:42	Aggregated; raw unit/engine identifiers excluded
13384	PT. PATRIA ANUGRAH SENTOSA - JAMBI	MN0	CUV e:	RFS	Ready	61-90	1	Stok_per_no_mesin_dealer - 2026-08-06T080342.480.xls	HTML table / 5,239 data rows	2026-08-06 08:03:42	Aggregated; raw unit/engine identifiers excluded
13384	PT. PATRIA ANUGRAH SENTOSA - JAMBI	MRB	SCOOPY FASHION	RFS	Ready	0-30	1	Stok_per_no_mesin_dealer - 2026-08-06T080342.480.xls	HTML table / 5,239 data rows	2026-08-06 08:03:42	Aggregated; raw unit/engine identifiers excluded
13384	PT. PATRIA ANUGRAH SENTOSA - JAMBI	MRB	SCOOPY FASHION	RFS	Soft Booking	>150	1	Stok_per_no_mesin_dealer - 2026-08-06T080342.480.xls	HTML table / 5,239 data rows	2026-08-06 08:03:42	Aggregated; raw unit/engine identifiers excluded
13384	PT. PATRIA ANUGRAH SENTOSA - JAMBI	MS1	SCOOPY PRESTIGE	RFS	Ready	0-30	5	Stok_per_no_mesin_dealer - 2026-08-06T080342.480.xls	HTML table / 5,239 data rows	2026-08-06 08:03:42	Aggregated; raw unit/engine identifiers excluded
13384	PT. PATRIA ANUGRAH SENTOSA - JAMBI	MS1	SCOOPY PRESTIGE	RFS	Soft Booking	0-30	1	Stok_per_no_mesin_dealer - 2026-08-06T080342.480.xls	HTML table / 5,239 data rows	2026-08-06 08:03:42	Aggregated; raw unit/engine identifiers excluded
13384	PT. PATRIA ANUGRAH SENTOSA - JAMBI	MS1	SCOOPY PRESTIGE	RFS	Unfill	0-30	2	Stok_per_no_mesin_dealer - 2026-08-06T080342.480.xls	HTML table / 5,239 data rows	2026-08-06 08:03:42	Aggregated; raw unit/engine identifiers excluded
13384	PT. PATRIA ANUGRAH SENTOSA - JAMBI	MSB	SCOOPY STYLISH	RFS	Ready	0-30	2	Stok_per_no_mesin_dealer - 2026-08-06T080342.480.xls	HTML table / 5,239 data rows	2026-08-06 08:03:42	Aggregated; raw unit/engine identifiers excluded
13384	PT. PATRIA ANUGRAH SENTOSA - JAMBI	MSB	SCOOPY STYLISH	RFS	Unfill	0-30	1	Stok_per_no_mesin_dealer - 2026-08-06T080342.480.xls	HTML table / 5,239 data rows	2026-08-06 08:03:42	Aggregated; raw unit/engine identifiers excluded
13384	PT. PATRIA ANUGRAH SENTOSA - JAMBI	MT1	PCX160 CBS	RFS	Ready	0-30	1	Stok_per_no_mesin_dealer - 2026-08-06T080342.480.xls	HTML table / 5,239 data rows	2026-08-06 08:03:42	Aggregated; raw unit/engine identifiers excluded
13384	PT. PATRIA ANUGRAH SENTOSA - JAMBI	MT1	PCX160 CBS	RFS	Soft Booking	0-30	3	Stok_per_no_mesin_dealer - 2026-08-06T080342.480.xls	HTML table / 5,239 data rows	2026-08-06 08:03:42	Aggregated; raw unit/engine identifiers excluded
13384	PT. PATRIA ANUGRAH SENTOSA - JAMBI	MV1	PCX160 ABS	RFS	Intransit	0-30	1	Stok_per_no_mesin_dealer - 2026-08-06T080342.480.xls	HTML table / 5,239 data rows	2026-08-06 08:03:42	Aggregated; raw unit/engine identifiers excluded
13384	PT. PATRIA ANUGRAH SENTOSA - JAMBI	MV1	PCX160 ABS	RFS	Ready	0-30	2	Stok_per_no_mesin_dealer - 2026-08-06T080342.480.xls	HTML table / 5,239 data rows	2026-08-06 08:03:42	Aggregated; raw unit/engine identifiers excluded
13384	PT. PATRIA ANUGRAH SENTOSA - JAMBI	MW1	PCX160 Honda RoadSync	RFS	Unfill	0-30	1	Stok_per_no_mesin_dealer - 2026-08-06T080342.480.xls	HTML table / 5,239 data rows	2026-08-06 08:03:42	Aggregated; raw unit/engine identifiers excluded
13384	PT. PATRIA ANUGRAH SENTOSA - JAMBI	MX0	ICON E:	RFS	Ready	>150	1	Stok_per_no_mesin_dealer - 2026-08-06T080342.480.xls	HTML table / 5,239 data rows	2026-08-06 08:03:42	Aggregated; raw unit/engine identifiers excluded
13384	PT. PATRIA ANUGRAH SENTOSA - JAMBI	MY0	VARIO EVO 160 CBS Nitro	RFS	Ready	0-30	1	Stok_per_no_mesin_dealer - 2026-08-06T080342.480.xls	HTML table / 5,239 data rows	2026-08-06 08:03:42	Aggregated; raw unit/engine identifiers excluded
13384	PT. PATRIA ANUGRAH SENTOSA - JAMBI	MYA	VARIO EVO 160 CBS	RFS	Ready	0-30	2	Stok_per_no_mesin_dealer - 2026-08-06T080342.480.xls	HTML table / 5,239 data rows	2026-08-06 08:03:42	Aggregated; raw unit/engine identifiers excluded
13384	PT. PATRIA ANUGRAH SENTOSA - JAMBI	MZ0	VARIO EVO 160 ABS	RFS	Ready	0-30	1	Stok_per_no_mesin_dealer - 2026-08-06T080342.480.xls	HTML table / 5,239 data rows	2026-08-06 08:03:42	Aggregated; raw unit/engine identifiers excluded
13384	PT. PATRIA ANUGRAH SENTOSA - JAMBI	NB0	ADV160 ABS	RFS	Ready	0-30	1	Stok_per_no_mesin_dealer - 2026-08-06T080342.480.xls	HTML table / 5,239 data rows	2026-08-06 08:03:42	Aggregated; raw unit/engine identifiers excluded
13384	PT. PATRIA ANUGRAH SENTOSA - JAMBI	NE0	VARIO 125 CBS ISS	RFS	Ready	0-30	1	Stok_per_no_mesin_dealer - 2026-08-06T080342.480.xls	HTML table / 5,239 data rows	2026-08-06 08:03:42	Aggregated; raw unit/engine identifiers excluded
13384	PT. PATRIA ANUGRAH SENTOSA - JAMBI	NE0	VARIO 125 CBS ISS	RFS	Soft Booking	0-30	2	Stok_per_no_mesin_dealer - 2026-08-06T080342.480.xls	HTML table / 5,239 data rows	2026-08-06 08:03:42	Aggregated; raw unit/engine identifiers excluded
13384	PT. PATRIA ANUGRAH SENTOSA - JAMBI	NF0	VARIO 125 STREET	RFS	Ready	31-60	1	Stok_per_no_mesin_dealer - 2026-08-06T080342.480.xls	HTML table / 5,239 data rows	2026-08-06 08:03:42	Aggregated; raw unit/engine identifiers excluded
13384	PT. PATRIA ANUGRAH SENTOSA - JAMBI	NF0	VARIO 125 STREET	RFS	Ready	91-120	1	Stok_per_no_mesin_dealer - 2026-08-06T080342.480.xls	HTML table / 5,239 data rows	2026-08-06 08:03:42	Aggregated; raw unit/engine identifiers excluded
13384	PT. PATRIA ANUGRAH SENTOSA - JAMBI	NF0	VARIO 125 STREET	RFS	Soft Booking	121-150	1	Stok_per_no_mesin_dealer - 2026-08-06T080342.480.xls	HTML table / 5,239 data rows	2026-08-06 08:03:42	Aggregated; raw unit/engine identifiers excluded
13384	PT. PATRIA ANUGRAH SENTOSA - JAMBI	NF0	VARIO 125 STREET	RFS	Soft Booking	91-120	1	Stok_per_no_mesin_dealer - 2026-08-06T080342.480.xls	HTML table / 5,239 data rows	2026-08-06 08:03:42	Aggregated; raw unit/engine identifiers excluded
13384	PT. PATRIA ANUGRAH SENTOSA - JAMBI	NF0	VARIO 125 STREET	RFS	Soft Booking	>150	1	Stok_per_no_mesin_dealer - 2026-08-06T080342.480.xls	HTML table / 5,239 data rows	2026-08-06 08:03:42	Aggregated; raw unit/engine identifiers excluded
13384.1	POS PATRIA - SEI. GELAM	ESK	CRF150L	RFS	Ready	31-60	1	Stok_per_no_mesin_dealer - 2026-08-06T080342.480.xls	HTML table / 5,239 data rows	2026-08-06 08:03:42	Aggregated; raw unit/engine identifiers excluded
13384.1	POS PATRIA - SEI. GELAM	ESK	CRF150L	RFS	Ready	>150	1	Stok_per_no_mesin_dealer - 2026-08-06T080342.480.xls	HTML table / 5,239 data rows	2026-08-06 08:03:42	Aggregated; raw unit/engine identifiers excluded
13384.1	POS PATRIA - SEI. GELAM	ESL	CRF150L	RFS	Ready	0-30	1	Stok_per_no_mesin_dealer - 2026-08-06T080342.480.xls	HTML table / 5,239 data rows	2026-08-06 08:03:42	Aggregated; raw unit/engine identifiers excluded
13384.1	POS PATRIA - SEI. GELAM	GB4	REVO FIT	RFS	Ready	0-30	1	Stok_per_no_mesin_dealer - 2026-08-06T080342.480.xls	HTML table / 5,239 data rows	2026-08-06 08:03:42	Aggregated; raw unit/engine identifiers excluded
13384.1	POS PATRIA - SEI. GELAM	GB4	REVO FIT	RFS	Ready	31-60	2	Stok_per_no_mesin_dealer - 2026-08-06T080342.480.xls	HTML table / 5,239 data rows	2026-08-06 08:03:42	Aggregated; raw unit/engine identifiers excluded
13384.1	POS PATRIA - SEI. GELAM	GB4	REVO FIT	RFS	Ready	91-120	2	Stok_per_no_mesin_dealer - 2026-08-06T080342.480.xls	HTML table / 5,239 data rows	2026-08-06 08:03:42	Aggregated; raw unit/engine identifiers excluded
13384.1	POS PATRIA - SEI. GELAM	GB4	REVO FIT	RFS	Soft Booking	91-120	1	Stok_per_no_mesin_dealer - 2026-08-06T080342.480.xls	HTML table / 5,239 data rows	2026-08-06 08:03:42	Aggregated; raw unit/engine identifiers excluded
13384.1	POS PATRIA - SEI. GELAM	GB4	REVO FIT	RFS	Soft Booking	>150	1	Stok_per_no_mesin_dealer - 2026-08-06T080342.480.xls	HTML table / 5,239 data rows	2026-08-06 08:03:42	Aggregated; raw unit/engine identifiers excluded
13384.1	POS PATRIA - SEI. GELAM	GD4	REVO X	RFS	Ready	0-30	4	Stok_per_no_mesin_dealer - 2026-08-06T080342.480.xls	HTML table / 5,239 data rows	2026-08-06 08:03:42	Aggregated; raw unit/engine identifiers excluded
13384.1	POS PATRIA - SEI. GELAM	GD4	REVO X	RFS	Ready	31-60	1	Stok_per_no_mesin_dealer - 2026-08-06T080342.480.xls	HTML table / 5,239 data rows	2026-08-06 08:03:42	Aggregated; raw unit/engine identifiers excluded
13384.1	POS PATRIA - SEI. GELAM	GF5	SUPRA X 125 CW	RFS	Ready	0-30	1	Stok_per_no_mesin_dealer - 2026-08-06T080342.480.xls	HTML table / 5,239 data rows	2026-08-06 08:03:42	Aggregated; raw unit/engine identifiers excluded
13384.1	POS PATRIA - SEI. GELAM	GF5	SUPRA X 125 CW	RFS	Unfill	0-30	1	Stok_per_no_mesin_dealer - 2026-08-06T080342.480.xls	HTML table / 5,239 data rows	2026-08-06 08:03:42	Aggregated; raw unit/engine identifiers excluded
13384.1	POS PATRIA - SEI. GELAM	HJ9	NEW SUPRA GTR150 SPORTY	RFS	Ready	61-90	1	Stok_per_no_mesin_dealer - 2026-08-06T080342.480.xls	HTML table / 5,239 data rows	2026-08-06 08:03:42	Aggregated; raw unit/engine identifiers excluded
13384.1	POS PATRIA - SEI. GELAM	KF0	CB150 VERZA SW	RFS	Ready	0-30	1	Stok_per_no_mesin_dealer - 2026-08-06T080342.480.xls	HTML table / 5,239 data rows	2026-08-06 08:03:42	Aggregated; raw unit/engine identifiers excluded
13384.1	POS PATRIA - SEI. GELAM	LVE	VARIO 160 CBS	RFS	Soft Booking	>150	1	Stok_per_no_mesin_dealer - 2026-08-06T080342.480.xls	HTML table / 5,239 data rows	2026-08-06 08:03:42	Aggregated; raw unit/engine identifiers excluded
13384.1	POS PATRIA - SEI. GELAM	LW1	VARIO 160 ABS	RFS	Soft Booking	>150	1	Stok_per_no_mesin_dealer - 2026-08-06T080342.480.xls	HTML table / 5,239 data rows	2026-08-06 08:03:42	Aggregated; raw unit/engine identifiers excluded
13384.1	POS PATRIA - SEI. GELAM	LY2	GENIO CBS	RFS	Ready	61-90	1	Stok_per_no_mesin_dealer - 2026-08-06T080342.480.xls	HTML table / 5,239 data rows	2026-08-06 08:03:42	Aggregated; raw unit/engine identifiers excluded
13384.1	POS PATRIA - SEI. GELAM	LY2	GENIO CBS	RFS	Soft Booking	121-150	1	Stok_per_no_mesin_dealer - 2026-08-06T080342.480.xls	HTML table / 5,239 data rows	2026-08-06 08:03:42	Aggregated; raw unit/engine identifiers excluded
13384.1	POS PATRIA - SEI. GELAM	LZ2	GENIO CBS ISS	RFS	Ready	91-120	1	Stok_per_no_mesin_dealer - 2026-08-06T080342.480.xls	HTML table / 5,239 data rows	2026-08-06 08:03:42	Aggregated; raw unit/engine identifiers excluded
13384.1	POS PATRIA - SEI. GELAM	MJ1	BEAT SPORTY CBS	RFS	Ready	0-30	5	Stok_per_no_mesin_dealer - 2026-08-06T080342.480.xls	HTML table / 5,239 data rows	2026-08-06 08:03:42	Aggregated; raw unit/engine identifiers excluded
13384.1	POS PATRIA - SEI. GELAM	MJ1	BEAT SPORTY CBS	RFS	Ready	31-60	1	Stok_per_no_mesin_dealer - 2026-08-06T080342.480.xls	HTML table / 5,239 data rows	2026-08-06 08:03:42	Aggregated; raw unit/engine identifiers excluded
13384.1	POS PATRIA - SEI. GELAM	MJ1	BEAT SPORTY CBS	RFS	Soft Booking	121-150	1	Stok_per_no_mesin_dealer - 2026-08-06T080342.480.xls	HTML table / 5,239 data rows	2026-08-06 08:03:42	Aggregated; raw unit/engine identifiers excluded
13384.1	POS PATRIA - SEI. GELAM	MJ2	BEAT SPORTY CBS	RFS	Ready	0-30	1	Stok_per_no_mesin_dealer - 2026-08-06T080342.480.xls	HTML table / 5,239 data rows	2026-08-06 08:03:42	Aggregated; raw unit/engine identifiers excluded
13384.1	POS PATRIA - SEI. GELAM	MJ2	BEAT SPORTY CBS	RFS	Unfill	0-30	2	Stok_per_no_mesin_dealer - 2026-08-06T080342.480.xls	HTML table / 5,239 data rows	2026-08-06 08:03:42	Aggregated; raw unit/engine identifiers excluded
13384.1	POS PATRIA - SEI. GELAM	MK2	BEAT SPORTY CBS ISS	RFS	Ready	0-30	3	Stok_per_no_mesin_dealer - 2026-08-06T080342.480.xls	HTML table / 5,239 data rows	2026-08-06 08:03:42	Aggregated; raw unit/engine identifiers excluded
13384.1	POS PATRIA - SEI. GELAM	MK2	BEAT SPORTY CBS ISS	RFS	Ready	31-60	2	Stok_per_no_mesin_dealer - 2026-08-06T080342.480.xls	HTML table / 5,239 data rows	2026-08-06 08:03:42	Aggregated; raw unit/engine identifiers excluded
13384.1	POS PATRIA - SEI. GELAM	ML1	BEAT SPORTY DLX SMART KEY	RFS	Ready	91-120	1	Stok_per_no_mesin_dealer - 2026-08-06T080342.480.xls	HTML table / 5,239 data rows	2026-08-06 08:03:42	Aggregated; raw unit/engine identifiers excluded
13384.1	POS PATRIA - SEI. GELAM	ML2	BEAT SPORTY DLX SMART KEY	RFS	Ready	0-30	4	Stok_per_no_mesin_dealer - 2026-08-06T080342.480.xls	HTML table / 5,239 data rows	2026-08-06 08:03:42	Aggregated; raw unit/engine identifiers excluded
13384.1	POS PATRIA - SEI. GELAM	ML2	BEAT SPORTY DLX SMART KEY	RFS	Unfill	0-30	1	Stok_per_no_mesin_dealer - 2026-08-06T080342.480.xls	HTML table / 5,239 data rows	2026-08-06 08:03:42	Aggregated; raw unit/engine identifiers excluded
13384.1	POS PATRIA - SEI. GELAM	MM1	BEAT STREET	RFS	Ready	31-60	5	Stok_per_no_mesin_dealer - 2026-08-06T080342.480.xls	HTML table / 5,239 data rows	2026-08-06 08:03:42	Aggregated; raw unit/engine identifiers excluded
13384.1	POS PATRIA - SEI. GELAM	MM1	BEAT STREET	RFS	Ready	91-120	1	Stok_per_no_mesin_dealer - 2026-08-06T080342.480.xls	HTML table / 5,239 data rows	2026-08-06 08:03:42	Aggregated; raw unit/engine identifiers excluded
13384.1	POS PATRIA - SEI. GELAM	MM2	BEAT STREET	RFS	Ready	0-30	2	Stok_per_no_mesin_dealer - 2026-08-06T080342.480.xls	HTML table / 5,239 data rows	2026-08-06 08:03:42	Aggregated; raw unit/engine identifiers excluded
13384.1	POS PATRIA - SEI. GELAM	MRB	SCOOPY FASHION	RFS	Ready	31-60	1	Stok_per_no_mesin_dealer - 2026-08-06T080342.480.xls	HTML table / 5,239 data rows	2026-08-06 08:03:42	Aggregated; raw unit/engine identifiers excluded
13384.1	POS PATRIA - SEI. GELAM	MS1	SCOOPY PRESTIGE	RFS	Ready	0-30	2	Stok_per_no_mesin_dealer - 2026-08-06T080342.480.xls	HTML table / 5,239 data rows	2026-08-06 08:03:42	Aggregated; raw unit/engine identifiers excluded
13384.1	POS PATRIA - SEI. GELAM	MS1	SCOOPY PRESTIGE	RFS	Soft Booking	0-30	1	Stok_per_no_mesin_dealer - 2026-08-06T080342.480.xls	HTML table / 5,239 data rows	2026-08-06 08:03:42	Aggregated; raw unit/engine identifiers excluded
13384.1	POS PATRIA - SEI. GELAM	MS1	SCOOPY PRESTIGE	RFS	Unfill	0-30	1	Stok_per_no_mesin_dealer - 2026-08-06T080342.480.xls	HTML table / 5,239 data rows	2026-08-06 08:03:42	Aggregated; raw unit/engine identifiers excluded
13384.1	POS PATRIA - SEI. GELAM	MSB	SCOOPY STYLISH	RFS	Ready	0-30	1	Stok_per_no_mesin_dealer - 2026-08-06T080342.480.xls	HTML table / 5,239 data rows	2026-08-06 08:03:42	Aggregated; raw unit/engine identifiers excluded
13384.1	POS PATRIA - SEI. GELAM	MSB	SCOOPY STYLISH	RFS	Unfill	0-30	2	Stok_per_no_mesin_dealer - 2026-08-06T080342.480.xls	HTML table / 5,239 data rows	2026-08-06 08:03:42	Aggregated; raw unit/engine identifiers excluded
13384.1	POS PATRIA - SEI. GELAM	MT1	PCX160 CBS	RFS	Ready	0-30	2	Stok_per_no_mesin_dealer - 2026-08-06T080342.480.xls	HTML table / 5,239 data rows	2026-08-06 08:03:42	Aggregated; raw unit/engine identifiers excluded
13384.1	POS PATRIA - SEI. GELAM	MW1	PCX160 Honda RoadSync	RFS	Unfill	0-30	1	Stok_per_no_mesin_dealer - 2026-08-06T080342.480.xls	HTML table / 5,239 data rows	2026-08-06 08:03:42	Aggregated; raw unit/engine identifiers excluded
13384.1	POS PATRIA - SEI. GELAM	NE0	VARIO 125 CBS ISS	RFS	Ready	0-30	1	Stok_per_no_mesin_dealer - 2026-08-06T080342.480.xls	HTML table / 5,239 data rows	2026-08-06 08:03:42	Aggregated; raw unit/engine identifiers excluded
13384.1	POS PATRIA - SEI. GELAM	NE0	VARIO 125 CBS ISS	RFS	Unfill	0-30	1	Stok_per_no_mesin_dealer - 2026-08-06T080342.480.xls	HTML table / 5,239 data rows	2026-08-06 08:03:42	Aggregated; raw unit/engine identifiers excluded
13384.1	POS PATRIA - SEI. GELAM	NF0	VARIO 125 STREET	RFS	Ready	0-30	1	Stok_per_no_mesin_dealer - 2026-08-06T080342.480.xls	HTML table / 5,239 data rows	2026-08-06 08:03:42	Aggregated; raw unit/engine identifiers excluded
13384.1	POS PATRIA - SEI. GELAM	NF0	VARIO 125 STREET	RFS	Ready	121-150	1	Stok_per_no_mesin_dealer - 2026-08-06T080342.480.xls	HTML table / 5,239 data rows	2026-08-06 08:03:42	Aggregated; raw unit/engine identifiers excluded
13384.1	POS PATRIA - SEI. GELAM	NF0	VARIO 125 STREET	RFS	Ready	91-120	1	Stok_per_no_mesin_dealer - 2026-08-06T080342.480.xls	HTML table / 5,239 data rows	2026-08-06 08:03:42	Aggregated; raw unit/engine identifiers excluded
13384.1	POS PATRIA - SEI. GELAM	NF0	VARIO 125 STREET	RFS	Ready	>150	1	Stok_per_no_mesin_dealer - 2026-08-06T080342.480.xls	HTML table / 5,239 data rows	2026-08-06 08:03:42	Aggregated; raw unit/engine identifiers excluded
13384.1	POS PATRIA - SEI. GELAM	NF0	VARIO 125 STREET	RFS	Soft Booking	>150	1	Stok_per_no_mesin_dealer - 2026-08-06T080342.480.xls	HTML table / 5,239 data rows	2026-08-06 08:03:42	Aggregated; raw unit/engine identifiers excluded
13384.2	POS PATRIA - SIJENJANG	ESL	CRF150L	RFS	Ready	31-60	1	Stok_per_no_mesin_dealer - 2026-08-06T080342.480.xls	HTML table / 5,239 data rows	2026-08-06 08:03:42	Aggregated; raw unit/engine identifiers excluded
13384.2	POS PATRIA - SIJENJANG	ESL	CRF150L	RFS	Ready	61-90	1	Stok_per_no_mesin_dealer - 2026-08-06T080342.480.xls	HTML table / 5,239 data rows	2026-08-06 08:03:42	Aggregated; raw unit/engine identifiers excluded
13384.2	POS PATRIA - SIJENJANG	ESL	CRF150L	RFS	Soft Booking	121-150	1	Stok_per_no_mesin_dealer - 2026-08-06T080342.480.xls	HTML table / 5,239 data rows	2026-08-06 08:03:42	Aggregated; raw unit/engine identifiers excluded
13384.2	POS PATRIA - SIJENJANG	GB4	REVO FIT	RFS	Ready	0-30	1	Stok_per_no_mesin_dealer - 2026-08-06T080342.480.xls	HTML table / 5,239 data rows	2026-08-06 08:03:42	Aggregated; raw unit/engine identifiers excluded
13384.2	POS PATRIA - SIJENJANG	GB4	REVO FIT	RFS	Ready	31-60	1	Stok_per_no_mesin_dealer - 2026-08-06T080342.480.xls	HTML table / 5,239 data rows	2026-08-06 08:03:42	Aggregated; raw unit/engine identifiers excluded
13384.2	POS PATRIA - SIJENJANG	GB4	REVO FIT	RFS	Ready	>150	1	Stok_per_no_mesin_dealer - 2026-08-06T080342.480.xls	HTML table / 5,239 data rows	2026-08-06 08:03:42	Aggregated; raw unit/engine identifiers excluded
13384.2	POS PATRIA - SIJENJANG	GB4	REVO FIT	RFS	Soft Booking	31-60	1	Stok_per_no_mesin_dealer - 2026-08-06T080342.480.xls	HTML table / 5,239 data rows	2026-08-06 08:03:42	Aggregated; raw unit/engine identifiers excluded
13384.2	POS PATRIA - SIJENJANG	GB4	REVO FIT	RFS	Soft Booking	>150	1	Stok_per_no_mesin_dealer - 2026-08-06T080342.480.xls	HTML table / 5,239 data rows	2026-08-06 08:03:42	Aggregated; raw unit/engine identifiers excluded
13384.2	POS PATRIA - SIJENJANG	GD4	REVO X	RFS	Ready	0-30	4	Stok_per_no_mesin_dealer - 2026-08-06T080342.480.xls	HTML table / 5,239 data rows	2026-08-06 08:03:42	Aggregated; raw unit/engine identifiers excluded
13384.2	POS PATRIA - SIJENJANG	GF5	SUPRA X 125 CW	RFS	Ready	0-30	2	Stok_per_no_mesin_dealer - 2026-08-06T080342.480.xls	HTML table / 5,239 data rows	2026-08-06 08:03:42	Aggregated; raw unit/engine identifiers excluded
13384.2	POS PATRIA - SIJENJANG	GF5	SUPRA X 125 CW	RFS	Soft Booking	0-30	1	Stok_per_no_mesin_dealer - 2026-08-06T080342.480.xls	HTML table / 5,239 data rows	2026-08-06 08:03:42	Aggregated; raw unit/engine identifiers excluded
13384.2	POS PATRIA - SIJENJANG	GF5	SUPRA X 125 CW	RFS	Unfill	0-30	2	Stok_per_no_mesin_dealer - 2026-08-06T080342.480.xls	HTML table / 5,239 data rows	2026-08-06 08:03:42	Aggregated; raw unit/engine identifiers excluded
13384.2	POS PATRIA - SIJENJANG	HJK	NEW SUPRA GTR150	RFS	Ready	31-60	1	Stok_per_no_mesin_dealer - 2026-08-06T080342.480.xls	HTML table / 5,239 data rows	2026-08-06 08:03:42	Aggregated; raw unit/engine identifiers excluded
13384.2	POS PATRIA - SIJENJANG	KF0	CB150 VERZA SW	RFS	Ready	0-30	1	Stok_per_no_mesin_dealer - 2026-08-06T080342.480.xls	HTML table / 5,239 data rows	2026-08-06 08:03:42	Aggregated; raw unit/engine identifiers excluded
13384.2	POS PATRIA - SIJENJANG	KF0	CB150 VERZA SW	RFS	Ready	31-60	1	Stok_per_no_mesin_dealer - 2026-08-06T080342.480.xls	HTML table / 5,239 data rows	2026-08-06 08:03:42	Aggregated; raw unit/engine identifiers excluded
13384.2	POS PATRIA - SIJENJANG	KG0	CB150 VERZA CW	RFS	Ready	31-60	1	Stok_per_no_mesin_dealer - 2026-08-06T080342.480.xls	HTML table / 5,239 data rows	2026-08-06 08:03:42	Aggregated; raw unit/engine identifiers excluded
13384.2	POS PATRIA - SIJENJANG	LZ2	GENIO CBS ISS	RFS	Ready	61-90	1	Stok_per_no_mesin_dealer - 2026-08-06T080342.480.xls	HTML table / 5,239 data rows	2026-08-06 08:03:42	Aggregated; raw unit/engine identifiers excluded
13384.2	POS PATRIA - SIJENJANG	LZ2	GENIO CBS ISS	RFS	Soft Booking	>150	1	Stok_per_no_mesin_dealer - 2026-08-06T080342.480.xls	HTML table / 5,239 data rows	2026-08-06 08:03:42	Aggregated; raw unit/engine identifiers excluded
13384.2	POS PATRIA - SIJENJANG	MJ1	BEAT SPORTY CBS	RFS	Ready	0-30	2	Stok_per_no_mesin_dealer - 2026-08-06T080342.480.xls	HTML table / 5,239 data rows	2026-08-06 08:03:42	Aggregated; raw unit/engine identifiers excluded
13384.2	POS PATRIA - SIJENJANG	MJ1	BEAT SPORTY CBS	RFS	Ready	31-60	1	Stok_per_no_mesin_dealer - 2026-08-06T080342.480.xls	HTML table / 5,239 data rows	2026-08-06 08:03:42	Aggregated; raw unit/engine identifiers excluded
13384.2	POS PATRIA - SIJENJANG	MJ1	BEAT SPORTY CBS	RFS	Ready	>150	1	Stok_per_no_mesin_dealer - 2026-08-06T080342.480.xls	HTML table / 5,239 data rows	2026-08-06 08:03:42	Aggregated; raw unit/engine identifiers excluded
13384.2	POS PATRIA - SIJENJANG	MJ2	BEAT SPORTY CBS	RFS	Ready	0-30	2	Stok_per_no_mesin_dealer - 2026-08-06T080342.480.xls	HTML table / 5,239 data rows	2026-08-06 08:03:42	Aggregated; raw unit/engine identifiers excluded
13384.2	POS PATRIA - SIJENJANG	MJ2	BEAT SPORTY CBS	RFS	Soft Booking	0-30	3	Stok_per_no_mesin_dealer - 2026-08-06T080342.480.xls	HTML table / 5,239 data rows	2026-08-06 08:03:42	Aggregated; raw unit/engine identifiers excluded
13384.2	POS PATRIA - SIJENJANG	MK2	BEAT SPORTY CBS ISS	RFS	Ready	0-30	6	Stok_per_no_mesin_dealer - 2026-08-06T080342.480.xls	HTML table / 5,239 data rows	2026-08-06 08:03:42	Aggregated; raw unit/engine identifiers excluded
13384.2	POS PATRIA - SIJENJANG	ML2	BEAT SPORTY DLX SMART KEY	RFS	Ready	0-30	5	Stok_per_no_mesin_dealer - 2026-08-06T080342.480.xls	HTML table / 5,239 data rows	2026-08-06 08:03:42	Aggregated; raw unit/engine identifiers excluded
13384.2	POS PATRIA - SIJENJANG	ML2	BEAT SPORTY DLX SMART KEY	RFS	Soft Booking	0-30	2	Stok_per_no_mesin_dealer - 2026-08-06T080342.480.xls	HTML table / 5,239 data rows	2026-08-06 08:03:42	Aggregated; raw unit/engine identifiers excluded
13384.2	POS PATRIA - SIJENJANG	MM1	BEAT STREET	RFS	Ready	61-90	1	Stok_per_no_mesin_dealer - 2026-08-06T080342.480.xls	HTML table / 5,239 data rows	2026-08-06 08:03:42	Aggregated; raw unit/engine identifiers excluded
13384.2	POS PATRIA - SIJENJANG	MM1	BEAT STREET	RFS	Ready	91-120	2	Stok_per_no_mesin_dealer - 2026-08-06T080342.480.xls	HTML table / 5,239 data rows	2026-08-06 08:03:42	Aggregated; raw unit/engine identifiers excluded
13384.2	POS PATRIA - SIJENJANG	MM1	BEAT STREET	RFS	Soft Booking	31-60	1	Stok_per_no_mesin_dealer - 2026-08-06T080342.480.xls	HTML table / 5,239 data rows	2026-08-06 08:03:42	Aggregated; raw unit/engine identifiers excluded
13384.2	POS PATRIA - SIJENJANG	MM1	BEAT STREET	RFS	Soft Booking	61-90	1	Stok_per_no_mesin_dealer - 2026-08-06T080342.480.xls	HTML table / 5,239 data rows	2026-08-06 08:03:42	Aggregated; raw unit/engine identifiers excluded
13384.2	POS PATRIA - SIJENJANG	MM2	BEAT STREET	RFS	Ready	0-30	5	Stok_per_no_mesin_dealer - 2026-08-06T080342.480.xls	HTML table / 5,239 data rows	2026-08-06 08:03:42	Aggregated; raw unit/engine identifiers excluded
13384.2	POS PATRIA - SIJENJANG	MM2	BEAT STREET	RFS	Soft Booking	0-30	2	Stok_per_no_mesin_dealer - 2026-08-06T080342.480.xls	HTML table / 5,239 data rows	2026-08-06 08:03:42	Aggregated; raw unit/engine identifiers excluded
13384.2	POS PATRIA - SIJENJANG	MRB	SCOOPY FASHION	RFS	Ready	61-90	1	Stok_per_no_mesin_dealer - 2026-08-06T080342.480.xls	HTML table / 5,239 data rows	2026-08-06 08:03:42	Aggregated; raw unit/engine identifiers excluded
13384.2	POS PATRIA - SIJENJANG	MS1	SCOOPY PRESTIGE	RFS	Ready	0-30	4	Stok_per_no_mesin_dealer - 2026-08-06T080342.480.xls	HTML table / 5,239 data rows	2026-08-06 08:03:42	Aggregated; raw unit/engine identifiers excluded
13384.2	POS PATRIA - SIJENJANG	MS1	SCOOPY PRESTIGE	RFS	Soft Booking	0-30	1	Stok_per_no_mesin_dealer - 2026-08-06T080342.480.xls	HTML table / 5,239 data rows	2026-08-06 08:03:42	Aggregated; raw unit/engine identifiers excluded
13384.2	POS PATRIA - SIJENJANG	MSB	SCOOPY STYLISH	RFS	Ready	0-30	1	Stok_per_no_mesin_dealer - 2026-08-06T080342.480.xls	HTML table / 5,239 data rows	2026-08-06 08:03:42	Aggregated; raw unit/engine identifiers excluded
13384.2	POS PATRIA - SIJENJANG	MSB	SCOOPY STYLISH	RFS	Soft Booking	0-30	1	Stok_per_no_mesin_dealer - 2026-08-06T080342.480.xls	HTML table / 5,239 data rows	2026-08-06 08:03:42	Aggregated; raw unit/engine identifiers excluded
13384.2	POS PATRIA - SIJENJANG	MT1	PCX160 CBS	RFS	Soft Booking	0-30	2	Stok_per_no_mesin_dealer - 2026-08-06T080342.480.xls	HTML table / 5,239 data rows	2026-08-06 08:03:42	Aggregated; raw unit/engine identifiers excluded
13384.2	POS PATRIA - SIJENJANG	MV1	PCX160 ABS	RFS	Soft Booking	0-30	1	Stok_per_no_mesin_dealer - 2026-08-06T080342.480.xls	HTML table / 5,239 data rows	2026-08-06 08:03:42	Aggregated; raw unit/engine identifiers excluded
13384.2	POS PATRIA - SIJENJANG	MYA	VARIO EVO 160 CBS	RFS	Unfill	0-30	1	Stok_per_no_mesin_dealer - 2026-08-06T080342.480.xls	HTML table / 5,239 data rows	2026-08-06 08:03:42	Aggregated; raw unit/engine identifiers excluded
13384.2	POS PATRIA - SIJENJANG	NE0	VARIO 125 CBS ISS	RFS	Ready	0-30	1	Stok_per_no_mesin_dealer - 2026-08-06T080342.480.xls	HTML table / 5,239 data rows	2026-08-06 08:03:42	Aggregated; raw unit/engine identifiers excluded
13384.2	POS PATRIA - SIJENJANG	NE0	VARIO 125 CBS ISS	RFS	Soft Booking	0-30	1	Stok_per_no_mesin_dealer - 2026-08-06T080342.480.xls	HTML table / 5,239 data rows	2026-08-06 08:03:42	Aggregated; raw unit/engine identifiers excluded
13384.2	POS PATRIA - SIJENJANG	NE0	VARIO 125 CBS ISS	RFS	Unfill	0-30	1	Stok_per_no_mesin_dealer - 2026-08-06T080342.480.xls	HTML table / 5,239 data rows	2026-08-06 08:03:42	Aggregated; raw unit/engine identifiers excluded
13384.2	POS PATRIA - SIJENJANG	NF0	VARIO 125 STREET	RFS	Ready	31-60	1	Stok_per_no_mesin_dealer - 2026-08-06T080342.480.xls	HTML table / 5,239 data rows	2026-08-06 08:03:42	Aggregated; raw unit/engine identifiers excluded
13384.2	POS PATRIA - SIJENJANG	NF0	VARIO 125 STREET	RFS	Ready	61-90	1	Stok_per_no_mesin_dealer - 2026-08-06T080342.480.xls	HTML table / 5,239 data rows	2026-08-06 08:03:42	Aggregated; raw unit/engine identifiers excluded
13384.2	POS PATRIA - SIJENJANG	NF0	VARIO 125 STREET	RFS	Ready	91-120	2	Stok_per_no_mesin_dealer - 2026-08-06T080342.480.xls	HTML table / 5,239 data rows	2026-08-06 08:03:42	Aggregated; raw unit/engine identifiers excluded
13384.2	POS PATRIA - SIJENJANG	NF0	VARIO 125 STREET	RFS	Soft Booking	>150	1	Stok_per_no_mesin_dealer - 2026-08-06T080342.480.xls	HTML table / 5,239 data rows	2026-08-06 08:03:42	Aggregated; raw unit/engine identifiers excluded
13384.3	POS PATRIA - MENDALO	ESL	CRF150L	RFS	Unfill	0-30	2	Stok_per_no_mesin_dealer - 2026-08-06T080342.480.xls	HTML table / 5,239 data rows	2026-08-06 08:03:42	Aggregated; raw unit/engine identifiers excluded
13384.3	POS PATRIA - MENDALO	GB4	REVO FIT	RFS	Ready	0-30	2	Stok_per_no_mesin_dealer - 2026-08-06T080342.480.xls	HTML table / 5,239 data rows	2026-08-06 08:03:42	Aggregated; raw unit/engine identifiers excluded
13384.3	POS PATRIA - MENDALO	GB4	REVO FIT	RFS	Soft Booking	0-30	1	Stok_per_no_mesin_dealer - 2026-08-06T080342.480.xls	HTML table / 5,239 data rows	2026-08-06 08:03:42	Aggregated; raw unit/engine identifiers excluded
13384.3	POS PATRIA - MENDALO	GB4	REVO FIT	RFS	Unfill	0-30	1	Stok_per_no_mesin_dealer - 2026-08-06T080342.480.xls	HTML table / 5,239 data rows	2026-08-06 08:03:42	Aggregated; raw unit/engine identifiers excluded
13384.3	POS PATRIA - MENDALO	GD4	REVO X	RFS	Ready	0-30	3	Stok_per_no_mesin_dealer - 2026-08-06T080342.480.xls	HTML table / 5,239 data rows	2026-08-06 08:03:42	Aggregated; raw unit/engine identifiers excluded
13384.3	POS PATRIA - MENDALO	GF5	SUPRA X 125 CW	RFS	Ready	0-30	2	Stok_per_no_mesin_dealer - 2026-08-06T080342.480.xls	HTML table / 5,239 data rows	2026-08-06 08:03:42	Aggregated; raw unit/engine identifiers excluded
13384.3	POS PATRIA - MENDALO	GF5	SUPRA X 125 CW	RFS	Ready	31-60	1	Stok_per_no_mesin_dealer - 2026-08-06T080342.480.xls	HTML table / 5,239 data rows	2026-08-06 08:03:42	Aggregated; raw unit/engine identifiers excluded
13384.3	POS PATRIA - MENDALO	HJK	NEW SUPRA GTR150	RFS	Ready	61-90	1	Stok_per_no_mesin_dealer - 2026-08-06T080342.480.xls	HTML table / 5,239 data rows	2026-08-06 08:03:42	Aggregated; raw unit/engine identifiers excluded
13384.3	POS PATRIA - MENDALO	JS0	CB150R STREETFIRE	RFS	Ready	61-90	1	Stok_per_no_mesin_dealer - 2026-08-06T080342.480.xls	HTML table / 5,239 data rows	2026-08-06 08:03:42	Aggregated; raw unit/engine identifiers excluded
13384.3	POS PATRIA - MENDALO	KF0	CB150 VERZA SW	RFS	Ready	>150	1	Stok_per_no_mesin_dealer - 2026-08-06T080342.480.xls	HTML table / 5,239 data rows	2026-08-06 08:03:42	Aggregated; raw unit/engine identifiers excluded
13384.3	POS PATRIA - MENDALO	KG0	CB150 VERZA CW	RFS	Ready	0-30	1	Stok_per_no_mesin_dealer - 2026-08-06T080342.480.xls	HTML table / 5,239 data rows	2026-08-06 08:03:42	Aggregated; raw unit/engine identifiers excluded
13384.3	POS PATRIA - MENDALO	KG0	CB150 VERZA CW	RFS	Ready	31-60	1	Stok_per_no_mesin_dealer - 2026-08-06T080342.480.xls	HTML table / 5,239 data rows	2026-08-06 08:03:42	Aggregated; raw unit/engine identifiers excluded
13384.3	POS PATRIA - MENDALO	LY2	GENIO CBS	RFS	Ready	>150	1	Stok_per_no_mesin_dealer - 2026-08-06T080342.480.xls	HTML table / 5,239 data rows	2026-08-06 08:03:42	Aggregated; raw unit/engine identifiers excluded
13384.3	POS PATRIA - MENDALO	MF1	STYLO 160 CBS	RFS	Unfill	0-30	1	Stok_per_no_mesin_dealer - 2026-08-06T080342.480.xls	HTML table / 5,239 data rows	2026-08-06 08:03:42	Aggregated; raw unit/engine identifiers excluded
13384.3	POS PATRIA - MENDALO	MG1	STYLO 160 ABS	RFS	Unfill	0-30	1	Stok_per_no_mesin_dealer - 2026-08-06T080342.480.xls	HTML table / 5,239 data rows	2026-08-06 08:03:42	Aggregated; raw unit/engine identifiers excluded
13384.3	POS PATRIA - MENDALO	MJ1	BEAT SPORTY CBS	RFS	Ready	0-30	4	Stok_per_no_mesin_dealer - 2026-08-06T080342.480.xls	HTML table / 5,239 data rows	2026-08-06 08:03:42	Aggregated; raw unit/engine identifiers excluded
13384.3	POS PATRIA - MENDALO	MJ1	BEAT SPORTY CBS	RFS	Soft Booking	61-90	1	Stok_per_no_mesin_dealer - 2026-08-06T080342.480.xls	HTML table / 5,239 data rows	2026-08-06 08:03:42	Aggregated; raw unit/engine identifiers excluded
13384.3	POS PATRIA - MENDALO	MJ2	BEAT SPORTY CBS	RFS	Ready	0-30	1	Stok_per_no_mesin_dealer - 2026-08-06T080342.480.xls	HTML table / 5,239 data rows	2026-08-06 08:03:42	Aggregated; raw unit/engine identifiers excluded
13384.3	POS PATRIA - MENDALO	MJ2	BEAT SPORTY CBS	RFS	Soft Booking	0-30	1	Stok_per_no_mesin_dealer - 2026-08-06T080342.480.xls	HTML table / 5,239 data rows	2026-08-06 08:03:42	Aggregated; raw unit/engine identifiers excluded
13384.3	POS PATRIA - MENDALO	MK2	BEAT SPORTY CBS ISS	RFS	Ready	0-30	4	Stok_per_no_mesin_dealer - 2026-08-06T080342.480.xls	HTML table / 5,239 data rows	2026-08-06 08:03:42	Aggregated; raw unit/engine identifiers excluded
13384.3	POS PATRIA - MENDALO	MK2	BEAT SPORTY CBS ISS	RFS	Soft Booking	0-30	2	Stok_per_no_mesin_dealer - 2026-08-06T080342.480.xls	HTML table / 5,239 data rows	2026-08-06 08:03:42	Aggregated; raw unit/engine identifiers excluded
13384.3	POS PATRIA - MENDALO	MK2	BEAT SPORTY CBS ISS	RFS	Soft Booking	31-60	1	Stok_per_no_mesin_dealer - 2026-08-06T080342.480.xls	HTML table / 5,239 data rows	2026-08-06 08:03:42	Aggregated; raw unit/engine identifiers excluded
13384.3	POS PATRIA - MENDALO	ML1	BEAT SPORTY DLX SMART KEY	RFS	Ready	121-150	1	Stok_per_no_mesin_dealer - 2026-08-06T080342.480.xls	HTML table / 5,239 data rows	2026-08-06 08:03:42	Aggregated; raw unit/engine identifiers excluded
13384.3	POS PATRIA - MENDALO	ML1	BEAT SPORTY DLX SMART KEY	RFS	Ready	61-90	1	Stok_per_no_mesin_dealer - 2026-08-06T080342.480.xls	HTML table / 5,239 data rows	2026-08-06 08:03:42	Aggregated; raw unit/engine identifiers excluded
13384.3	POS PATRIA - MENDALO	ML2	BEAT SPORTY DLX SMART KEY	RFS	Ready	0-30	3	Stok_per_no_mesin_dealer - 2026-08-06T080342.480.xls	HTML table / 5,239 data rows	2026-08-06 08:03:42	Aggregated; raw unit/engine identifiers excluded
13384.3	POS PATRIA - MENDALO	MM1	BEAT STREET	RFS	Ready	121-150	1	Stok_per_no_mesin_dealer - 2026-08-06T080342.480.xls	HTML table / 5,239 data rows	2026-08-06 08:03:42	Aggregated; raw unit/engine identifiers excluded
13384.3	POS PATRIA - MENDALO	MM1	BEAT STREET	RFS	Ready	31-60	3	Stok_per_no_mesin_dealer - 2026-08-06T080342.480.xls	HTML table / 5,239 data rows	2026-08-06 08:03:42	Aggregated; raw unit/engine identifiers excluded
13384.3	POS PATRIA - MENDALO	MM1	BEAT STREET	RFS	Soft Booking	61-90	1	Stok_per_no_mesin_dealer - 2026-08-06T080342.480.xls	HTML table / 5,239 data rows	2026-08-06 08:03:42	Aggregated; raw unit/engine identifiers excluded
13384.3	POS PATRIA - MENDALO	MM1	BEAT STREET	RFS	Soft Booking	91-120	1	Stok_per_no_mesin_dealer - 2026-08-06T080342.480.xls	HTML table / 5,239 data rows	2026-08-06 08:03:42	Aggregated; raw unit/engine identifiers excluded
13384.3	POS PATRIA - MENDALO	MM1	BEAT STREET	RFS	Soft Booking	>150	1	Stok_per_no_mesin_dealer - 2026-08-06T080342.480.xls	HTML table / 5,239 data rows	2026-08-06 08:03:42	Aggregated; raw unit/engine identifiers excluded
13384.3	POS PATRIA - MENDALO	MM2	BEAT STREET	RFS	Ready	0-30	1	Stok_per_no_mesin_dealer - 2026-08-06T080342.480.xls	HTML table / 5,239 data rows	2026-08-06 08:03:42	Aggregated; raw unit/engine identifiers excluded
13384.3	POS PATRIA - MENDALO	MM2	BEAT STREET	RFS	Soft Booking	0-30	1	Stok_per_no_mesin_dealer - 2026-08-06T080342.480.xls	HTML table / 5,239 data rows	2026-08-06 08:03:42	Aggregated; raw unit/engine identifiers excluded
13384.3	POS PATRIA - MENDALO	MM2	BEAT STREET	RFS	Unfill	0-30	2	Stok_per_no_mesin_dealer - 2026-08-06T080342.480.xls	HTML table / 5,239 data rows	2026-08-06 08:03:42	Aggregated; raw unit/engine identifiers excluded
13384.3	POS PATRIA - MENDALO	MRB	SCOOPY FASHION	RFS	Ready	0-30	1	Stok_per_no_mesin_dealer - 2026-08-06T080342.480.xls	HTML table / 5,239 data rows	2026-08-06 08:03:42	Aggregated; raw unit/engine identifiers excluded
13384.3	POS PATRIA - MENDALO	MRB	SCOOPY FASHION	RFS	Ready	61-90	1	Stok_per_no_mesin_dealer - 2026-08-06T080342.480.xls	HTML table / 5,239 data rows	2026-08-06 08:03:42	Aggregated; raw unit/engine identifiers excluded
13384.3	POS PATRIA - MENDALO	MRB	SCOOPY FASHION	RFS	Unfill	0-30	1	Stok_per_no_mesin_dealer - 2026-08-06T080342.480.xls	HTML table / 5,239 data rows	2026-08-06 08:03:42	Aggregated; raw unit/engine identifiers excluded
13384.3	POS PATRIA - MENDALO	MS1	SCOOPY PRESTIGE	RFS	Ready	0-30	1	Stok_per_no_mesin_dealer - 2026-08-06T080342.480.xls	HTML table / 5,239 data rows	2026-08-06 08:03:42	Aggregated; raw unit/engine identifiers excluded
13384.3	POS PATRIA - MENDALO	MS1	SCOOPY PRESTIGE	RFS	Unfill	0-30	3	Stok_per_no_mesin_dealer - 2026-08-06T080342.480.xls	HTML table / 5,239 data rows	2026-08-06 08:03:42	Aggregated; raw unit/engine identifiers excluded
13384.3	POS PATRIA - MENDALO	MSB	SCOOPY STYLISH	RFS	Ready	0-30	1	Stok_per_no_mesin_dealer - 2026-08-06T080342.480.xls	HTML table / 5,239 data rows	2026-08-06 08:03:42	Aggregated; raw unit/engine identifiers excluded
13384.3	POS PATRIA - MENDALO	MSB	SCOOPY STYLISH	RFS	Unfill	0-30	1	Stok_per_no_mesin_dealer - 2026-08-06T080342.480.xls	HTML table / 5,239 data rows	2026-08-06 08:03:42	Aggregated; raw unit/engine identifiers excluded
13384.3	POS PATRIA - MENDALO	MT1	PCX160 CBS	RFS	Ready	0-30	1	Stok_per_no_mesin_dealer - 2026-08-06T080342.480.xls	HTML table / 5,239 data rows	2026-08-06 08:03:42	Aggregated; raw unit/engine identifiers excluded
13384.3	POS PATRIA - MENDALO	MT1	PCX160 CBS	RFS	Unfill	0-30	1	Stok_per_no_mesin_dealer - 2026-08-06T080342.480.xls	HTML table / 5,239 data rows	2026-08-06 08:03:42	Aggregated; raw unit/engine identifiers excluded
13384.3	POS PATRIA - MENDALO	MV1	PCX160 ABS	RFS	Ready	31-60	1	Stok_per_no_mesin_dealer - 2026-08-06T080342.480.xls	HTML table / 5,239 data rows	2026-08-06 08:03:42	Aggregated; raw unit/engine identifiers excluded
13384.3	POS PATRIA - MENDALO	MV1	PCX160 ABS	RFS	Soft Booking	0-30	1	Stok_per_no_mesin_dealer - 2026-08-06T080342.480.xls	HTML table / 5,239 data rows	2026-08-06 08:03:42	Aggregated; raw unit/engine identifiers excluded
13384.3	POS PATRIA - MENDALO	MW1	PCX160 Honda RoadSync	RFS	Unfill	0-30	1	Stok_per_no_mesin_dealer - 2026-08-06T080342.480.xls	HTML table / 5,239 data rows	2026-08-06 08:03:42	Aggregated; raw unit/engine identifiers excluded
13384.3	POS PATRIA - MENDALO	MX0	ICON E:	RFS	Ready	>150	1	Stok_per_no_mesin_dealer - 2026-08-06T080342.480.xls	HTML table / 5,239 data rows	2026-08-06 08:03:42	Aggregated; raw unit/engine identifiers excluded
13384.3	POS PATRIA - MENDALO	MYA	VARIO EVO 160 CBS	RFS	Ready	0-30	1	Stok_per_no_mesin_dealer - 2026-08-06T080342.480.xls	HTML table / 5,239 data rows	2026-08-06 08:03:42	Aggregated; raw unit/engine identifiers excluded
13384.3	POS PATRIA - MENDALO	NA0	ADV160 CBS	RFS	Ready	61-90	1	Stok_per_no_mesin_dealer - 2026-08-06T080342.480.xls	HTML table / 5,239 data rows	2026-08-06 08:03:42	Aggregated; raw unit/engine identifiers excluded
13384.3	POS PATRIA - MENDALO	NE0	VARIO 125 CBS ISS	RFS	Ready	0-30	3	Stok_per_no_mesin_dealer - 2026-08-06T080342.480.xls	HTML table / 5,239 data rows	2026-08-06 08:03:42	Aggregated; raw unit/engine identifiers excluded
13384.3	POS PATRIA - MENDALO	NF0	VARIO 125 STREET	RFS	Ready	0-30	2	Stok_per_no_mesin_dealer - 2026-08-06T080342.480.xls	HTML table / 5,239 data rows	2026-08-06 08:03:42	Aggregated; raw unit/engine identifiers excluded
13384.3	POS PATRIA - MENDALO	NF0	VARIO 125 STREET	RFS	Ready	121-150	1	Stok_per_no_mesin_dealer - 2026-08-06T080342.480.xls	HTML table / 5,239 data rows	2026-08-06 08:03:42	Aggregated; raw unit/engine identifiers excluded
13384.3	POS PATRIA - MENDALO	NF0	VARIO 125 STREET	RFS	Ready	91-120	2	Stok_per_no_mesin_dealer - 2026-08-06T080342.480.xls	HTML table / 5,239 data rows	2026-08-06 08:03:42	Aggregated; raw unit/engine identifiers excluded
13384.6	POS PATRIA - TUNGKAL	ESL	CRF150L	RFS	Ready	0-30	1	Stok_per_no_mesin_dealer - 2026-08-06T080342.480.xls	HTML table / 5,239 data rows	2026-08-06 08:03:42	Aggregated; raw unit/engine identifiers excluded
13384.6	POS PATRIA - TUNGKAL	ESL	CRF150L	RFS	Ready	31-60	1	Stok_per_no_mesin_dealer - 2026-08-06T080342.480.xls	HTML table / 5,239 data rows	2026-08-06 08:03:42	Aggregated; raw unit/engine identifiers excluded
13384.6	POS PATRIA - TUNGKAL	ESL	CRF150L	RFS	Soft Booking	>150	1	Stok_per_no_mesin_dealer - 2026-08-06T080342.480.xls	HTML table / 5,239 data rows	2026-08-06 08:03:42	Aggregated; raw unit/engine identifiers excluded
13384.6	POS PATRIA - TUNGKAL	GB4	REVO FIT	RFS	Ready	31-60	5	Stok_per_no_mesin_dealer - 2026-08-06T080342.480.xls	HTML table / 5,239 data rows	2026-08-06 08:03:42	Aggregated; raw unit/engine identifiers excluded
13384.6	POS PATRIA - TUNGKAL	GD4	REVO X	RFS	Ready	0-30	3	Stok_per_no_mesin_dealer - 2026-08-06T080342.480.xls	HTML table / 5,239 data rows	2026-08-06 08:03:42	Aggregated; raw unit/engine identifiers excluded
13384.6	POS PATRIA - TUNGKAL	GD4	REVO X	RFS	Ready	61-90	1	Stok_per_no_mesin_dealer - 2026-08-06T080342.480.xls	HTML table / 5,239 data rows	2026-08-06 08:03:42	Aggregated; raw unit/engine identifiers excluded
13384.6	POS PATRIA - TUNGKAL	GF5	SUPRA X 125 CW	RFS	Ready	0-30	3	Stok_per_no_mesin_dealer - 2026-08-06T080342.480.xls	HTML table / 5,239 data rows	2026-08-06 08:03:42	Aggregated; raw unit/engine identifiers excluded
13384.6	POS PATRIA - TUNGKAL	GF5	SUPRA X 125 CW	RFS	Soft Booking	0-30	1	Stok_per_no_mesin_dealer - 2026-08-06T080342.480.xls	HTML table / 5,239 data rows	2026-08-06 08:03:42	Aggregated; raw unit/engine identifiers excluded
13384.6	POS PATRIA - TUNGKAL	HJK	NEW SUPRA GTR150	RFS	Ready	31-60	1	Stok_per_no_mesin_dealer - 2026-08-06T080342.480.xls	HTML table / 5,239 data rows	2026-08-06 08:03:42	Aggregated; raw unit/engine identifiers excluded
13384.6	POS PATRIA - TUNGKAL	KF0	CB150 VERZA SW	RFS	Ready	>150	1	Stok_per_no_mesin_dealer - 2026-08-06T080342.480.xls	HTML table / 5,239 data rows	2026-08-06 08:03:42	Aggregated; raw unit/engine identifiers excluded
13384.6	POS PATRIA - TUNGKAL	KG0	CB150 VERZA CW	RFS	Ready	31-60	1	Stok_per_no_mesin_dealer - 2026-08-06T080342.480.xls	HTML table / 5,239 data rows	2026-08-06 08:03:42	Aggregated; raw unit/engine identifiers excluded
13384.6	POS PATRIA - TUNGKAL	KG0	CB150 VERZA CW	RFS	Ready	61-90	1	Stok_per_no_mesin_dealer - 2026-08-06T080342.480.xls	HTML table / 5,239 data rows	2026-08-06 08:03:42	Aggregated; raw unit/engine identifiers excluded
13384.6	POS PATRIA - TUNGKAL	LY2	GENIO CBS	RFS	Ready	91-120	1	Stok_per_no_mesin_dealer - 2026-08-06T080342.480.xls	HTML table / 5,239 data rows	2026-08-06 08:03:42	Aggregated; raw unit/engine identifiers excluded
13384.6	POS PATRIA - TUNGKAL	MF1	STYLO 160 CBS	RFS	Ready	0-30	1	Stok_per_no_mesin_dealer - 2026-08-06T080342.480.xls	HTML table / 5,239 data rows	2026-08-06 08:03:42	Aggregated; raw unit/engine identifiers excluded
13384.6	POS PATRIA - TUNGKAL	MJ1	BEAT SPORTY CBS	RFS	Ready	0-30	2	Stok_per_no_mesin_dealer - 2026-08-06T080342.480.xls	HTML table / 5,239 data rows	2026-08-06 08:03:42	Aggregated; raw unit/engine identifiers excluded
13384.6	POS PATRIA - TUNGKAL	MJ1	BEAT SPORTY CBS	RFS	Ready	31-60	1	Stok_per_no_mesin_dealer - 2026-08-06T080342.480.xls	HTML table / 5,239 data rows	2026-08-06 08:03:42	Aggregated; raw unit/engine identifiers excluded
13384.6	POS PATRIA - TUNGKAL	MJ1	BEAT SPORTY CBS	RFS	Soft Booking	31-60	1	Stok_per_no_mesin_dealer - 2026-08-06T080342.480.xls	HTML table / 5,239 data rows	2026-08-06 08:03:42	Aggregated; raw unit/engine identifiers excluded
13384.6	POS PATRIA - TUNGKAL	MJ2	BEAT SPORTY CBS	RFS	Ready	0-30	4	Stok_per_no_mesin_dealer - 2026-08-06T080342.480.xls	HTML table / 5,239 data rows	2026-08-06 08:03:42	Aggregated; raw unit/engine identifiers excluded
13384.6	POS PATRIA - TUNGKAL	MJ2	BEAT SPORTY CBS	RFS	Soft Booking	0-30	1	Stok_per_no_mesin_dealer - 2026-08-06T080342.480.xls	HTML table / 5,239 data rows	2026-08-06 08:03:42	Aggregated; raw unit/engine identifiers excluded
13384.6	POS PATRIA - TUNGKAL	MK1	BEAT SPORTY CBS ISS DELUXE	RFS	Ready	31-60	2	Stok_per_no_mesin_dealer - 2026-08-06T080342.480.xls	HTML table / 5,239 data rows	2026-08-06 08:03:42	Aggregated; raw unit/engine identifiers excluded
13384.6	POS PATRIA - TUNGKAL	MK1	BEAT SPORTY CBS ISS DELUXE	RFS	Soft Booking	31-60	2	Stok_per_no_mesin_dealer - 2026-08-06T080342.480.xls	HTML table / 5,239 data rows	2026-08-06 08:03:42	Aggregated; raw unit/engine identifiers excluded
13384.6	POS PATRIA - TUNGKAL	MK2	BEAT SPORTY CBS ISS	RFS	Ready	0-30	3	Stok_per_no_mesin_dealer - 2026-08-06T080342.480.xls	HTML table / 5,239 data rows	2026-08-06 08:03:42	Aggregated; raw unit/engine identifiers excluded
13384.6	POS PATRIA - TUNGKAL	ML2	BEAT SPORTY DLX SMART KEY	RFS	Ready	0-30	4	Stok_per_no_mesin_dealer - 2026-08-06T080342.480.xls	HTML table / 5,239 data rows	2026-08-06 08:03:42	Aggregated; raw unit/engine identifiers excluded
13384.6	POS PATRIA - TUNGKAL	ML2	BEAT SPORTY DLX SMART KEY	RFS	Soft Booking	0-30	1	Stok_per_no_mesin_dealer - 2026-08-06T080342.480.xls	HTML table / 5,239 data rows	2026-08-06 08:03:42	Aggregated; raw unit/engine identifiers excluded
13384.6	POS PATRIA - TUNGKAL	MM1	BEAT STREET	RFS	Ready	31-60	1	Stok_per_no_mesin_dealer - 2026-08-06T080342.480.xls	HTML table / 5,239 data rows	2026-08-06 08:03:42	Aggregated; raw unit/engine identifiers excluded
13384.6	POS PATRIA - TUNGKAL	MM2	BEAT STREET	RFS	Ready	0-30	4	Stok_per_no_mesin_dealer - 2026-08-06T080342.480.xls	HTML table / 5,239 data rows	2026-08-06 08:03:42	Aggregated; raw unit/engine identifiers excluded
13384.6	POS PATRIA - TUNGKAL	MRB	SCOOPY FASHION	RFS	Soft Booking	31-60	1	Stok_per_no_mesin_dealer - 2026-08-06T080342.480.xls	HTML table / 5,239 data rows	2026-08-06 08:03:42	Aggregated; raw unit/engine identifiers excluded
13384.6	POS PATRIA - TUNGKAL	MSB	SCOOPY STYLISH	RFS	Ready	0-30	1	Stok_per_no_mesin_dealer - 2026-08-06T080342.480.xls	HTML table / 5,239 data rows	2026-08-06 08:03:42	Aggregated; raw unit/engine identifiers excluded
13384.6	POS PATRIA - TUNGKAL	MT1	PCX160 CBS	RFS	Ready	0-30	2	Stok_per_no_mesin_dealer - 2026-08-06T080342.480.xls	HTML table / 5,239 data rows	2026-08-06 08:03:42	Aggregated; raw unit/engine identifiers excluded
13384.6	POS PATRIA - TUNGKAL	MV1	PCX160 ABS	RFS	Ready	0-30	1	Stok_per_no_mesin_dealer - 2026-08-06T080342.480.xls	HTML table / 5,239 data rows	2026-08-06 08:03:42	Aggregated; raw unit/engine identifiers excluded
13384.6	POS PATRIA - TUNGKAL	MV1	PCX160 ABS	RFS	Soft Booking	0-30	1	Stok_per_no_mesin_dealer - 2026-08-06T080342.480.xls	HTML table / 5,239 data rows	2026-08-06 08:03:42	Aggregated; raw unit/engine identifiers excluded
13384.6	POS PATRIA - TUNGKAL	MW1	PCX160 Honda RoadSync	RFS	Ready	0-30	1	Stok_per_no_mesin_dealer - 2026-08-06T080342.480.xls	HTML table / 5,239 data rows	2026-08-06 08:03:42	Aggregated; raw unit/engine identifiers excluded
13384.6	POS PATRIA - TUNGKAL	MZ0	VARIO EVO 160 ABS	RFS	Ready	0-30	1	Stok_per_no_mesin_dealer - 2026-08-06T080342.480.xls	HTML table / 5,239 data rows	2026-08-06 08:03:42	Aggregated; raw unit/engine identifiers excluded
13384.6	POS PATRIA - TUNGKAL	NE0	VARIO 125 CBS ISS	RFS	Soft Booking	0-30	1	Stok_per_no_mesin_dealer - 2026-08-06T080342.480.xls	HTML table / 5,239 data rows	2026-08-06 08:03:42	Aggregated; raw unit/engine identifiers excluded
13384.6	POS PATRIA - TUNGKAL	NF0	VARIO 125 STREET	RFS	Ready	61-90	3	Stok_per_no_mesin_dealer - 2026-08-06T080342.480.xls	HTML table / 5,239 data rows	2026-08-06 08:03:42	Aggregated; raw unit/engine identifiers excluded
13384.6	POS PATRIA - TUNGKAL	NF0	VARIO 125 STREET	RFS	Soft Booking	>150	1	Stok_per_no_mesin_dealer - 2026-08-06T080342.480.xls	HTML table / 5,239 data rows	2026-08-06 08:03:42	Aggregated; raw unit/engine identifiers excluded
13385	PT. SENTOSA SAKTI MOTOR - THEHOK	ESL	CRF150L	RFS	Ready	31-60	1	Stok_per_no_mesin_dealer - 2026-08-06T080342.480.xls	HTML table / 5,239 data rows	2026-08-06 08:03:42	Aggregated; raw unit/engine identifiers excluded
13385	PT. SENTOSA SAKTI MOTOR - THEHOK	ESL	CRF150L	RFS	Ready	91-120	1	Stok_per_no_mesin_dealer - 2026-08-06T080342.480.xls	HTML table / 5,239 data rows	2026-08-06 08:03:42	Aggregated; raw unit/engine identifiers excluded
13385	PT. SENTOSA SAKTI MOTOR - THEHOK	GB4	REVO FIT	RFS	Ready	0-30	1	Stok_per_no_mesin_dealer - 2026-08-06T080342.480.xls	HTML table / 5,239 data rows	2026-08-06 08:03:42	Aggregated; raw unit/engine identifiers excluded
13385	PT. SENTOSA SAKTI MOTOR - THEHOK	GB4	REVO FIT	RFS	Ready	31-60	1	Stok_per_no_mesin_dealer - 2026-08-06T080342.480.xls	HTML table / 5,239 data rows	2026-08-06 08:03:42	Aggregated; raw unit/engine identifiers excluded
13385	PT. SENTOSA SAKTI MOTOR - THEHOK	GB4	REVO FIT	RFS	Ready	91-120	1	Stok_per_no_mesin_dealer - 2026-08-06T080342.480.xls	HTML table / 5,239 data rows	2026-08-06 08:03:42	Aggregated; raw unit/engine identifiers excluded
13385	PT. SENTOSA SAKTI MOTOR - THEHOK	GB4	REVO FIT	RFS	Soft Booking	31-60	1	Stok_per_no_mesin_dealer - 2026-08-06T080342.480.xls	HTML table / 5,239 data rows	2026-08-06 08:03:42	Aggregated; raw unit/engine identifiers excluded
13385	PT. SENTOSA SAKTI MOTOR - THEHOK	GD4	REVO X	RFS	Ready	61-90	2	Stok_per_no_mesin_dealer - 2026-08-06T080342.480.xls	HTML table / 5,239 data rows	2026-08-06 08:03:42	Aggregated; raw unit/engine identifiers excluded
13385	PT. SENTOSA SAKTI MOTOR - THEHOK	GD4	REVO X	RFS	Soft Booking	31-60	1	Stok_per_no_mesin_dealer - 2026-08-06T080342.480.xls	HTML table / 5,239 data rows	2026-08-06 08:03:42	Aggregated; raw unit/engine identifiers excluded
13385	PT. SENTOSA SAKTI MOTOR - THEHOK	GD4	REVO X	RFS	Unfill	0-30	1	Stok_per_no_mesin_dealer - 2026-08-06T080342.480.xls	HTML table / 5,239 data rows	2026-08-06 08:03:42	Aggregated; raw unit/engine identifiers excluded
13385	PT. SENTOSA SAKTI MOTOR - THEHOK	GF5	SUPRA X 125 CW	RFS	Ready	0-30	1	Stok_per_no_mesin_dealer - 2026-08-06T080342.480.xls	HTML table / 5,239 data rows	2026-08-06 08:03:42	Aggregated; raw unit/engine identifiers excluded
13385	PT. SENTOSA SAKTI MOTOR - THEHOK	GF5	SUPRA X 125 CW	RFS	Unfill	0-30	3	Stok_per_no_mesin_dealer - 2026-08-06T080342.480.xls	HTML table / 5,239 data rows	2026-08-06 08:03:42	Aggregated; raw unit/engine identifiers excluded
13385	PT. SENTOSA SAKTI MOTOR - THEHOK	HJ9	NEW SUPRA GTR150 SPORTY	RFS	Ready	61-90	1	Stok_per_no_mesin_dealer - 2026-08-06T080342.480.xls	HTML table / 5,239 data rows	2026-08-06 08:03:42	Aggregated; raw unit/engine identifiers excluded
13385	PT. SENTOSA SAKTI MOTOR - THEHOK	JS0	CB150R STREETFIRE	RFS	Ready	91-120	1	Stok_per_no_mesin_dealer - 2026-08-06T080342.480.xls	HTML table / 5,239 data rows	2026-08-06 08:03:42	Aggregated; raw unit/engine identifiers excluded
13385	PT. SENTOSA SAKTI MOTOR - THEHOK	KF0	CB150 VERZA SW	RFS	Ready	121-150	1	Stok_per_no_mesin_dealer - 2026-08-06T080342.480.xls	HTML table / 5,239 data rows	2026-08-06 08:03:42	Aggregated; raw unit/engine identifiers excluded
13385	PT. SENTOSA SAKTI MOTOR - THEHOK	KG0	CB150 VERZA CW	RFS	Ready	31-60	2	Stok_per_no_mesin_dealer - 2026-08-06T080342.480.xls	HTML table / 5,239 data rows	2026-08-06 08:03:42	Aggregated; raw unit/engine identifiers excluded
13385	PT. SENTOSA SAKTI MOTOR - THEHOK	LY2	GENIO CBS	RFS	Soft Booking	91-120	1	Stok_per_no_mesin_dealer - 2026-08-06T080342.480.xls	HTML table / 5,239 data rows	2026-08-06 08:03:42	Aggregated; raw unit/engine identifiers excluded
13385	PT. SENTOSA SAKTI MOTOR - THEHOK	MF1	STYLO 160 CBS	RFS	Ready	0-30	1	Stok_per_no_mesin_dealer - 2026-08-06T080342.480.xls	HTML table / 5,239 data rows	2026-08-06 08:03:42	Aggregated; raw unit/engine identifiers excluded
13385	PT. SENTOSA SAKTI MOTOR - THEHOK	MG1	STYLO 160 ABS	RFS	Ready	0-30	1	Stok_per_no_mesin_dealer - 2026-08-06T080342.480.xls	HTML table / 5,239 data rows	2026-08-06 08:03:42	Aggregated; raw unit/engine identifiers excluded
13385	PT. SENTOSA SAKTI MOTOR - THEHOK	MGA	STYLO 160 ABS SPECIAL	RFS	Ready	0-30	1	Stok_per_no_mesin_dealer - 2026-08-06T080342.480.xls	HTML table / 5,239 data rows	2026-08-06 08:03:42	Aggregated; raw unit/engine identifiers excluded
13385	PT. SENTOSA SAKTI MOTOR - THEHOK	MJ1	BEAT SPORTY CBS	RFS	Ready	0-30	2	Stok_per_no_mesin_dealer - 2026-08-06T080342.480.xls	HTML table / 5,239 data rows	2026-08-06 08:03:42	Aggregated; raw unit/engine identifiers excluded
13385	PT. SENTOSA SAKTI MOTOR - THEHOK	MJ1	BEAT SPORTY CBS	RFS	Ready	121-150	1	Stok_per_no_mesin_dealer - 2026-08-06T080342.480.xls	HTML table / 5,239 data rows	2026-08-06 08:03:42	Aggregated; raw unit/engine identifiers excluded
13385	PT. SENTOSA SAKTI MOTOR - THEHOK	MJ1	BEAT SPORTY CBS	RFS	Ready	31-60	1	Stok_per_no_mesin_dealer - 2026-08-06T080342.480.xls	HTML table / 5,239 data rows	2026-08-06 08:03:42	Aggregated; raw unit/engine identifiers excluded
13385	PT. SENTOSA SAKTI MOTOR - THEHOK	MJ2	BEAT SPORTY CBS	RFS	Intransit	0-30	1	Stok_per_no_mesin_dealer - 2026-08-06T080342.480.xls	HTML table / 5,239 data rows	2026-08-06 08:03:42	Aggregated; raw unit/engine identifiers excluded
13385	PT. SENTOSA SAKTI MOTOR - THEHOK	MJ2	BEAT SPORTY CBS	RFS	Ready	0-30	3	Stok_per_no_mesin_dealer - 2026-08-06T080342.480.xls	HTML table / 5,239 data rows	2026-08-06 08:03:42	Aggregated; raw unit/engine identifiers excluded
13385	PT. SENTOSA SAKTI MOTOR - THEHOK	MJ2	BEAT SPORTY CBS	RFS	Unfill	0-30	2	Stok_per_no_mesin_dealer - 2026-08-06T080342.480.xls	HTML table / 5,239 data rows	2026-08-06 08:03:42	Aggregated; raw unit/engine identifiers excluded
13385	PT. SENTOSA SAKTI MOTOR - THEHOK	MK1	BEAT SPORTY CBS ISS DELUXE	RFS	Ready	0-30	1	Stok_per_no_mesin_dealer - 2026-08-06T080342.480.xls	HTML table / 5,239 data rows	2026-08-06 08:03:42	Aggregated; raw unit/engine identifiers excluded
13385	PT. SENTOSA SAKTI MOTOR - THEHOK	MK2	BEAT SPORTY CBS ISS	RFS	Ready	0-30	4	Stok_per_no_mesin_dealer - 2026-08-06T080342.480.xls	HTML table / 5,239 data rows	2026-08-06 08:03:42	Aggregated; raw unit/engine identifiers excluded
13385	PT. SENTOSA SAKTI MOTOR - THEHOK	ML2	BEAT SPORTY DLX SMART KEY	RFS	Ready	0-30	4	Stok_per_no_mesin_dealer - 2026-08-06T080342.480.xls	HTML table / 5,239 data rows	2026-08-06 08:03:42	Aggregated; raw unit/engine identifiers excluded
13385	PT. SENTOSA SAKTI MOTOR - THEHOK	ML2	BEAT SPORTY DLX SMART KEY	RFS	Soft Booking	0-30	1	Stok_per_no_mesin_dealer - 2026-08-06T080342.480.xls	HTML table / 5,239 data rows	2026-08-06 08:03:42	Aggregated; raw unit/engine identifiers excluded
13385	PT. SENTOSA SAKTI MOTOR - THEHOK	ML2	BEAT SPORTY DLX SMART KEY	RFS	Unfill	0-30	3	Stok_per_no_mesin_dealer - 2026-08-06T080342.480.xls	HTML table / 5,239 data rows	2026-08-06 08:03:42	Aggregated; raw unit/engine identifiers excluded
13385	PT. SENTOSA SAKTI MOTOR - THEHOK	MM2	BEAT STREET	RFS	Ready	0-30	6	Stok_per_no_mesin_dealer - 2026-08-06T080342.480.xls	HTML table / 5,239 data rows	2026-08-06 08:03:42	Aggregated; raw unit/engine identifiers excluded
13385	PT. SENTOSA SAKTI MOTOR - THEHOK	MM2	BEAT STREET	RFS	Soft Booking	0-30	2	Stok_per_no_mesin_dealer - 2026-08-06T080342.480.xls	HTML table / 5,239 data rows	2026-08-06 08:03:42	Aggregated; raw unit/engine identifiers excluded
13385	PT. SENTOSA SAKTI MOTOR - THEHOK	MRB	SCOOPY FASHION	RFS	Unfill	0-30	1	Stok_per_no_mesin_dealer - 2026-08-06T080342.480.xls	HTML table / 5,239 data rows	2026-08-06 08:03:42	Aggregated; raw unit/engine identifiers excluded
13385	PT. SENTOSA SAKTI MOTOR - THEHOK	MS1	SCOOPY PRESTIGE	RFS	Ready	0-30	1	Stok_per_no_mesin_dealer - 2026-08-06T080342.480.xls	HTML table / 5,239 data rows	2026-08-06 08:03:42	Aggregated; raw unit/engine identifiers excluded
13385	PT. SENTOSA SAKTI MOTOR - THEHOK	MS1	SCOOPY PRESTIGE	RFS	Unfill	0-30	2	Stok_per_no_mesin_dealer - 2026-08-06T080342.480.xls	HTML table / 5,239 data rows	2026-08-06 08:03:42	Aggregated; raw unit/engine identifiers excluded
13385	PT. SENTOSA SAKTI MOTOR - THEHOK	MSB	SCOOPY STYLISH	RFS	Ready	0-30	1	Stok_per_no_mesin_dealer - 2026-08-06T080342.480.xls	HTML table / 5,239 data rows	2026-08-06 08:03:42	Aggregated; raw unit/engine identifiers excluded
13385	PT. SENTOSA SAKTI MOTOR - THEHOK	MSB	SCOOPY STYLISH	RFS	Unfill	0-30	2	Stok_per_no_mesin_dealer - 2026-08-06T080342.480.xls	HTML table / 5,239 data rows	2026-08-06 08:03:42	Aggregated; raw unit/engine identifiers excluded
13385	PT. SENTOSA SAKTI MOTOR - THEHOK	MT1	PCX160 CBS	RFS	Unfill	0-30	1	Stok_per_no_mesin_dealer - 2026-08-06T080342.480.xls	HTML table / 5,239 data rows	2026-08-06 08:03:42	Aggregated; raw unit/engine identifiers excluded
13385	PT. SENTOSA SAKTI MOTOR - THEHOK	MV1	PCX160 ABS	RFS	Ready	0-30	1	Stok_per_no_mesin_dealer - 2026-08-06T080342.480.xls	HTML table / 5,239 data rows	2026-08-06 08:03:42	Aggregated; raw unit/engine identifiers excluded
13385	PT. SENTOSA SAKTI MOTOR - THEHOK	MV1	PCX160 ABS	RFS	Ready	91-120	1	Stok_per_no_mesin_dealer - 2026-08-06T080342.480.xls	HTML table / 5,239 data rows	2026-08-06 08:03:42	Aggregated; raw unit/engine identifiers excluded
13385	PT. SENTOSA SAKTI MOTOR - THEHOK	MY0	VARIO EVO 160 CBS Nitro	RFS	Unfill	0-30	1	Stok_per_no_mesin_dealer - 2026-08-06T080342.480.xls	HTML table / 5,239 data rows	2026-08-06 08:03:42	Aggregated; raw unit/engine identifiers excluded
13385	PT. SENTOSA SAKTI MOTOR - THEHOK	MYA	VARIO EVO 160 CBS	RFS	Unfill	0-30	2	Stok_per_no_mesin_dealer - 2026-08-06T080342.480.xls	HTML table / 5,239 data rows	2026-08-06 08:03:42	Aggregated; raw unit/engine identifiers excluded
13385	PT. SENTOSA SAKTI MOTOR - THEHOK	MZ0	VARIO EVO 160 ABS	RFS	Ready	0-30	1	Stok_per_no_mesin_dealer - 2026-08-06T080342.480.xls	HTML table / 5,239 data rows	2026-08-06 08:03:42	Aggregated; raw unit/engine identifiers excluded
13385	PT. SENTOSA SAKTI MOTOR - THEHOK	NE0	VARIO 125 CBS ISS	RFS	Unfill	0-30	2	Stok_per_no_mesin_dealer - 2026-08-06T080342.480.xls	HTML table / 5,239 data rows	2026-08-06 08:03:42	Aggregated; raw unit/engine identifiers excluded
13385	PT. SENTOSA SAKTI MOTOR - THEHOK	NF0	VARIO 125 STREET	RFS	Ready	121-150	1	Stok_per_no_mesin_dealer - 2026-08-06T080342.480.xls	HTML table / 5,239 data rows	2026-08-06 08:03:42	Aggregated; raw unit/engine identifiers excluded
13385	PT. SENTOSA SAKTI MOTOR - THEHOK	NF0	VARIO 125 STREET	RFS	Ready	91-120	2	Stok_per_no_mesin_dealer - 2026-08-06T080342.480.xls	HTML table / 5,239 data rows	2026-08-06 08:03:42	Aggregated; raw unit/engine identifiers excluded
13386	PT. TEMBESI JAYA SENTOSA - RENGAS	ESL	CRF150L	RFS	Intransit	0-30	1	Stok_per_no_mesin_dealer - 2026-08-06T080342.480.xls	HTML table / 5,239 data rows	2026-08-06 08:03:42	Aggregated; raw unit/engine identifiers excluded
13386	PT. TEMBESI JAYA SENTOSA - RENGAS	ESL	CRF150L	RFS	Ready	0-30	1	Stok_per_no_mesin_dealer - 2026-08-06T080342.480.xls	HTML table / 5,239 data rows	2026-08-06 08:03:42	Aggregated; raw unit/engine identifiers excluded
13386	PT. TEMBESI JAYA SENTOSA - RENGAS	GB4	REVO FIT	RFS	Ready	0-30	15	Stok_per_no_mesin_dealer - 2026-08-06T080342.480.xls	HTML table / 5,239 data rows	2026-08-06 08:03:42	Aggregated; raw unit/engine identifiers excluded
13386	PT. TEMBESI JAYA SENTOSA - RENGAS	GB4	REVO FIT	RFS	Soft Booking	0-30	1	Stok_per_no_mesin_dealer - 2026-08-06T080342.480.xls	HTML table / 5,239 data rows	2026-08-06 08:03:42	Aggregated; raw unit/engine identifiers excluded
13386	PT. TEMBESI JAYA SENTOSA - RENGAS	GB4	REVO FIT	RFS	Soft Booking	31-60	1	Stok_per_no_mesin_dealer - 2026-08-06T080342.480.xls	HTML table / 5,239 data rows	2026-08-06 08:03:42	Aggregated; raw unit/engine identifiers excluded
13386	PT. TEMBESI JAYA SENTOSA - RENGAS	GB4	REVO FIT	RFS	Soft Booking	61-90	1	Stok_per_no_mesin_dealer - 2026-08-06T080342.480.xls	HTML table / 5,239 data rows	2026-08-06 08:03:42	Aggregated; raw unit/engine identifiers excluded
13386	PT. TEMBESI JAYA SENTOSA - RENGAS	GD4	REVO X	RFS	Ready	0-30	12	Stok_per_no_mesin_dealer - 2026-08-06T080342.480.xls	HTML table / 5,239 data rows	2026-08-06 08:03:42	Aggregated; raw unit/engine identifiers excluded
13386	PT. TEMBESI JAYA SENTOSA - RENGAS	GE5	SUPRA X 125 SW	RFS	Ready	31-60	1	Stok_per_no_mesin_dealer - 2026-08-06T080342.480.xls	HTML table / 5,239 data rows	2026-08-06 08:03:42	Aggregated; raw unit/engine identifiers excluded
13386	PT. TEMBESI JAYA SENTOSA - RENGAS	GF5	SUPRA X 125 CW	RFS	Ready	0-30	1	Stok_per_no_mesin_dealer - 2026-08-06T080342.480.xls	HTML table / 5,239 data rows	2026-08-06 08:03:42	Aggregated; raw unit/engine identifiers excluded
13386	PT. TEMBESI JAYA SENTOSA - RENGAS	GF5	SUPRA X 125 CW	RFS	Ready	31-60	2	Stok_per_no_mesin_dealer - 2026-08-06T080342.480.xls	HTML table / 5,239 data rows	2026-08-06 08:03:42	Aggregated; raw unit/engine identifiers excluded
13386	PT. TEMBESI JAYA SENTOSA - RENGAS	GF5	SUPRA X 125 CW	RFS	Soft Booking	0-30	1	Stok_per_no_mesin_dealer - 2026-08-06T080342.480.xls	HTML table / 5,239 data rows	2026-08-06 08:03:42	Aggregated; raw unit/engine identifiers excluded
13386	PT. TEMBESI JAYA SENTOSA - RENGAS	GF5	SUPRA X 125 CW	RFS	Soft Booking	31-60	2	Stok_per_no_mesin_dealer - 2026-08-06T080342.480.xls	HTML table / 5,239 data rows	2026-08-06 08:03:42	Aggregated; raw unit/engine identifiers excluded
13386	PT. TEMBESI JAYA SENTOSA - RENGAS	HJ9	NEW SUPRA GTR150 SPORTY	RFS	Ready	0-30	1	Stok_per_no_mesin_dealer - 2026-08-06T080342.480.xls	HTML table / 5,239 data rows	2026-08-06 08:03:42	Aggregated; raw unit/engine identifiers excluded
13386	PT. TEMBESI JAYA SENTOSA - RENGAS	JML	CBR 150R STD	RFS	Ready	0-30	1	Stok_per_no_mesin_dealer - 2026-08-06T080342.480.xls	HTML table / 5,239 data rows	2026-08-06 08:03:42	Aggregated; raw unit/engine identifiers excluded
13386	PT. TEMBESI JAYA SENTOSA - RENGAS	JS0	CB150R STREETFIRE	RFS	Ready	121-150	1	Stok_per_no_mesin_dealer - 2026-08-06T080342.480.xls	HTML table / 5,239 data rows	2026-08-06 08:03:42	Aggregated; raw unit/engine identifiers excluded
13386	PT. TEMBESI JAYA SENTOSA - RENGAS	KF0	CB150 VERZA SW	RFS	Ready	31-60	1	Stok_per_no_mesin_dealer - 2026-08-06T080342.480.xls	HTML table / 5,239 data rows	2026-08-06 08:03:42	Aggregated; raw unit/engine identifiers excluded
13386	PT. TEMBESI JAYA SENTOSA - RENGAS	KG0	CB150 VERZA CW	RFS	Ready	31-60	1	Stok_per_no_mesin_dealer - 2026-08-06T080342.480.xls	HTML table / 5,239 data rows	2026-08-06 08:03:42	Aggregated; raw unit/engine identifiers excluded
13386	PT. TEMBESI JAYA SENTOSA - RENGAS	LY2	GENIO CBS	RFS	Ready	121-150	1	Stok_per_no_mesin_dealer - 2026-08-06T080342.480.xls	HTML table / 5,239 data rows	2026-08-06 08:03:42	Aggregated; raw unit/engine identifiers excluded
13386	PT. TEMBESI JAYA SENTOSA - RENGAS	LZ2	GENIO CBS ISS	RFS	Ready	>150	1	Stok_per_no_mesin_dealer - 2026-08-06T080342.480.xls	HTML table / 5,239 data rows	2026-08-06 08:03:42	Aggregated; raw unit/engine identifiers excluded
13386	PT. TEMBESI JAYA SENTOSA - RENGAS	MG1	STYLO 160 ABS	RFS	Ready	0-30	1	Stok_per_no_mesin_dealer - 2026-08-06T080342.480.xls	HTML table / 5,239 data rows	2026-08-06 08:03:42	Aggregated; raw unit/engine identifiers excluded
13386	PT. TEMBESI JAYA SENTOSA - RENGAS	MGA	STYLO 160 ABS SPECIAL	RFS	Intransit	0-30	1	Stok_per_no_mesin_dealer - 2026-08-06T080342.480.xls	HTML table / 5,239 data rows	2026-08-06 08:03:42	Aggregated; raw unit/engine identifiers excluded
13386	PT. TEMBESI JAYA SENTOSA - RENGAS	MJ1	BEAT SPORTY CBS	RFS	Ready	0-30	4	Stok_per_no_mesin_dealer - 2026-08-06T080342.480.xls	HTML table / 5,239 data rows	2026-08-06 08:03:42	Aggregated; raw unit/engine identifiers excluded
13386	PT. TEMBESI JAYA SENTOSA - RENGAS	MJ1	BEAT SPORTY CBS	RFS	Soft Booking	0-30	1	Stok_per_no_mesin_dealer - 2026-08-06T080342.480.xls	HTML table / 5,239 data rows	2026-08-06 08:03:42	Aggregated; raw unit/engine identifiers excluded
13386	PT. TEMBESI JAYA SENTOSA - RENGAS	MJ1	BEAT SPORTY CBS	RFS	Soft Booking	61-90	1	Stok_per_no_mesin_dealer - 2026-08-06T080342.480.xls	HTML table / 5,239 data rows	2026-08-06 08:03:42	Aggregated; raw unit/engine identifiers excluded
13386	PT. TEMBESI JAYA SENTOSA - RENGAS	MJ2	BEAT SPORTY CBS	RFS	Ready	0-30	6	Stok_per_no_mesin_dealer - 2026-08-06T080342.480.xls	HTML table / 5,239 data rows	2026-08-06 08:03:42	Aggregated; raw unit/engine identifiers excluded
13386	PT. TEMBESI JAYA SENTOSA - RENGAS	MK2	BEAT SPORTY CBS ISS	RFS	Intransit	0-30	1	Stok_per_no_mesin_dealer - 2026-08-06T080342.480.xls	HTML table / 5,239 data rows	2026-08-06 08:03:42	Aggregated; raw unit/engine identifiers excluded
13386	PT. TEMBESI JAYA SENTOSA - RENGAS	MK2	BEAT SPORTY CBS ISS	RFS	Ready	0-30	4	Stok_per_no_mesin_dealer - 2026-08-06T080342.480.xls	HTML table / 5,239 data rows	2026-08-06 08:03:42	Aggregated; raw unit/engine identifiers excluded
13386	PT. TEMBESI JAYA SENTOSA - RENGAS	ML2	BEAT SPORTY DLX SMART KEY	RFS	Ready	0-30	6	Stok_per_no_mesin_dealer - 2026-08-06T080342.480.xls	HTML table / 5,239 data rows	2026-08-06 08:03:42	Aggregated; raw unit/engine identifiers excluded
13386	PT. TEMBESI JAYA SENTOSA - RENGAS	MM1	BEAT STREET	RFS	Ready	31-60	1	Stok_per_no_mesin_dealer - 2026-08-06T080342.480.xls	HTML table / 5,239 data rows	2026-08-06 08:03:42	Aggregated; raw unit/engine identifiers excluded
13386	PT. TEMBESI JAYA SENTOSA - RENGAS	MM2	BEAT STREET	RFS	Ready	0-30	10	Stok_per_no_mesin_dealer - 2026-08-06T080342.480.xls	HTML table / 5,239 data rows	2026-08-06 08:03:42	Aggregated; raw unit/engine identifiers excluded
13386	PT. TEMBESI JAYA SENTOSA - RENGAS	MN0	CUV e:	RFS	Ready	>150	1	Stok_per_no_mesin_dealer - 2026-08-06T080342.480.xls	HTML table / 5,239 data rows	2026-08-06 08:03:42	Aggregated; raw unit/engine identifiers excluded
13386	PT. TEMBESI JAYA SENTOSA - RENGAS	MRB	SCOOPY FASHION	RFS	Intransit	0-30	1	Stok_per_no_mesin_dealer - 2026-08-06T080342.480.xls	HTML table / 5,239 data rows	2026-08-06 08:03:42	Aggregated; raw unit/engine identifiers excluded
13386	PT. TEMBESI JAYA SENTOSA - RENGAS	MRB	SCOOPY FASHION	RFS	Ready	0-30	1	Stok_per_no_mesin_dealer - 2026-08-06T080342.480.xls	HTML table / 5,239 data rows	2026-08-06 08:03:42	Aggregated; raw unit/engine identifiers excluded
13386	PT. TEMBESI JAYA SENTOSA - RENGAS	MRB	SCOOPY FASHION	RFS	Ready	31-60	1	Stok_per_no_mesin_dealer - 2026-08-06T080342.480.xls	HTML table / 5,239 data rows	2026-08-06 08:03:42	Aggregated; raw unit/engine identifiers excluded
13386	PT. TEMBESI JAYA SENTOSA - RENGAS	MS1	SCOOPY PRESTIGE	RFS	Intransit	0-30	1	Stok_per_no_mesin_dealer - 2026-08-06T080342.480.xls	HTML table / 5,239 data rows	2026-08-06 08:03:42	Aggregated; raw unit/engine identifiers excluded
13386	PT. TEMBESI JAYA SENTOSA - RENGAS	MS1	SCOOPY PRESTIGE	RFS	Ready	0-30	2	Stok_per_no_mesin_dealer - 2026-08-06T080342.480.xls	HTML table / 5,239 data rows	2026-08-06 08:03:42	Aggregated; raw unit/engine identifiers excluded
13386	PT. TEMBESI JAYA SENTOSA - RENGAS	MS1	SCOOPY PRESTIGE	RFS	Soft Booking	0-30	1	Stok_per_no_mesin_dealer - 2026-08-06T080342.480.xls	HTML table / 5,239 data rows	2026-08-06 08:03:42	Aggregated; raw unit/engine identifiers excluded
13386	PT. TEMBESI JAYA SENTOSA - RENGAS	MSB	SCOOPY STYLISH	RFS	Ready	0-30	2	Stok_per_no_mesin_dealer - 2026-08-06T080342.480.xls	HTML table / 5,239 data rows	2026-08-06 08:03:42	Aggregated; raw unit/engine identifiers excluded
13386	PT. TEMBESI JAYA SENTOSA - RENGAS	MT1	PCX160 CBS	RFS	Intransit	0-30	1	Stok_per_no_mesin_dealer - 2026-08-06T080342.480.xls	HTML table / 5,239 data rows	2026-08-06 08:03:42	Aggregated; raw unit/engine identifiers excluded
13386	PT. TEMBESI JAYA SENTOSA - RENGAS	MT1	PCX160 CBS	RFS	Ready	0-30	2	Stok_per_no_mesin_dealer - 2026-08-06T080342.480.xls	HTML table / 5,239 data rows	2026-08-06 08:03:42	Aggregated; raw unit/engine identifiers excluded
13386	PT. TEMBESI JAYA SENTOSA - RENGAS	MT1	PCX160 CBS	RFS	Ready	61-90	1	Stok_per_no_mesin_dealer - 2026-08-06T080342.480.xls	HTML table / 5,239 data rows	2026-08-06 08:03:42	Aggregated; raw unit/engine identifiers excluded
13386	PT. TEMBESI JAYA SENTOSA - RENGAS	MV1	PCX160 ABS	RFS	Ready	0-30	1	Stok_per_no_mesin_dealer - 2026-08-06T080342.480.xls	HTML table / 5,239 data rows	2026-08-06 08:03:42	Aggregated; raw unit/engine identifiers excluded
13386	PT. TEMBESI JAYA SENTOSA - RENGAS	MW1	PCX160 Honda RoadSync	RFS	Ready	0-30	1	Stok_per_no_mesin_dealer - 2026-08-06T080342.480.xls	HTML table / 5,239 data rows	2026-08-06 08:03:42	Aggregated; raw unit/engine identifiers excluded
13386	PT. TEMBESI JAYA SENTOSA - RENGAS	MX0	ICON E:	RFS	Ready	>150	1	Stok_per_no_mesin_dealer - 2026-08-06T080342.480.xls	HTML table / 5,239 data rows	2026-08-06 08:03:42	Aggregated; raw unit/engine identifiers excluded
13386	PT. TEMBESI JAYA SENTOSA - RENGAS	MY0	VARIO EVO 160 CBS Nitro	RFS	Ready	0-30	1	Stok_per_no_mesin_dealer - 2026-08-06T080342.480.xls	HTML table / 5,239 data rows	2026-08-06 08:03:42	Aggregated; raw unit/engine identifiers excluded
13386	PT. TEMBESI JAYA SENTOSA - RENGAS	MYA	VARIO EVO 160 CBS	RFS	Ready	0-30	1	Stok_per_no_mesin_dealer - 2026-08-06T080342.480.xls	HTML table / 5,239 data rows	2026-08-06 08:03:42	Aggregated; raw unit/engine identifiers excluded
13386	PT. TEMBESI JAYA SENTOSA - RENGAS	MYA	VARIO EVO 160 CBS	RFS	Soft Booking	0-30	1	Stok_per_no_mesin_dealer - 2026-08-06T080342.480.xls	HTML table / 5,239 data rows	2026-08-06 08:03:42	Aggregated; raw unit/engine identifiers excluded
13386	PT. TEMBESI JAYA SENTOSA - RENGAS	MZ0	VARIO EVO 160 ABS	RFS	Intransit	0-30	1	Stok_per_no_mesin_dealer - 2026-08-06T080342.480.xls	HTML table / 5,239 data rows	2026-08-06 08:03:42	Aggregated; raw unit/engine identifiers excluded
13386	PT. TEMBESI JAYA SENTOSA - RENGAS	NA0	ADV160 CBS	RFS	Ready	31-60	1	Stok_per_no_mesin_dealer - 2026-08-06T080342.480.xls	HTML table / 5,239 data rows	2026-08-06 08:03:42	Aggregated; raw unit/engine identifiers excluded
13386	PT. TEMBESI JAYA SENTOSA - RENGAS	ND0	VARIO 125 CBS	RFS	Ready	0-30	1	Stok_per_no_mesin_dealer - 2026-08-06T080342.480.xls	HTML table / 5,239 data rows	2026-08-06 08:03:42	Aggregated; raw unit/engine identifiers excluded
13386	PT. TEMBESI JAYA SENTOSA - RENGAS	NE0	VARIO 125 CBS ISS	RFS	Intransit	0-30	1	Stok_per_no_mesin_dealer - 2026-08-06T080342.480.xls	HTML table / 5,239 data rows	2026-08-06 08:03:42	Aggregated; raw unit/engine identifiers excluded
13386	PT. TEMBESI JAYA SENTOSA - RENGAS	NE0	VARIO 125 CBS ISS	RFS	Ready	0-30	1	Stok_per_no_mesin_dealer - 2026-08-06T080342.480.xls	HTML table / 5,239 data rows	2026-08-06 08:03:42	Aggregated; raw unit/engine identifiers excluded
13386	PT. TEMBESI JAYA SENTOSA - RENGAS	NF0	VARIO 125 STREET	RFS	Ready	0-30	5	Stok_per_no_mesin_dealer - 2026-08-06T080342.480.xls	HTML table / 5,239 data rows	2026-08-06 08:03:42	Aggregated; raw unit/engine identifiers excluded
13386	PT. TEMBESI JAYA SENTOSA - RENGAS	NF0	VARIO 125 STREET	RFS	Ready	121-150	1	Stok_per_no_mesin_dealer - 2026-08-06T080342.480.xls	HTML table / 5,239 data rows	2026-08-06 08:03:42	Aggregated; raw unit/engine identifiers excluded
13386	PT. TEMBESI JAYA SENTOSA - RENGAS	NF0	VARIO 125 STREET	RFS	Ready	31-60	1	Stok_per_no_mesin_dealer - 2026-08-06T080342.480.xls	HTML table / 5,239 data rows	2026-08-06 08:03:42	Aggregated; raw unit/engine identifiers excluded
13386	PT. TEMBESI JAYA SENTOSA - RENGAS	NF0	VARIO 125 STREET	RFS	Ready	91-120	1	Stok_per_no_mesin_dealer - 2026-08-06T080342.480.xls	HTML table / 5,239 data rows	2026-08-06 08:03:42	Aggregated; raw unit/engine identifiers excluded
13387	PT. DAYA ANUGRAH MANDIRI - BAHAR	ESL	CRF150L	RFS	Ready	0-30	2	Stok_per_no_mesin_dealer - 2026-08-06T080342.480.xls	HTML table / 5,239 data rows	2026-08-06 08:03:42	Aggregated; raw unit/engine identifiers excluded
13387	PT. DAYA ANUGRAH MANDIRI - BAHAR	ESL	CRF150L	RFS	Soft Booking	0-30	1	Stok_per_no_mesin_dealer - 2026-08-06T080342.480.xls	HTML table / 5,239 data rows	2026-08-06 08:03:42	Aggregated; raw unit/engine identifiers excluded
13387	PT. DAYA ANUGRAH MANDIRI - BAHAR	GB4	REVO FIT	RFS	Ready	0-30	10	Stok_per_no_mesin_dealer - 2026-08-06T080342.480.xls	HTML table / 5,239 data rows	2026-08-06 08:03:42	Aggregated; raw unit/engine identifiers excluded
13387	PT. DAYA ANUGRAH MANDIRI - BAHAR	GB4	REVO FIT	RFS	Soft Booking	0-30	2	Stok_per_no_mesin_dealer - 2026-08-06T080342.480.xls	HTML table / 5,239 data rows	2026-08-06 08:03:42	Aggregated; raw unit/engine identifiers excluded
13387	PT. DAYA ANUGRAH MANDIRI - BAHAR	GB4	REVO FIT	RFS	Soft Booking	121-150	1	Stok_per_no_mesin_dealer - 2026-08-06T080342.480.xls	HTML table / 5,239 data rows	2026-08-06 08:03:42	Aggregated; raw unit/engine identifiers excluded
13387	PT. DAYA ANUGRAH MANDIRI - BAHAR	GB4	REVO FIT	RFS	Soft Booking	61-90	1	Stok_per_no_mesin_dealer - 2026-08-06T080342.480.xls	HTML table / 5,239 data rows	2026-08-06 08:03:42	Aggregated; raw unit/engine identifiers excluded
13387	PT. DAYA ANUGRAH MANDIRI - BAHAR	GD4	REVO X	RFS	Intransit	0-30	1	Stok_per_no_mesin_dealer - 2026-08-06T080342.480.xls	HTML table / 5,239 data rows	2026-08-06 08:03:42	Aggregated; raw unit/engine identifiers excluded
13387	PT. DAYA ANUGRAH MANDIRI - BAHAR	GD4	REVO X	RFS	Ready	0-30	9	Stok_per_no_mesin_dealer - 2026-08-06T080342.480.xls	HTML table / 5,239 data rows	2026-08-06 08:03:42	Aggregated; raw unit/engine identifiers excluded
13387	PT. DAYA ANUGRAH MANDIRI - BAHAR	GD4	REVO X	RFS	Soft Booking	0-30	1	Stok_per_no_mesin_dealer - 2026-08-06T080342.480.xls	HTML table / 5,239 data rows	2026-08-06 08:03:42	Aggregated; raw unit/engine identifiers excluded
13387	PT. DAYA ANUGRAH MANDIRI - BAHAR	GD4	REVO X	RFS	Soft Booking	31-60	2	Stok_per_no_mesin_dealer - 2026-08-06T080342.480.xls	HTML table / 5,239 data rows	2026-08-06 08:03:42	Aggregated; raw unit/engine identifiers excluded
13387	PT. DAYA ANUGRAH MANDIRI - BAHAR	GD4	REVO X	RFS	Unfill	0-30	2	Stok_per_no_mesin_dealer - 2026-08-06T080342.480.xls	HTML table / 5,239 data rows	2026-08-06 08:03:42	Aggregated; raw unit/engine identifiers excluded
13387	PT. DAYA ANUGRAH MANDIRI - BAHAR	GF5	SUPRA X 125 CW	RFS	Ready	0-30	7	Stok_per_no_mesin_dealer - 2026-08-06T080342.480.xls	HTML table / 5,239 data rows	2026-08-06 08:03:42	Aggregated; raw unit/engine identifiers excluded
13387	PT. DAYA ANUGRAH MANDIRI - BAHAR	HJK	NEW SUPRA GTR150	RFS	Ready	0-30	1	Stok_per_no_mesin_dealer - 2026-08-06T080342.480.xls	HTML table / 5,239 data rows	2026-08-06 08:03:42	Aggregated; raw unit/engine identifiers excluded
13387	PT. DAYA ANUGRAH MANDIRI - BAHAR	JML	CBR 150R STD	RFS	Ready	61-90	1	Stok_per_no_mesin_dealer - 2026-08-06T080342.480.xls	HTML table / 5,239 data rows	2026-08-06 08:03:42	Aggregated; raw unit/engine identifiers excluded
13387	PT. DAYA ANUGRAH MANDIRI - BAHAR	JS0	CB150R STREETFIRE	RFS	Ready	91-120	1	Stok_per_no_mesin_dealer - 2026-08-06T080342.480.xls	HTML table / 5,239 data rows	2026-08-06 08:03:42	Aggregated; raw unit/engine identifiers excluded
13387	PT. DAYA ANUGRAH MANDIRI - BAHAR	KF0	CB150 VERZA SW	RFS	Ready	31-60	1	Stok_per_no_mesin_dealer - 2026-08-06T080342.480.xls	HTML table / 5,239 data rows	2026-08-06 08:03:42	Aggregated; raw unit/engine identifiers excluded
13387	PT. DAYA ANUGRAH MANDIRI - BAHAR	LV1	VARIO 160 CBS	RFS	Soft Booking	121-150	1	Stok_per_no_mesin_dealer - 2026-08-06T080342.480.xls	HTML table / 5,239 data rows	2026-08-06 08:03:42	Aggregated; raw unit/engine identifiers excluded
13387	PT. DAYA ANUGRAH MANDIRI - BAHAR	LVE	VARIO 160 CBS	RFS	Ready	>150	1	Stok_per_no_mesin_dealer - 2026-08-06T080342.480.xls	HTML table / 5,239 data rows	2026-08-06 08:03:42	Aggregated; raw unit/engine identifiers excluded
13387	PT. DAYA ANUGRAH MANDIRI - BAHAR	LW1	VARIO 160 ABS	RFS	Ready	31-60	1	Stok_per_no_mesin_dealer - 2026-08-06T080342.480.xls	HTML table / 5,239 data rows	2026-08-06 08:03:42	Aggregated; raw unit/engine identifiers excluded
13387	PT. DAYA ANUGRAH MANDIRI - BAHAR	LY2	GENIO CBS	RFS	Ready	121-150	1	Stok_per_no_mesin_dealer - 2026-08-06T080342.480.xls	HTML table / 5,239 data rows	2026-08-06 08:03:42	Aggregated; raw unit/engine identifiers excluded
13387	PT. DAYA ANUGRAH MANDIRI - BAHAR	LZ2	GENIO CBS ISS	RFS	Ready	121-150	1	Stok_per_no_mesin_dealer - 2026-08-06T080342.480.xls	HTML table / 5,239 data rows	2026-08-06 08:03:42	Aggregated; raw unit/engine identifiers excluded
13387	PT. DAYA ANUGRAH MANDIRI - BAHAR	ME0	EM1 e:	RFS	Ready	>150	1	Stok_per_no_mesin_dealer - 2026-08-06T080342.480.xls	HTML table / 5,239 data rows	2026-08-06 08:03:42	Aggregated; raw unit/engine identifiers excluded
13387	PT. DAYA ANUGRAH MANDIRI - BAHAR	MJ1	BEAT SPORTY CBS	RFS	Ready	0-30	2	Stok_per_no_mesin_dealer - 2026-08-06T080342.480.xls	HTML table / 5,239 data rows	2026-08-06 08:03:42	Aggregated; raw unit/engine identifiers excluded
13387	PT. DAYA ANUGRAH MANDIRI - BAHAR	MJ1	BEAT SPORTY CBS	RFS	Ready	31-60	2	Stok_per_no_mesin_dealer - 2026-08-06T080342.480.xls	HTML table / 5,239 data rows	2026-08-06 08:03:42	Aggregated; raw unit/engine identifiers excluded
13387	PT. DAYA ANUGRAH MANDIRI - BAHAR	MJ1	BEAT SPORTY CBS	RFS	Ready	91-120	1	Stok_per_no_mesin_dealer - 2026-08-06T080342.480.xls	HTML table / 5,239 data rows	2026-08-06 08:03:42	Aggregated; raw unit/engine identifiers excluded
13387	PT. DAYA ANUGRAH MANDIRI - BAHAR	MJ1	BEAT SPORTY CBS	RFS	Soft Booking	121-150	1	Stok_per_no_mesin_dealer - 2026-08-06T080342.480.xls	HTML table / 5,239 data rows	2026-08-06 08:03:42	Aggregated; raw unit/engine identifiers excluded
13387	PT. DAYA ANUGRAH MANDIRI - BAHAR	MJ1	BEAT SPORTY CBS	RFS	Soft Booking	31-60	3	Stok_per_no_mesin_dealer - 2026-08-06T080342.480.xls	HTML table / 5,239 data rows	2026-08-06 08:03:42	Aggregated; raw unit/engine identifiers excluded
13387	PT. DAYA ANUGRAH MANDIRI - BAHAR	MK1	BEAT SPORTY CBS ISS DELUXE	RFS	Ready	0-30	1	Stok_per_no_mesin_dealer - 2026-08-06T080342.480.xls	HTML table / 5,239 data rows	2026-08-06 08:03:42	Aggregated; raw unit/engine identifiers excluded
13387	PT. DAYA ANUGRAH MANDIRI - BAHAR	MK1	BEAT SPORTY CBS ISS DELUXE	RFS	Ready	>150	1	Stok_per_no_mesin_dealer - 2026-08-06T080342.480.xls	HTML table / 5,239 data rows	2026-08-06 08:03:42	Aggregated; raw unit/engine identifiers excluded
13387	PT. DAYA ANUGRAH MANDIRI - BAHAR	MK2	BEAT SPORTY CBS ISS	RFS	Intransit	0-30	1	Stok_per_no_mesin_dealer - 2026-08-06T080342.480.xls	HTML table / 5,239 data rows	2026-08-06 08:03:42	Aggregated; raw unit/engine identifiers excluded
13387	PT. DAYA ANUGRAH MANDIRI - BAHAR	MK2	BEAT SPORTY CBS ISS	RFS	Ready	0-30	2	Stok_per_no_mesin_dealer - 2026-08-06T080342.480.xls	HTML table / 5,239 data rows	2026-08-06 08:03:42	Aggregated; raw unit/engine identifiers excluded
13387	PT. DAYA ANUGRAH MANDIRI - BAHAR	MK2	BEAT SPORTY CBS ISS	RFS	Unfill	0-30	1	Stok_per_no_mesin_dealer - 2026-08-06T080342.480.xls	HTML table / 5,239 data rows	2026-08-06 08:03:42	Aggregated; raw unit/engine identifiers excluded
13387	PT. DAYA ANUGRAH MANDIRI - BAHAR	ML1	BEAT SPORTY DLX SMART KEY	RFS	Soft Booking	>150	1	Stok_per_no_mesin_dealer - 2026-08-06T080342.480.xls	HTML table / 5,239 data rows	2026-08-06 08:03:42	Aggregated; raw unit/engine identifiers excluded
13387	PT. DAYA ANUGRAH MANDIRI - BAHAR	ML2	BEAT SPORTY DLX SMART KEY	RFS	Intransit	0-30	1	Stok_per_no_mesin_dealer - 2026-08-06T080342.480.xls	HTML table / 5,239 data rows	2026-08-06 08:03:42	Aggregated; raw unit/engine identifiers excluded
13387	PT. DAYA ANUGRAH MANDIRI - BAHAR	ML2	BEAT SPORTY DLX SMART KEY	RFS	Ready	0-30	2	Stok_per_no_mesin_dealer - 2026-08-06T080342.480.xls	HTML table / 5,239 data rows	2026-08-06 08:03:42	Aggregated; raw unit/engine identifiers excluded
13387	PT. DAYA ANUGRAH MANDIRI - BAHAR	MM2	BEAT STREET	RFS	Ready	0-30	8	Stok_per_no_mesin_dealer - 2026-08-06T080342.480.xls	HTML table / 5,239 data rows	2026-08-06 08:03:42	Aggregated; raw unit/engine identifiers excluded
13387	PT. DAYA ANUGRAH MANDIRI - BAHAR	MM2	BEAT STREET	RFS	Soft Booking	0-30	1	Stok_per_no_mesin_dealer - 2026-08-06T080342.480.xls	HTML table / 5,239 data rows	2026-08-06 08:03:42	Aggregated; raw unit/engine identifiers excluded
13387	PT. DAYA ANUGRAH MANDIRI - BAHAR	MN0	CUV e:	RFS	Ready	>150	3	Stok_per_no_mesin_dealer - 2026-08-06T080342.480.xls	HTML table / 5,239 data rows	2026-08-06 08:03:42	Aggregated; raw unit/engine identifiers excluded
13387	PT. DAYA ANUGRAH MANDIRI - BAHAR	MP0	CUV e: RoadSync Duo	RFS	Ready	>150	1	Stok_per_no_mesin_dealer - 2026-08-06T080342.480.xls	HTML table / 5,239 data rows	2026-08-06 08:03:42	Aggregated; raw unit/engine identifiers excluded
13387	PT. DAYA ANUGRAH MANDIRI - BAHAR	MRB	SCOOPY FASHION	RFS	Ready	0-30	1	Stok_per_no_mesin_dealer - 2026-08-06T080342.480.xls	HTML table / 5,239 data rows	2026-08-06 08:03:42	Aggregated; raw unit/engine identifiers excluded
13387	PT. DAYA ANUGRAH MANDIRI - BAHAR	MRB	SCOOPY FASHION	RFS	Ready	31-60	1	Stok_per_no_mesin_dealer - 2026-08-06T080342.480.xls	HTML table / 5,239 data rows	2026-08-06 08:03:42	Aggregated; raw unit/engine identifiers excluded
13387	PT. DAYA ANUGRAH MANDIRI - BAHAR	MRB	SCOOPY FASHION	RFS	Ready	61-90	1	Stok_per_no_mesin_dealer - 2026-08-06T080342.480.xls	HTML table / 5,239 data rows	2026-08-06 08:03:42	Aggregated; raw unit/engine identifiers excluded
13387	PT. DAYA ANUGRAH MANDIRI - BAHAR	MRB	SCOOPY FASHION	RFS	Ready	>150	1	Stok_per_no_mesin_dealer - 2026-08-06T080342.480.xls	HTML table / 5,239 data rows	2026-08-06 08:03:42	Aggregated; raw unit/engine identifiers excluded
13387	PT. DAYA ANUGRAH MANDIRI - BAHAR	MS1	SCOOPY PRESTIGE	RFS	Intransit	0-30	3	Stok_per_no_mesin_dealer - 2026-08-06T080342.480.xls	HTML table / 5,239 data rows	2026-08-06 08:03:42	Aggregated; raw unit/engine identifiers excluded
13387	PT. DAYA ANUGRAH MANDIRI - BAHAR	MS1	SCOOPY PRESTIGE	RFS	Unfill	0-30	1	Stok_per_no_mesin_dealer - 2026-08-06T080342.480.xls	HTML table / 5,239 data rows	2026-08-06 08:03:42	Aggregated; raw unit/engine identifiers excluded
13387	PT. DAYA ANUGRAH MANDIRI - BAHAR	MSB	SCOOPY STYLISH	RFS	Ready	>150	1	Stok_per_no_mesin_dealer - 2026-08-06T080342.480.xls	HTML table / 5,239 data rows	2026-08-06 08:03:42	Aggregated; raw unit/engine identifiers excluded
13387	PT. DAYA ANUGRAH MANDIRI - BAHAR	MT0	PCX160 CBS	RFS	Soft Booking	>150	2	Stok_per_no_mesin_dealer - 2026-08-06T080342.480.xls	HTML table / 5,239 data rows	2026-08-06 08:03:42	Aggregated; raw unit/engine identifiers excluded
13387	PT. DAYA ANUGRAH MANDIRI - BAHAR	MV0	PCX160 ABS	RFS	Soft Booking	>150	1	Stok_per_no_mesin_dealer - 2026-08-06T080342.480.xls	HTML table / 5,239 data rows	2026-08-06 08:03:42	Aggregated; raw unit/engine identifiers excluded
13387	PT. DAYA ANUGRAH MANDIRI - BAHAR	MW1	PCX160 Honda RoadSync	RFS	Ready	61-90	1	Stok_per_no_mesin_dealer - 2026-08-06T080342.480.xls	HTML table / 5,239 data rows	2026-08-06 08:03:42	Aggregated; raw unit/engine identifiers excluded
13387	PT. DAYA ANUGRAH MANDIRI - BAHAR	MX0	ICON E:	RFS	Ready	>150	5	Stok_per_no_mesin_dealer - 2026-08-06T080342.480.xls	HTML table / 5,239 data rows	2026-08-06 08:03:42	Aggregated; raw unit/engine identifiers excluded
13387	PT. DAYA ANUGRAH MANDIRI - BAHAR	MY0	VARIO EVO 160 CBS Nitro	RFS	Ready	0-30	1	Stok_per_no_mesin_dealer - 2026-08-06T080342.480.xls	HTML table / 5,239 data rows	2026-08-06 08:03:42	Aggregated; raw unit/engine identifiers excluded
13387	PT. DAYA ANUGRAH MANDIRI - BAHAR	MYA	VARIO EVO 160 CBS	RFS	Intransit	0-30	1	Stok_per_no_mesin_dealer - 2026-08-06T080342.480.xls	HTML table / 5,239 data rows	2026-08-06 08:03:42	Aggregated; raw unit/engine identifiers excluded
13387	PT. DAYA ANUGRAH MANDIRI - BAHAR	MYA	VARIO EVO 160 CBS	RFS	Ready	0-30	1	Stok_per_no_mesin_dealer - 2026-08-06T080342.480.xls	HTML table / 5,239 data rows	2026-08-06 08:03:42	Aggregated; raw unit/engine identifiers excluded
13387	PT. DAYA ANUGRAH MANDIRI - BAHAR	MZ0	VARIO EVO 160 ABS	RFS	Unfill	0-30	1	Stok_per_no_mesin_dealer - 2026-08-06T080342.480.xls	HTML table / 5,239 data rows	2026-08-06 08:03:42	Aggregated; raw unit/engine identifiers excluded
13387	PT. DAYA ANUGRAH MANDIRI - BAHAR	NA0	ADV160 CBS	RFS	Ready	31-60	1	Stok_per_no_mesin_dealer - 2026-08-06T080342.480.xls	HTML table / 5,239 data rows	2026-08-06 08:03:42	Aggregated; raw unit/engine identifiers excluded
13387	PT. DAYA ANUGRAH MANDIRI - BAHAR	NE0	VARIO 125 CBS ISS	RFS	Intransit	0-30	1	Stok_per_no_mesin_dealer - 2026-08-06T080342.480.xls	HTML table / 5,239 data rows	2026-08-06 08:03:42	Aggregated; raw unit/engine identifiers excluded
13387	PT. DAYA ANUGRAH MANDIRI - BAHAR	NE0	VARIO 125 CBS ISS	RFS	Soft Booking	31-60	1	Stok_per_no_mesin_dealer - 2026-08-06T080342.480.xls	HTML table / 5,239 data rows	2026-08-06 08:03:42	Aggregated; raw unit/engine identifiers excluded
13387	PT. DAYA ANUGRAH MANDIRI - BAHAR	NF0	VARIO 125 STREET	RFS	Ready	0-30	3	Stok_per_no_mesin_dealer - 2026-08-06T080342.480.xls	HTML table / 5,239 data rows	2026-08-06 08:03:42	Aggregated; raw unit/engine identifiers excluded
13387	PT. DAYA ANUGRAH MANDIRI - BAHAR	NF0	VARIO 125 STREET	RFS	Ready	31-60	1	Stok_per_no_mesin_dealer - 2026-08-06T080342.480.xls	HTML table / 5,239 data rows	2026-08-06 08:03:42	Aggregated; raw unit/engine identifiers excluded
13387	PT. DAYA ANUGRAH MANDIRI - BAHAR	NF0	VARIO 125 STREET	RFS	Ready	61-90	2	Stok_per_no_mesin_dealer - 2026-08-06T080342.480.xls	HTML table / 5,239 data rows	2026-08-06 08:03:42	Aggregated; raw unit/engine identifiers excluded
13387	PT. DAYA ANUGRAH MANDIRI - BAHAR	NF0	VARIO 125 STREET	RFS	Ready	>150	2	Stok_per_no_mesin_dealer - 2026-08-06T080342.480.xls	HTML table / 5,239 data rows	2026-08-06 08:03:42	Aggregated; raw unit/engine identifiers excluded
13388	PT. TUNAS DWIPA MATRA - MERLUNG	ESL	CRF150L	RFS	Ready	0-30	3	Stok_per_no_mesin_dealer - 2026-08-06T080342.480.xls	HTML table / 5,239 data rows	2026-08-06 08:03:42	Aggregated; raw unit/engine identifiers excluded
13388	PT. TUNAS DWIPA MATRA - MERLUNG	GB4	REVO FIT	RFS	Ready	0-30	5	Stok_per_no_mesin_dealer - 2026-08-06T080342.480.xls	HTML table / 5,239 data rows	2026-08-06 08:03:42	Aggregated; raw unit/engine identifiers excluded
13388	PT. TUNAS DWIPA MATRA - MERLUNG	GB4	REVO FIT	RFS	Soft Booking	0-30	1	Stok_per_no_mesin_dealer - 2026-08-06T080342.480.xls	HTML table / 5,239 data rows	2026-08-06 08:03:42	Aggregated; raw unit/engine identifiers excluded
13388	PT. TUNAS DWIPA MATRA - MERLUNG	GD4	REVO X	RFS	Ready	0-30	5	Stok_per_no_mesin_dealer - 2026-08-06T080342.480.xls	HTML table / 5,239 data rows	2026-08-06 08:03:42	Aggregated; raw unit/engine identifiers excluded
13388	PT. TUNAS DWIPA MATRA - MERLUNG	GE5	SUPRA X 125 SW	RFS	Ready	0-30	1	Stok_per_no_mesin_dealer - 2026-08-06T080342.480.xls	HTML table / 5,239 data rows	2026-08-06 08:03:42	Aggregated; raw unit/engine identifiers excluded
13388	PT. TUNAS DWIPA MATRA - MERLUNG	GF5	SUPRA X 125 CW	RFS	Ready	0-30	1	Stok_per_no_mesin_dealer - 2026-08-06T080342.480.xls	HTML table / 5,239 data rows	2026-08-06 08:03:42	Aggregated; raw unit/engine identifiers excluded
13388	PT. TUNAS DWIPA MATRA - MERLUNG	GF5	SUPRA X 125 CW	RFS	Soft Booking	0-30	1	Stok_per_no_mesin_dealer - 2026-08-06T080342.480.xls	HTML table / 5,239 data rows	2026-08-06 08:03:42	Aggregated; raw unit/engine identifiers excluded
13388	PT. TUNAS DWIPA MATRA - MERLUNG	HJ9	NEW SUPRA GTR150 SPORTY	RFS	Ready	0-30	1	Stok_per_no_mesin_dealer - 2026-08-06T080342.480.xls	HTML table / 5,239 data rows	2026-08-06 08:03:42	Aggregated; raw unit/engine identifiers excluded
13388	PT. TUNAS DWIPA MATRA - MERLUNG	JML	CBR 150R STD	RFS	Ready	91-120	1	Stok_per_no_mesin_dealer - 2026-08-06T080342.480.xls	HTML table / 5,239 data rows	2026-08-06 08:03:42	Aggregated; raw unit/engine identifiers excluded
13388	PT. TUNAS DWIPA MATRA - MERLUNG	KF0	CB150 VERZA SW	RFS	Ready	61-90	1	Stok_per_no_mesin_dealer - 2026-08-06T080342.480.xls	HTML table / 5,239 data rows	2026-08-06 08:03:42	Aggregated; raw unit/engine identifiers excluded
13388	PT. TUNAS DWIPA MATRA - MERLUNG	LY2	GENIO CBS	RFS	Ready	>150	1	Stok_per_no_mesin_dealer - 2026-08-06T080342.480.xls	HTML table / 5,239 data rows	2026-08-06 08:03:42	Aggregated; raw unit/engine identifiers excluded
13388	PT. TUNAS DWIPA MATRA - MERLUNG	LZ2	GENIO CBS ISS	RFS	Ready	>150	1	Stok_per_no_mesin_dealer - 2026-08-06T080342.480.xls	HTML table / 5,239 data rows	2026-08-06 08:03:42	Aggregated; raw unit/engine identifiers excluded
13388	PT. TUNAS DWIPA MATRA - MERLUNG	MJ1	BEAT SPORTY CBS	RFS	Ready	0-30	2	Stok_per_no_mesin_dealer - 2026-08-06T080342.480.xls	HTML table / 5,239 data rows	2026-08-06 08:03:42	Aggregated; raw unit/engine identifiers excluded
13388	PT. TUNAS DWIPA MATRA - MERLUNG	MJ1	BEAT SPORTY CBS	RFS	Soft Booking	0-30	1	Stok_per_no_mesin_dealer - 2026-08-06T080342.480.xls	HTML table / 5,239 data rows	2026-08-06 08:03:42	Aggregated; raw unit/engine identifiers excluded
13388	PT. TUNAS DWIPA MATRA - MERLUNG	MJ1	BEAT SPORTY CBS	RFS	Soft Booking	31-60	1	Stok_per_no_mesin_dealer - 2026-08-06T080342.480.xls	HTML table / 5,239 data rows	2026-08-06 08:03:42	Aggregated; raw unit/engine identifiers excluded
13388	PT. TUNAS DWIPA MATRA - MERLUNG	MJ2	BEAT SPORTY CBS	RFS	Ready	0-30	4	Stok_per_no_mesin_dealer - 2026-08-06T080342.480.xls	HTML table / 5,239 data rows	2026-08-06 08:03:42	Aggregated; raw unit/engine identifiers excluded
13388	PT. TUNAS DWIPA MATRA - MERLUNG	MJ2	BEAT SPORTY CBS	RFS	Soft Booking	0-30	1	Stok_per_no_mesin_dealer - 2026-08-06T080342.480.xls	HTML table / 5,239 data rows	2026-08-06 08:03:42	Aggregated; raw unit/engine identifiers excluded
13388	PT. TUNAS DWIPA MATRA - MERLUNG	MK2	BEAT SPORTY CBS ISS	RFS	Ready	0-30	2	Stok_per_no_mesin_dealer - 2026-08-06T080342.480.xls	HTML table / 5,239 data rows	2026-08-06 08:03:42	Aggregated; raw unit/engine identifiers excluded
13388	PT. TUNAS DWIPA MATRA - MERLUNG	MK2	BEAT SPORTY CBS ISS	RFS	Soft Booking	0-30	2	Stok_per_no_mesin_dealer - 2026-08-06T080342.480.xls	HTML table / 5,239 data rows	2026-08-06 08:03:42	Aggregated; raw unit/engine identifiers excluded
13388	PT. TUNAS DWIPA MATRA - MERLUNG	ML2	BEAT SPORTY DLX SMART KEY	RFS	Ready	0-30	2	Stok_per_no_mesin_dealer - 2026-08-06T080342.480.xls	HTML table / 5,239 data rows	2026-08-06 08:03:42	Aggregated; raw unit/engine identifiers excluded
13388	PT. TUNAS DWIPA MATRA - MERLUNG	MM2	BEAT STREET	RFS	Ready	0-30	7	Stok_per_no_mesin_dealer - 2026-08-06T080342.480.xls	HTML table / 5,239 data rows	2026-08-06 08:03:42	Aggregated; raw unit/engine identifiers excluded
13388	PT. TUNAS DWIPA MATRA - MERLUNG	MM2	BEAT STREET	RFS	Soft Booking	0-30	1	Stok_per_no_mesin_dealer - 2026-08-06T080342.480.xls	HTML table / 5,239 data rows	2026-08-06 08:03:42	Aggregated; raw unit/engine identifiers excluded
13388	PT. TUNAS DWIPA MATRA - MERLUNG	MN0	CUV e:	RFS	Ready	>150	2	Stok_per_no_mesin_dealer - 2026-08-06T080342.480.xls	HTML table / 5,239 data rows	2026-08-06 08:03:42	Aggregated; raw unit/engine identifiers excluded
13388	PT. TUNAS DWIPA MATRA - MERLUNG	MP0	CUV e: RoadSync Duo	RFS	Ready	>150	2	Stok_per_no_mesin_dealer - 2026-08-06T080342.480.xls	HTML table / 5,239 data rows	2026-08-06 08:03:42	Aggregated; raw unit/engine identifiers excluded
13388	PT. TUNAS DWIPA MATRA - MERLUNG	MRB	SCOOPY FASHION	RFS	Ready	0-30	1	Stok_per_no_mesin_dealer - 2026-08-06T080342.480.xls	HTML table / 5,239 data rows	2026-08-06 08:03:42	Aggregated; raw unit/engine identifiers excluded
13388	PT. TUNAS DWIPA MATRA - MERLUNG	MRB	SCOOPY FASHION	RFS	Ready	31-60	1	Stok_per_no_mesin_dealer - 2026-08-06T080342.480.xls	HTML table / 5,239 data rows	2026-08-06 08:03:42	Aggregated; raw unit/engine identifiers excluded
13388	PT. TUNAS DWIPA MATRA - MERLUNG	MS1	SCOOPY PRESTIGE	RFS	Ready	0-30	2	Stok_per_no_mesin_dealer - 2026-08-06T080342.480.xls	HTML table / 5,239 data rows	2026-08-06 08:03:42	Aggregated; raw unit/engine identifiers excluded
13388	PT. TUNAS DWIPA MATRA - MERLUNG	MSB	SCOOPY STYLISH	RFS	Ready	0-30	2	Stok_per_no_mesin_dealer - 2026-08-06T080342.480.xls	HTML table / 5,239 data rows	2026-08-06 08:03:42	Aggregated; raw unit/engine identifiers excluded
13388	PT. TUNAS DWIPA MATRA - MERLUNG	MT1	PCX160 CBS	RFS	Ready	0-30	1	Stok_per_no_mesin_dealer - 2026-08-06T080342.480.xls	HTML table / 5,239 data rows	2026-08-06 08:03:42	Aggregated; raw unit/engine identifiers excluded
13388	PT. TUNAS DWIPA MATRA - MERLUNG	MW1	PCX160 Honda RoadSync	RFS	Ready	0-30	1	Stok_per_no_mesin_dealer - 2026-08-06T080342.480.xls	HTML table / 5,239 data rows	2026-08-06 08:03:42	Aggregated; raw unit/engine identifiers excluded
13388	PT. TUNAS DWIPA MATRA - MERLUNG	MX0	ICON E:	RFS	Ready	121-150	1	Stok_per_no_mesin_dealer - 2026-08-06T080342.480.xls	HTML table / 5,239 data rows	2026-08-06 08:03:42	Aggregated; raw unit/engine identifiers excluded
13388	PT. TUNAS DWIPA MATRA - MERLUNG	MX0	ICON E:	RFS	Ready	>150	4	Stok_per_no_mesin_dealer - 2026-08-06T080342.480.xls	HTML table / 5,239 data rows	2026-08-06 08:03:42	Aggregated; raw unit/engine identifiers excluded
13388	PT. TUNAS DWIPA MATRA - MERLUNG	MY0	VARIO EVO 160 CBS Nitro	RFS	Ready	0-30	1	Stok_per_no_mesin_dealer - 2026-08-06T080342.480.xls	HTML table / 5,239 data rows	2026-08-06 08:03:42	Aggregated; raw unit/engine identifiers excluded
13388	PT. TUNAS DWIPA MATRA - MERLUNG	MYA	VARIO EVO 160 CBS	RFS	Ready	0-30	1	Stok_per_no_mesin_dealer - 2026-08-06T080342.480.xls	HTML table / 5,239 data rows	2026-08-06 08:03:42	Aggregated; raw unit/engine identifiers excluded
13388	PT. TUNAS DWIPA MATRA - MERLUNG	MZ0	VARIO EVO 160 ABS	RFS	Ready	0-30	1	Stok_per_no_mesin_dealer - 2026-08-06T080342.480.xls	HTML table / 5,239 data rows	2026-08-06 08:03:42	Aggregated; raw unit/engine identifiers excluded
13388	PT. TUNAS DWIPA MATRA - MERLUNG	NE0	VARIO 125 CBS ISS	RFS	Ready	0-30	2	Stok_per_no_mesin_dealer - 2026-08-06T080342.480.xls	HTML table / 5,239 data rows	2026-08-06 08:03:42	Aggregated; raw unit/engine identifiers excluded
13388	PT. TUNAS DWIPA MATRA - MERLUNG	NF0	VARIO 125 STREET	RFS	Ready	31-60	1	Stok_per_no_mesin_dealer - 2026-08-06T080342.480.xls	HTML table / 5,239 data rows	2026-08-06 08:03:42	Aggregated; raw unit/engine identifiers excluded
13388	PT. TUNAS DWIPA MATRA - MERLUNG	NF0	VARIO 125 STREET	RFS	Ready	91-120	1	Stok_per_no_mesin_dealer - 2026-08-06T080342.480.xls	HTML table / 5,239 data rows	2026-08-06 08:03:42	Aggregated; raw unit/engine identifiers excluded
13388	PT. TUNAS DWIPA MATRA - MERLUNG	NF0	VARIO 125 STREET	RFS	Soft Booking	121-150	1	Stok_per_no_mesin_dealer - 2026-08-06T080342.480.xls	HTML table / 5,239 data rows	2026-08-06 08:03:42	Aggregated; raw unit/engine identifiers excluded
13388	PT. TUNAS DWIPA MATRA - MERLUNG	NF0	VARIO 125 STREET	RFS	Soft Booking	61-90	1	Stok_per_no_mesin_dealer - 2026-08-06T080342.480.xls	HTML table / 5,239 data rows	2026-08-06 08:03:42	Aggregated; raw unit/engine identifiers excluded
13388.1	POS TUNAS MERLUNG - SEI. BADAR	ESL	CRF150L	RFS	Ready	0-30	1	Stok_per_no_mesin_dealer - 2026-08-06T080342.480.xls	HTML table / 5,239 data rows	2026-08-06 08:03:42	Aggregated; raw unit/engine identifiers excluded
13388.1	POS TUNAS MERLUNG - SEI. BADAR	ESL	CRF150L	RFS	Ready	61-90	1	Stok_per_no_mesin_dealer - 2026-08-06T080342.480.xls	HTML table / 5,239 data rows	2026-08-06 08:03:42	Aggregated; raw unit/engine identifiers excluded
13388.1	POS TUNAS MERLUNG - SEI. BADAR	ESL	CRF150L	RFS	Soft Booking	0-30	1	Stok_per_no_mesin_dealer - 2026-08-06T080342.480.xls	HTML table / 5,239 data rows	2026-08-06 08:03:42	Aggregated; raw unit/engine identifiers excluded
13388.1	POS TUNAS MERLUNG - SEI. BADAR	GB4	REVO FIT	RFS	Ready	0-30	3	Stok_per_no_mesin_dealer - 2026-08-06T080342.480.xls	HTML table / 5,239 data rows	2026-08-06 08:03:42	Aggregated; raw unit/engine identifiers excluded
13388.1	POS TUNAS MERLUNG - SEI. BADAR	GD4	REVO X	RFS	Ready	0-30	4	Stok_per_no_mesin_dealer - 2026-08-06T080342.480.xls	HTML table / 5,239 data rows	2026-08-06 08:03:42	Aggregated; raw unit/engine identifiers excluded
13388.1	POS TUNAS MERLUNG - SEI. BADAR	GF5	SUPRA X 125 CW	RFS	Ready	0-30	3	Stok_per_no_mesin_dealer - 2026-08-06T080342.480.xls	HTML table / 5,239 data rows	2026-08-06 08:03:42	Aggregated; raw unit/engine identifiers excluded
13388.1	POS TUNAS MERLUNG - SEI. BADAR	LY2	GENIO CBS	RFS	Ready	61-90	1	Stok_per_no_mesin_dealer - 2026-08-06T080342.480.xls	HTML table / 5,239 data rows	2026-08-06 08:03:42	Aggregated; raw unit/engine identifiers excluded
13388.1	POS TUNAS MERLUNG - SEI. BADAR	MJ1	BEAT SPORTY CBS	RFS	Ready	0-30	2	Stok_per_no_mesin_dealer - 2026-08-06T080342.480.xls	HTML table / 5,239 data rows	2026-08-06 08:03:42	Aggregated; raw unit/engine identifiers excluded
13388.1	POS TUNAS MERLUNG - SEI. BADAR	MJ1	BEAT SPORTY CBS	RFS	Ready	31-60	2	Stok_per_no_mesin_dealer - 2026-08-06T080342.480.xls	HTML table / 5,239 data rows	2026-08-06 08:03:42	Aggregated; raw unit/engine identifiers excluded
13388.1	POS TUNAS MERLUNG - SEI. BADAR	MJ2	BEAT SPORTY CBS	RFS	Ready	0-30	4	Stok_per_no_mesin_dealer - 2026-08-06T080342.480.xls	HTML table / 5,239 data rows	2026-08-06 08:03:42	Aggregated; raw unit/engine identifiers excluded
13388.1	POS TUNAS MERLUNG - SEI. BADAR	MJ2	BEAT SPORTY CBS	RFS	Soft Booking	0-30	1	Stok_per_no_mesin_dealer - 2026-08-06T080342.480.xls	HTML table / 5,239 data rows	2026-08-06 08:03:42	Aggregated; raw unit/engine identifiers excluded
13388.1	POS TUNAS MERLUNG - SEI. BADAR	MK1	BEAT SPORTY CBS ISS DELUXE	RFS	Ready	0-30	1	Stok_per_no_mesin_dealer - 2026-08-06T080342.480.xls	HTML table / 5,239 data rows	2026-08-06 08:03:42	Aggregated; raw unit/engine identifiers excluded
13388.1	POS TUNAS MERLUNG - SEI. BADAR	MK2	BEAT SPORTY CBS ISS	RFS	Ready	0-30	4	Stok_per_no_mesin_dealer - 2026-08-06T080342.480.xls	HTML table / 5,239 data rows	2026-08-06 08:03:42	Aggregated; raw unit/engine identifiers excluded
13388.1	POS TUNAS MERLUNG - SEI. BADAR	MM1	BEAT STREET	RFS	Ready	31-60	1	Stok_per_no_mesin_dealer - 2026-08-06T080342.480.xls	HTML table / 5,239 data rows	2026-08-06 08:03:42	Aggregated; raw unit/engine identifiers excluded
13388.1	POS TUNAS MERLUNG - SEI. BADAR	MM2	BEAT STREET	RFS	Ready	0-30	5	Stok_per_no_mesin_dealer - 2026-08-06T080342.480.xls	HTML table / 5,239 data rows	2026-08-06 08:03:42	Aggregated; raw unit/engine identifiers excluded
13388.1	POS TUNAS MERLUNG - SEI. BADAR	MRB	SCOOPY FASHION	RFS	Ready	61-90	1	Stok_per_no_mesin_dealer - 2026-08-06T080342.480.xls	HTML table / 5,239 data rows	2026-08-06 08:03:42	Aggregated; raw unit/engine identifiers excluded
13388.1	POS TUNAS MERLUNG - SEI. BADAR	MS1	SCOOPY PRESTIGE	RFS	Ready	0-30	1	Stok_per_no_mesin_dealer - 2026-08-06T080342.480.xls	HTML table / 5,239 data rows	2026-08-06 08:03:42	Aggregated; raw unit/engine identifiers excluded
13388.1	POS TUNAS MERLUNG - SEI. BADAR	MT1	PCX160 CBS	RFS	Soft Booking	31-60	1	Stok_per_no_mesin_dealer - 2026-08-06T080342.480.xls	HTML table / 5,239 data rows	2026-08-06 08:03:42	Aggregated; raw unit/engine identifiers excluded
13388.1	POS TUNAS MERLUNG - SEI. BADAR	MW1	PCX160 Honda RoadSync	RFS	Ready	0-30	1	Stok_per_no_mesin_dealer - 2026-08-06T080342.480.xls	HTML table / 5,239 data rows	2026-08-06 08:03:42	Aggregated; raw unit/engine identifiers excluded
13388.1	POS TUNAS MERLUNG - SEI. BADAR	MY0	VARIO EVO 160 CBS Nitro	RFS	Ready	0-30	1	Stok_per_no_mesin_dealer - 2026-08-06T080342.480.xls	HTML table / 5,239 data rows	2026-08-06 08:03:42	Aggregated; raw unit/engine identifiers excluded
13388.1	POS TUNAS MERLUNG - SEI. BADAR	MZ0	VARIO EVO 160 ABS	RFS	Ready	0-30	1	Stok_per_no_mesin_dealer - 2026-08-06T080342.480.xls	HTML table / 5,239 data rows	2026-08-06 08:03:42	Aggregated; raw unit/engine identifiers excluded
13388.1	POS TUNAS MERLUNG - SEI. BADAR	NF0	VARIO 125 STREET	RFS	Ready	0-30	1	Stok_per_no_mesin_dealer - 2026-08-06T080342.480.xls	HTML table / 5,239 data rows	2026-08-06 08:03:42	Aggregated; raw unit/engine identifiers excluded
13388.1	POS TUNAS MERLUNG - SEI. BADAR	NF0	VARIO 125 STREET	RFS	Ready	31-60	1	Stok_per_no_mesin_dealer - 2026-08-06T080342.480.xls	HTML table / 5,239 data rows	2026-08-06 08:03:42	Aggregated; raw unit/engine identifiers excluded
13388.1	POS TUNAS MERLUNG - SEI. BADAR	NF0	VARIO 125 STREET	RFS	Ready	61-90	2	Stok_per_no_mesin_dealer - 2026-08-06T080342.480.xls	HTML table / 5,239 data rows	2026-08-06 08:03:42	Aggregated; raw unit/engine identifiers excluded
13621	PT. NUSANTARA SURYA SAKTI - SRLG	ES7	CRF150L	RFS	Unfill	0-30	1	Stok_per_no_mesin_dealer - 2026-08-06T080342.480.xls	HTML table / 5,239 data rows	2026-08-06 08:03:42	Aggregated; raw unit/engine identifiers excluded
13621	PT. NUSANTARA SURYA SAKTI - SRLG	ESK	CRF150L	RFS	Ready	0-30	1	Stok_per_no_mesin_dealer - 2026-08-06T080342.480.xls	HTML table / 5,239 data rows	2026-08-06 08:03:42	Aggregated; raw unit/engine identifiers excluded
13621	PT. NUSANTARA SURYA SAKTI - SRLG	ESL	CRF150L	RFS	Unfill	0-30	3	Stok_per_no_mesin_dealer - 2026-08-06T080342.480.xls	HTML table / 5,239 data rows	2026-08-06 08:03:42	Aggregated; raw unit/engine identifiers excluded
13621	PT. NUSANTARA SURYA SAKTI - SRLG	GB4	REVO FIT	RFS	Ready	0-30	2	Stok_per_no_mesin_dealer - 2026-08-06T080342.480.xls	HTML table / 5,239 data rows	2026-08-06 08:03:42	Aggregated; raw unit/engine identifiers excluded
13621	PT. NUSANTARA SURYA SAKTI - SRLG	GB4	REVO FIT	RFS	Unfill	0-30	1	Stok_per_no_mesin_dealer - 2026-08-06T080342.480.xls	HTML table / 5,239 data rows	2026-08-06 08:03:42	Aggregated; raw unit/engine identifiers excluded
13621	PT. NUSANTARA SURYA SAKTI - SRLG	GD4	REVO X	RFS	Ready	0-30	1	Stok_per_no_mesin_dealer - 2026-08-06T080342.480.xls	HTML table / 5,239 data rows	2026-08-06 08:03:42	Aggregated; raw unit/engine identifiers excluded
13621	PT. NUSANTARA SURYA SAKTI - SRLG	GD4	REVO X	RFS	Unfill	0-30	1	Stok_per_no_mesin_dealer - 2026-08-06T080342.480.xls	HTML table / 5,239 data rows	2026-08-06 08:03:42	Aggregated; raw unit/engine identifiers excluded
13621	PT. NUSANTARA SURYA SAKTI - SRLG	GE5	SUPRA X 125 SW	RFS	Ready	>150	1	Stok_per_no_mesin_dealer - 2026-08-06T080342.480.xls	HTML table / 5,239 data rows	2026-08-06 08:03:42	Aggregated; raw unit/engine identifiers excluded
13621	PT. NUSANTARA SURYA SAKTI - SRLG	GF5	SUPRA X 125 CW	RFS	Ready	31-60	3	Stok_per_no_mesin_dealer - 2026-08-06T080342.480.xls	HTML table / 5,239 data rows	2026-08-06 08:03:42	Aggregated; raw unit/engine identifiers excluded
13621	PT. NUSANTARA SURYA SAKTI - SRLG	GF5	SUPRA X 125 CW	RFS	Ready	>150	1	Stok_per_no_mesin_dealer - 2026-08-06T080342.480.xls	HTML table / 5,239 data rows	2026-08-06 08:03:42	Aggregated; raw unit/engine identifiers excluded
13621	PT. NUSANTARA SURYA SAKTI - SRLG	GF5	SUPRA X 125 CW	RFS	Unfill	0-30	1	Stok_per_no_mesin_dealer - 2026-08-06T080342.480.xls	HTML table / 5,239 data rows	2026-08-06 08:03:42	Aggregated; raw unit/engine identifiers excluded
13621	PT. NUSANTARA SURYA SAKTI - SRLG	JML	CBR 150R STD	RFS	Ready	91-120	1	Stok_per_no_mesin_dealer - 2026-08-06T080342.480.xls	HTML table / 5,239 data rows	2026-08-06 08:03:42	Aggregated; raw unit/engine identifiers excluded
13621	PT. NUSANTARA SURYA SAKTI - SRLG	JR0	CB150R STREETFIRE	RFS	Ready	91-120	1	Stok_per_no_mesin_dealer - 2026-08-06T080342.480.xls	HTML table / 5,239 data rows	2026-08-06 08:03:42	Aggregated; raw unit/engine identifiers excluded
13621	PT. NUSANTARA SURYA SAKTI - SRLG	KF0	CB150 VERZA SW	RFS	Ready	121-150	1	Stok_per_no_mesin_dealer - 2026-08-06T080342.480.xls	HTML table / 5,239 data rows	2026-08-06 08:03:42	Aggregated; raw unit/engine identifiers excluded
13621	PT. NUSANTARA SURYA SAKTI - SRLG	KG0	CB150 VERZA CW	RFS	Ready	0-30	3	Stok_per_no_mesin_dealer - 2026-08-06T080342.480.xls	HTML table / 5,239 data rows	2026-08-06 08:03:42	Aggregated; raw unit/engine identifiers excluded
13621	PT. NUSANTARA SURYA SAKTI - SRLG	KG0	CB150 VERZA CW	RFS	Ready	31-60	1	Stok_per_no_mesin_dealer - 2026-08-06T080342.480.xls	HTML table / 5,239 data rows	2026-08-06 08:03:42	Aggregated; raw unit/engine identifiers excluded
13621	PT. NUSANTARA SURYA SAKTI - SRLG	LY2	GENIO CBS	RFS	Ready	>150	1	Stok_per_no_mesin_dealer - 2026-08-06T080342.480.xls	HTML table / 5,239 data rows	2026-08-06 08:03:42	Aggregated; raw unit/engine identifiers excluded
13621	PT. NUSANTARA SURYA SAKTI - SRLG	ME0	EM1 e:	RFS	Ready	>150	1	Stok_per_no_mesin_dealer - 2026-08-06T080342.480.xls	HTML table / 5,239 data rows	2026-08-06 08:03:42	Aggregated; raw unit/engine identifiers excluded
13621	PT. NUSANTARA SURYA SAKTI - SRLG	MF1	STYLO 160 CBS	RFS	Soft Booking	0-30	1	Stok_per_no_mesin_dealer - 2026-08-06T080342.480.xls	HTML table / 5,239 data rows	2026-08-06 08:03:42	Aggregated; raw unit/engine identifiers excluded
13621	PT. NUSANTARA SURYA SAKTI - SRLG	MF1	STYLO 160 CBS	RFS	Unfill	0-30	1	Stok_per_no_mesin_dealer - 2026-08-06T080342.480.xls	HTML table / 5,239 data rows	2026-08-06 08:03:42	Aggregated; raw unit/engine identifiers excluded
13621	PT. NUSANTARA SURYA SAKTI - SRLG	MG1	STYLO 160 ABS	RFS	Unfill	0-30	3	Stok_per_no_mesin_dealer - 2026-08-06T080342.480.xls	HTML table / 5,239 data rows	2026-08-06 08:03:42	Aggregated; raw unit/engine identifiers excluded
13621	PT. NUSANTARA SURYA SAKTI - SRLG	MGA	STYLO 160 ABS SPECIAL	RFS	Ready	0-30	3	Stok_per_no_mesin_dealer - 2026-08-06T080342.480.xls	HTML table / 5,239 data rows	2026-08-06 08:03:42	Aggregated; raw unit/engine identifiers excluded
13621	PT. NUSANTARA SURYA SAKTI - SRLG	MGA	STYLO 160 ABS SPECIAL	RFS	Unfill	0-30	4	Stok_per_no_mesin_dealer - 2026-08-06T080342.480.xls	HTML table / 5,239 data rows	2026-08-06 08:03:42	Aggregated; raw unit/engine identifiers excluded
13621	PT. NUSANTARA SURYA SAKTI - SRLG	MJ1	BEAT SPORTY CBS	RFS	Ready	0-30	2	Stok_per_no_mesin_dealer - 2026-08-06T080342.480.xls	HTML table / 5,239 data rows	2026-08-06 08:03:42	Aggregated; raw unit/engine identifiers excluded
13621	PT. NUSANTARA SURYA SAKTI - SRLG	MJ2	BEAT SPORTY CBS	RFS	Ready	0-30	4	Stok_per_no_mesin_dealer - 2026-08-06T080342.480.xls	HTML table / 5,239 data rows	2026-08-06 08:03:42	Aggregated; raw unit/engine identifiers excluded
13621	PT. NUSANTARA SURYA SAKTI - SRLG	MJ2	BEAT SPORTY CBS	RFS	Unfill	0-30	2	Stok_per_no_mesin_dealer - 2026-08-06T080342.480.xls	HTML table / 5,239 data rows	2026-08-06 08:03:42	Aggregated; raw unit/engine identifiers excluded
13621	PT. NUSANTARA SURYA SAKTI - SRLG	MK2	BEAT SPORTY CBS ISS	RFS	Ready	0-30	3	Stok_per_no_mesin_dealer - 2026-08-06T080342.480.xls	HTML table / 5,239 data rows	2026-08-06 08:03:42	Aggregated; raw unit/engine identifiers excluded
13621	PT. NUSANTARA SURYA SAKTI - SRLG	MK2	BEAT SPORTY CBS ISS	RFS	Unfill	0-30	1	Stok_per_no_mesin_dealer - 2026-08-06T080342.480.xls	HTML table / 5,239 data rows	2026-08-06 08:03:42	Aggregated; raw unit/engine identifiers excluded
13621	PT. NUSANTARA SURYA SAKTI - SRLG	ML1	BEAT SPORTY DLX SMART KEY	RFS	Ready	>150	1	Stok_per_no_mesin_dealer - 2026-08-06T080342.480.xls	HTML table / 5,239 data rows	2026-08-06 08:03:42	Aggregated; raw unit/engine identifiers excluded
13621	PT. NUSANTARA SURYA SAKTI - SRLG	ML2	BEAT SPORTY DLX SMART KEY	RFS	Ready	0-30	1	Stok_per_no_mesin_dealer - 2026-08-06T080342.480.xls	HTML table / 5,239 data rows	2026-08-06 08:03:42	Aggregated; raw unit/engine identifiers excluded
13621	PT. NUSANTARA SURYA SAKTI - SRLG	ML2	BEAT SPORTY DLX SMART KEY	RFS	Unfill	0-30	2	Stok_per_no_mesin_dealer - 2026-08-06T080342.480.xls	HTML table / 5,239 data rows	2026-08-06 08:03:42	Aggregated; raw unit/engine identifiers excluded
13621	PT. NUSANTARA SURYA SAKTI - SRLG	MM2	BEAT STREET	RFS	Ready	0-30	5	Stok_per_no_mesin_dealer - 2026-08-06T080342.480.xls	HTML table / 5,239 data rows	2026-08-06 08:03:42	Aggregated; raw unit/engine identifiers excluded
13621	PT. NUSANTARA SURYA SAKTI - SRLG	MM2	BEAT STREET	RFS	Unfill	0-30	2	Stok_per_no_mesin_dealer - 2026-08-06T080342.480.xls	HTML table / 5,239 data rows	2026-08-06 08:03:42	Aggregated; raw unit/engine identifiers excluded
13621	PT. NUSANTARA SURYA SAKTI - SRLG	MN0	CUV e:	RFS	Ready	31-60	1	Stok_per_no_mesin_dealer - 2026-08-06T080342.480.xls	HTML table / 5,239 data rows	2026-08-06 08:03:42	Aggregated; raw unit/engine identifiers excluded
13621	PT. NUSANTARA SURYA SAKTI - SRLG	MN0	CUV e:	RFS	Ready	>150	3	Stok_per_no_mesin_dealer - 2026-08-06T080342.480.xls	HTML table / 5,239 data rows	2026-08-06 08:03:42	Aggregated; raw unit/engine identifiers excluded
13621	PT. NUSANTARA SURYA SAKTI - SRLG	MP0	CUV e: RoadSync Duo	RFS	Ready	>150	1	Stok_per_no_mesin_dealer - 2026-08-06T080342.480.xls	HTML table / 5,239 data rows	2026-08-06 08:03:42	Aggregated; raw unit/engine identifiers excluded
13621	PT. NUSANTARA SURYA SAKTI - SRLG	MRB	SCOOPY FASHION	RFS	Ready	0-30	1	Stok_per_no_mesin_dealer - 2026-08-06T080342.480.xls	HTML table / 5,239 data rows	2026-08-06 08:03:42	Aggregated; raw unit/engine identifiers excluded
13621	PT. NUSANTARA SURYA SAKTI - SRLG	MRB	SCOOPY FASHION	RFS	Unfill	0-30	1	Stok_per_no_mesin_dealer - 2026-08-06T080342.480.xls	HTML table / 5,239 data rows	2026-08-06 08:03:42	Aggregated; raw unit/engine identifiers excluded
13621	PT. NUSANTARA SURYA SAKTI - SRLG	MS1	SCOOPY PRESTIGE	RFS	Ready	0-30	4	Stok_per_no_mesin_dealer - 2026-08-06T080342.480.xls	HTML table / 5,239 data rows	2026-08-06 08:03:42	Aggregated; raw unit/engine identifiers excluded
13621	PT. NUSANTARA SURYA SAKTI - SRLG	MS1	SCOOPY PRESTIGE	RFS	Unfill	0-30	1	Stok_per_no_mesin_dealer - 2026-08-06T080342.480.xls	HTML table / 5,239 data rows	2026-08-06 08:03:42	Aggregated; raw unit/engine identifiers excluded
13621	PT. NUSANTARA SURYA SAKTI - SRLG	MSB	SCOOPY STYLISH	RFS	Ready	0-30	2	Stok_per_no_mesin_dealer - 2026-08-06T080342.480.xls	HTML table / 5,239 data rows	2026-08-06 08:03:42	Aggregated; raw unit/engine identifiers excluded
13621	PT. NUSANTARA SURYA SAKTI - SRLG	MSB	SCOOPY STYLISH	RFS	Soft Booking	0-30	1	Stok_per_no_mesin_dealer - 2026-08-06T080342.480.xls	HTML table / 5,239 data rows	2026-08-06 08:03:42	Aggregated; raw unit/engine identifiers excluded
13621	PT. NUSANTARA SURYA SAKTI - SRLG	MSB	SCOOPY STYLISH	RFS	Unfill	0-30	1	Stok_per_no_mesin_dealer - 2026-08-06T080342.480.xls	HTML table / 5,239 data rows	2026-08-06 08:03:42	Aggregated; raw unit/engine identifiers excluded
13621	PT. NUSANTARA SURYA SAKTI - SRLG	MV1	PCX160 ABS	RFS	Ready	0-30	1	Stok_per_no_mesin_dealer - 2026-08-06T080342.480.xls	HTML table / 5,239 data rows	2026-08-06 08:03:42	Aggregated; raw unit/engine identifiers excluded
13621	PT. NUSANTARA SURYA SAKTI - SRLG	MW1	PCX160 Honda RoadSync	RFS	Ready	0-30	1	Stok_per_no_mesin_dealer - 2026-08-06T080342.480.xls	HTML table / 5,239 data rows	2026-08-06 08:03:42	Aggregated; raw unit/engine identifiers excluded
13621	PT. NUSANTARA SURYA SAKTI - SRLG	MW1	PCX160 Honda RoadSync	RFS	Unfill	0-30	1	Stok_per_no_mesin_dealer - 2026-08-06T080342.480.xls	HTML table / 5,239 data rows	2026-08-06 08:03:42	Aggregated; raw unit/engine identifiers excluded
13621	PT. NUSANTARA SURYA SAKTI - SRLG	MX0	ICON E:	RFS	Ready	61-90	1	Stok_per_no_mesin_dealer - 2026-08-06T080342.480.xls	HTML table / 5,239 data rows	2026-08-06 08:03:42	Aggregated; raw unit/engine identifiers excluded
13621	PT. NUSANTARA SURYA SAKTI - SRLG	MX0	ICON E:	RFS	Ready	>150	4	Stok_per_no_mesin_dealer - 2026-08-06T080342.480.xls	HTML table / 5,239 data rows	2026-08-06 08:03:42	Aggregated; raw unit/engine identifiers excluded
13621	PT. NUSANTARA SURYA SAKTI - SRLG	MY0	VARIO EVO 160 CBS Nitro	RFS	Ready	0-30	1	Stok_per_no_mesin_dealer - 2026-08-06T080342.480.xls	HTML table / 5,239 data rows	2026-08-06 08:03:42	Aggregated; raw unit/engine identifiers excluded
13621	PT. NUSANTARA SURYA SAKTI - SRLG	MYA	VARIO EVO 160 CBS	RFS	Ready	0-30	1	Stok_per_no_mesin_dealer - 2026-08-06T080342.480.xls	HTML table / 5,239 data rows	2026-08-06 08:03:42	Aggregated; raw unit/engine identifiers excluded
13621	PT. NUSANTARA SURYA SAKTI - SRLG	MZ0	VARIO EVO 160 ABS	RFS	Ready	0-30	1	Stok_per_no_mesin_dealer - 2026-08-06T080342.480.xls	HTML table / 5,239 data rows	2026-08-06 08:03:42	Aggregated; raw unit/engine identifiers excluded
13621	PT. NUSANTARA SURYA SAKTI - SRLG	NB0	ADV160 ABS	RFS	Unfill	0-30	2	Stok_per_no_mesin_dealer - 2026-08-06T080342.480.xls	HTML table / 5,239 data rows	2026-08-06 08:03:42	Aggregated; raw unit/engine identifiers excluded
13621	PT. NUSANTARA SURYA SAKTI - SRLG	NC0	ADV160 RoadSync	RFS	Ready	0-30	1	Stok_per_no_mesin_dealer - 2026-08-06T080342.480.xls	HTML table / 5,239 data rows	2026-08-06 08:03:42	Aggregated; raw unit/engine identifiers excluded
13621	PT. NUSANTARA SURYA SAKTI - SRLG	ND0	VARIO 125 CBS	RFS	Unfill	0-30	1	Stok_per_no_mesin_dealer - 2026-08-06T080342.480.xls	HTML table / 5,239 data rows	2026-08-06 08:03:42	Aggregated; raw unit/engine identifiers excluded
13621	PT. NUSANTARA SURYA SAKTI - SRLG	NF0	VARIO 125 STREET	RFS	Ready	31-60	1	Stok_per_no_mesin_dealer - 2026-08-06T080342.480.xls	HTML table / 5,239 data rows	2026-08-06 08:03:42	Aggregated; raw unit/engine identifiers excluded
13621	PT. NUSANTARA SURYA SAKTI - SRLG	NF0	VARIO 125 STREET	RFS	Ready	61-90	2	Stok_per_no_mesin_dealer - 2026-08-06T080342.480.xls	HTML table / 5,239 data rows	2026-08-06 08:03:42	Aggregated; raw unit/engine identifiers excluded
13621	PT. NUSANTARA SURYA SAKTI - SRLG	NF0	VARIO 125 STREET	RFS	Ready	91-120	2	Stok_per_no_mesin_dealer - 2026-08-06T080342.480.xls	HTML table / 5,239 data rows	2026-08-06 08:03:42	Aggregated; raw unit/engine identifiers excluded
13621	PT. NUSANTARA SURYA SAKTI - SRLG	NF0	VARIO 125 STREET	RFS	Ready	>150	1	Stok_per_no_mesin_dealer - 2026-08-06T080342.480.xls	HTML table / 5,239 data rows	2026-08-06 08:03:42	Aggregated; raw unit/engine identifiers excluded
13759	PT. TUNAS DWIPA MATRA - BUNGO	ESL	CRF150L	RFS	Intransit	0-30	10	Stok_per_no_mesin_dealer - 2026-08-06T080342.480.xls	HTML table / 5,239 data rows	2026-08-06 08:03:42	Aggregated; raw unit/engine identifiers excluded
13759	PT. TUNAS DWIPA MATRA - BUNGO	ESL	CRF150L	RFS	Ready	0-30	1	Stok_per_no_mesin_dealer - 2026-08-06T080342.480.xls	HTML table / 5,239 data rows	2026-08-06 08:03:42	Aggregated; raw unit/engine identifiers excluded
13759	PT. TUNAS DWIPA MATRA - BUNGO	GB4	REVO FIT	RFS	Ready	0-30	3	Stok_per_no_mesin_dealer - 2026-08-06T080342.480.xls	HTML table / 5,239 data rows	2026-08-06 08:03:42	Aggregated; raw unit/engine identifiers excluded
13759	PT. TUNAS DWIPA MATRA - BUNGO	GB4	REVO FIT	RFS	Soft Booking	0-30	9	Stok_per_no_mesin_dealer - 2026-08-06T080342.480.xls	HTML table / 5,239 data rows	2026-08-06 08:03:42	Aggregated; raw unit/engine identifiers excluded
13759	PT. TUNAS DWIPA MATRA - BUNGO	GB4	REVO FIT	RFS	Soft Booking	31-60	1	Stok_per_no_mesin_dealer - 2026-08-06T080342.480.xls	HTML table / 5,239 data rows	2026-08-06 08:03:42	Aggregated; raw unit/engine identifiers excluded
13759	PT. TUNAS DWIPA MATRA - BUNGO	GB4	REVO FIT	RFS	Soft Booking	>150	1	Stok_per_no_mesin_dealer - 2026-08-06T080342.480.xls	HTML table / 5,239 data rows	2026-08-06 08:03:42	Aggregated; raw unit/engine identifiers excluded
13759	PT. TUNAS DWIPA MATRA - BUNGO	GD4	REVO X	RFS	Intransit	0-30	3	Stok_per_no_mesin_dealer - 2026-08-06T080342.480.xls	HTML table / 5,239 data rows	2026-08-06 08:03:42	Aggregated; raw unit/engine identifiers excluded
13759	PT. TUNAS DWIPA MATRA - BUNGO	GD4	REVO X	RFS	Ready	0-30	11	Stok_per_no_mesin_dealer - 2026-08-06T080342.480.xls	HTML table / 5,239 data rows	2026-08-06 08:03:42	Aggregated; raw unit/engine identifiers excluded
13759	PT. TUNAS DWIPA MATRA - BUNGO	GD4	REVO X	RFS	Ready	31-60	1	Stok_per_no_mesin_dealer - 2026-08-06T080342.480.xls	HTML table / 5,239 data rows	2026-08-06 08:03:42	Aggregated; raw unit/engine identifiers excluded
13759	PT. TUNAS DWIPA MATRA - BUNGO	GD4	REVO X	RFS	Soft Booking	0-30	2	Stok_per_no_mesin_dealer - 2026-08-06T080342.480.xls	HTML table / 5,239 data rows	2026-08-06 08:03:42	Aggregated; raw unit/engine identifiers excluded
13759	PT. TUNAS DWIPA MATRA - BUNGO	GF5	SUPRA X 125 CW	RFS	Intransit	0-30	3	Stok_per_no_mesin_dealer - 2026-08-06T080342.480.xls	HTML table / 5,239 data rows	2026-08-06 08:03:42	Aggregated; raw unit/engine identifiers excluded
13759	PT. TUNAS DWIPA MATRA - BUNGO	GF5	SUPRA X 125 CW	RFS	Ready	0-30	2	Stok_per_no_mesin_dealer - 2026-08-06T080342.480.xls	HTML table / 5,239 data rows	2026-08-06 08:03:42	Aggregated; raw unit/engine identifiers excluded
13759	PT. TUNAS DWIPA MATRA - BUNGO	GF5	SUPRA X 125 CW	RFS	Soft Booking	0-30	2	Stok_per_no_mesin_dealer - 2026-08-06T080342.480.xls	HTML table / 5,239 data rows	2026-08-06 08:03:42	Aggregated; raw unit/engine identifiers excluded
13759	PT. TUNAS DWIPA MATRA - BUNGO	GF5	SUPRA X 125 CW	RFS	Soft Booking	61-90	1	Stok_per_no_mesin_dealer - 2026-08-06T080342.480.xls	HTML table / 5,239 data rows	2026-08-06 08:03:42	Aggregated; raw unit/engine identifiers excluded
13759	PT. TUNAS DWIPA MATRA - BUNGO	HJK	NEW SUPRA GTR150	RFS	Ready	0-30	1	Stok_per_no_mesin_dealer - 2026-08-06T080342.480.xls	HTML table / 5,239 data rows	2026-08-06 08:03:42	Aggregated; raw unit/engine identifiers excluded
13759	PT. TUNAS DWIPA MATRA - BUNGO	JML	CBR 150R STD	RFS	Soft Booking	121-150	1	Stok_per_no_mesin_dealer - 2026-08-06T080342.480.xls	HTML table / 5,239 data rows	2026-08-06 08:03:42	Aggregated; raw unit/engine identifiers excluded
13759	PT. TUNAS DWIPA MATRA - BUNGO	KF0	CB150 VERZA SW	RFS	Ready	61-90	1	Stok_per_no_mesin_dealer - 2026-08-06T080342.480.xls	HTML table / 5,239 data rows	2026-08-06 08:03:42	Aggregated; raw unit/engine identifiers excluded
13759	PT. TUNAS DWIPA MATRA - BUNGO	LY2	GENIO CBS	RFS	Ready	31-60	1	Stok_per_no_mesin_dealer - 2026-08-06T080342.480.xls	HTML table / 5,239 data rows	2026-08-06 08:03:42	Aggregated; raw unit/engine identifiers excluded
13759	PT. TUNAS DWIPA MATRA - BUNGO	MF1	STYLO 160 CBS	RFS	Intransit	0-30	1	Stok_per_no_mesin_dealer - 2026-08-06T080342.480.xls	HTML table / 5,239 data rows	2026-08-06 08:03:42	Aggregated; raw unit/engine identifiers excluded
13759	PT. TUNAS DWIPA MATRA - BUNGO	MG1	STYLO 160 ABS	RFS	Intransit	0-30	8	Stok_per_no_mesin_dealer - 2026-08-06T080342.480.xls	HTML table / 5,239 data rows	2026-08-06 08:03:42	Aggregated; raw unit/engine identifiers excluded
13759	PT. TUNAS DWIPA MATRA - BUNGO	MGA	STYLO 160 ABS SPECIAL	RFS	Intransit	0-30	4	Stok_per_no_mesin_dealer - 2026-08-06T080342.480.xls	HTML table / 5,239 data rows	2026-08-06 08:03:42	Aggregated; raw unit/engine identifiers excluded
13759	PT. TUNAS DWIPA MATRA - BUNGO	MGA	STYLO 160 ABS SPECIAL	RFS	Soft Booking	0-30	1	Stok_per_no_mesin_dealer - 2026-08-06T080342.480.xls	HTML table / 5,239 data rows	2026-08-06 08:03:42	Aggregated; raw unit/engine identifiers excluded
13759	PT. TUNAS DWIPA MATRA - BUNGO	MJ1	BEAT SPORTY CBS	RFS	Ready	0-30	9	Stok_per_no_mesin_dealer - 2026-08-06T080342.480.xls	HTML table / 5,239 data rows	2026-08-06 08:03:42	Aggregated; raw unit/engine identifiers excluded
13759	PT. TUNAS DWIPA MATRA - BUNGO	MJ1	BEAT SPORTY CBS	RFS	Ready	31-60	7	Stok_per_no_mesin_dealer - 2026-08-06T080342.480.xls	HTML table / 5,239 data rows	2026-08-06 08:03:42	Aggregated; raw unit/engine identifiers excluded
13759	PT. TUNAS DWIPA MATRA - BUNGO	MJ1	BEAT SPORTY CBS	RFS	Ready	61-90	1	Stok_per_no_mesin_dealer - 2026-08-06T080342.480.xls	HTML table / 5,239 data rows	2026-08-06 08:03:42	Aggregated; raw unit/engine identifiers excluded
13759	PT. TUNAS DWIPA MATRA - BUNGO	MJ1	BEAT SPORTY CBS	RFS	Ready	91-120	1	Stok_per_no_mesin_dealer - 2026-08-06T080342.480.xls	HTML table / 5,239 data rows	2026-08-06 08:03:42	Aggregated; raw unit/engine identifiers excluded
13759	PT. TUNAS DWIPA MATRA - BUNGO	MJ1	BEAT SPORTY CBS	RFS	Soft Booking	0-30	2	Stok_per_no_mesin_dealer - 2026-08-06T080342.480.xls	HTML table / 5,239 data rows	2026-08-06 08:03:42	Aggregated; raw unit/engine identifiers excluded
13759	PT. TUNAS DWIPA MATRA - BUNGO	MJ1	BEAT SPORTY CBS	RFS	Soft Booking	31-60	3	Stok_per_no_mesin_dealer - 2026-08-06T080342.480.xls	HTML table / 5,239 data rows	2026-08-06 08:03:42	Aggregated; raw unit/engine identifiers excluded
13759	PT. TUNAS DWIPA MATRA - BUNGO	MJ2	BEAT SPORTY CBS	RFS	Intransit	0-30	8	Stok_per_no_mesin_dealer - 2026-08-06T080342.480.xls	HTML table / 5,239 data rows	2026-08-06 08:03:42	Aggregated; raw unit/engine identifiers excluded
13759	PT. TUNAS DWIPA MATRA - BUNGO	MJ2	BEAT SPORTY CBS	RFS	Ready	0-30	19	Stok_per_no_mesin_dealer - 2026-08-06T080342.480.xls	HTML table / 5,239 data rows	2026-08-06 08:03:42	Aggregated; raw unit/engine identifiers excluded
13759	PT. TUNAS DWIPA MATRA - BUNGO	MJ2	BEAT SPORTY CBS	RFS	Soft Booking	0-30	4	Stok_per_no_mesin_dealer - 2026-08-06T080342.480.xls	HTML table / 5,239 data rows	2026-08-06 08:03:42	Aggregated; raw unit/engine identifiers excluded
13759	PT. TUNAS DWIPA MATRA - BUNGO	MK1	BEAT SPORTY CBS ISS DELUXE	RFS	Ready	0-30	1	Stok_per_no_mesin_dealer - 2026-08-06T080342.480.xls	HTML table / 5,239 data rows	2026-08-06 08:03:42	Aggregated; raw unit/engine identifiers excluded
13759	PT. TUNAS DWIPA MATRA - BUNGO	MK1	BEAT SPORTY CBS ISS DELUXE	RFS	Ready	31-60	1	Stok_per_no_mesin_dealer - 2026-08-06T080342.480.xls	HTML table / 5,239 data rows	2026-08-06 08:03:42	Aggregated; raw unit/engine identifiers excluded
13759	PT. TUNAS DWIPA MATRA - BUNGO	MK2	BEAT SPORTY CBS ISS	RFS	Intransit	0-30	1	Stok_per_no_mesin_dealer - 2026-08-06T080342.480.xls	HTML table / 5,239 data rows	2026-08-06 08:03:42	Aggregated; raw unit/engine identifiers excluded
13759	PT. TUNAS DWIPA MATRA - BUNGO	MK2	BEAT SPORTY CBS ISS	RFS	Ready	0-30	4	Stok_per_no_mesin_dealer - 2026-08-06T080342.480.xls	HTML table / 5,239 data rows	2026-08-06 08:03:42	Aggregated; raw unit/engine identifiers excluded
13759	PT. TUNAS DWIPA MATRA - BUNGO	MK2	BEAT SPORTY CBS ISS	RFS	Ready	31-60	1	Stok_per_no_mesin_dealer - 2026-08-06T080342.480.xls	HTML table / 5,239 data rows	2026-08-06 08:03:42	Aggregated; raw unit/engine identifiers excluded
13759	PT. TUNAS DWIPA MATRA - BUNGO	MK2	BEAT SPORTY CBS ISS	RFS	Soft Booking	0-30	1	Stok_per_no_mesin_dealer - 2026-08-06T080342.480.xls	HTML table / 5,239 data rows	2026-08-06 08:03:42	Aggregated; raw unit/engine identifiers excluded
13759	PT. TUNAS DWIPA MATRA - BUNGO	ML2	BEAT SPORTY DLX SMART KEY	RFS	Intransit	0-30	3	Stok_per_no_mesin_dealer - 2026-08-06T080342.480.xls	HTML table / 5,239 data rows	2026-08-06 08:03:42	Aggregated; raw unit/engine identifiers excluded
13759	PT. TUNAS DWIPA MATRA - BUNGO	ML2	BEAT SPORTY DLX SMART KEY	RFS	Ready	0-30	2	Stok_per_no_mesin_dealer - 2026-08-06T080342.480.xls	HTML table / 5,239 data rows	2026-08-06 08:03:42	Aggregated; raw unit/engine identifiers excluded
13759	PT. TUNAS DWIPA MATRA - BUNGO	MM1	BEAT STREET	RFS	Ready	31-60	1	Stok_per_no_mesin_dealer - 2026-08-06T080342.480.xls	HTML table / 5,239 data rows	2026-08-06 08:03:42	Aggregated; raw unit/engine identifiers excluded
13759	PT. TUNAS DWIPA MATRA - BUNGO	MM1	BEAT STREET	RFS	Ready	61-90	1	Stok_per_no_mesin_dealer - 2026-08-06T080342.480.xls	HTML table / 5,239 data rows	2026-08-06 08:03:42	Aggregated; raw unit/engine identifiers excluded
13759	PT. TUNAS DWIPA MATRA - BUNGO	MM2	BEAT STREET	RFS	Ready	0-30	13	Stok_per_no_mesin_dealer - 2026-08-06T080342.480.xls	HTML table / 5,239 data rows	2026-08-06 08:03:42	Aggregated; raw unit/engine identifiers excluded
13759	PT. TUNAS DWIPA MATRA - BUNGO	MM2	BEAT STREET	RFS	Ready	31-60	1	Stok_per_no_mesin_dealer - 2026-08-06T080342.480.xls	HTML table / 5,239 data rows	2026-08-06 08:03:42	Aggregated; raw unit/engine identifiers excluded
13759	PT. TUNAS DWIPA MATRA - BUNGO	MM2	BEAT STREET	RFS	Soft Booking	0-30	4	Stok_per_no_mesin_dealer - 2026-08-06T080342.480.xls	HTML table / 5,239 data rows	2026-08-06 08:03:42	Aggregated; raw unit/engine identifiers excluded
13759	PT. TUNAS DWIPA MATRA - BUNGO	MN0	CUV e:	RFS	Ready	>150	3	Stok_per_no_mesin_dealer - 2026-08-06T080342.480.xls	HTML table / 5,239 data rows	2026-08-06 08:03:42	Aggregated; raw unit/engine identifiers excluded
13759	PT. TUNAS DWIPA MATRA - BUNGO	MN0	CUV e:	RFS	Soft Booking	>150	1	Stok_per_no_mesin_dealer - 2026-08-06T080342.480.xls	HTML table / 5,239 data rows	2026-08-06 08:03:42	Aggregated; raw unit/engine identifiers excluded
13759	PT. TUNAS DWIPA MATRA - BUNGO	MP0	CUV e: RoadSync Duo	RFS	Ready	>150	1	Stok_per_no_mesin_dealer - 2026-08-06T080342.480.xls	HTML table / 5,239 data rows	2026-08-06 08:03:42	Aggregated; raw unit/engine identifiers excluded
13759	PT. TUNAS DWIPA MATRA - BUNGO	MRB	SCOOPY FASHION	RFS	Intransit	0-30	5	Stok_per_no_mesin_dealer - 2026-08-06T080342.480.xls	HTML table / 5,239 data rows	2026-08-06 08:03:42	Aggregated; raw unit/engine identifiers excluded
13759	PT. TUNAS DWIPA MATRA - BUNGO	MS1	SCOOPY PRESTIGE	RFS	Intransit	0-30	6	Stok_per_no_mesin_dealer - 2026-08-06T080342.480.xls	HTML table / 5,239 data rows	2026-08-06 08:03:42	Aggregated; raw unit/engine identifiers excluded
13759	PT. TUNAS DWIPA MATRA - BUNGO	MSB	SCOOPY STYLISH	RFS	Intransit	0-30	6	Stok_per_no_mesin_dealer - 2026-08-06T080342.480.xls	HTML table / 5,239 data rows	2026-08-06 08:03:42	Aggregated; raw unit/engine identifiers excluded
13759	PT. TUNAS DWIPA MATRA - BUNGO	MSB	SCOOPY STYLISH	RFS	Soft Booking	0-30	2	Stok_per_no_mesin_dealer - 2026-08-06T080342.480.xls	HTML table / 5,239 data rows	2026-08-06 08:03:42	Aggregated; raw unit/engine identifiers excluded
13759	PT. TUNAS DWIPA MATRA - BUNGO	MT1	PCX160 CBS	RFS	Intransit	0-30	1	Stok_per_no_mesin_dealer - 2026-08-06T080342.480.xls	HTML table / 5,239 data rows	2026-08-06 08:03:42	Aggregated; raw unit/engine identifiers excluded
13759	PT. TUNAS DWIPA MATRA - BUNGO	MT1	PCX160 CBS	RFS	Soft Booking	0-30	1	Stok_per_no_mesin_dealer - 2026-08-06T080342.480.xls	HTML table / 5,239 data rows	2026-08-06 08:03:42	Aggregated; raw unit/engine identifiers excluded
13759	PT. TUNAS DWIPA MATRA - BUNGO	MW1	PCX160 Honda RoadSync	RFS	Intransit	0-30	3	Stok_per_no_mesin_dealer - 2026-08-06T080342.480.xls	HTML table / 5,239 data rows	2026-08-06 08:03:42	Aggregated; raw unit/engine identifiers excluded
13759	PT. TUNAS DWIPA MATRA - BUNGO	MW1	PCX160 Honda RoadSync	RFS	Soft Booking	0-30	2	Stok_per_no_mesin_dealer - 2026-08-06T080342.480.xls	HTML table / 5,239 data rows	2026-08-06 08:03:42	Aggregated; raw unit/engine identifiers excluded
13759	PT. TUNAS DWIPA MATRA - BUNGO	MX0	ICON E:	RFS	Ready	>150	6	Stok_per_no_mesin_dealer - 2026-08-06T080342.480.xls	HTML table / 5,239 data rows	2026-08-06 08:03:42	Aggregated; raw unit/engine identifiers excluded
13759	PT. TUNAS DWIPA MATRA - BUNGO	MY0	VARIO EVO 160 CBS Nitro	RFS	Ready	0-30	2	Stok_per_no_mesin_dealer - 2026-08-06T080342.480.xls	HTML table / 5,239 data rows	2026-08-06 08:03:42	Aggregated; raw unit/engine identifiers excluded
13759	PT. TUNAS DWIPA MATRA - BUNGO	MYA	VARIO EVO 160 CBS	RFS	Ready	0-30	1	Stok_per_no_mesin_dealer - 2026-08-06T080342.480.xls	HTML table / 5,239 data rows	2026-08-06 08:03:42	Aggregated; raw unit/engine identifiers excluded
13759	PT. TUNAS DWIPA MATRA - BUNGO	MYA	VARIO EVO 160 CBS	RFS	Soft Booking	0-30	1	Stok_per_no_mesin_dealer - 2026-08-06T080342.480.xls	HTML table / 5,239 data rows	2026-08-06 08:03:42	Aggregated; raw unit/engine identifiers excluded
13759	PT. TUNAS DWIPA MATRA - BUNGO	MZ0	VARIO EVO 160 ABS	RFS	Ready	0-30	2	Stok_per_no_mesin_dealer - 2026-08-06T080342.480.xls	HTML table / 5,239 data rows	2026-08-06 08:03:42	Aggregated; raw unit/engine identifiers excluded
13759	PT. TUNAS DWIPA MATRA - BUNGO	NA0	ADV160 CBS	RFS	Intransit	0-30	1	Stok_per_no_mesin_dealer - 2026-08-06T080342.480.xls	HTML table / 5,239 data rows	2026-08-06 08:03:42	Aggregated; raw unit/engine identifiers excluded
13759	PT. TUNAS DWIPA MATRA - BUNGO	NB0	ADV160 ABS	RFS	Intransit	0-30	1	Stok_per_no_mesin_dealer - 2026-08-06T080342.480.xls	HTML table / 5,239 data rows	2026-08-06 08:03:42	Aggregated; raw unit/engine identifiers excluded
13759	PT. TUNAS DWIPA MATRA - BUNGO	ND0	VARIO 125 CBS	RFS	Intransit	0-30	2	Stok_per_no_mesin_dealer - 2026-08-06T080342.480.xls	HTML table / 5,239 data rows	2026-08-06 08:03:42	Aggregated; raw unit/engine identifiers excluded
13759	PT. TUNAS DWIPA MATRA - BUNGO	NE0	VARIO 125 CBS ISS	RFS	Intransit	0-30	2	Stok_per_no_mesin_dealer - 2026-08-06T080342.480.xls	HTML table / 5,239 data rows	2026-08-06 08:03:42	Aggregated; raw unit/engine identifiers excluded
13759	PT. TUNAS DWIPA MATRA - BUNGO	NE0	VARIO 125 CBS ISS	RFS	Ready	0-30	1	Stok_per_no_mesin_dealer - 2026-08-06T080342.480.xls	HTML table / 5,239 data rows	2026-08-06 08:03:42	Aggregated; raw unit/engine identifiers excluded
13759	PT. TUNAS DWIPA MATRA - BUNGO	NF0	VARIO 125 STREET	RFS	Ready	0-30	3	Stok_per_no_mesin_dealer - 2026-08-06T080342.480.xls	HTML table / 5,239 data rows	2026-08-06 08:03:42	Aggregated; raw unit/engine identifiers excluded
13759	PT. TUNAS DWIPA MATRA - BUNGO	NF0	VARIO 125 STREET	RFS	Ready	121-150	1	Stok_per_no_mesin_dealer - 2026-08-06T080342.480.xls	HTML table / 5,239 data rows	2026-08-06 08:03:42	Aggregated; raw unit/engine identifiers excluded
13759	PT. TUNAS DWIPA MATRA - BUNGO	NF0	VARIO 125 STREET	RFS	Ready	61-90	1	Stok_per_no_mesin_dealer - 2026-08-06T080342.480.xls	HTML table / 5,239 data rows	2026-08-06 08:03:42	Aggregated; raw unit/engine identifiers excluded
13759	PT. TUNAS DWIPA MATRA - BUNGO	NF0	VARIO 125 STREET	RFS	Ready	91-120	2	Stok_per_no_mesin_dealer - 2026-08-06T080342.480.xls	HTML table / 5,239 data rows	2026-08-06 08:03:42	Aggregated; raw unit/engine identifiers excluded
13759	PT. TUNAS DWIPA MATRA - BUNGO	NF0	VARIO 125 STREET	RFS	Soft Booking	0-30	1	Stok_per_no_mesin_dealer - 2026-08-06T080342.480.xls	HTML table / 5,239 data rows	2026-08-06 08:03:42	Aggregated; raw unit/engine identifiers excluded
13759	PT. TUNAS DWIPA MATRA - BUNGO	NF0	VARIO 125 STREET	RFS	Soft Booking	31-60	1	Stok_per_no_mesin_dealer - 2026-08-06T080342.480.xls	HTML table / 5,239 data rows	2026-08-06 08:03:42	Aggregated; raw unit/engine identifiers excluded
17338	PT. RIAU ARGO PERKASA	ESL	CRF150L	RFS	Ready	0-30	1	Stok_per_no_mesin_dealer - 2026-08-06T080342.480.xls	HTML table / 5,239 data rows	2026-08-06 08:03:42	Aggregated; raw unit/engine identifiers excluded
17338	PT. RIAU ARGO PERKASA	ESL	CRF150L	RFS	Ready	31-60	1	Stok_per_no_mesin_dealer - 2026-08-06T080342.480.xls	HTML table / 5,239 data rows	2026-08-06 08:03:42	Aggregated; raw unit/engine identifiers excluded
17338	PT. RIAU ARGO PERKASA	ESL	CRF150L	RFS	Soft Booking	0-30	1	Stok_per_no_mesin_dealer - 2026-08-06T080342.480.xls	HTML table / 5,239 data rows	2026-08-06 08:03:42	Aggregated; raw unit/engine identifiers excluded
17338	PT. RIAU ARGO PERKASA	ESL	CRF150L	RFS	Unfill	0-30	1	Stok_per_no_mesin_dealer - 2026-08-06T080342.480.xls	HTML table / 5,239 data rows	2026-08-06 08:03:42	Aggregated; raw unit/engine identifiers excluded
17338	PT. RIAU ARGO PERKASA	GB4	REVO FIT	RFS	Ready	0-30	5	Stok_per_no_mesin_dealer - 2026-08-06T080342.480.xls	HTML table / 5,239 data rows	2026-08-06 08:03:42	Aggregated; raw unit/engine identifiers excluded
17338	PT. RIAU ARGO PERKASA	GB4	REVO FIT	RFS	Unfill	0-30	1	Stok_per_no_mesin_dealer - 2026-08-06T080342.480.xls	HTML table / 5,239 data rows	2026-08-06 08:03:42	Aggregated; raw unit/engine identifiers excluded
17338	PT. RIAU ARGO PERKASA	GD4	REVO X	RFS	Soft Booking	0-30	2	Stok_per_no_mesin_dealer - 2026-08-06T080342.480.xls	HTML table / 5,239 data rows	2026-08-06 08:03:42	Aggregated; raw unit/engine identifiers excluded
17338	PT. RIAU ARGO PERKASA	GD4	REVO X	RFS	Unfill	0-30	7	Stok_per_no_mesin_dealer - 2026-08-06T080342.480.xls	HTML table / 5,239 data rows	2026-08-06 08:03:42	Aggregated; raw unit/engine identifiers excluded
17338	PT. RIAU ARGO PERKASA	GE5	SUPRA X 125 SW	RFS	Ready	0-30	1	Stok_per_no_mesin_dealer - 2026-08-06T080342.480.xls	HTML table / 5,239 data rows	2026-08-06 08:03:42	Aggregated; raw unit/engine identifiers excluded
17338	PT. RIAU ARGO PERKASA	GF5	SUPRA X 125 CW	RFS	Ready	0-30	3	Stok_per_no_mesin_dealer - 2026-08-06T080342.480.xls	HTML table / 5,239 data rows	2026-08-06 08:03:42	Aggregated; raw unit/engine identifiers excluded
17338	PT. RIAU ARGO PERKASA	GF5	SUPRA X 125 CW	RFS	Soft Booking	0-30	3	Stok_per_no_mesin_dealer - 2026-08-06T080342.480.xls	HTML table / 5,239 data rows	2026-08-06 08:03:42	Aggregated; raw unit/engine identifiers excluded
17338	PT. RIAU ARGO PERKASA	HJ9	NEW SUPRA GTR150 SPORTY	RFS	Soft Booking	0-30	1	Stok_per_no_mesin_dealer - 2026-08-06T080342.480.xls	HTML table / 5,239 data rows	2026-08-06 08:03:42	Aggregated; raw unit/engine identifiers excluded
17338	PT. RIAU ARGO PERKASA	JMM	CBR 150R STD	RFS	Soft Booking	0-30	1	Stok_per_no_mesin_dealer - 2026-08-06T080342.480.xls	HTML table / 5,239 data rows	2026-08-06 08:03:42	Aggregated; raw unit/engine identifiers excluded
17338	PT. RIAU ARGO PERKASA	JS0	CB150R STREETFIRE	RFS	Ready	>150	1	Stok_per_no_mesin_dealer - 2026-08-06T080342.480.xls	HTML table / 5,239 data rows	2026-08-06 08:03:42	Aggregated; raw unit/engine identifiers excluded
17338	PT. RIAU ARGO PERKASA	KF0	CB150 VERZA SW	RFS	Ready	31-60	1	Stok_per_no_mesin_dealer - 2026-08-06T080342.480.xls	HTML table / 5,239 data rows	2026-08-06 08:03:42	Aggregated; raw unit/engine identifiers excluded
17338	PT. RIAU ARGO PERKASA	LY2	GENIO CBS	RFS	Ready	>150	1	Stok_per_no_mesin_dealer - 2026-08-06T080342.480.xls	HTML table / 5,239 data rows	2026-08-06 08:03:42	Aggregated; raw unit/engine identifiers excluded
17338	PT. RIAU ARGO PERKASA	LZ2	GENIO CBS ISS	RFS	Soft Booking	>150	1	Stok_per_no_mesin_dealer - 2026-08-06T080342.480.xls	HTML table / 5,239 data rows	2026-08-06 08:03:42	Aggregated; raw unit/engine identifiers excluded
17338	PT. RIAU ARGO PERKASA	MF1	STYLO 160 CBS	RFS	Unfill	0-30	1	Stok_per_no_mesin_dealer - 2026-08-06T080342.480.xls	HTML table / 5,239 data rows	2026-08-06 08:03:42	Aggregated; raw unit/engine identifiers excluded
17338	PT. RIAU ARGO PERKASA	MG1	STYLO 160 ABS	RFS	Unfill	0-30	1	Stok_per_no_mesin_dealer - 2026-08-06T080342.480.xls	HTML table / 5,239 data rows	2026-08-06 08:03:42	Aggregated; raw unit/engine identifiers excluded
17338	PT. RIAU ARGO PERKASA	MGA	STYLO 160 ABS SPECIAL	RFS	Unfill	0-30	1	Stok_per_no_mesin_dealer - 2026-08-06T080342.480.xls	HTML table / 5,239 data rows	2026-08-06 08:03:42	Aggregated; raw unit/engine identifiers excluded
17338	PT. RIAU ARGO PERKASA	MJ1	BEAT SPORTY CBS	RFS	Ready	0-30	2	Stok_per_no_mesin_dealer - 2026-08-06T080342.480.xls	HTML table / 5,239 data rows	2026-08-06 08:03:42	Aggregated; raw unit/engine identifiers excluded
17338	PT. RIAU ARGO PERKASA	MJ2	BEAT SPORTY CBS	RFS	Ready	0-30	2	Stok_per_no_mesin_dealer - 2026-08-06T080342.480.xls	HTML table / 5,239 data rows	2026-08-06 08:03:42	Aggregated; raw unit/engine identifiers excluded
17338	PT. RIAU ARGO PERKASA	MJ2	BEAT SPORTY CBS	RFS	Unfill	0-30	3	Stok_per_no_mesin_dealer - 2026-08-06T080342.480.xls	HTML table / 5,239 data rows	2026-08-06 08:03:42	Aggregated; raw unit/engine identifiers excluded
17338	PT. RIAU ARGO PERKASA	MK2	BEAT SPORTY CBS ISS	RFS	Ready	0-30	5	Stok_per_no_mesin_dealer - 2026-08-06T080342.480.xls	HTML table / 5,239 data rows	2026-08-06 08:03:42	Aggregated; raw unit/engine identifiers excluded
17338	PT. RIAU ARGO PERKASA	ML2	BEAT SPORTY DLX SMART KEY	RFS	Ready	0-30	3	Stok_per_no_mesin_dealer - 2026-08-06T080342.480.xls	HTML table / 5,239 data rows	2026-08-06 08:03:42	Aggregated; raw unit/engine identifiers excluded
17338	PT. RIAU ARGO PERKASA	ML2	BEAT SPORTY DLX SMART KEY	RFS	Unfill	0-30	4	Stok_per_no_mesin_dealer - 2026-08-06T080342.480.xls	HTML table / 5,239 data rows	2026-08-06 08:03:42	Aggregated; raw unit/engine identifiers excluded
17338	PT. RIAU ARGO PERKASA	MM1	BEAT STREET	RFS	Ready	31-60	2	Stok_per_no_mesin_dealer - 2026-08-06T080342.480.xls	HTML table / 5,239 data rows	2026-08-06 08:03:42	Aggregated; raw unit/engine identifiers excluded
17338	PT. RIAU ARGO PERKASA	MM1	BEAT STREET	RFS	Ready	>150	1	Stok_per_no_mesin_dealer - 2026-08-06T080342.480.xls	HTML table / 5,239 data rows	2026-08-06 08:03:42	Aggregated; raw unit/engine identifiers excluded
17338	PT. RIAU ARGO PERKASA	MM2	BEAT STREET	RFS	Ready	0-30	7	Stok_per_no_mesin_dealer - 2026-08-06T080342.480.xls	HTML table / 5,239 data rows	2026-08-06 08:03:42	Aggregated; raw unit/engine identifiers excluded
17338	PT. RIAU ARGO PERKASA	MM2	BEAT STREET	RFS	Soft Booking	0-30	1	Stok_per_no_mesin_dealer - 2026-08-06T080342.480.xls	HTML table / 5,239 data rows	2026-08-06 08:03:42	Aggregated; raw unit/engine identifiers excluded
17338	PT. RIAU ARGO PERKASA	MM2	BEAT STREET	RFS	Unfill	0-30	1	Stok_per_no_mesin_dealer - 2026-08-06T080342.480.xls	HTML table / 5,239 data rows	2026-08-06 08:03:42	Aggregated; raw unit/engine identifiers excluded
17338	PT. RIAU ARGO PERKASA	MN0	CUV e:	RFS	Ready	>150	1	Stok_per_no_mesin_dealer - 2026-08-06T080342.480.xls	HTML table / 5,239 data rows	2026-08-06 08:03:42	Aggregated; raw unit/engine identifiers excluded
17338	PT. RIAU ARGO PERKASA	MRB	SCOOPY FASHION	RFS	Unfill	0-30	1	Stok_per_no_mesin_dealer - 2026-08-06T080342.480.xls	HTML table / 5,239 data rows	2026-08-06 08:03:42	Aggregated; raw unit/engine identifiers excluded
17338	PT. RIAU ARGO PERKASA	MS1	SCOOPY PRESTIGE	RFS	Ready	0-30	2	Stok_per_no_mesin_dealer - 2026-08-06T080342.480.xls	HTML table / 5,239 data rows	2026-08-06 08:03:42	Aggregated; raw unit/engine identifiers excluded
17338	PT. RIAU ARGO PERKASA	MS1	SCOOPY PRESTIGE	RFS	Unfill	0-30	1	Stok_per_no_mesin_dealer - 2026-08-06T080342.480.xls	HTML table / 5,239 data rows	2026-08-06 08:03:42	Aggregated; raw unit/engine identifiers excluded
17338	PT. RIAU ARGO PERKASA	MSB	SCOOPY STYLISH	RFS	Ready	0-30	1	Stok_per_no_mesin_dealer - 2026-08-06T080342.480.xls	HTML table / 5,239 data rows	2026-08-06 08:03:42	Aggregated; raw unit/engine identifiers excluded
17338	PT. RIAU ARGO PERKASA	MSB	SCOOPY STYLISH	RFS	Soft Booking	0-30	1	Stok_per_no_mesin_dealer - 2026-08-06T080342.480.xls	HTML table / 5,239 data rows	2026-08-06 08:03:42	Aggregated; raw unit/engine identifiers excluded
17338	PT. RIAU ARGO PERKASA	MSB	SCOOPY STYLISH	RFS	Unfill	0-30	3	Stok_per_no_mesin_dealer - 2026-08-06T080342.480.xls	HTML table / 5,239 data rows	2026-08-06 08:03:42	Aggregated; raw unit/engine identifiers excluded
17338	PT. RIAU ARGO PERKASA	MT1	PCX160 CBS	RFS	Ready	0-30	1	Stok_per_no_mesin_dealer - 2026-08-06T080342.480.xls	HTML table / 5,239 data rows	2026-08-06 08:03:42	Aggregated; raw unit/engine identifiers excluded
17338	PT. RIAU ARGO PERKASA	MV1	PCX160 ABS	RFS	Ready	31-60	1	Stok_per_no_mesin_dealer - 2026-08-06T080342.480.xls	HTML table / 5,239 data rows	2026-08-06 08:03:42	Aggregated; raw unit/engine identifiers excluded
17338	PT. RIAU ARGO PERKASA	MW1	PCX160 Honda RoadSync	RFS	Unfill	0-30	1	Stok_per_no_mesin_dealer - 2026-08-06T080342.480.xls	HTML table / 5,239 data rows	2026-08-06 08:03:42	Aggregated; raw unit/engine identifiers excluded
17338	PT. RIAU ARGO PERKASA	MX0	ICON E:	RFS	Ready	121-150	1	Stok_per_no_mesin_dealer - 2026-08-06T080342.480.xls	HTML table / 5,239 data rows	2026-08-06 08:03:42	Aggregated; raw unit/engine identifiers excluded
17338	PT. RIAU ARGO PERKASA	MX0	ICON E:	RFS	Ready	>150	1	Stok_per_no_mesin_dealer - 2026-08-06T080342.480.xls	HTML table / 5,239 data rows	2026-08-06 08:03:42	Aggregated; raw unit/engine identifiers excluded
17338	PT. RIAU ARGO PERKASA	MY0	VARIO EVO 160 CBS Nitro	RFS	Unfill	0-30	1	Stok_per_no_mesin_dealer - 2026-08-06T080342.480.xls	HTML table / 5,239 data rows	2026-08-06 08:03:42	Aggregated; raw unit/engine identifiers excluded
17338	PT. RIAU ARGO PERKASA	MYA	VARIO EVO 160 CBS	RFS	Soft Booking	0-30	1	Stok_per_no_mesin_dealer - 2026-08-06T080342.480.xls	HTML table / 5,239 data rows	2026-08-06 08:03:42	Aggregated; raw unit/engine identifiers excluded
17338	PT. RIAU ARGO PERKASA	MYA	VARIO EVO 160 CBS	RFS	Unfill	0-30	1	Stok_per_no_mesin_dealer - 2026-08-06T080342.480.xls	HTML table / 5,239 data rows	2026-08-06 08:03:42	Aggregated; raw unit/engine identifiers excluded
17338	PT. RIAU ARGO PERKASA	NA0	ADV160 CBS	RFS	Soft Booking	61-90	1	Stok_per_no_mesin_dealer - 2026-08-06T080342.480.xls	HTML table / 5,239 data rows	2026-08-06 08:03:42	Aggregated; raw unit/engine identifiers excluded
17338	PT. RIAU ARGO PERKASA	NE0	VARIO 125 CBS ISS	RFS	Unfill	0-30	2	Stok_per_no_mesin_dealer - 2026-08-06T080342.480.xls	HTML table / 5,239 data rows	2026-08-06 08:03:42	Aggregated; raw unit/engine identifiers excluded
17338	PT. RIAU ARGO PERKASA	NF0	VARIO 125 STREET	RFS	Ready	0-30	1	Stok_per_no_mesin_dealer - 2026-08-06T080342.480.xls	HTML table / 5,239 data rows	2026-08-06 08:03:42	Aggregated; raw unit/engine identifiers excluded
17338	PT. RIAU ARGO PERKASA	NF0	VARIO 125 STREET	RFS	Ready	61-90	2	Stok_per_no_mesin_dealer - 2026-08-06T080342.480.xls	HTML table / 5,239 data rows	2026-08-06 08:03:42	Aggregated; raw unit/engine identifiers excluded
17338	PT. RIAU ARGO PERKASA	NF0	VARIO 125 STREET	RFS	Ready	91-120	1	Stok_per_no_mesin_dealer - 2026-08-06T080342.480.xls	HTML table / 5,239 data rows	2026-08-06 08:03:42	Aggregated; raw unit/engine identifiers excluded
17338	PT. RIAU ARGO PERKASA	NF0	VARIO 125 STREET	RFS	Ready	>150	1	Stok_per_no_mesin_dealer - 2026-08-06T080342.480.xls	HTML table / 5,239 data rows	2026-08-06 08:03:42	Aggregated; raw unit/engine identifiers excluded
17338	PT. RIAU ARGO PERKASA	NF0	VARIO 125 STREET	RFS	Soft Booking	0-30	1	Stok_per_no_mesin_dealer - 2026-08-06T080342.480.xls	HTML table / 5,239 data rows	2026-08-06 08:03:42	Aggregated; raw unit/engine identifiers excluded
17338	PT. RIAU ARGO PERKASA	NF0	VARIO 125 STREET	RFS	Soft Booking	>150	1	Stok_per_no_mesin_dealer - 2026-08-06T080342.480.xls	HTML table / 5,239 data rows	2026-08-06 08:03:42	Aggregated; raw unit/engine identifiers excluded
