type	item_code	type_description	year	location_status	location	status	units	source_file	source_table_range	as_of	data_quality
ADV160 ABS	NB0-BK	N1N02Q33L2 A/T	2026	A172	3	RFS	1	StokMD - 2026-08-06T080446.204.xls	HTML table / 3,496 data rows	2026-08-06 08:04:46	MD source has no aging field; MD aging unavailable
ADV160 ABS	NB0-BK	N1N02Q33L2 A/T	2026	A172	4	RFS	1	StokMD - 2026-08-06T080446.204.xls	HTML table / 3,496 data rows	2026-08-06 08:04:46	MD source has no aging field; MD aging unavailable
ADV160 CBS	NA0-1B	N1N02Q43L2 A/T	2026	A115	10	RFS	1	StokMD - 2026-08-06T080446.204.xls	HTML table / 3,496 data rows	2026-08-06 08:04:46	MD source has no aging field; MD aging unavailable
ADV160 CBS	NA0-1B	N1N02Q43L2 A/T	2026	A115	3	RFS	1	StokMD - 2026-08-06T080446.204.xls	HTML table / 3,496 data rows	2026-08-06 08:04:46	MD source has no aging field; MD aging unavailable
ADV160 CBS	NA0-1B	N1N02Q43L2 A/T	2026	A115	4	RFS	1	StokMD - 2026-08-06T080446.204.xls	HTML table / 3,496 data rows	2026-08-06 08:04:46	MD source has no aging field; MD aging unavailable
ADV160 CBS	NA0-1B	N1N02Q43L2 A/T	2026	A115	5	RFS	1	StokMD - 2026-08-06T080446.204.xls	HTML table / 3,496 data rows	2026-08-06 08:04:46	MD source has no aging field; MD aging unavailable
BEAT SPORTY CBS	MJ1-BK	H1B02N41S3 A/T	2026	A185	13	NRFS	1	StokMD - 2026-08-06T080446.204.xls	HTML table / 3,496 data rows	2026-08-06 08:04:46	MD source has no aging field; MD aging unavailable
BEAT SPORTY CBS	MJ1-MH	H1B02N41S3 A/T	2026	A185	33	NRFS	1	StokMD - 2026-08-06T080446.204.xls	HTML table / 3,496 data rows	2026-08-06 08:04:46	MD source has no aging field; MD aging unavailable
BEAT SPORTY CBS	MJ1-MH	H1B02N41S3 A/T	2026	A185	34	NRFS	1	StokMD - 2026-08-06T080446.204.xls	HTML table / 3,496 data rows	2026-08-06 08:04:46	MD source has no aging field; MD aging unavailable
BEAT SPORTY CBS	MJ1-MH	H1B02N41S3 A/T	2026	A185	37	NRFS	1	StokMD - 2026-08-06T080446.204.xls	HTML table / 3,496 data rows	2026-08-06 08:04:46	MD source has no aging field; MD aging unavailable
BEAT SPORTY CBS	MJ2-1B	H1B02N41S4 A/T	2026	A317	20	RFS	1	StokMD - 2026-08-06T080446.204.xls	HTML table / 3,496 data rows	2026-08-06 08:04:46	MD source has no aging field; MD aging unavailable
BEAT SPORTY CBS	MJ2-1B	H1B02N41S4 A/T	2026	A317	21	RFS	1	StokMD - 2026-08-06T080446.204.xls	HTML table / 3,496 data rows	2026-08-06 08:04:46	MD source has no aging field; MD aging unavailable
BEAT SPORTY CBS	MJ2-1B	H1B02N41S4 A/T	2026	A318	1	RFS	1	StokMD - 2026-08-06T080446.204.xls	HTML table / 3,496 data rows	2026-08-06 08:04:46	MD source has no aging field; MD aging unavailable
BEAT SPORTY CBS	MJ2-1B	H1B02N41S4 A/T	2026	A318	4	RFS	1	StokMD - 2026-08-06T080446.204.xls	HTML table / 3,496 data rows	2026-08-06 08:04:46	MD source has no aging field; MD aging unavailable
BEAT SPORTY CBS	MJ2-1B	H1B02N41S4 A/T	2026	A318	5	RFS	1	StokMD - 2026-08-06T080446.204.xls	HTML table / 3,496 data rows	2026-08-06 08:04:46	MD source has no aging field; MD aging unavailable
BEAT SPORTY CBS	MJ2-1B	H1B02N41S4 A/T	2026	A318	6	RFS	1	StokMD - 2026-08-06T080446.204.xls	HTML table / 3,496 data rows	2026-08-06 08:04:46	MD source has no aging field; MD aging unavailable
BEAT SPORTY CBS	MJ2-1B	H1B02N41S4 A/T	2026	A319	6	RFS	1	StokMD - 2026-08-06T080446.204.xls	HTML table / 3,496 data rows	2026-08-06 08:04:46	MD source has no aging field; MD aging unavailable
BEAT SPORTY CBS	MJ2-1B	H1B02N41S4 A/T	2026	A319	7	RFS	1	StokMD - 2026-08-06T080446.204.xls	HTML table / 3,496 data rows	2026-08-06 08:04:46	MD source has no aging field; MD aging unavailable
BEAT SPORTY CBS	MJ2-1B	H1B02N41S4 A/T	2026	A319	8	RFS	1	StokMD - 2026-08-06T080446.204.xls	HTML table / 3,496 data rows	2026-08-06 08:04:46	MD source has no aging field; MD aging unavailable
BEAT SPORTY CBS	MJ2-1B	H1B02N41S4 A/T	2026	A319	9	RFS	1	StokMD - 2026-08-06T080446.204.xls	HTML table / 3,496 data rows	2026-08-06 08:04:46	MD source has no aging field; MD aging unavailable
BEAT SPORTY CBS	MJ2-1B	H1B02N41S4 A/T	2026	A31A	11	RFS	1	StokMD - 2026-08-06T080446.204.xls	HTML table / 3,496 data rows	2026-08-06 08:04:46	MD source has no aging field; MD aging unavailable
BEAT SPORTY CBS	MJ2-1B	H1B02N41S4 A/T	2026	A31A	15	RFS	1	StokMD - 2026-08-06T080446.204.xls	HTML table / 3,496 data rows	2026-08-06 08:04:46	MD source has no aging field; MD aging unavailable
BEAT SPORTY CBS	MJ2-1B	H1B02N41S4 A/T	2026	A31A	16	RFS	1	StokMD - 2026-08-06T080446.204.xls	HTML table / 3,496 data rows	2026-08-06 08:04:46	MD source has no aging field; MD aging unavailable
BEAT SPORTY CBS	MJ2-1B	H1B02N41S4 A/T	2026	A31A	17	RFS	1	StokMD - 2026-08-06T080446.204.xls	HTML table / 3,496 data rows	2026-08-06 08:04:46	MD source has no aging field; MD aging unavailable
BEAT SPORTY CBS	MJ2-1B	H1B02N41S4 A/T	2026	A31A	18	RFS	1	StokMD - 2026-08-06T080446.204.xls	HTML table / 3,496 data rows	2026-08-06 08:04:46	MD source has no aging field; MD aging unavailable
BEAT SPORTY CBS	MJ2-1B	H1B02N41S4 A/T	2026	A31A	2	RFS	1	StokMD - 2026-08-06T080446.204.xls	HTML table / 3,496 data rows	2026-08-06 08:04:46	MD source has no aging field; MD aging unavailable
BEAT SPORTY CBS	MJ2-1B	H1B02N41S4 A/T	2026	A31A	20	RFS	1	StokMD - 2026-08-06T080446.204.xls	HTML table / 3,496 data rows	2026-08-06 08:04:46	MD source has no aging field; MD aging unavailable
BEAT SPORTY CBS	MJ2-1B	H1B02N41S4 A/T	2026	A31A	8	RFS	1	StokMD - 2026-08-06T080446.204.xls	HTML table / 3,496 data rows	2026-08-06 08:04:46	MD source has no aging field; MD aging unavailable
BEAT SPORTY CBS	MJ2-1B	H1B02N41S4 A/T	2026	A31A	9	RFS	1	StokMD - 2026-08-06T080446.204.xls	HTML table / 3,496 data rows	2026-08-06 08:04:46	MD source has no aging field; MD aging unavailable
BEAT SPORTY CBS	MJ2-1B	H1B02N41S4 A/T	2026	A31B	1	RFS	1	StokMD - 2026-08-06T080446.204.xls	HTML table / 3,496 data rows	2026-08-06 08:04:46	MD source has no aging field; MD aging unavailable
BEAT SPORTY CBS	MJ2-1B	H1B02N41S4 A/T	2026	A31B	2	RFS	1	StokMD - 2026-08-06T080446.204.xls	HTML table / 3,496 data rows	2026-08-06 08:04:46	MD source has no aging field; MD aging unavailable
BEAT SPORTY CBS	MJ2-1B	H1B02N41S4 A/T	2026	A321	15	RFS	1	StokMD - 2026-08-06T080446.204.xls	HTML table / 3,496 data rows	2026-08-06 08:04:46	MD source has no aging field; MD aging unavailable
BEAT SPORTY CBS	MJ2-1B	H1B02N41S4 A/T	2026	A323	1	RFS	1	StokMD - 2026-08-06T080446.204.xls	HTML table / 3,496 data rows	2026-08-06 08:04:46	MD source has no aging field; MD aging unavailable
BEAT SPORTY CBS	MJ2-1B	H1B02N41S4 A/T	2026	A323	3	RFS	1	StokMD - 2026-08-06T080446.204.xls	HTML table / 3,496 data rows	2026-08-06 08:04:46	MD source has no aging field; MD aging unavailable
BEAT SPORTY CBS	MJ2-1B	H1B02N41S4 A/T	2026	A323	4	RFS	1	StokMD - 2026-08-06T080446.204.xls	HTML table / 3,496 data rows	2026-08-06 08:04:46	MD source has no aging field; MD aging unavailable
BEAT SPORTY CBS	MJ2-1B	H1B02N41S4 A/T	2026	A323	5	RFS	1	StokMD - 2026-08-06T080446.204.xls	HTML table / 3,496 data rows	2026-08-06 08:04:46	MD source has no aging field; MD aging unavailable
BEAT SPORTY CBS	MJ2-1B	H1B02N41S4 A/T	2026	A344	28	RFS	1	StokMD - 2026-08-06T080446.204.xls	HTML table / 3,496 data rows	2026-08-06 08:04:46	MD source has no aging field; MD aging unavailable
BEAT SPORTY CBS	MJ2-1B	H1B02N41S4 A/T	2026	A344	40	RFS	1	StokMD - 2026-08-06T080446.204.xls	HTML table / 3,496 data rows	2026-08-06 08:04:46	MD source has no aging field; MD aging unavailable
BEAT SPORTY CBS	MJ2-1B	H1B02N41S4 A/T	2026	A353	1	RFS	1	StokMD - 2026-08-06T080446.204.xls	HTML table / 3,496 data rows	2026-08-06 08:04:46	MD source has no aging field; MD aging unavailable
BEAT SPORTY CBS	MJ2-1B	H1B02N41S4 A/T	2026	A353	10	RFS	1	StokMD - 2026-08-06T080446.204.xls	HTML table / 3,496 data rows	2026-08-06 08:04:46	MD source has no aging field; MD aging unavailable
BEAT SPORTY CBS	MJ2-1B	H1B02N41S4 A/T	2026	A353	11	RFS	1	StokMD - 2026-08-06T080446.204.xls	HTML table / 3,496 data rows	2026-08-06 08:04:46	MD source has no aging field; MD aging unavailable
BEAT SPORTY CBS	MJ2-1B	H1B02N41S4 A/T	2026	A353	12	RFS	1	StokMD - 2026-08-06T080446.204.xls	HTML table / 3,496 data rows	2026-08-06 08:04:46	MD source has no aging field; MD aging unavailable
BEAT SPORTY CBS	MJ2-1B	H1B02N41S4 A/T	2026	A353	13	RFS	1	StokMD - 2026-08-06T080446.204.xls	HTML table / 3,496 data rows	2026-08-06 08:04:46	MD source has no aging field; MD aging unavailable
BEAT SPORTY CBS	MJ2-1B	H1B02N41S4 A/T	2026	A353	14	RFS	1	StokMD - 2026-08-06T080446.204.xls	HTML table / 3,496 data rows	2026-08-06 08:04:46	MD source has no aging field; MD aging unavailable
BEAT SPORTY CBS	MJ2-1B	H1B02N41S4 A/T	2026	A353	15	RFS	1	StokMD - 2026-08-06T080446.204.xls	HTML table / 3,496 data rows	2026-08-06 08:04:46	MD source has no aging field; MD aging unavailable
BEAT SPORTY CBS	MJ2-1B	H1B02N41S4 A/T	2026	A353	16	RFS	1	StokMD - 2026-08-06T080446.204.xls	HTML table / 3,496 data rows	2026-08-06 08:04:46	MD source has no aging field; MD aging unavailable
BEAT SPORTY CBS	MJ2-1B	H1B02N41S4 A/T	2026	A353	17	RFS	1	StokMD - 2026-08-06T080446.204.xls	HTML table / 3,496 data rows	2026-08-06 08:04:46	MD source has no aging field; MD aging unavailable
BEAT SPORTY CBS	MJ2-1B	H1B02N41S4 A/T	2026	A353	18	RFS	1	StokMD - 2026-08-06T080446.204.xls	HTML table / 3,496 data rows	2026-08-06 08:04:46	MD source has no aging field; MD aging unavailable
BEAT SPORTY CBS	MJ2-1B	H1B02N41S4 A/T	2026	A353	19	RFS	1	StokMD - 2026-08-06T080446.204.xls	HTML table / 3,496 data rows	2026-08-06 08:04:46	MD source has no aging field; MD aging unavailable
BEAT SPORTY CBS	MJ2-1B	H1B02N41S4 A/T	2026	A353	2	RFS	1	StokMD - 2026-08-06T080446.204.xls	HTML table / 3,496 data rows	2026-08-06 08:04:46	MD source has no aging field; MD aging unavailable
BEAT SPORTY CBS	MJ2-1B	H1B02N41S4 A/T	2026	A353	20	RFS	1	StokMD - 2026-08-06T080446.204.xls	HTML table / 3,496 data rows	2026-08-06 08:04:46	MD source has no aging field; MD aging unavailable
BEAT SPORTY CBS	MJ2-1B	H1B02N41S4 A/T	2026	A353	21	RFS	1	StokMD - 2026-08-06T080446.204.xls	HTML table / 3,496 data rows	2026-08-06 08:04:46	MD source has no aging field; MD aging unavailable
BEAT SPORTY CBS	MJ2-1B	H1B02N41S4 A/T	2026	A353	22	RFS	1	StokMD - 2026-08-06T080446.204.xls	HTML table / 3,496 data rows	2026-08-06 08:04:46	MD source has no aging field; MD aging unavailable
BEAT SPORTY CBS	MJ2-1B	H1B02N41S4 A/T	2026	A353	23	RFS	1	StokMD - 2026-08-06T080446.204.xls	HTML table / 3,496 data rows	2026-08-06 08:04:46	MD source has no aging field; MD aging unavailable
BEAT SPORTY CBS	MJ2-1B	H1B02N41S4 A/T	2026	A353	25	RFS	1	StokMD - 2026-08-06T080446.204.xls	HTML table / 3,496 data rows	2026-08-06 08:04:46	MD source has no aging field; MD aging unavailable
BEAT SPORTY CBS	MJ2-1B	H1B02N41S4 A/T	2026	A353	27	RFS	1	StokMD - 2026-08-06T080446.204.xls	HTML table / 3,496 data rows	2026-08-06 08:04:46	MD source has no aging field; MD aging unavailable
BEAT SPORTY CBS	MJ2-1B	H1B02N41S4 A/T	2026	A353	28	RFS	1	StokMD - 2026-08-06T080446.204.xls	HTML table / 3,496 data rows	2026-08-06 08:04:46	MD source has no aging field; MD aging unavailable
BEAT SPORTY CBS	MJ2-1B	H1B02N41S4 A/T	2026	A353	7	RFS	1	StokMD - 2026-08-06T080446.204.xls	HTML table / 3,496 data rows	2026-08-06 08:04:46	MD source has no aging field; MD aging unavailable
BEAT SPORTY CBS	MJ2-1B	H1B02N41S4 A/T	2026	A353	8	RFS	1	StokMD - 2026-08-06T080446.204.xls	HTML table / 3,496 data rows	2026-08-06 08:04:46	MD source has no aging field; MD aging unavailable
BEAT SPORTY CBS	MJ2-1B	H1B02N41S4 A/T	2026	A353	9	RFS	1	StokMD - 2026-08-06T080446.204.xls	HTML table / 3,496 data rows	2026-08-06 08:04:46	MD source has no aging field; MD aging unavailable
BEAT SPORTY CBS	MJ2-1M	H1B02N41S4 A/T	2026	A235	14	RFS	1	StokMD - 2026-08-06T080446.204.xls	HTML table / 3,496 data rows	2026-08-06 08:04:46	MD source has no aging field; MD aging unavailable
BEAT SPORTY CBS	MJ2-1M	H1B02N41S4 A/T	2026	A235	29	RFS	1	StokMD - 2026-08-06T080446.204.xls	HTML table / 3,496 data rows	2026-08-06 08:04:46	MD source has no aging field; MD aging unavailable
BEAT SPORTY CBS	MJ2-1M	H1B02N41S4 A/T	2026	A235	34	RFS	1	StokMD - 2026-08-06T080446.204.xls	HTML table / 3,496 data rows	2026-08-06 08:04:46	MD source has no aging field; MD aging unavailable
BEAT SPORTY CBS	MJ2-1M	H1B02N41S4 A/T	2026	A235	36	RFS	1	StokMD - 2026-08-06T080446.204.xls	HTML table / 3,496 data rows	2026-08-06 08:04:46	MD source has no aging field; MD aging unavailable
BEAT SPORTY CBS	MJ2-1M	H1B02N41S4 A/T	2026	A235	39	RFS	1	StokMD - 2026-08-06T080446.204.xls	HTML table / 3,496 data rows	2026-08-06 08:04:46	MD source has no aging field; MD aging unavailable
BEAT SPORTY CBS	MJ2-1M	H1B02N41S4 A/T	2026	A235	40	RFS	1	StokMD - 2026-08-06T080446.204.xls	HTML table / 3,496 data rows	2026-08-06 08:04:46	MD source has no aging field; MD aging unavailable
BEAT SPORTY CBS	MJ2-1M	H1B02N41S4 A/T	2026	A235	7	RFS	1	StokMD - 2026-08-06T080446.204.xls	HTML table / 3,496 data rows	2026-08-06 08:04:46	MD source has no aging field; MD aging unavailable
BEAT SPORTY CBS	MJ2-1M	H1B02N41S4 A/T	2026	A242	29	RFS	1	StokMD - 2026-08-06T080446.204.xls	HTML table / 3,496 data rows	2026-08-06 08:04:46	MD source has no aging field; MD aging unavailable
BEAT SPORTY CBS	MJ2-1M	H1B02N41S4 A/T	2026	A242	4	RFS	1	StokMD - 2026-08-06T080446.204.xls	HTML table / 3,496 data rows	2026-08-06 08:04:46	MD source has no aging field; MD aging unavailable
BEAT SPORTY CBS	MJ2-1M	H1B02N41S4 A/T	2026	A244	10	RFS	1	StokMD - 2026-08-06T080446.204.xls	HTML table / 3,496 data rows	2026-08-06 08:04:46	MD source has no aging field; MD aging unavailable
BEAT SPORTY CBS	MJ2-1M	H1B02N41S4 A/T	2026	A244	12	RFS	1	StokMD - 2026-08-06T080446.204.xls	HTML table / 3,496 data rows	2026-08-06 08:04:46	MD source has no aging field; MD aging unavailable
BEAT SPORTY CBS	MJ2-1M	H1B02N41S4 A/T	2026	A244	19	RFS	1	StokMD - 2026-08-06T080446.204.xls	HTML table / 3,496 data rows	2026-08-06 08:04:46	MD source has no aging field; MD aging unavailable
BEAT SPORTY CBS	MJ2-1M	H1B02N41S4 A/T	2026	A244	28	RFS	1	StokMD - 2026-08-06T080446.204.xls	HTML table / 3,496 data rows	2026-08-06 08:04:46	MD source has no aging field; MD aging unavailable
BEAT SPORTY CBS	MJ2-1M	H1B02N41S4 A/T	2026	A245	10	RFS	1	StokMD - 2026-08-06T080446.204.xls	HTML table / 3,496 data rows	2026-08-06 08:04:46	MD source has no aging field; MD aging unavailable
BEAT SPORTY CBS	MJ2-1M	H1B02N41S4 A/T	2026	A245	11	RFS	1	StokMD - 2026-08-06T080446.204.xls	HTML table / 3,496 data rows	2026-08-06 08:04:46	MD source has no aging field; MD aging unavailable
BEAT SPORTY CBS	MJ2-1M	H1B02N41S4 A/T	2026	A245	13	RFS	1	StokMD - 2026-08-06T080446.204.xls	HTML table / 3,496 data rows	2026-08-06 08:04:46	MD source has no aging field; MD aging unavailable
BEAT SPORTY CBS	MJ2-1M	H1B02N41S4 A/T	2026	A245	14	RFS	1	StokMD - 2026-08-06T080446.204.xls	HTML table / 3,496 data rows	2026-08-06 08:04:46	MD source has no aging field; MD aging unavailable
BEAT SPORTY CBS	MJ2-1M	H1B02N41S4 A/T	2026	A245	15	RFS	1	StokMD - 2026-08-06T080446.204.xls	HTML table / 3,496 data rows	2026-08-06 08:04:46	MD source has no aging field; MD aging unavailable
BEAT SPORTY CBS	MJ2-1M	H1B02N41S4 A/T	2026	A245	16	RFS	1	StokMD - 2026-08-06T080446.204.xls	HTML table / 3,496 data rows	2026-08-06 08:04:46	MD source has no aging field; MD aging unavailable
BEAT SPORTY CBS	MJ2-1M	H1B02N41S4 A/T	2026	A245	17	RFS	1	StokMD - 2026-08-06T080446.204.xls	HTML table / 3,496 data rows	2026-08-06 08:04:46	MD source has no aging field; MD aging unavailable
BEAT SPORTY CBS	MJ2-1M	H1B02N41S4 A/T	2026	A245	19	RFS	1	StokMD - 2026-08-06T080446.204.xls	HTML table / 3,496 data rows	2026-08-06 08:04:46	MD source has no aging field; MD aging unavailable
BEAT SPORTY CBS	MJ2-1M	H1B02N41S4 A/T	2026	A245	21	RFS	1	StokMD - 2026-08-06T080446.204.xls	HTML table / 3,496 data rows	2026-08-06 08:04:46	MD source has no aging field; MD aging unavailable
BEAT SPORTY CBS	MJ2-1M	H1B02N41S4 A/T	2026	A245	24	RFS	1	StokMD - 2026-08-06T080446.204.xls	HTML table / 3,496 data rows	2026-08-06 08:04:46	MD source has no aging field; MD aging unavailable
BEAT SPORTY CBS	MJ2-1M	H1B02N41S4 A/T	2026	A293	13	RFS	1	StokMD - 2026-08-06T080446.204.xls	HTML table / 3,496 data rows	2026-08-06 08:04:46	MD source has no aging field; MD aging unavailable
BEAT SPORTY CBS	MJ2-1M	H1B02N41S4 A/T	2026	A293	14	RFS	1	StokMD - 2026-08-06T080446.204.xls	HTML table / 3,496 data rows	2026-08-06 08:04:46	MD source has no aging field; MD aging unavailable
BEAT SPORTY CBS	MJ2-1M	H1B02N41S4 A/T	2026	A293	15	RFS	1	StokMD - 2026-08-06T080446.204.xls	HTML table / 3,496 data rows	2026-08-06 08:04:46	MD source has no aging field; MD aging unavailable
BEAT SPORTY CBS	MJ2-1M	H1B02N41S4 A/T	2026	A293	7	RFS	1	StokMD - 2026-08-06T080446.204.xls	HTML table / 3,496 data rows	2026-08-06 08:04:46	MD source has no aging field; MD aging unavailable
BEAT SPORTY CBS	MJ2-1M	H1B02N41S4 A/T	2026	A293	9	RFS	1	StokMD - 2026-08-06T080446.204.xls	HTML table / 3,496 data rows	2026-08-06 08:04:46	MD source has no aging field; MD aging unavailable
BEAT SPORTY CBS	MJ2-1M	H1B02N41S4 A/T	2026	A294	12	RFS	1	StokMD - 2026-08-06T080446.204.xls	HTML table / 3,496 data rows	2026-08-06 08:04:46	MD source has no aging field; MD aging unavailable
BEAT SPORTY CBS	MJ2-1M	H1B02N41S4 A/T	2026	A294	4	RFS	1	StokMD - 2026-08-06T080446.204.xls	HTML table / 3,496 data rows	2026-08-06 08:04:46	MD source has no aging field; MD aging unavailable
BEAT SPORTY CBS	MJ2-1M	H1B02N41S4 A/T	2026	A294	6	RFS	1	StokMD - 2026-08-06T080446.204.xls	HTML table / 3,496 data rows	2026-08-06 08:04:46	MD source has no aging field; MD aging unavailable
BEAT SPORTY CBS	MJ2-1M	H1B02N41S4 A/T	2026	A294	7	RFS	1	StokMD - 2026-08-06T080446.204.xls	HTML table / 3,496 data rows	2026-08-06 08:04:46	MD source has no aging field; MD aging unavailable
BEAT SPORTY CBS	MJ2-1M	H1B02N41S4 A/T	2026	A294	9	RFS	1	StokMD - 2026-08-06T080446.204.xls	HTML table / 3,496 data rows	2026-08-06 08:04:46	MD source has no aging field; MD aging unavailable
BEAT SPORTY CBS	MJ2-1M	H1B02N41S4 A/T	2026	A295	11	RFS	1	StokMD - 2026-08-06T080446.204.xls	HTML table / 3,496 data rows	2026-08-06 08:04:46	MD source has no aging field; MD aging unavailable
BEAT SPORTY CBS	MJ2-1M	H1B02N41S4 A/T	2026	A295	12	RFS	1	StokMD - 2026-08-06T080446.204.xls	HTML table / 3,496 data rows	2026-08-06 08:04:46	MD source has no aging field; MD aging unavailable
BEAT SPORTY CBS	MJ2-1M	H1B02N41S4 A/T	2026	A295	3	RFS	1	StokMD - 2026-08-06T080446.204.xls	HTML table / 3,496 data rows	2026-08-06 08:04:46	MD source has no aging field; MD aging unavailable
BEAT SPORTY CBS	MJ2-1M	H1B02N41S4 A/T	2026	A295	4	RFS	1	StokMD - 2026-08-06T080446.204.xls	HTML table / 3,496 data rows	2026-08-06 08:04:46	MD source has no aging field; MD aging unavailable
BEAT SPORTY CBS	MJ2-1M	H1B02N41S4 A/T	2026	A316	20	RFS	1	StokMD - 2026-08-06T080446.204.xls	HTML table / 3,496 data rows	2026-08-06 08:04:46	MD source has no aging field; MD aging unavailable
BEAT SPORTY CBS	MJ2-1M	H1B02N41S4 A/T	2026	A31B	20	RFS	1	StokMD - 2026-08-06T080446.204.xls	HTML table / 3,496 data rows	2026-08-06 08:04:46	MD source has no aging field; MD aging unavailable
BEAT SPORTY CBS	MJ2-1M	H1B02N41S4 A/T	2026	A31B	21	RFS	1	StokMD - 2026-08-06T080446.204.xls	HTML table / 3,496 data rows	2026-08-06 08:04:46	MD source has no aging field; MD aging unavailable
BEAT SPORTY CBS	MJ2-1M	H1B02N41S4 A/T	2026	A31B	22	RFS	1	StokMD - 2026-08-06T080446.204.xls	HTML table / 3,496 data rows	2026-08-06 08:04:46	MD source has no aging field; MD aging unavailable
BEAT SPORTY CBS	MJ2-1M	H1B02N41S4 A/T	2026	A31B	23	RFS	1	StokMD - 2026-08-06T080446.204.xls	HTML table / 3,496 data rows	2026-08-06 08:04:46	MD source has no aging field; MD aging unavailable
BEAT SPORTY CBS	MJ2-1M	H1B02N41S4 A/T	2026	A31B	24	RFS	1	StokMD - 2026-08-06T080446.204.xls	HTML table / 3,496 data rows	2026-08-06 08:04:46	MD source has no aging field; MD aging unavailable
BEAT SPORTY CBS	MJ2-1M	H1B02N41S4 A/T	2026	A31C	1	RFS	1	StokMD - 2026-08-06T080446.204.xls	HTML table / 3,496 data rows	2026-08-06 08:04:46	MD source has no aging field; MD aging unavailable
BEAT SPORTY CBS	MJ2-1M	H1B02N41S4 A/T	2026	A31C	13	RFS	1	StokMD - 2026-08-06T080446.204.xls	HTML table / 3,496 data rows	2026-08-06 08:04:46	MD source has no aging field; MD aging unavailable
BEAT SPORTY CBS	MJ2-1M	H1B02N41S4 A/T	2026	A31C	2	RFS	1	StokMD - 2026-08-06T080446.204.xls	HTML table / 3,496 data rows	2026-08-06 08:04:46	MD source has no aging field; MD aging unavailable
BEAT SPORTY CBS	MJ2-1M	H1B02N41S4 A/T	2026	A31C	20	RFS	1	StokMD - 2026-08-06T080446.204.xls	HTML table / 3,496 data rows	2026-08-06 08:04:46	MD source has no aging field; MD aging unavailable
BEAT SPORTY CBS	MJ2-1M	H1B02N41S4 A/T	2026	A31C	4	RFS	1	StokMD - 2026-08-06T080446.204.xls	HTML table / 3,496 data rows	2026-08-06 08:04:46	MD source has no aging field; MD aging unavailable
BEAT SPORTY CBS	MJ2-1M	H1B02N41S4 A/T	2026	A31C	5	RFS	1	StokMD - 2026-08-06T080446.204.xls	HTML table / 3,496 data rows	2026-08-06 08:04:46	MD source has no aging field; MD aging unavailable
BEAT SPORTY CBS	MJ2-1M	H1B02N41S4 A/T	2026	A31C	6	RFS	1	StokMD - 2026-08-06T080446.204.xls	HTML table / 3,496 data rows	2026-08-06 08:04:46	MD source has no aging field; MD aging unavailable
BEAT SPORTY CBS	MJ2-1M	H1B02N41S4 A/T	2026	A31C	7	RFS	1	StokMD - 2026-08-06T080446.204.xls	HTML table / 3,496 data rows	2026-08-06 08:04:46	MD source has no aging field; MD aging unavailable
BEAT SPORTY CBS	MJ2-1M	H1B02N41S4 A/T	2026	A321	1	RFS	1	StokMD - 2026-08-06T080446.204.xls	HTML table / 3,496 data rows	2026-08-06 08:04:46	MD source has no aging field; MD aging unavailable
BEAT SPORTY CBS	MJ2-1M	H1B02N41S4 A/T	2026	A321	18	RFS	1	StokMD - 2026-08-06T080446.204.xls	HTML table / 3,496 data rows	2026-08-06 08:04:46	MD source has no aging field; MD aging unavailable
BEAT SPORTY CBS	MJ2-1M	H1B02N41S4 A/T	2026	A321	2	RFS	1	StokMD - 2026-08-06T080446.204.xls	HTML table / 3,496 data rows	2026-08-06 08:04:46	MD source has no aging field; MD aging unavailable
BEAT SPORTY CBS	MJ2-1M	H1B02N41S4 A/T	2026	A321	20	RFS	1	StokMD - 2026-08-06T080446.204.xls	HTML table / 3,496 data rows	2026-08-06 08:04:46	MD source has no aging field; MD aging unavailable
BEAT SPORTY CBS	MJ2-1M	H1B02N41S4 A/T	2026	A321	9	RFS	1	StokMD - 2026-08-06T080446.204.xls	HTML table / 3,496 data rows	2026-08-06 08:04:46	MD source has no aging field; MD aging unavailable
BEAT SPORTY CBS	MJ2-1M	H1B02N41S4 A/T	2026	A322	5	RFS	1	StokMD - 2026-08-06T080446.204.xls	HTML table / 3,496 data rows	2026-08-06 08:04:46	MD source has no aging field; MD aging unavailable
BEAT SPORTY CBS	MJ2-1M	H1B02N41S4 A/T	2026	A322	6	RFS	1	StokMD - 2026-08-06T080446.204.xls	HTML table / 3,496 data rows	2026-08-06 08:04:46	MD source has no aging field; MD aging unavailable
BEAT SPORTY CBS	MJ2-1M	H1B02N41S4 A/T	2026	A325	14	RFS	1	StokMD - 2026-08-06T080446.204.xls	HTML table / 3,496 data rows	2026-08-06 08:04:46	MD source has no aging field; MD aging unavailable
BEAT SPORTY CBS	MJ2-1M	H1B02N41S4 A/T	2026	A325	16	RFS	1	StokMD - 2026-08-06T080446.204.xls	HTML table / 3,496 data rows	2026-08-06 08:04:46	MD source has no aging field; MD aging unavailable
BEAT SPORTY CBS	MJ2-1M	H1B02N41S4 A/T	2026	A325	18	RFS	1	StokMD - 2026-08-06T080446.204.xls	HTML table / 3,496 data rows	2026-08-06 08:04:46	MD source has no aging field; MD aging unavailable
BEAT SPORTY CBS	MJ2-1M	H1B02N41S4 A/T	2026	A325	19	RFS	1	StokMD - 2026-08-06T080446.204.xls	HTML table / 3,496 data rows	2026-08-06 08:04:46	MD source has no aging field; MD aging unavailable
BEAT SPORTY CBS	MJ2-1M	H1B02N41S4 A/T	2026	A329	9	RFS	1	StokMD - 2026-08-06T080446.204.xls	HTML table / 3,496 data rows	2026-08-06 08:04:46	MD source has no aging field; MD aging unavailable
BEAT SPORTY CBS	MJ2-1M	H1B02N41S4 A/T	2026	A343	1	RFS	1	StokMD - 2026-08-06T080446.204.xls	HTML table / 3,496 data rows	2026-08-06 08:04:46	MD source has no aging field; MD aging unavailable
BEAT SPORTY CBS	MJ2-1M	H1B02N41S4 A/T	2026	A343	12	RFS	1	StokMD - 2026-08-06T080446.204.xls	HTML table / 3,496 data rows	2026-08-06 08:04:46	MD source has no aging field; MD aging unavailable
BEAT SPORTY CBS	MJ2-1M	H1B02N41S4 A/T	2026	A343	13	RFS	1	StokMD - 2026-08-06T080446.204.xls	HTML table / 3,496 data rows	2026-08-06 08:04:46	MD source has no aging field; MD aging unavailable
BEAT SPORTY CBS	MJ2-1M	H1B02N41S4 A/T	2026	A343	2	RFS	1	StokMD - 2026-08-06T080446.204.xls	HTML table / 3,496 data rows	2026-08-06 08:04:46	MD source has no aging field; MD aging unavailable
BEAT SPORTY CBS	MJ2-1M	H1B02N41S4 A/T	2026	A343	23	RFS	1	StokMD - 2026-08-06T080446.204.xls	HTML table / 3,496 data rows	2026-08-06 08:04:46	MD source has no aging field; MD aging unavailable
BEAT SPORTY CBS	MJ2-1M	H1B02N41S4 A/T	2026	A343	9	RFS	1	StokMD - 2026-08-06T080446.204.xls	HTML table / 3,496 data rows	2026-08-06 08:04:46	MD source has no aging field; MD aging unavailable
BEAT SPORTY CBS	MJ2-BK	H1B02N41S4 A/T	2026	A153	1	RFS	1	StokMD - 2026-08-06T080446.204.xls	HTML table / 3,496 data rows	2026-08-06 08:04:46	MD source has no aging field; MD aging unavailable
BEAT SPORTY CBS	MJ2-BK	H1B02N41S4 A/T	2026	A153	10	RFS	1	StokMD - 2026-08-06T080446.204.xls	HTML table / 3,496 data rows	2026-08-06 08:04:46	MD source has no aging field; MD aging unavailable
BEAT SPORTY CBS	MJ2-BK	H1B02N41S4 A/T	2026	A153	13	RFS	1	StokMD - 2026-08-06T080446.204.xls	HTML table / 3,496 data rows	2026-08-06 08:04:46	MD source has no aging field; MD aging unavailable
BEAT SPORTY CBS	MJ2-BK	H1B02N41S4 A/T	2026	A153	2	RFS	1	StokMD - 2026-08-06T080446.204.xls	HTML table / 3,496 data rows	2026-08-06 08:04:46	MD source has no aging field; MD aging unavailable
BEAT SPORTY CBS	MJ2-BK	H1B02N41S4 A/T	2026	A153	5	RFS	1	StokMD - 2026-08-06T080446.204.xls	HTML table / 3,496 data rows	2026-08-06 08:04:46	MD source has no aging field; MD aging unavailable
BEAT SPORTY CBS	MJ2-BK	H1B02N41S4 A/T	2026	A153	7	RFS	1	StokMD - 2026-08-06T080446.204.xls	HTML table / 3,496 data rows	2026-08-06 08:04:46	MD source has no aging field; MD aging unavailable
BEAT SPORTY CBS	MJ2-BK	H1B02N41S4 A/T	2026	A153	8	RFS	1	StokMD - 2026-08-06T080446.204.xls	HTML table / 3,496 data rows	2026-08-06 08:04:46	MD source has no aging field; MD aging unavailable
BEAT SPORTY CBS	MJ2-BK	H1B02N41S4 A/T	2026	A153	9	RFS	1	StokMD - 2026-08-06T080446.204.xls	HTML table / 3,496 data rows	2026-08-06 08:04:46	MD source has no aging field; MD aging unavailable
BEAT SPORTY CBS	MJ2-BK	H1B02N41S4 A/T	2026	A233	11	RFS	1	StokMD - 2026-08-06T080446.204.xls	HTML table / 3,496 data rows	2026-08-06 08:04:46	MD source has no aging field; MD aging unavailable
BEAT SPORTY CBS	MJ2-BK	H1B02N41S4 A/T	2026	A233	12	RFS	1	StokMD - 2026-08-06T080446.204.xls	HTML table / 3,496 data rows	2026-08-06 08:04:46	MD source has no aging field; MD aging unavailable
BEAT SPORTY CBS	MJ2-BK	H1B02N41S4 A/T	2026	A233	14	RFS	1	StokMD - 2026-08-06T080446.204.xls	HTML table / 3,496 data rows	2026-08-06 08:04:46	MD source has no aging field; MD aging unavailable
BEAT SPORTY CBS	MJ2-BK	H1B02N41S4 A/T	2026	A233	15	RFS	1	StokMD - 2026-08-06T080446.204.xls	HTML table / 3,496 data rows	2026-08-06 08:04:46	MD source has no aging field; MD aging unavailable
BEAT SPORTY CBS	MJ2-BK	H1B02N41S4 A/T	2026	A233	2	RFS	1	StokMD - 2026-08-06T080446.204.xls	HTML table / 3,496 data rows	2026-08-06 08:04:46	MD source has no aging field; MD aging unavailable
BEAT SPORTY CBS	MJ2-BK	H1B02N41S4 A/T	2026	A233	22	RFS	1	StokMD - 2026-08-06T080446.204.xls	HTML table / 3,496 data rows	2026-08-06 08:04:46	MD source has no aging field; MD aging unavailable
BEAT SPORTY CBS	MJ2-BK	H1B02N41S4 A/T	2026	A233	23	RFS	1	StokMD - 2026-08-06T080446.204.xls	HTML table / 3,496 data rows	2026-08-06 08:04:46	MD source has no aging field; MD aging unavailable
BEAT SPORTY CBS	MJ2-BK	H1B02N41S4 A/T	2026	A233	25	RFS	1	StokMD - 2026-08-06T080446.204.xls	HTML table / 3,496 data rows	2026-08-06 08:04:46	MD source has no aging field; MD aging unavailable
BEAT SPORTY CBS	MJ2-BK	H1B02N41S4 A/T	2026	A233	26	RFS	1	StokMD - 2026-08-06T080446.204.xls	HTML table / 3,496 data rows	2026-08-06 08:04:46	MD source has no aging field; MD aging unavailable
BEAT SPORTY CBS	MJ2-BK	H1B02N41S4 A/T	2026	A233	27	RFS	1	StokMD - 2026-08-06T080446.204.xls	HTML table / 3,496 data rows	2026-08-06 08:04:46	MD source has no aging field; MD aging unavailable
BEAT SPORTY CBS	MJ2-BK	H1B02N41S4 A/T	2026	A233	28	RFS	1	StokMD - 2026-08-06T080446.204.xls	HTML table / 3,496 data rows	2026-08-06 08:04:46	MD source has no aging field; MD aging unavailable
BEAT SPORTY CBS	MJ2-BK	H1B02N41S4 A/T	2026	A233	29	RFS	1	StokMD - 2026-08-06T080446.204.xls	HTML table / 3,496 data rows	2026-08-06 08:04:46	MD source has no aging field; MD aging unavailable
BEAT SPORTY CBS	MJ2-BK	H1B02N41S4 A/T	2026	A233	3	RFS	1	StokMD - 2026-08-06T080446.204.xls	HTML table / 3,496 data rows	2026-08-06 08:04:46	MD source has no aging field; MD aging unavailable
BEAT SPORTY CBS	MJ2-BK	H1B02N41S4 A/T	2026	A233	30	RFS	1	StokMD - 2026-08-06T080446.204.xls	HTML table / 3,496 data rows	2026-08-06 08:04:46	MD source has no aging field; MD aging unavailable
BEAT SPORTY CBS	MJ2-BK	H1B02N41S4 A/T	2026	A233	32	RFS	1	StokMD - 2026-08-06T080446.204.xls	HTML table / 3,496 data rows	2026-08-06 08:04:46	MD source has no aging field; MD aging unavailable
BEAT SPORTY CBS	MJ2-BK	H1B02N41S4 A/T	2026	A233	33	RFS	1	StokMD - 2026-08-06T080446.204.xls	HTML table / 3,496 data rows	2026-08-06 08:04:46	MD source has no aging field; MD aging unavailable
BEAT SPORTY CBS	MJ2-BK	H1B02N41S4 A/T	2026	A233	34	RFS	1	StokMD - 2026-08-06T080446.204.xls	HTML table / 3,496 data rows	2026-08-06 08:04:46	MD source has no aging field; MD aging unavailable
BEAT SPORTY CBS	MJ2-BK	H1B02N41S4 A/T	2026	A233	36	RFS	1	StokMD - 2026-08-06T080446.204.xls	HTML table / 3,496 data rows	2026-08-06 08:04:46	MD source has no aging field; MD aging unavailable
BEAT SPORTY CBS	MJ2-BK	H1B02N41S4 A/T	2026	A233	37	RFS	1	StokMD - 2026-08-06T080446.204.xls	HTML table / 3,496 data rows	2026-08-06 08:04:46	MD source has no aging field; MD aging unavailable
BEAT SPORTY CBS	MJ2-BK	H1B02N41S4 A/T	2026	A233	39	RFS	1	StokMD - 2026-08-06T080446.204.xls	HTML table / 3,496 data rows	2026-08-06 08:04:46	MD source has no aging field; MD aging unavailable
BEAT SPORTY CBS	MJ2-BK	H1B02N41S4 A/T	2026	A233	4	RFS	1	StokMD - 2026-08-06T080446.204.xls	HTML table / 3,496 data rows	2026-08-06 08:04:46	MD source has no aging field; MD aging unavailable
BEAT SPORTY CBS	MJ2-BK	H1B02N41S4 A/T	2026	A233	40	RFS	1	StokMD - 2026-08-06T080446.204.xls	HTML table / 3,496 data rows	2026-08-06 08:04:46	MD source has no aging field; MD aging unavailable
BEAT SPORTY CBS	MJ2-BK	H1B02N41S4 A/T	2026	A233	43	RFS	1	StokMD - 2026-08-06T080446.204.xls	HTML table / 3,496 data rows	2026-08-06 08:04:46	MD source has no aging field; MD aging unavailable
BEAT SPORTY CBS	MJ2-BK	H1B02N41S4 A/T	2026	A233	45	RFS	1	StokMD - 2026-08-06T080446.204.xls	HTML table / 3,496 data rows	2026-08-06 08:04:46	MD source has no aging field; MD aging unavailable
BEAT SPORTY CBS	MJ2-BK	H1B02N41S4 A/T	2026	A233	5	RFS	1	StokMD - 2026-08-06T080446.204.xls	HTML table / 3,496 data rows	2026-08-06 08:04:46	MD source has no aging field; MD aging unavailable
BEAT SPORTY CBS	MJ2-BK	H1B02N41S4 A/T	2026	A233	6	RFS	1	StokMD - 2026-08-06T080446.204.xls	HTML table / 3,496 data rows	2026-08-06 08:04:46	MD source has no aging field; MD aging unavailable
BEAT SPORTY CBS	MJ2-BK	H1B02N41S4 A/T	2026	A233	7	RFS	1	StokMD - 2026-08-06T080446.204.xls	HTML table / 3,496 data rows	2026-08-06 08:04:46	MD source has no aging field; MD aging unavailable
BEAT SPORTY CBS	MJ2-BK	H1B02N41S4 A/T	2026	A233	8	RFS	1	StokMD - 2026-08-06T080446.204.xls	HTML table / 3,496 data rows	2026-08-06 08:04:46	MD source has no aging field; MD aging unavailable
BEAT SPORTY CBS	MJ2-BK	H1B02N41S4 A/T	2026	A233	9	RFS	1	StokMD - 2026-08-06T080446.204.xls	HTML table / 3,496 data rows	2026-08-06 08:04:46	MD source has no aging field; MD aging unavailable
BEAT SPORTY CBS	MJ2-BK	H1B02N41S4 A/T	2026	A234	1	RFS	1	StokMD - 2026-08-06T080446.204.xls	HTML table / 3,496 data rows	2026-08-06 08:04:46	MD source has no aging field; MD aging unavailable
BEAT SPORTY CBS	MJ2-BK	H1B02N41S4 A/T	2026	A234	10	RFS	1	StokMD - 2026-08-06T080446.204.xls	HTML table / 3,496 data rows	2026-08-06 08:04:46	MD source has no aging field; MD aging unavailable
BEAT SPORTY CBS	MJ2-BK	H1B02N41S4 A/T	2026	A234	13	RFS	1	StokMD - 2026-08-06T080446.204.xls	HTML table / 3,496 data rows	2026-08-06 08:04:46	MD source has no aging field; MD aging unavailable
BEAT SPORTY CBS	MJ2-BK	H1B02N41S4 A/T	2026	A234	17	RFS	1	StokMD - 2026-08-06T080446.204.xls	HTML table / 3,496 data rows	2026-08-06 08:04:46	MD source has no aging field; MD aging unavailable
BEAT SPORTY CBS	MJ2-BK	H1B02N41S4 A/T	2026	A234	18	RFS	1	StokMD - 2026-08-06T080446.204.xls	HTML table / 3,496 data rows	2026-08-06 08:04:46	MD source has no aging field; MD aging unavailable
BEAT SPORTY CBS	MJ2-BK	H1B02N41S4 A/T	2026	A234	2	RFS	1	StokMD - 2026-08-06T080446.204.xls	HTML table / 3,496 data rows	2026-08-06 08:04:46	MD source has no aging field; MD aging unavailable
BEAT SPORTY CBS	MJ2-BK	H1B02N41S4 A/T	2026	A234	20	RFS	1	StokMD - 2026-08-06T080446.204.xls	HTML table / 3,496 data rows	2026-08-06 08:04:46	MD source has no aging field; MD aging unavailable
BEAT SPORTY CBS	MJ2-BK	H1B02N41S4 A/T	2026	A234	23	RFS	1	StokMD - 2026-08-06T080446.204.xls	HTML table / 3,496 data rows	2026-08-06 08:04:46	MD source has no aging field; MD aging unavailable
BEAT SPORTY CBS	MJ2-BK	H1B02N41S4 A/T	2026	A234	24	RFS	1	StokMD - 2026-08-06T080446.204.xls	HTML table / 3,496 data rows	2026-08-06 08:04:46	MD source has no aging field; MD aging unavailable
BEAT SPORTY CBS	MJ2-BK	H1B02N41S4 A/T	2026	A234	25	RFS	1	StokMD - 2026-08-06T080446.204.xls	HTML table / 3,496 data rows	2026-08-06 08:04:46	MD source has no aging field; MD aging unavailable
BEAT SPORTY CBS	MJ2-BK	H1B02N41S4 A/T	2026	A234	29	RFS	1	StokMD - 2026-08-06T080446.204.xls	HTML table / 3,496 data rows	2026-08-06 08:04:46	MD source has no aging field; MD aging unavailable
BEAT SPORTY CBS	MJ2-BK	H1B02N41S4 A/T	2026	A234	31	RFS	1	StokMD - 2026-08-06T080446.204.xls	HTML table / 3,496 data rows	2026-08-06 08:04:46	MD source has no aging field; MD aging unavailable
BEAT SPORTY CBS	MJ2-BK	H1B02N41S4 A/T	2026	A234	35	RFS	1	StokMD - 2026-08-06T080446.204.xls	HTML table / 3,496 data rows	2026-08-06 08:04:46	MD source has no aging field; MD aging unavailable
BEAT SPORTY CBS	MJ2-BK	H1B02N41S4 A/T	2026	A234	37	RFS	1	StokMD - 2026-08-06T080446.204.xls	HTML table / 3,496 data rows	2026-08-06 08:04:46	MD source has no aging field; MD aging unavailable
BEAT SPORTY CBS	MJ2-BK	H1B02N41S4 A/T	2026	A234	38	RFS	1	StokMD - 2026-08-06T080446.204.xls	HTML table / 3,496 data rows	2026-08-06 08:04:46	MD source has no aging field; MD aging unavailable
BEAT SPORTY CBS	MJ2-BK	H1B02N41S4 A/T	2026	A234	4	RFS	1	StokMD - 2026-08-06T080446.204.xls	HTML table / 3,496 data rows	2026-08-06 08:04:46	MD source has no aging field; MD aging unavailable
BEAT SPORTY CBS	MJ2-BK	H1B02N41S4 A/T	2026	A234	5	RFS	1	StokMD - 2026-08-06T080446.204.xls	HTML table / 3,496 data rows	2026-08-06 08:04:46	MD source has no aging field; MD aging unavailable
BEAT SPORTY CBS	MJ2-BK	H1B02N41S4 A/T	2026	A234	6	RFS	1	StokMD - 2026-08-06T080446.204.xls	HTML table / 3,496 data rows	2026-08-06 08:04:46	MD source has no aging field; MD aging unavailable
BEAT SPORTY CBS	MJ2-BK	H1B02N41S4 A/T	2026	A234	9	RFS	1	StokMD - 2026-08-06T080446.204.xls	HTML table / 3,496 data rows	2026-08-06 08:04:46	MD source has no aging field; MD aging unavailable
BEAT SPORTY CBS	MJ2-BK	H1B02N41S4 A/T	2026	A235	10	RFS	1	StokMD - 2026-08-06T080446.204.xls	HTML table / 3,496 data rows	2026-08-06 08:04:46	MD source has no aging field; MD aging unavailable
BEAT SPORTY CBS	MJ2-BK	H1B02N41S4 A/T	2026	A235	12	BOOKING	1	StokMD - 2026-08-06T080446.204.xls	HTML table / 3,496 data rows	2026-08-06 08:04:46	MD source has no aging field; MD aging unavailable
BEAT SPORTY CBS	MJ2-BK	H1B02N41S4 A/T	2026	A235	13	BOOKING	1	StokMD - 2026-08-06T080446.204.xls	HTML table / 3,496 data rows	2026-08-06 08:04:46	MD source has no aging field; MD aging unavailable
BEAT SPORTY CBS	MJ2-BK	H1B02N41S4 A/T	2026	A235	15	RFS	1	StokMD - 2026-08-06T080446.204.xls	HTML table / 3,496 data rows	2026-08-06 08:04:46	MD source has no aging field; MD aging unavailable
BEAT SPORTY CBS	MJ2-BK	H1B02N41S4 A/T	2026	A235	21	RFS	1	StokMD - 2026-08-06T080446.204.xls	HTML table / 3,496 data rows	2026-08-06 08:04:46	MD source has no aging field; MD aging unavailable
BEAT SPORTY CBS	MJ2-BK	H1B02N41S4 A/T	2026	A235	24	RFS	1	StokMD - 2026-08-06T080446.204.xls	HTML table / 3,496 data rows	2026-08-06 08:04:46	MD source has no aging field; MD aging unavailable
BEAT SPORTY CBS	MJ2-BK	H1B02N41S4 A/T	2026	A235	30	RFS	1	StokMD - 2026-08-06T080446.204.xls	HTML table / 3,496 data rows	2026-08-06 08:04:46	MD source has no aging field; MD aging unavailable
BEAT SPORTY CBS	MJ2-BK	H1B02N41S4 A/T	2026	A235	33	RFS	1	StokMD - 2026-08-06T080446.204.xls	HTML table / 3,496 data rows	2026-08-06 08:04:46	MD source has no aging field; MD aging unavailable
BEAT SPORTY CBS	MJ2-BK	H1B02N41S4 A/T	2026	A23A	10	RFS	1	StokMD - 2026-08-06T080446.204.xls	HTML table / 3,496 data rows	2026-08-06 08:04:46	MD source has no aging field; MD aging unavailable
BEAT SPORTY CBS	MJ2-BK	H1B02N41S4 A/T	2026	A23A	11	RFS	1	StokMD - 2026-08-06T080446.204.xls	HTML table / 3,496 data rows	2026-08-06 08:04:46	MD source has no aging field; MD aging unavailable
BEAT SPORTY CBS	MJ2-BK	H1B02N41S4 A/T	2026	A23A	12	RFS	1	StokMD - 2026-08-06T080446.204.xls	HTML table / 3,496 data rows	2026-08-06 08:04:46	MD source has no aging field; MD aging unavailable
BEAT SPORTY CBS	MJ2-BK	H1B02N41S4 A/T	2026	A23A	13	RFS	1	StokMD - 2026-08-06T080446.204.xls	HTML table / 3,496 data rows	2026-08-06 08:04:46	MD source has no aging field; MD aging unavailable
BEAT SPORTY CBS	MJ2-BK	H1B02N41S4 A/T	2026	A23A	14	BOOKING	1	StokMD - 2026-08-06T080446.204.xls	HTML table / 3,496 data rows	2026-08-06 08:04:46	MD source has no aging field; MD aging unavailable
BEAT SPORTY CBS	MJ2-BK	H1B02N41S4 A/T	2026	A23A	15	RFS	1	StokMD - 2026-08-06T080446.204.xls	HTML table / 3,496 data rows	2026-08-06 08:04:46	MD source has no aging field; MD aging unavailable
BEAT SPORTY CBS	MJ2-BK	H1B02N41S4 A/T	2026	A23A	16	RFS	1	StokMD - 2026-08-06T080446.204.xls	HTML table / 3,496 data rows	2026-08-06 08:04:46	MD source has no aging field; MD aging unavailable
BEAT SPORTY CBS	MJ2-BK	H1B02N41S4 A/T	2026	A23A	17	BOOKING	1	StokMD - 2026-08-06T080446.204.xls	HTML table / 3,496 data rows	2026-08-06 08:04:46	MD source has no aging field; MD aging unavailable
BEAT SPORTY CBS	MJ2-BK	H1B02N41S4 A/T	2026	A23A	18	RFS	1	StokMD - 2026-08-06T080446.204.xls	HTML table / 3,496 data rows	2026-08-06 08:04:46	MD source has no aging field; MD aging unavailable
BEAT SPORTY CBS	MJ2-BK	H1B02N41S4 A/T	2026	A23A	9	RFS	1	StokMD - 2026-08-06T080446.204.xls	HTML table / 3,496 data rows	2026-08-06 08:04:46	MD source has no aging field; MD aging unavailable
BEAT SPORTY CBS	MJ2-BK	H1B02N41S4 A/T	2026	A242	0	RFS	1	StokMD - 2026-08-06T080446.204.xls	HTML table / 3,496 data rows	2026-08-06 08:04:46	MD source has no aging field; MD aging unavailable
BEAT SPORTY CBS	MJ2-BK	H1B02N41S4 A/T	2026	A242	10	RFS	1	StokMD - 2026-08-06T080446.204.xls	HTML table / 3,496 data rows	2026-08-06 08:04:46	MD source has no aging field; MD aging unavailable
BEAT SPORTY CBS	MJ2-BK	H1B02N41S4 A/T	2026	A242	11	RFS	1	StokMD - 2026-08-06T080446.204.xls	HTML table / 3,496 data rows	2026-08-06 08:04:46	MD source has no aging field; MD aging unavailable
BEAT SPORTY CBS	MJ2-BK	H1B02N41S4 A/T	2026	A242	12	BOOKING	1	StokMD - 2026-08-06T080446.204.xls	HTML table / 3,496 data rows	2026-08-06 08:04:46	MD source has no aging field; MD aging unavailable
BEAT SPORTY CBS	MJ2-BK	H1B02N41S4 A/T	2026	A242	13	BOOKING	1	StokMD - 2026-08-06T080446.204.xls	HTML table / 3,496 data rows	2026-08-06 08:04:46	MD source has no aging field; MD aging unavailable
BEAT SPORTY CBS	MJ2-BK	H1B02N41S4 A/T	2026	A242	14	BOOKING	1	StokMD - 2026-08-06T080446.204.xls	HTML table / 3,496 data rows	2026-08-06 08:04:46	MD source has no aging field; MD aging unavailable
BEAT SPORTY CBS	MJ2-BK	H1B02N41S4 A/T	2026	A242	15	RFS	1	StokMD - 2026-08-06T080446.204.xls	HTML table / 3,496 data rows	2026-08-06 08:04:46	MD source has no aging field; MD aging unavailable
BEAT SPORTY CBS	MJ2-BK	H1B02N41S4 A/T	2026	A242	17	RFS	1	StokMD - 2026-08-06T080446.204.xls	HTML table / 3,496 data rows	2026-08-06 08:04:46	MD source has no aging field; MD aging unavailable
BEAT SPORTY CBS	MJ2-BK	H1B02N41S4 A/T	2026	A242	18	RFS	1	StokMD - 2026-08-06T080446.204.xls	HTML table / 3,496 data rows	2026-08-06 08:04:46	MD source has no aging field; MD aging unavailable
BEAT SPORTY CBS	MJ2-BK	H1B02N41S4 A/T	2026	A242	19	BOOKING	1	StokMD - 2026-08-06T080446.204.xls	HTML table / 3,496 data rows	2026-08-06 08:04:46	MD source has no aging field; MD aging unavailable
BEAT SPORTY CBS	MJ2-BK	H1B02N41S4 A/T	2026	A242	2	RFS	1	StokMD - 2026-08-06T080446.204.xls	HTML table / 3,496 data rows	2026-08-06 08:04:46	MD source has no aging field; MD aging unavailable
BEAT SPORTY CBS	MJ2-BK	H1B02N41S4 A/T	2026	A242	20	RFS	1	StokMD - 2026-08-06T080446.204.xls	HTML table / 3,496 data rows	2026-08-06 08:04:46	MD source has no aging field; MD aging unavailable
BEAT SPORTY CBS	MJ2-BK	H1B02N41S4 A/T	2026	A242	23	RFS	1	StokMD - 2026-08-06T080446.204.xls	HTML table / 3,496 data rows	2026-08-06 08:04:46	MD source has no aging field; MD aging unavailable
BEAT SPORTY CBS	MJ2-BK	H1B02N41S4 A/T	2026	A242	24	RFS	1	StokMD - 2026-08-06T080446.204.xls	HTML table / 3,496 data rows	2026-08-06 08:04:46	MD source has no aging field; MD aging unavailable
BEAT SPORTY CBS	MJ2-BK	H1B02N41S4 A/T	2026	A242	25	RFS	1	StokMD - 2026-08-06T080446.204.xls	HTML table / 3,496 data rows	2026-08-06 08:04:46	MD source has no aging field; MD aging unavailable
BEAT SPORTY CBS	MJ2-BK	H1B02N41S4 A/T	2026	A242	26	RFS	1	StokMD - 2026-08-06T080446.204.xls	HTML table / 3,496 data rows	2026-08-06 08:04:46	MD source has no aging field; MD aging unavailable
BEAT SPORTY CBS	MJ2-BK	H1B02N41S4 A/T	2026	A242	30	RFS	1	StokMD - 2026-08-06T080446.204.xls	HTML table / 3,496 data rows	2026-08-06 08:04:46	MD source has no aging field; MD aging unavailable
BEAT SPORTY CBS	MJ2-BK	H1B02N41S4 A/T	2026	A242	33	BOOKING	1	StokMD - 2026-08-06T080446.204.xls	HTML table / 3,496 data rows	2026-08-06 08:04:46	MD source has no aging field; MD aging unavailable
BEAT SPORTY CBS	MJ2-BK	H1B02N41S4 A/T	2026	A242	38	RFS	1	StokMD - 2026-08-06T080446.204.xls	HTML table / 3,496 data rows	2026-08-06 08:04:46	MD source has no aging field; MD aging unavailable
BEAT SPORTY CBS	MJ2-BK	H1B02N41S4 A/T	2026	A242	39	RFS	1	StokMD - 2026-08-06T080446.204.xls	HTML table / 3,496 data rows	2026-08-06 08:04:46	MD source has no aging field; MD aging unavailable
BEAT SPORTY CBS	MJ2-BK	H1B02N41S4 A/T	2026	A242	40	RFS	1	StokMD - 2026-08-06T080446.204.xls	HTML table / 3,496 data rows	2026-08-06 08:04:46	MD source has no aging field; MD aging unavailable
BEAT SPORTY CBS	MJ2-BK	H1B02N41S4 A/T	2026	A242	5	BOOKING	1	StokMD - 2026-08-06T080446.204.xls	HTML table / 3,496 data rows	2026-08-06 08:04:46	MD source has no aging field; MD aging unavailable
BEAT SPORTY CBS	MJ2-BK	H1B02N41S4 A/T	2026	A242	6	RFS	1	StokMD - 2026-08-06T080446.204.xls	HTML table / 3,496 data rows	2026-08-06 08:04:46	MD source has no aging field; MD aging unavailable
BEAT SPORTY CBS	MJ2-BK	H1B02N41S4 A/T	2026	A242	7	RFS	1	StokMD - 2026-08-06T080446.204.xls	HTML table / 3,496 data rows	2026-08-06 08:04:46	MD source has no aging field; MD aging unavailable
BEAT SPORTY CBS	MJ2-BK	H1B02N41S4 A/T	2026	A242	8	BOOKING	1	StokMD - 2026-08-06T080446.204.xls	HTML table / 3,496 data rows	2026-08-06 08:04:46	MD source has no aging field; MD aging unavailable
BEAT SPORTY CBS	MJ2-BK	H1B02N41S4 A/T	2026	A242	9	RFS	1	StokMD - 2026-08-06T080446.204.xls	HTML table / 3,496 data rows	2026-08-06 08:04:46	MD source has no aging field; MD aging unavailable
BEAT SPORTY CBS	MJ2-BK	H1B02N41S4 A/T	2026	A243	13	RFS	1	StokMD - 2026-08-06T080446.204.xls	HTML table / 3,496 data rows	2026-08-06 08:04:46	MD source has no aging field; MD aging unavailable
BEAT SPORTY CBS	MJ2-BK	H1B02N41S4 A/T	2026	A243	14	RFS	1	StokMD - 2026-08-06T080446.204.xls	HTML table / 3,496 data rows	2026-08-06 08:04:46	MD source has no aging field; MD aging unavailable
BEAT SPORTY CBS	MJ2-BK	H1B02N41S4 A/T	2026	A243	15	RFS	1	StokMD - 2026-08-06T080446.204.xls	HTML table / 3,496 data rows	2026-08-06 08:04:46	MD source has no aging field; MD aging unavailable
BEAT SPORTY CBS	MJ2-BK	H1B02N41S4 A/T	2026	A243	16	RFS	1	StokMD - 2026-08-06T080446.204.xls	HTML table / 3,496 data rows	2026-08-06 08:04:46	MD source has no aging field; MD aging unavailable
BEAT SPORTY CBS	MJ2-BK	H1B02N41S4 A/T	2026	A243	19	RFS	1	StokMD - 2026-08-06T080446.204.xls	HTML table / 3,496 data rows	2026-08-06 08:04:46	MD source has no aging field; MD aging unavailable
BEAT SPORTY CBS	MJ2-BK	H1B02N41S4 A/T	2026	A243	20	RFS	1	StokMD - 2026-08-06T080446.204.xls	HTML table / 3,496 data rows	2026-08-06 08:04:46	MD source has no aging field; MD aging unavailable
BEAT SPORTY CBS	MJ2-BK	H1B02N41S4 A/T	2026	A243	21	RFS	1	StokMD - 2026-08-06T080446.204.xls	HTML table / 3,496 data rows	2026-08-06 08:04:46	MD source has no aging field; MD aging unavailable
BEAT SPORTY CBS	MJ2-BK	H1B02N41S4 A/T	2026	A243	22	RFS	1	StokMD - 2026-08-06T080446.204.xls	HTML table / 3,496 data rows	2026-08-06 08:04:46	MD source has no aging field; MD aging unavailable
BEAT SPORTY CBS	MJ2-BK	H1B02N41S4 A/T	2026	A243	23	RFS	1	StokMD - 2026-08-06T080446.204.xls	HTML table / 3,496 data rows	2026-08-06 08:04:46	MD source has no aging field; MD aging unavailable
BEAT SPORTY CBS	MJ2-BK	H1B02N41S4 A/T	2026	A243	24	RFS	1	StokMD - 2026-08-06T080446.204.xls	HTML table / 3,496 data rows	2026-08-06 08:04:46	MD source has no aging field; MD aging unavailable
BEAT SPORTY CBS	MJ2-BK	H1B02N41S4 A/T	2026	A243	25	RFS	1	StokMD - 2026-08-06T080446.204.xls	HTML table / 3,496 data rows	2026-08-06 08:04:46	MD source has no aging field; MD aging unavailable
BEAT SPORTY CBS	MJ2-BK	H1B02N41S4 A/T	2026	A243	26	RFS	1	StokMD - 2026-08-06T080446.204.xls	HTML table / 3,496 data rows	2026-08-06 08:04:46	MD source has no aging field; MD aging unavailable
BEAT SPORTY CBS	MJ2-BK	H1B02N41S4 A/T	2026	A243	27	RFS	1	StokMD - 2026-08-06T080446.204.xls	HTML table / 3,496 data rows	2026-08-06 08:04:46	MD source has no aging field; MD aging unavailable
BEAT SPORTY CBS	MJ2-BK	H1B02N41S4 A/T	2026	A243	28	RFS	1	StokMD - 2026-08-06T080446.204.xls	HTML table / 3,496 data rows	2026-08-06 08:04:46	MD source has no aging field; MD aging unavailable
BEAT SPORTY CBS	MJ2-BK	H1B02N41S4 A/T	2026	A243	29	RFS	1	StokMD - 2026-08-06T080446.204.xls	HTML table / 3,496 data rows	2026-08-06 08:04:46	MD source has no aging field; MD aging unavailable
BEAT SPORTY CBS	MJ2-BK	H1B02N41S4 A/T	2026	A243	30	RFS	1	StokMD - 2026-08-06T080446.204.xls	HTML table / 3,496 data rows	2026-08-06 08:04:46	MD source has no aging field; MD aging unavailable
BEAT SPORTY CBS	MJ2-BK	H1B02N41S4 A/T	2026	A243	34	RFS	1	StokMD - 2026-08-06T080446.204.xls	HTML table / 3,496 data rows	2026-08-06 08:04:46	MD source has no aging field; MD aging unavailable
BEAT SPORTY CBS	MJ2-BK	H1B02N41S4 A/T	2026	A243	35	RFS	1	StokMD - 2026-08-06T080446.204.xls	HTML table / 3,496 data rows	2026-08-06 08:04:46	MD source has no aging field; MD aging unavailable
BEAT SPORTY CBS	MJ2-BK	H1B02N41S4 A/T	2026	A243	37	RFS	1	StokMD - 2026-08-06T080446.204.xls	HTML table / 3,496 data rows	2026-08-06 08:04:46	MD source has no aging field; MD aging unavailable
BEAT SPORTY CBS	MJ2-BK	H1B02N41S4 A/T	2026	A243	4	RFS	1	StokMD - 2026-08-06T080446.204.xls	HTML table / 3,496 data rows	2026-08-06 08:04:46	MD source has no aging field; MD aging unavailable
BEAT SPORTY CBS	MJ2-BK	H1B02N41S4 A/T	2026	A243	40	RFS	1	StokMD - 2026-08-06T080446.204.xls	HTML table / 3,496 data rows	2026-08-06 08:04:46	MD source has no aging field; MD aging unavailable
BEAT SPORTY CBS	MJ2-BK	H1B02N41S4 A/T	2026	A243	5	BOOKING	1	StokMD - 2026-08-06T080446.204.xls	HTML table / 3,496 data rows	2026-08-06 08:04:46	MD source has no aging field; MD aging unavailable
BEAT SPORTY CBS	MJ2-BK	H1B02N41S4 A/T	2026	A244	13	RFS	1	StokMD - 2026-08-06T080446.204.xls	HTML table / 3,496 data rows	2026-08-06 08:04:46	MD source has no aging field; MD aging unavailable
BEAT SPORTY CBS	MJ2-BK	H1B02N41S4 A/T	2026	A244	14	RFS	1	StokMD - 2026-08-06T080446.204.xls	HTML table / 3,496 data rows	2026-08-06 08:04:46	MD source has no aging field; MD aging unavailable
BEAT SPORTY CBS	MJ2-BK	H1B02N41S4 A/T	2026	A244	15	RFS	1	StokMD - 2026-08-06T080446.204.xls	HTML table / 3,496 data rows	2026-08-06 08:04:46	MD source has no aging field; MD aging unavailable
BEAT SPORTY CBS	MJ2-BK	H1B02N41S4 A/T	2026	A244	16	RFS	1	StokMD - 2026-08-06T080446.204.xls	HTML table / 3,496 data rows	2026-08-06 08:04:46	MD source has no aging field; MD aging unavailable
BEAT SPORTY CBS	MJ2-BK	H1B02N41S4 A/T	2026	A244	18	RFS	1	StokMD - 2026-08-06T080446.204.xls	HTML table / 3,496 data rows	2026-08-06 08:04:46	MD source has no aging field; MD aging unavailable
BEAT SPORTY CBS	MJ2-BK	H1B02N41S4 A/T	2026	A244	2	RFS	1	StokMD - 2026-08-06T080446.204.xls	HTML table / 3,496 data rows	2026-08-06 08:04:46	MD source has no aging field; MD aging unavailable
BEAT SPORTY CBS	MJ2-BK	H1B02N41S4 A/T	2026	A244	20	RFS	1	StokMD - 2026-08-06T080446.204.xls	HTML table / 3,496 data rows	2026-08-06 08:04:46	MD source has no aging field; MD aging unavailable
BEAT SPORTY CBS	MJ2-BK	H1B02N41S4 A/T	2026	A244	21	RFS	1	StokMD - 2026-08-06T080446.204.xls	HTML table / 3,496 data rows	2026-08-06 08:04:46	MD source has no aging field; MD aging unavailable
BEAT SPORTY CBS	MJ2-BK	H1B02N41S4 A/T	2026	A244	22	RFS	1	StokMD - 2026-08-06T080446.204.xls	HTML table / 3,496 data rows	2026-08-06 08:04:46	MD source has no aging field; MD aging unavailable
BEAT SPORTY CBS	MJ2-BK	H1B02N41S4 A/T	2026	A244	24	BOOKING	1	StokMD - 2026-08-06T080446.204.xls	HTML table / 3,496 data rows	2026-08-06 08:04:46	MD source has no aging field; MD aging unavailable
BEAT SPORTY CBS	MJ2-BK	H1B02N41S4 A/T	2026	A244	25	RFS	1	StokMD - 2026-08-06T080446.204.xls	HTML table / 3,496 data rows	2026-08-06 08:04:46	MD source has no aging field; MD aging unavailable
BEAT SPORTY CBS	MJ2-BK	H1B02N41S4 A/T	2026	A244	27	RFS	1	StokMD - 2026-08-06T080446.204.xls	HTML table / 3,496 data rows	2026-08-06 08:04:46	MD source has no aging field; MD aging unavailable
BEAT SPORTY CBS	MJ2-BK	H1B02N41S4 A/T	2026	A244	29	RFS	1	StokMD - 2026-08-06T080446.204.xls	HTML table / 3,496 data rows	2026-08-06 08:04:46	MD source has no aging field; MD aging unavailable
BEAT SPORTY CBS	MJ2-BK	H1B02N41S4 A/T	2026	A244	30	RFS	1	StokMD - 2026-08-06T080446.204.xls	HTML table / 3,496 data rows	2026-08-06 08:04:46	MD source has no aging field; MD aging unavailable
BEAT SPORTY CBS	MJ2-BK	H1B02N41S4 A/T	2026	A244	33	RFS	1	StokMD - 2026-08-06T080446.204.xls	HTML table / 3,496 data rows	2026-08-06 08:04:46	MD source has no aging field; MD aging unavailable
BEAT SPORTY CBS	MJ2-BK	H1B02N41S4 A/T	2026	A244	34	RFS	1	StokMD - 2026-08-06T080446.204.xls	HTML table / 3,496 data rows	2026-08-06 08:04:46	MD source has no aging field; MD aging unavailable
BEAT SPORTY CBS	MJ2-BK	H1B02N41S4 A/T	2026	A244	36	RFS	1	StokMD - 2026-08-06T080446.204.xls	HTML table / 3,496 data rows	2026-08-06 08:04:46	MD source has no aging field; MD aging unavailable
BEAT SPORTY CBS	MJ2-BK	H1B02N41S4 A/T	2026	A244	37	RFS	1	StokMD - 2026-08-06T080446.204.xls	HTML table / 3,496 data rows	2026-08-06 08:04:46	MD source has no aging field; MD aging unavailable
BEAT SPORTY CBS	MJ2-BK	H1B02N41S4 A/T	2026	A244	38	RFS	1	StokMD - 2026-08-06T080446.204.xls	HTML table / 3,496 data rows	2026-08-06 08:04:46	MD source has no aging field; MD aging unavailable
BEAT SPORTY CBS	MJ2-BK	H1B02N41S4 A/T	2026	A244	39	RFS	1	StokMD - 2026-08-06T080446.204.xls	HTML table / 3,496 data rows	2026-08-06 08:04:46	MD source has no aging field; MD aging unavailable
BEAT SPORTY CBS	MJ2-BK	H1B02N41S4 A/T	2026	A244	6	RFS	1	StokMD - 2026-08-06T080446.204.xls	HTML table / 3,496 data rows	2026-08-06 08:04:46	MD source has no aging field; MD aging unavailable
BEAT SPORTY CBS	MJ2-BK	H1B02N41S4 A/T	2026	A244	8	RFS	1	StokMD - 2026-08-06T080446.204.xls	HTML table / 3,496 data rows	2026-08-06 08:04:46	MD source has no aging field; MD aging unavailable
BEAT SPORTY CBS	MJ2-BK	H1B02N41S4 A/T	2026	A245	1	RFS	1	StokMD - 2026-08-06T080446.204.xls	HTML table / 3,496 data rows	2026-08-06 08:04:46	MD source has no aging field; MD aging unavailable
BEAT SPORTY CBS	MJ2-BK	H1B02N41S4 A/T	2026	A245	12	RFS	1	StokMD - 2026-08-06T080446.204.xls	HTML table / 3,496 data rows	2026-08-06 08:04:46	MD source has no aging field; MD aging unavailable
BEAT SPORTY CBS	MJ2-BK	H1B02N41S4 A/T	2026	A245	25	RFS	1	StokMD - 2026-08-06T080446.204.xls	HTML table / 3,496 data rows	2026-08-06 08:04:46	MD source has no aging field; MD aging unavailable
BEAT SPORTY CBS	MJ2-BK	H1B02N41S4 A/T	2026	A245	26	RFS	1	StokMD - 2026-08-06T080446.204.xls	HTML table / 3,496 data rows	2026-08-06 08:04:46	MD source has no aging field; MD aging unavailable
BEAT SPORTY CBS	MJ2-BK	H1B02N41S4 A/T	2026	A245	28	RFS	1	StokMD - 2026-08-06T080446.204.xls	HTML table / 3,496 data rows	2026-08-06 08:04:46	MD source has no aging field; MD aging unavailable
BEAT SPORTY CBS	MJ2-BK	H1B02N41S4 A/T	2026	A245	29	RFS	1	StokMD - 2026-08-06T080446.204.xls	HTML table / 3,496 data rows	2026-08-06 08:04:46	MD source has no aging field; MD aging unavailable
BEAT SPORTY CBS	MJ2-BK	H1B02N41S4 A/T	2026	A245	30	RFS	1	StokMD - 2026-08-06T080446.204.xls	HTML table / 3,496 data rows	2026-08-06 08:04:46	MD source has no aging field; MD aging unavailable
BEAT SPORTY CBS	MJ2-BK	H1B02N41S4 A/T	2026	A245	31	RFS	1	StokMD - 2026-08-06T080446.204.xls	HTML table / 3,496 data rows	2026-08-06 08:04:46	MD source has no aging field; MD aging unavailable
BEAT SPORTY CBS	MJ2-BK	H1B02N41S4 A/T	2026	A245	34	RFS	1	StokMD - 2026-08-06T080446.204.xls	HTML table / 3,496 data rows	2026-08-06 08:04:46	MD source has no aging field; MD aging unavailable
BEAT SPORTY CBS	MJ2-BK	H1B02N41S4 A/T	2026	A245	39	RFS	1	StokMD - 2026-08-06T080446.204.xls	HTML table / 3,496 data rows	2026-08-06 08:04:46	MD source has no aging field; MD aging unavailable
BEAT SPORTY CBS	MJ2-BK	H1B02N41S4 A/T	2026	A245	5	RFS	1	StokMD - 2026-08-06T080446.204.xls	HTML table / 3,496 data rows	2026-08-06 08:04:46	MD source has no aging field; MD aging unavailable
BEAT SPORTY CBS	MJ2-BK	H1B02N41S4 A/T	2026	A245	6	RFS	1	StokMD - 2026-08-06T080446.204.xls	HTML table / 3,496 data rows	2026-08-06 08:04:46	MD source has no aging field; MD aging unavailable
BEAT SPORTY CBS	MJ2-BK	H1B02N41S4 A/T	2026	A254	21	RFS	1	StokMD - 2026-08-06T080446.204.xls	HTML table / 3,496 data rows	2026-08-06 08:04:46	MD source has no aging field; MD aging unavailable
BEAT SPORTY CBS	MJ2-BK	H1B02N41S4 A/T	2026	A254	23	RFS	1	StokMD - 2026-08-06T080446.204.xls	HTML table / 3,496 data rows	2026-08-06 08:04:46	MD source has no aging field; MD aging unavailable
BEAT SPORTY CBS	MJ2-BK	H1B02N41S4 A/T	2026	A254	24	RFS	1	StokMD - 2026-08-06T080446.204.xls	HTML table / 3,496 data rows	2026-08-06 08:04:46	MD source has no aging field; MD aging unavailable
BEAT SPORTY CBS	MJ2-BK	H1B02N41S4 A/T	2026	A254	28	BOOKING	1	StokMD - 2026-08-06T080446.204.xls	HTML table / 3,496 data rows	2026-08-06 08:04:46	MD source has no aging field; MD aging unavailable
BEAT SPORTY CBS	MJ2-BK	H1B02N41S4 A/T	2026	A254	3	BOOKING	1	StokMD - 2026-08-06T080446.204.xls	HTML table / 3,496 data rows	2026-08-06 08:04:46	MD source has no aging field; MD aging unavailable
BEAT SPORTY CBS	MJ2-BK	H1B02N41S4 A/T	2026	A254	4	BOOKING	1	StokMD - 2026-08-06T080446.204.xls	HTML table / 3,496 data rows	2026-08-06 08:04:46	MD source has no aging field; MD aging unavailable
BEAT SPORTY CBS	MJ2-BK	H1B02N41S4 A/T	2026	A292	10	RFS	1	StokMD - 2026-08-06T080446.204.xls	HTML table / 3,496 data rows	2026-08-06 08:04:46	MD source has no aging field; MD aging unavailable
BEAT SPORTY CBS	MJ2-BK	H1B02N41S4 A/T	2026	A292	11	RFS	1	StokMD - 2026-08-06T080446.204.xls	HTML table / 3,496 data rows	2026-08-06 08:04:46	MD source has no aging field; MD aging unavailable
BEAT SPORTY CBS	MJ2-BK	H1B02N41S4 A/T	2026	A292	14	RFS	1	StokMD - 2026-08-06T080446.204.xls	HTML table / 3,496 data rows	2026-08-06 08:04:46	MD source has no aging field; MD aging unavailable
BEAT SPORTY CBS	MJ2-BK	H1B02N41S4 A/T	2026	A292	17	RFS	1	StokMD - 2026-08-06T080446.204.xls	HTML table / 3,496 data rows	2026-08-06 08:04:46	MD source has no aging field; MD aging unavailable
BEAT SPORTY CBS	MJ2-BK	H1B02N41S4 A/T	2026	A292	18	RFS	1	StokMD - 2026-08-06T080446.204.xls	HTML table / 3,496 data rows	2026-08-06 08:04:46	MD source has no aging field; MD aging unavailable
BEAT SPORTY CBS	MJ2-BK	H1B02N41S4 A/T	2026	A292	5	RFS	1	StokMD - 2026-08-06T080446.204.xls	HTML table / 3,496 data rows	2026-08-06 08:04:46	MD source has no aging field; MD aging unavailable
BEAT SPORTY CBS	MJ2-BK	H1B02N41S4 A/T	2026	A292	6	RFS	1	StokMD - 2026-08-06T080446.204.xls	HTML table / 3,496 data rows	2026-08-06 08:04:46	MD source has no aging field; MD aging unavailable
BEAT SPORTY CBS	MJ2-BK	H1B02N41S4 A/T	2026	A292	7	RFS	1	StokMD - 2026-08-06T080446.204.xls	HTML table / 3,496 data rows	2026-08-06 08:04:46	MD source has no aging field; MD aging unavailable
BEAT SPORTY CBS	MJ2-BK	H1B02N41S4 A/T	2026	A292	8	RFS	1	StokMD - 2026-08-06T080446.204.xls	HTML table / 3,496 data rows	2026-08-06 08:04:46	MD source has no aging field; MD aging unavailable
BEAT SPORTY CBS	MJ2-BK	H1B02N41S4 A/T	2026	A292	9	RFS	1	StokMD - 2026-08-06T080446.204.xls	HTML table / 3,496 data rows	2026-08-06 08:04:46	MD source has no aging field; MD aging unavailable
BEAT SPORTY CBS	MJ2-BK	H1B02N41S4 A/T	2026	A293	1	RFS	1	StokMD - 2026-08-06T080446.204.xls	HTML table / 3,496 data rows	2026-08-06 08:04:46	MD source has no aging field; MD aging unavailable
BEAT SPORTY CBS	MJ2-BK	H1B02N41S4 A/T	2026	A293	12	RFS	1	StokMD - 2026-08-06T080446.204.xls	HTML table / 3,496 data rows	2026-08-06 08:04:46	MD source has no aging field; MD aging unavailable
BEAT SPORTY CBS	MJ2-BK	H1B02N41S4 A/T	2026	A293	16	RFS	1	StokMD - 2026-08-06T080446.204.xls	HTML table / 3,496 data rows	2026-08-06 08:04:46	MD source has no aging field; MD aging unavailable
BEAT SPORTY CBS	MJ2-BK	H1B02N41S4 A/T	2026	A293	17	RFS	1	StokMD - 2026-08-06T080446.204.xls	HTML table / 3,496 data rows	2026-08-06 08:04:46	MD source has no aging field; MD aging unavailable
BEAT SPORTY CBS	MJ2-BK	H1B02N41S4 A/T	2026	A293	18	RFS	1	StokMD - 2026-08-06T080446.204.xls	HTML table / 3,496 data rows	2026-08-06 08:04:46	MD source has no aging field; MD aging unavailable
BEAT SPORTY CBS	MJ2-BK	H1B02N41S4 A/T	2026	A293	19	RFS	1	StokMD - 2026-08-06T080446.204.xls	HTML table / 3,496 data rows	2026-08-06 08:04:46	MD source has no aging field; MD aging unavailable
BEAT SPORTY CBS	MJ2-BK	H1B02N41S4 A/T	2026	A293	2	RFS	1	StokMD - 2026-08-06T080446.204.xls	HTML table / 3,496 data rows	2026-08-06 08:04:46	MD source has no aging field; MD aging unavailable
BEAT SPORTY CBS	MJ2-BK	H1B02N41S4 A/T	2026	A293	20	RFS	1	StokMD - 2026-08-06T080446.204.xls	HTML table / 3,496 data rows	2026-08-06 08:04:46	MD source has no aging field; MD aging unavailable
BEAT SPORTY CBS	MJ2-BK	H1B02N41S4 A/T	2026	A293	4	RFS	1	StokMD - 2026-08-06T080446.204.xls	HTML table / 3,496 data rows	2026-08-06 08:04:46	MD source has no aging field; MD aging unavailable
BEAT SPORTY CBS	MJ2-BK	H1B02N41S4 A/T	2026	A293	5	RFS	1	StokMD - 2026-08-06T080446.204.xls	HTML table / 3,496 data rows	2026-08-06 08:04:46	MD source has no aging field; MD aging unavailable
BEAT SPORTY CBS	MJ2-BK	H1B02N41S4 A/T	2026	A294	1	RFS	1	StokMD - 2026-08-06T080446.204.xls	HTML table / 3,496 data rows	2026-08-06 08:04:46	MD source has no aging field; MD aging unavailable
BEAT SPORTY CBS	MJ2-BK	H1B02N41S4 A/T	2026	A294	11	RFS	1	StokMD - 2026-08-06T080446.204.xls	HTML table / 3,496 data rows	2026-08-06 08:04:46	MD source has no aging field; MD aging unavailable
BEAT SPORTY CBS	MJ2-BK	H1B02N41S4 A/T	2026	A294	13	RFS	1	StokMD - 2026-08-06T080446.204.xls	HTML table / 3,496 data rows	2026-08-06 08:04:46	MD source has no aging field; MD aging unavailable
BEAT SPORTY CBS	MJ2-BK	H1B02N41S4 A/T	2026	A294	14	RFS	1	StokMD - 2026-08-06T080446.204.xls	HTML table / 3,496 data rows	2026-08-06 08:04:46	MD source has no aging field; MD aging unavailable
BEAT SPORTY CBS	MJ2-BK	H1B02N41S4 A/T	2026	A294	16	RFS	1	StokMD - 2026-08-06T080446.204.xls	HTML table / 3,496 data rows	2026-08-06 08:04:46	MD source has no aging field; MD aging unavailable
BEAT SPORTY CBS	MJ2-BK	H1B02N41S4 A/T	2026	A294	17	RFS	1	StokMD - 2026-08-06T080446.204.xls	HTML table / 3,496 data rows	2026-08-06 08:04:46	MD source has no aging field; MD aging unavailable
BEAT SPORTY CBS	MJ2-BK	H1B02N41S4 A/T	2026	A294	2	RFS	1	StokMD - 2026-08-06T080446.204.xls	HTML table / 3,496 data rows	2026-08-06 08:04:46	MD source has no aging field; MD aging unavailable
BEAT SPORTY CBS	MJ2-BK	H1B02N41S4 A/T	2026	A294	20	RFS	1	StokMD - 2026-08-06T080446.204.xls	HTML table / 3,496 data rows	2026-08-06 08:04:46	MD source has no aging field; MD aging unavailable
BEAT SPORTY CBS	MJ2-BK	H1B02N41S4 A/T	2026	A294	3	RFS	1	StokMD - 2026-08-06T080446.204.xls	HTML table / 3,496 data rows	2026-08-06 08:04:46	MD source has no aging field; MD aging unavailable
BEAT SPORTY CBS	MJ2-BK	H1B02N41S4 A/T	2026	A294	8	RFS	1	StokMD - 2026-08-06T080446.204.xls	HTML table / 3,496 data rows	2026-08-06 08:04:46	MD source has no aging field; MD aging unavailable
BEAT SPORTY CBS	MJ2-BK	H1B02N41S4 A/T	2026	A295	10	RFS	1	StokMD - 2026-08-06T080446.204.xls	HTML table / 3,496 data rows	2026-08-06 08:04:46	MD source has no aging field; MD aging unavailable
BEAT SPORTY CBS	MJ2-BK	H1B02N41S4 A/T	2026	A295	13	RFS	1	StokMD - 2026-08-06T080446.204.xls	HTML table / 3,496 data rows	2026-08-06 08:04:46	MD source has no aging field; MD aging unavailable
BEAT SPORTY CBS	MJ2-BK	H1B02N41S4 A/T	2026	A295	14	RFS	1	StokMD - 2026-08-06T080446.204.xls	HTML table / 3,496 data rows	2026-08-06 08:04:46	MD source has no aging field; MD aging unavailable
BEAT SPORTY CBS	MJ2-BK	H1B02N41S4 A/T	2026	A295	15	RFS	1	StokMD - 2026-08-06T080446.204.xls	HTML table / 3,496 data rows	2026-08-06 08:04:46	MD source has no aging field; MD aging unavailable
BEAT SPORTY CBS	MJ2-BK	H1B02N41S4 A/T	2026	A295	18	RFS	1	StokMD - 2026-08-06T080446.204.xls	HTML table / 3,496 data rows	2026-08-06 08:04:46	MD source has no aging field; MD aging unavailable
BEAT SPORTY CBS	MJ2-BK	H1B02N41S4 A/T	2026	A295	19	RFS	1	StokMD - 2026-08-06T080446.204.xls	HTML table / 3,496 data rows	2026-08-06 08:04:46	MD source has no aging field; MD aging unavailable
BEAT SPORTY CBS	MJ2-BK	H1B02N41S4 A/T	2026	A295	6	RFS	1	StokMD - 2026-08-06T080446.204.xls	HTML table / 3,496 data rows	2026-08-06 08:04:46	MD source has no aging field; MD aging unavailable
BEAT SPORTY CBS	MJ2-BK	H1B02N41S4 A/T	2026	A314	19	RFS	1	StokMD - 2026-08-06T080446.204.xls	HTML table / 3,496 data rows	2026-08-06 08:04:46	MD source has no aging field; MD aging unavailable
BEAT SPORTY CBS	MJ2-BK	H1B02N41S4 A/T	2026	A314	20	BOOKING	1	StokMD - 2026-08-06T080446.204.xls	HTML table / 3,496 data rows	2026-08-06 08:04:46	MD source has no aging field; MD aging unavailable
BEAT SPORTY CBS	MJ2-BK	H1B02N41S4 A/T	2026	A314	21	RFS	1	StokMD - 2026-08-06T080446.204.xls	HTML table / 3,496 data rows	2026-08-06 08:04:46	MD source has no aging field; MD aging unavailable
BEAT SPORTY CBS	MJ2-BK	H1B02N41S4 A/T	2026	A314	23	RFS	1	StokMD - 2026-08-06T080446.204.xls	HTML table / 3,496 data rows	2026-08-06 08:04:46	MD source has no aging field; MD aging unavailable
BEAT SPORTY CBS	MJ2-BK	H1B02N41S4 A/T	2026	A314	24	BOOKING	1	StokMD - 2026-08-06T080446.204.xls	HTML table / 3,496 data rows	2026-08-06 08:04:46	MD source has no aging field; MD aging unavailable
BEAT SPORTY CBS	MJ2-BK	H1B02N41S4 A/T	2026	A315	10	RFS	1	StokMD - 2026-08-06T080446.204.xls	HTML table / 3,496 data rows	2026-08-06 08:04:46	MD source has no aging field; MD aging unavailable
BEAT SPORTY CBS	MJ2-BK	H1B02N41S4 A/T	2026	A315	5	RFS	1	StokMD - 2026-08-06T080446.204.xls	HTML table / 3,496 data rows	2026-08-06 08:04:46	MD source has no aging field; MD aging unavailable
BEAT SPORTY CBS	MJ2-BK	H1B02N41S4 A/T	2026	A315	6	RFS	1	StokMD - 2026-08-06T080446.204.xls	HTML table / 3,496 data rows	2026-08-06 08:04:46	MD source has no aging field; MD aging unavailable
BEAT SPORTY CBS	MJ2-BK	H1B02N41S4 A/T	2026	A315	7	RFS	1	StokMD - 2026-08-06T080446.204.xls	HTML table / 3,496 data rows	2026-08-06 08:04:46	MD source has no aging field; MD aging unavailable
BEAT SPORTY CBS	MJ2-BK	H1B02N41S4 A/T	2026	A315	9	RFS	1	StokMD - 2026-08-06T080446.204.xls	HTML table / 3,496 data rows	2026-08-06 08:04:46	MD source has no aging field; MD aging unavailable
BEAT SPORTY CBS	MJ2-BK	H1B02N41S4 A/T	2026	A316	1	RFS	1	StokMD - 2026-08-06T080446.204.xls	HTML table / 3,496 data rows	2026-08-06 08:04:46	MD source has no aging field; MD aging unavailable
BEAT SPORTY CBS	MJ2-BK	H1B02N41S4 A/T	2026	A316	11	RFS	1	StokMD - 2026-08-06T080446.204.xls	HTML table / 3,496 data rows	2026-08-06 08:04:46	MD source has no aging field; MD aging unavailable
BEAT SPORTY CBS	MJ2-BK	H1B02N41S4 A/T	2026	A316	12	RFS	1	StokMD - 2026-08-06T080446.204.xls	HTML table / 3,496 data rows	2026-08-06 08:04:46	MD source has no aging field; MD aging unavailable
BEAT SPORTY CBS	MJ2-BK	H1B02N41S4 A/T	2026	A316	13	RFS	1	StokMD - 2026-08-06T080446.204.xls	HTML table / 3,496 data rows	2026-08-06 08:04:46	MD source has no aging field; MD aging unavailable
BEAT SPORTY CBS	MJ2-BK	H1B02N41S4 A/T	2026	A316	14	RFS	1	StokMD - 2026-08-06T080446.204.xls	HTML table / 3,496 data rows	2026-08-06 08:04:46	MD source has no aging field; MD aging unavailable
BEAT SPORTY CBS	MJ2-BK	H1B02N41S4 A/T	2026	A316	15	RFS	1	StokMD - 2026-08-06T080446.204.xls	HTML table / 3,496 data rows	2026-08-06 08:04:46	MD source has no aging field; MD aging unavailable
BEAT SPORTY CBS	MJ2-BK	H1B02N41S4 A/T	2026	A316	16	RFS	1	StokMD - 2026-08-06T080446.204.xls	HTML table / 3,496 data rows	2026-08-06 08:04:46	MD source has no aging field; MD aging unavailable
BEAT SPORTY CBS	MJ2-BK	H1B02N41S4 A/T	2026	A316	17	RFS	1	StokMD - 2026-08-06T080446.204.xls	HTML table / 3,496 data rows	2026-08-06 08:04:46	MD source has no aging field; MD aging unavailable
BEAT SPORTY CBS	MJ2-BK	H1B02N41S4 A/T	2026	A316	18	RFS	1	StokMD - 2026-08-06T080446.204.xls	HTML table / 3,496 data rows	2026-08-06 08:04:46	MD source has no aging field; MD aging unavailable
BEAT SPORTY CBS	MJ2-BK	H1B02N41S4 A/T	2026	A316	2	RFS	1	StokMD - 2026-08-06T080446.204.xls	HTML table / 3,496 data rows	2026-08-06 08:04:46	MD source has no aging field; MD aging unavailable
BEAT SPORTY CBS	MJ2-BK	H1B02N41S4 A/T	2026	A316	21	RFS	1	StokMD - 2026-08-06T080446.204.xls	HTML table / 3,496 data rows	2026-08-06 08:04:46	MD source has no aging field; MD aging unavailable
BEAT SPORTY CBS	MJ2-BK	H1B02N41S4 A/T	2026	A316	22	RFS	1	StokMD - 2026-08-06T080446.204.xls	HTML table / 3,496 data rows	2026-08-06 08:04:46	MD source has no aging field; MD aging unavailable
BEAT SPORTY CBS	MJ2-BK	H1B02N41S4 A/T	2026	A316	23	RFS	1	StokMD - 2026-08-06T080446.204.xls	HTML table / 3,496 data rows	2026-08-06 08:04:46	MD source has no aging field; MD aging unavailable
BEAT SPORTY CBS	MJ2-BK	H1B02N41S4 A/T	2026	A316	24	RFS	1	StokMD - 2026-08-06T080446.204.xls	HTML table / 3,496 data rows	2026-08-06 08:04:46	MD source has no aging field; MD aging unavailable
BEAT SPORTY CBS	MJ2-BK	H1B02N41S4 A/T	2026	A316	3	RFS	1	StokMD - 2026-08-06T080446.204.xls	HTML table / 3,496 data rows	2026-08-06 08:04:46	MD source has no aging field; MD aging unavailable
BEAT SPORTY CBS	MJ2-BK	H1B02N41S4 A/T	2026	A316	4	RFS	1	StokMD - 2026-08-06T080446.204.xls	HTML table / 3,496 data rows	2026-08-06 08:04:46	MD source has no aging field; MD aging unavailable
BEAT SPORTY CBS	MJ2-BK	H1B02N41S4 A/T	2026	A316	5	RFS	1	StokMD - 2026-08-06T080446.204.xls	HTML table / 3,496 data rows	2026-08-06 08:04:46	MD source has no aging field; MD aging unavailable
BEAT SPORTY CBS	MJ2-BK	H1B02N41S4 A/T	2026	A316	6	RFS	1	StokMD - 2026-08-06T080446.204.xls	HTML table / 3,496 data rows	2026-08-06 08:04:46	MD source has no aging field; MD aging unavailable
BEAT SPORTY CBS	MJ2-BK	H1B02N41S4 A/T	2026	A317	10	RFS	1	StokMD - 2026-08-06T080446.204.xls	HTML table / 3,496 data rows	2026-08-06 08:04:46	MD source has no aging field; MD aging unavailable
BEAT SPORTY CBS	MJ2-BK	H1B02N41S4 A/T	2026	A317	11	RFS	1	StokMD - 2026-08-06T080446.204.xls	HTML table / 3,496 data rows	2026-08-06 08:04:46	MD source has no aging field; MD aging unavailable
BEAT SPORTY CBS	MJ2-BK	H1B02N41S4 A/T	2026	A317	12	RFS	1	StokMD - 2026-08-06T080446.204.xls	HTML table / 3,496 data rows	2026-08-06 08:04:46	MD source has no aging field; MD aging unavailable
BEAT SPORTY CBS	MJ2-BK	H1B02N41S4 A/T	2026	A317	13	RFS	1	StokMD - 2026-08-06T080446.204.xls	HTML table / 3,496 data rows	2026-08-06 08:04:46	MD source has no aging field; MD aging unavailable
BEAT SPORTY CBS	MJ2-BK	H1B02N41S4 A/T	2026	A317	14	RFS	1	StokMD - 2026-08-06T080446.204.xls	HTML table / 3,496 data rows	2026-08-06 08:04:46	MD source has no aging field; MD aging unavailable
BEAT SPORTY CBS	MJ2-BK	H1B02N41S4 A/T	2026	A317	15	RFS	1	StokMD - 2026-08-06T080446.204.xls	HTML table / 3,496 data rows	2026-08-06 08:04:46	MD source has no aging field; MD aging unavailable
BEAT SPORTY CBS	MJ2-BK	H1B02N41S4 A/T	2026	A317	16	RFS	1	StokMD - 2026-08-06T080446.204.xls	HTML table / 3,496 data rows	2026-08-06 08:04:46	MD source has no aging field; MD aging unavailable
BEAT SPORTY CBS	MJ2-BK	H1B02N41S4 A/T	2026	A317	17	RFS	1	StokMD - 2026-08-06T080446.204.xls	HTML table / 3,496 data rows	2026-08-06 08:04:46	MD source has no aging field; MD aging unavailable
BEAT SPORTY CBS	MJ2-BK	H1B02N41S4 A/T	2026	A317	18	RFS	1	StokMD - 2026-08-06T080446.204.xls	HTML table / 3,496 data rows	2026-08-06 08:04:46	MD source has no aging field; MD aging unavailable
BEAT SPORTY CBS	MJ2-BK	H1B02N41S4 A/T	2026	A317	19	RFS	1	StokMD - 2026-08-06T080446.204.xls	HTML table / 3,496 data rows	2026-08-06 08:04:46	MD source has no aging field; MD aging unavailable
BEAT SPORTY CBS	MJ2-BK	H1B02N41S4 A/T	2026	A317	2	RFS	1	StokMD - 2026-08-06T080446.204.xls	HTML table / 3,496 data rows	2026-08-06 08:04:46	MD source has no aging field; MD aging unavailable
BEAT SPORTY CBS	MJ2-BK	H1B02N41S4 A/T	2026	A317	3	RFS	1	StokMD - 2026-08-06T080446.204.xls	HTML table / 3,496 data rows	2026-08-06 08:04:46	MD source has no aging field; MD aging unavailable
BEAT SPORTY CBS	MJ2-BK	H1B02N41S4 A/T	2026	A317	4	RFS	1	StokMD - 2026-08-06T080446.204.xls	HTML table / 3,496 data rows	2026-08-06 08:04:46	MD source has no aging field; MD aging unavailable
BEAT SPORTY CBS	MJ2-BK	H1B02N41S4 A/T	2026	A317	5	RFS	1	StokMD - 2026-08-06T080446.204.xls	HTML table / 3,496 data rows	2026-08-06 08:04:46	MD source has no aging field; MD aging unavailable
BEAT SPORTY CBS	MJ2-BK	H1B02N41S4 A/T	2026	A317	6	RFS	1	StokMD - 2026-08-06T080446.204.xls	HTML table / 3,496 data rows	2026-08-06 08:04:46	MD source has no aging field; MD aging unavailable
BEAT SPORTY CBS	MJ2-BK	H1B02N41S4 A/T	2026	A317	7	RFS	1	StokMD - 2026-08-06T080446.204.xls	HTML table / 3,496 data rows	2026-08-06 08:04:46	MD source has no aging field; MD aging unavailable
BEAT SPORTY CBS	MJ2-BK	H1B02N41S4 A/T	2026	A317	8	RFS	1	StokMD - 2026-08-06T080446.204.xls	HTML table / 3,496 data rows	2026-08-06 08:04:46	MD source has no aging field; MD aging unavailable
BEAT SPORTY CBS	MJ2-BK	H1B02N41S4 A/T	2026	A317	9	RFS	1	StokMD - 2026-08-06T080446.204.xls	HTML table / 3,496 data rows	2026-08-06 08:04:46	MD source has no aging field; MD aging unavailable
BEAT SPORTY CBS	MJ2-BK	H1B02N41S4 A/T	2026	A318	10	RFS	1	StokMD - 2026-08-06T080446.204.xls	HTML table / 3,496 data rows	2026-08-06 08:04:46	MD source has no aging field; MD aging unavailable
BEAT SPORTY CBS	MJ2-BK	H1B02N41S4 A/T	2026	A318	14	RFS	1	StokMD - 2026-08-06T080446.204.xls	HTML table / 3,496 data rows	2026-08-06 08:04:46	MD source has no aging field; MD aging unavailable
BEAT SPORTY CBS	MJ2-BK	H1B02N41S4 A/T	2026	A318	15	RFS	1	StokMD - 2026-08-06T080446.204.xls	HTML table / 3,496 data rows	2026-08-06 08:04:46	MD source has no aging field; MD aging unavailable
BEAT SPORTY CBS	MJ2-BK	H1B02N41S4 A/T	2026	A318	16	RFS	1	StokMD - 2026-08-06T080446.204.xls	HTML table / 3,496 data rows	2026-08-06 08:04:46	MD source has no aging field; MD aging unavailable
BEAT SPORTY CBS	MJ2-BK	H1B02N41S4 A/T	2026	A318	17	RFS	1	StokMD - 2026-08-06T080446.204.xls	HTML table / 3,496 data rows	2026-08-06 08:04:46	MD source has no aging field; MD aging unavailable
BEAT SPORTY CBS	MJ2-BK	H1B02N41S4 A/T	2026	A318	2	RFS	1	StokMD - 2026-08-06T080446.204.xls	HTML table / 3,496 data rows	2026-08-06 08:04:46	MD source has no aging field; MD aging unavailable
BEAT SPORTY CBS	MJ2-BK	H1B02N41S4 A/T	2026	A318	20	RFS	1	StokMD - 2026-08-06T080446.204.xls	HTML table / 3,496 data rows	2026-08-06 08:04:46	MD source has no aging field; MD aging unavailable
BEAT SPORTY CBS	MJ2-BK	H1B02N41S4 A/T	2026	A318	7	RFS	1	StokMD - 2026-08-06T080446.204.xls	HTML table / 3,496 data rows	2026-08-06 08:04:46	MD source has no aging field; MD aging unavailable
BEAT SPORTY CBS	MJ2-BK	H1B02N41S4 A/T	2026	A318	8	RFS	1	StokMD - 2026-08-06T080446.204.xls	HTML table / 3,496 data rows	2026-08-06 08:04:46	MD source has no aging field; MD aging unavailable
BEAT SPORTY CBS	MJ2-BK	H1B02N41S4 A/T	2026	A318	9	RFS	1	StokMD - 2026-08-06T080446.204.xls	HTML table / 3,496 data rows	2026-08-06 08:04:46	MD source has no aging field; MD aging unavailable
BEAT SPORTY CBS	MJ2-BK	H1B02N41S4 A/T	2026	A319	1	RFS	1	StokMD - 2026-08-06T080446.204.xls	HTML table / 3,496 data rows	2026-08-06 08:04:46	MD source has no aging field; MD aging unavailable
BEAT SPORTY CBS	MJ2-BK	H1B02N41S4 A/T	2026	A319	10	RFS	1	StokMD - 2026-08-06T080446.204.xls	HTML table / 3,496 data rows	2026-08-06 08:04:46	MD source has no aging field; MD aging unavailable
BEAT SPORTY CBS	MJ2-BK	H1B02N41S4 A/T	2026	A319	11	RFS	1	StokMD - 2026-08-06T080446.204.xls	HTML table / 3,496 data rows	2026-08-06 08:04:46	MD source has no aging field; MD aging unavailable
BEAT SPORTY CBS	MJ2-BK	H1B02N41S4 A/T	2026	A319	16	BOOKING	1	StokMD - 2026-08-06T080446.204.xls	HTML table / 3,496 data rows	2026-08-06 08:04:46	MD source has no aging field; MD aging unavailable
BEAT SPORTY CBS	MJ2-BK	H1B02N41S4 A/T	2026	A319	17	RFS	1	StokMD - 2026-08-06T080446.204.xls	HTML table / 3,496 data rows	2026-08-06 08:04:46	MD source has no aging field; MD aging unavailable
BEAT SPORTY CBS	MJ2-BK	H1B02N41S4 A/T	2026	A319	19	RFS	1	StokMD - 2026-08-06T080446.204.xls	HTML table / 3,496 data rows	2026-08-06 08:04:46	MD source has no aging field; MD aging unavailable
BEAT SPORTY CBS	MJ2-BK	H1B02N41S4 A/T	2026	A319	2	RFS	1	StokMD - 2026-08-06T080446.204.xls	HTML table / 3,496 data rows	2026-08-06 08:04:46	MD source has no aging field; MD aging unavailable
BEAT SPORTY CBS	MJ2-BK	H1B02N41S4 A/T	2026	A319	20	RFS	1	StokMD - 2026-08-06T080446.204.xls	HTML table / 3,496 data rows	2026-08-06 08:04:46	MD source has no aging field; MD aging unavailable
BEAT SPORTY CBS	MJ2-BK	H1B02N41S4 A/T	2026	A319	21	RFS	1	StokMD - 2026-08-06T080446.204.xls	HTML table / 3,496 data rows	2026-08-06 08:04:46	MD source has no aging field; MD aging unavailable
BEAT SPORTY CBS	MJ2-BK	H1B02N41S4 A/T	2026	A319	22	RFS	1	StokMD - 2026-08-06T080446.204.xls	HTML table / 3,496 data rows	2026-08-06 08:04:46	MD source has no aging field; MD aging unavailable
BEAT SPORTY CBS	MJ2-BK	H1B02N41S4 A/T	2026	A319	23	RFS	1	StokMD - 2026-08-06T080446.204.xls	HTML table / 3,496 data rows	2026-08-06 08:04:46	MD source has no aging field; MD aging unavailable
BEAT SPORTY CBS	MJ2-BK	H1B02N41S4 A/T	2026	A319	24	RFS	1	StokMD - 2026-08-06T080446.204.xls	HTML table / 3,496 data rows	2026-08-06 08:04:46	MD source has no aging field; MD aging unavailable
BEAT SPORTY CBS	MJ2-BK	H1B02N41S4 A/T	2026	A319	25	RFS	1	StokMD - 2026-08-06T080446.204.xls	HTML table / 3,496 data rows	2026-08-06 08:04:46	MD source has no aging field; MD aging unavailable
BEAT SPORTY CBS	MJ2-BK	H1B02N41S4 A/T	2026	A319	3	RFS	1	StokMD - 2026-08-06T080446.204.xls	HTML table / 3,496 data rows	2026-08-06 08:04:46	MD source has no aging field; MD aging unavailable
BEAT SPORTY CBS	MJ2-BK	H1B02N41S4 A/T	2026	A319	4	RFS	1	StokMD - 2026-08-06T080446.204.xls	HTML table / 3,496 data rows	2026-08-06 08:04:46	MD source has no aging field; MD aging unavailable
BEAT SPORTY CBS	MJ2-BK	H1B02N41S4 A/T	2026	A319	5	RFS	1	StokMD - 2026-08-06T080446.204.xls	HTML table / 3,496 data rows	2026-08-06 08:04:46	MD source has no aging field; MD aging unavailable
BEAT SPORTY CBS	MJ2-BK	H1B02N41S4 A/T	2026	A31A	1	RFS	1	StokMD - 2026-08-06T080446.204.xls	HTML table / 3,496 data rows	2026-08-06 08:04:46	MD source has no aging field; MD aging unavailable
BEAT SPORTY CBS	MJ2-BK	H1B02N41S4 A/T	2026	A31A	10	RFS	1	StokMD - 2026-08-06T080446.204.xls	HTML table / 3,496 data rows	2026-08-06 08:04:46	MD source has no aging field; MD aging unavailable
BEAT SPORTY CBS	MJ2-BK	H1B02N41S4 A/T	2026	A31A	12	RFS	1	StokMD - 2026-08-06T080446.204.xls	HTML table / 3,496 data rows	2026-08-06 08:04:46	MD source has no aging field; MD aging unavailable
BEAT SPORTY CBS	MJ2-BK	H1B02N41S4 A/T	2026	A31A	14	RFS	1	StokMD - 2026-08-06T080446.204.xls	HTML table / 3,496 data rows	2026-08-06 08:04:46	MD source has no aging field; MD aging unavailable
BEAT SPORTY CBS	MJ2-BK	H1B02N41S4 A/T	2026	A31A	3	RFS	1	StokMD - 2026-08-06T080446.204.xls	HTML table / 3,496 data rows	2026-08-06 08:04:46	MD source has no aging field; MD aging unavailable
BEAT SPORTY CBS	MJ2-BK	H1B02N41S4 A/T	2026	A31A	4	RFS	1	StokMD - 2026-08-06T080446.204.xls	HTML table / 3,496 data rows	2026-08-06 08:04:46	MD source has no aging field; MD aging unavailable
BEAT SPORTY CBS	MJ2-BK	H1B02N41S4 A/T	2026	A31A	5	RFS	1	StokMD - 2026-08-06T080446.204.xls	HTML table / 3,496 data rows	2026-08-06 08:04:46	MD source has no aging field; MD aging unavailable
BEAT SPORTY CBS	MJ2-BK	H1B02N41S4 A/T	2026	A31A	6	RFS	1	StokMD - 2026-08-06T080446.204.xls	HTML table / 3,496 data rows	2026-08-06 08:04:46	MD source has no aging field; MD aging unavailable
BEAT SPORTY CBS	MJ2-BK	H1B02N41S4 A/T	2026	A31A	7	RFS	1	StokMD - 2026-08-06T080446.204.xls	HTML table / 3,496 data rows	2026-08-06 08:04:46	MD source has no aging field; MD aging unavailable
BEAT SPORTY CBS	MJ2-BK	H1B02N41S4 A/T	2026	A31B	10	RFS	1	StokMD - 2026-08-06T080446.204.xls	HTML table / 3,496 data rows	2026-08-06 08:04:46	MD source has no aging field; MD aging unavailable
BEAT SPORTY CBS	MJ2-BK	H1B02N41S4 A/T	2026	A31B	12	RFS	1	StokMD - 2026-08-06T080446.204.xls	HTML table / 3,496 data rows	2026-08-06 08:04:46	MD source has no aging field; MD aging unavailable
BEAT SPORTY CBS	MJ2-BK	H1B02N41S4 A/T	2026	A31B	13	RFS	1	StokMD - 2026-08-06T080446.204.xls	HTML table / 3,496 data rows	2026-08-06 08:04:46	MD source has no aging field; MD aging unavailable
BEAT SPORTY CBS	MJ2-BK	H1B02N41S4 A/T	2026	A31B	14	RFS	1	StokMD - 2026-08-06T080446.204.xls	HTML table / 3,496 data rows	2026-08-06 08:04:46	MD source has no aging field; MD aging unavailable
BEAT SPORTY CBS	MJ2-BK	H1B02N41S4 A/T	2026	A31B	16	RFS	1	StokMD - 2026-08-06T080446.204.xls	HTML table / 3,496 data rows	2026-08-06 08:04:46	MD source has no aging field; MD aging unavailable
BEAT SPORTY CBS	MJ2-BK	H1B02N41S4 A/T	2026	A31B	17	RFS	1	StokMD - 2026-08-06T080446.204.xls	HTML table / 3,496 data rows	2026-08-06 08:04:46	MD source has no aging field; MD aging unavailable
BEAT SPORTY CBS	MJ2-BK	H1B02N41S4 A/T	2026	A31B	19	RFS	1	StokMD - 2026-08-06T080446.204.xls	HTML table / 3,496 data rows	2026-08-06 08:04:46	MD source has no aging field; MD aging unavailable
BEAT SPORTY CBS	MJ2-BK	H1B02N41S4 A/T	2026	A31B	3	RFS	1	StokMD - 2026-08-06T080446.204.xls	HTML table / 3,496 data rows	2026-08-06 08:04:46	MD source has no aging field; MD aging unavailable
BEAT SPORTY CBS	MJ2-BK	H1B02N41S4 A/T	2026	A31B	4	RFS	1	StokMD - 2026-08-06T080446.204.xls	HTML table / 3,496 data rows	2026-08-06 08:04:46	MD source has no aging field; MD aging unavailable
BEAT SPORTY CBS	MJ2-BK	H1B02N41S4 A/T	2026	A31B	5	RFS	1	StokMD - 2026-08-06T080446.204.xls	HTML table / 3,496 data rows	2026-08-06 08:04:46	MD source has no aging field; MD aging unavailable
BEAT SPORTY CBS	MJ2-BK	H1B02N41S4 A/T	2026	A31B	6	RFS	1	StokMD - 2026-08-06T080446.204.xls	HTML table / 3,496 data rows	2026-08-06 08:04:46	MD source has no aging field; MD aging unavailable
BEAT SPORTY CBS	MJ2-BK	H1B02N41S4 A/T	2026	A31B	8	RFS	1	StokMD - 2026-08-06T080446.204.xls	HTML table / 3,496 data rows	2026-08-06 08:04:46	MD source has no aging field; MD aging unavailable
BEAT SPORTY CBS	MJ2-BK	H1B02N41S4 A/T	2026	A31B	9	RFS	1	StokMD - 2026-08-06T080446.204.xls	HTML table / 3,496 data rows	2026-08-06 08:04:46	MD source has no aging field; MD aging unavailable
BEAT SPORTY CBS	MJ2-BK	H1B02N41S4 A/T	2026	A31C	10	RFS	1	StokMD - 2026-08-06T080446.204.xls	HTML table / 3,496 data rows	2026-08-06 08:04:46	MD source has no aging field; MD aging unavailable
BEAT SPORTY CBS	MJ2-BK	H1B02N41S4 A/T	2026	A31C	11	RFS	1	StokMD - 2026-08-06T080446.204.xls	HTML table / 3,496 data rows	2026-08-06 08:04:46	MD source has no aging field; MD aging unavailable
BEAT SPORTY CBS	MJ2-BK	H1B02N41S4 A/T	2026	A31C	12	RFS	1	StokMD - 2026-08-06T080446.204.xls	HTML table / 3,496 data rows	2026-08-06 08:04:46	MD source has no aging field; MD aging unavailable
BEAT SPORTY CBS	MJ2-BK	H1B02N41S4 A/T	2026	A31C	16	RFS	1	StokMD - 2026-08-06T080446.204.xls	HTML table / 3,496 data rows	2026-08-06 08:04:46	MD source has no aging field; MD aging unavailable
BEAT SPORTY CBS	MJ2-BK	H1B02N41S4 A/T	2026	A31C	17	RFS	1	StokMD - 2026-08-06T080446.204.xls	HTML table / 3,496 data rows	2026-08-06 08:04:46	MD source has no aging field; MD aging unavailable
BEAT SPORTY CBS	MJ2-BK	H1B02N41S4 A/T	2026	A31C	19	RFS	1	StokMD - 2026-08-06T080446.204.xls	HTML table / 3,496 data rows	2026-08-06 08:04:46	MD source has no aging field; MD aging unavailable
BEAT SPORTY CBS	MJ2-BK	H1B02N41S4 A/T	2026	A31C	8	RFS	1	StokMD - 2026-08-06T080446.204.xls	HTML table / 3,496 data rows	2026-08-06 08:04:46	MD source has no aging field; MD aging unavailable
BEAT SPORTY CBS	MJ2-BK	H1B02N41S4 A/T	2026	A31C	9	RFS	1	StokMD - 2026-08-06T080446.204.xls	HTML table / 3,496 data rows	2026-08-06 08:04:46	MD source has no aging field; MD aging unavailable
BEAT SPORTY CBS	MJ2-BK	H1B02N41S4 A/T	2026	A321	11	RFS	1	StokMD - 2026-08-06T080446.204.xls	HTML table / 3,496 data rows	2026-08-06 08:04:46	MD source has no aging field; MD aging unavailable
BEAT SPORTY CBS	MJ2-BK	H1B02N41S4 A/T	2026	A321	12	RFS	1	StokMD - 2026-08-06T080446.204.xls	HTML table / 3,496 data rows	2026-08-06 08:04:46	MD source has no aging field; MD aging unavailable
BEAT SPORTY CBS	MJ2-BK	H1B02N41S4 A/T	2026	A321	19	RFS	1	StokMD - 2026-08-06T080446.204.xls	HTML table / 3,496 data rows	2026-08-06 08:04:46	MD source has no aging field; MD aging unavailable
BEAT SPORTY CBS	MJ2-BK	H1B02N41S4 A/T	2026	A321	3	RFS	1	StokMD - 2026-08-06T080446.204.xls	HTML table / 3,496 data rows	2026-08-06 08:04:46	MD source has no aging field; MD aging unavailable
BEAT SPORTY CBS	MJ2-BK	H1B02N41S4 A/T	2026	A321	4	RFS	1	StokMD - 2026-08-06T080446.204.xls	HTML table / 3,496 data rows	2026-08-06 08:04:46	MD source has no aging field; MD aging unavailable
BEAT SPORTY CBS	MJ2-BK	H1B02N41S4 A/T	2026	A321	8	RFS	1	StokMD - 2026-08-06T080446.204.xls	HTML table / 3,496 data rows	2026-08-06 08:04:46	MD source has no aging field; MD aging unavailable
BEAT SPORTY CBS	MJ2-BK	H1B02N41S4 A/T	2026	A322	1	RFS	1	StokMD - 2026-08-06T080446.204.xls	HTML table / 3,496 data rows	2026-08-06 08:04:46	MD source has no aging field; MD aging unavailable
BEAT SPORTY CBS	MJ2-BK	H1B02N41S4 A/T	2026	A322	12	RFS	1	StokMD - 2026-08-06T080446.204.xls	HTML table / 3,496 data rows	2026-08-06 08:04:46	MD source has no aging field; MD aging unavailable
BEAT SPORTY CBS	MJ2-BK	H1B02N41S4 A/T	2026	A322	13	RFS	1	StokMD - 2026-08-06T080446.204.xls	HTML table / 3,496 data rows	2026-08-06 08:04:46	MD source has no aging field; MD aging unavailable
BEAT SPORTY CBS	MJ2-BK	H1B02N41S4 A/T	2026	A322	14	RFS	1	StokMD - 2026-08-06T080446.204.xls	HTML table / 3,496 data rows	2026-08-06 08:04:46	MD source has no aging field; MD aging unavailable
BEAT SPORTY CBS	MJ2-BK	H1B02N41S4 A/T	2026	A322	19	RFS	1	StokMD - 2026-08-06T080446.204.xls	HTML table / 3,496 data rows	2026-08-06 08:04:46	MD source has no aging field; MD aging unavailable
BEAT SPORTY CBS	MJ2-BK	H1B02N41S4 A/T	2026	A322	2	RFS	1	StokMD - 2026-08-06T080446.204.xls	HTML table / 3,496 data rows	2026-08-06 08:04:46	MD source has no aging field; MD aging unavailable
BEAT SPORTY CBS	MJ2-BK	H1B02N41S4 A/T	2026	A322	20	RFS	1	StokMD - 2026-08-06T080446.204.xls	HTML table / 3,496 data rows	2026-08-06 08:04:46	MD source has no aging field; MD aging unavailable
BEAT SPORTY CBS	MJ2-BK	H1B02N41S4 A/T	2026	A322	22	RFS	1	StokMD - 2026-08-06T080446.204.xls	HTML table / 3,496 data rows	2026-08-06 08:04:46	MD source has no aging field; MD aging unavailable
BEAT SPORTY CBS	MJ2-BK	H1B02N41S4 A/T	2026	A322	3	RFS	1	StokMD - 2026-08-06T080446.204.xls	HTML table / 3,496 data rows	2026-08-06 08:04:46	MD source has no aging field; MD aging unavailable
BEAT SPORTY CBS	MJ2-BK	H1B02N41S4 A/T	2026	A322	4	RFS	1	StokMD - 2026-08-06T080446.204.xls	HTML table / 3,496 data rows	2026-08-06 08:04:46	MD source has no aging field; MD aging unavailable
BEAT SPORTY CBS	MJ2-BK	H1B02N41S4 A/T	2026	A322	8	RFS	1	StokMD - 2026-08-06T080446.204.xls	HTML table / 3,496 data rows	2026-08-06 08:04:46	MD source has no aging field; MD aging unavailable
BEAT SPORTY CBS	MJ2-BK	H1B02N41S4 A/T	2026	A324	10	RFS	1	StokMD - 2026-08-06T080446.204.xls	HTML table / 3,496 data rows	2026-08-06 08:04:46	MD source has no aging field; MD aging unavailable
BEAT SPORTY CBS	MJ2-BK	H1B02N41S4 A/T	2026	A324	14	RFS	1	StokMD - 2026-08-06T080446.204.xls	HTML table / 3,496 data rows	2026-08-06 08:04:46	MD source has no aging field; MD aging unavailable
BEAT SPORTY CBS	MJ2-BK	H1B02N41S4 A/T	2026	A324	15	RFS	1	StokMD - 2026-08-06T080446.204.xls	HTML table / 3,496 data rows	2026-08-06 08:04:46	MD source has no aging field; MD aging unavailable
BEAT SPORTY CBS	MJ2-BK	H1B02N41S4 A/T	2026	A324	16	RFS	1	StokMD - 2026-08-06T080446.204.xls	HTML table / 3,496 data rows	2026-08-06 08:04:46	MD source has no aging field; MD aging unavailable
BEAT SPORTY CBS	MJ2-BK	H1B02N41S4 A/T	2026	A324	17	RFS	1	StokMD - 2026-08-06T080446.204.xls	HTML table / 3,496 data rows	2026-08-06 08:04:46	MD source has no aging field; MD aging unavailable
BEAT SPORTY CBS	MJ2-BK	H1B02N41S4 A/T	2026	A324	18	RFS	1	StokMD - 2026-08-06T080446.204.xls	HTML table / 3,496 data rows	2026-08-06 08:04:46	MD source has no aging field; MD aging unavailable
BEAT SPORTY CBS	MJ2-BK	H1B02N41S4 A/T	2026	A324	19	RFS	1	StokMD - 2026-08-06T080446.204.xls	HTML table / 3,496 data rows	2026-08-06 08:04:46	MD source has no aging field; MD aging unavailable
BEAT SPORTY CBS	MJ2-BK	H1B02N41S4 A/T	2026	A324	20	RFS	1	StokMD - 2026-08-06T080446.204.xls	HTML table / 3,496 data rows	2026-08-06 08:04:46	MD source has no aging field; MD aging unavailable
BEAT SPORTY CBS	MJ2-BK	H1B02N41S4 A/T	2026	A324	8	RFS	1	StokMD - 2026-08-06T080446.204.xls	HTML table / 3,496 data rows	2026-08-06 08:04:46	MD source has no aging field; MD aging unavailable
BEAT SPORTY CBS	MJ2-BK	H1B02N41S4 A/T	2026	A324	9	RFS	1	StokMD - 2026-08-06T080446.204.xls	HTML table / 3,496 data rows	2026-08-06 08:04:46	MD source has no aging field; MD aging unavailable
BEAT SPORTY CBS	MJ2-BK	H1B02N41S4 A/T	2026	A325	10	RFS	1	StokMD - 2026-08-06T080446.204.xls	HTML table / 3,496 data rows	2026-08-06 08:04:46	MD source has no aging field; MD aging unavailable
BEAT SPORTY CBS	MJ2-BK	H1B02N41S4 A/T	2026	A325	12	RFS	1	StokMD - 2026-08-06T080446.204.xls	HTML table / 3,496 data rows	2026-08-06 08:04:46	MD source has no aging field; MD aging unavailable
BEAT SPORTY CBS	MJ2-BK	H1B02N41S4 A/T	2026	A325	13	RFS	1	StokMD - 2026-08-06T080446.204.xls	HTML table / 3,496 data rows	2026-08-06 08:04:46	MD source has no aging field; MD aging unavailable
BEAT SPORTY CBS	MJ2-BK	H1B02N41S4 A/T	2026	A325	15	RFS	1	StokMD - 2026-08-06T080446.204.xls	HTML table / 3,496 data rows	2026-08-06 08:04:46	MD source has no aging field; MD aging unavailable
BEAT SPORTY CBS	MJ2-BK	H1B02N41S4 A/T	2026	A325	17	RFS	1	StokMD - 2026-08-06T080446.204.xls	HTML table / 3,496 data rows	2026-08-06 08:04:46	MD source has no aging field; MD aging unavailable
BEAT SPORTY CBS	MJ2-BK	H1B02N41S4 A/T	2026	A325	20	RFS	1	StokMD - 2026-08-06T080446.204.xls	HTML table / 3,496 data rows	2026-08-06 08:04:46	MD source has no aging field; MD aging unavailable
BEAT SPORTY CBS	MJ2-BK	H1B02N41S4 A/T	2026	A325	3	RFS	1	StokMD - 2026-08-06T080446.204.xls	HTML table / 3,496 data rows	2026-08-06 08:04:46	MD source has no aging field; MD aging unavailable
BEAT SPORTY CBS	MJ2-BK	H1B02N41S4 A/T	2026	A325	6	RFS	1	StokMD - 2026-08-06T080446.204.xls	HTML table / 3,496 data rows	2026-08-06 08:04:46	MD source has no aging field; MD aging unavailable
BEAT SPORTY CBS	MJ2-BK	H1B02N41S4 A/T	2026	A325	7	RFS	1	StokMD - 2026-08-06T080446.204.xls	HTML table / 3,496 data rows	2026-08-06 08:04:46	MD source has no aging field; MD aging unavailable
BEAT SPORTY CBS	MJ2-BK	H1B02N41S4 A/T	2026	A325	8	RFS	1	StokMD - 2026-08-06T080446.204.xls	HTML table / 3,496 data rows	2026-08-06 08:04:46	MD source has no aging field; MD aging unavailable
BEAT SPORTY CBS	MJ2-BK	H1B02N41S4 A/T	2026	A325	9	RFS	1	StokMD - 2026-08-06T080446.204.xls	HTML table / 3,496 data rows	2026-08-06 08:04:46	MD source has no aging field; MD aging unavailable
BEAT SPORTY CBS	MJ2-BK	H1B02N41S4 A/T	2026	A326	1	BOOKING	1	StokMD - 2026-08-06T080446.204.xls	HTML table / 3,496 data rows	2026-08-06 08:04:46	MD source has no aging field; MD aging unavailable
BEAT SPORTY CBS	MJ2-BK	H1B02N41S4 A/T	2026	A326	12	RFS	1	StokMD - 2026-08-06T080446.204.xls	HTML table / 3,496 data rows	2026-08-06 08:04:46	MD source has no aging field; MD aging unavailable
BEAT SPORTY CBS	MJ2-BK	H1B02N41S4 A/T	2026	A326	13	RFS	1	StokMD - 2026-08-06T080446.204.xls	HTML table / 3,496 data rows	2026-08-06 08:04:46	MD source has no aging field; MD aging unavailable
BEAT SPORTY CBS	MJ2-BK	H1B02N41S4 A/T	2026	A326	14	RFS	1	StokMD - 2026-08-06T080446.204.xls	HTML table / 3,496 data rows	2026-08-06 08:04:46	MD source has no aging field; MD aging unavailable
BEAT SPORTY CBS	MJ2-BK	H1B02N41S4 A/T	2026	A326	15	RFS	1	StokMD - 2026-08-06T080446.204.xls	HTML table / 3,496 data rows	2026-08-06 08:04:46	MD source has no aging field; MD aging unavailable
BEAT SPORTY CBS	MJ2-BK	H1B02N41S4 A/T	2026	A326	16	RFS	1	StokMD - 2026-08-06T080446.204.xls	HTML table / 3,496 data rows	2026-08-06 08:04:46	MD source has no aging field; MD aging unavailable
BEAT SPORTY CBS	MJ2-BK	H1B02N41S4 A/T	2026	A326	17	RFS	1	StokMD - 2026-08-06T080446.204.xls	HTML table / 3,496 data rows	2026-08-06 08:04:46	MD source has no aging field; MD aging unavailable
BEAT SPORTY CBS	MJ2-BK	H1B02N41S4 A/T	2026	A326	18	RFS	1	StokMD - 2026-08-06T080446.204.xls	HTML table / 3,496 data rows	2026-08-06 08:04:46	MD source has no aging field; MD aging unavailable
BEAT SPORTY CBS	MJ2-BK	H1B02N41S4 A/T	2026	A326	19	RFS	1	StokMD - 2026-08-06T080446.204.xls	HTML table / 3,496 data rows	2026-08-06 08:04:46	MD source has no aging field; MD aging unavailable
BEAT SPORTY CBS	MJ2-BK	H1B02N41S4 A/T	2026	A326	2	BOOKING	1	StokMD - 2026-08-06T080446.204.xls	HTML table / 3,496 data rows	2026-08-06 08:04:46	MD source has no aging field; MD aging unavailable
BEAT SPORTY CBS	MJ2-BK	H1B02N41S4 A/T	2026	A326	20	RFS	1	StokMD - 2026-08-06T080446.204.xls	HTML table / 3,496 data rows	2026-08-06 08:04:46	MD source has no aging field; MD aging unavailable
BEAT SPORTY CBS	MJ2-BK	H1B02N41S4 A/T	2026	A326	21	RFS	1	StokMD - 2026-08-06T080446.204.xls	HTML table / 3,496 data rows	2026-08-06 08:04:46	MD source has no aging field; MD aging unavailable
BEAT SPORTY CBS	MJ2-BK	H1B02N41S4 A/T	2026	A326	22	RFS	1	StokMD - 2026-08-06T080446.204.xls	HTML table / 3,496 data rows	2026-08-06 08:04:46	MD source has no aging field; MD aging unavailable
BEAT SPORTY CBS	MJ2-BK	H1B02N41S4 A/T	2026	A326	23	RFS	1	StokMD - 2026-08-06T080446.204.xls	HTML table / 3,496 data rows	2026-08-06 08:04:46	MD source has no aging field; MD aging unavailable
BEAT SPORTY CBS	MJ2-BK	H1B02N41S4 A/T	2026	A326	24	RFS	1	StokMD - 2026-08-06T080446.204.xls	HTML table / 3,496 data rows	2026-08-06 08:04:46	MD source has no aging field; MD aging unavailable
BEAT SPORTY CBS	MJ2-BK	H1B02N41S4 A/T	2026	A326	3	BOOKING	1	StokMD - 2026-08-06T080446.204.xls	HTML table / 3,496 data rows	2026-08-06 08:04:46	MD source has no aging field; MD aging unavailable
BEAT SPORTY CBS	MJ2-BK	H1B02N41S4 A/T	2026	A326	4	BOOKING	1	StokMD - 2026-08-06T080446.204.xls	HTML table / 3,496 data rows	2026-08-06 08:04:46	MD source has no aging field; MD aging unavailable
BEAT SPORTY CBS	MJ2-BK	H1B02N41S4 A/T	2026	A326	5	BOOKING	1	StokMD - 2026-08-06T080446.204.xls	HTML table / 3,496 data rows	2026-08-06 08:04:46	MD source has no aging field; MD aging unavailable
BEAT SPORTY CBS	MJ2-BK	H1B02N41S4 A/T	2026	A327	1	RFS	1	StokMD - 2026-08-06T080446.204.xls	HTML table / 3,496 data rows	2026-08-06 08:04:46	MD source has no aging field; MD aging unavailable
BEAT SPORTY CBS	MJ2-BK	H1B02N41S4 A/T	2026	A327	10	RFS	1	StokMD - 2026-08-06T080446.204.xls	HTML table / 3,496 data rows	2026-08-06 08:04:46	MD source has no aging field; MD aging unavailable
BEAT SPORTY CBS	MJ2-BK	H1B02N41S4 A/T	2026	A327	11	RFS	1	StokMD - 2026-08-06T080446.204.xls	HTML table / 3,496 data rows	2026-08-06 08:04:46	MD source has no aging field; MD aging unavailable
BEAT SPORTY CBS	MJ2-BK	H1B02N41S4 A/T	2026	A327	12	RFS	1	StokMD - 2026-08-06T080446.204.xls	HTML table / 3,496 data rows	2026-08-06 08:04:46	MD source has no aging field; MD aging unavailable
BEAT SPORTY CBS	MJ2-BK	H1B02N41S4 A/T	2026	A327	13	RFS	1	StokMD - 2026-08-06T080446.204.xls	HTML table / 3,496 data rows	2026-08-06 08:04:46	MD source has no aging field; MD aging unavailable
BEAT SPORTY CBS	MJ2-BK	H1B02N41S4 A/T	2026	A327	14	RFS	1	StokMD - 2026-08-06T080446.204.xls	HTML table / 3,496 data rows	2026-08-06 08:04:46	MD source has no aging field; MD aging unavailable
BEAT SPORTY CBS	MJ2-BK	H1B02N41S4 A/T	2026	A327	15	RFS	1	StokMD - 2026-08-06T080446.204.xls	HTML table / 3,496 data rows	2026-08-06 08:04:46	MD source has no aging field; MD aging unavailable
BEAT SPORTY CBS	MJ2-BK	H1B02N41S4 A/T	2026	A327	16	RFS	1	StokMD - 2026-08-06T080446.204.xls	HTML table / 3,496 data rows	2026-08-06 08:04:46	MD source has no aging field; MD aging unavailable
BEAT SPORTY CBS	MJ2-BK	H1B02N41S4 A/T	2026	A327	17	RFS	1	StokMD - 2026-08-06T080446.204.xls	HTML table / 3,496 data rows	2026-08-06 08:04:46	MD source has no aging field; MD aging unavailable
BEAT SPORTY CBS	MJ2-BK	H1B02N41S4 A/T	2026	A327	18	RFS	1	StokMD - 2026-08-06T080446.204.xls	HTML table / 3,496 data rows	2026-08-06 08:04:46	MD source has no aging field; MD aging unavailable
BEAT SPORTY CBS	MJ2-BK	H1B02N41S4 A/T	2026	A327	19	RFS	1	StokMD - 2026-08-06T080446.204.xls	HTML table / 3,496 data rows	2026-08-06 08:04:46	MD source has no aging field; MD aging unavailable
BEAT SPORTY CBS	MJ2-BK	H1B02N41S4 A/T	2026	A327	2	RFS	1	StokMD - 2026-08-06T080446.204.xls	HTML table / 3,496 data rows	2026-08-06 08:04:46	MD source has no aging field; MD aging unavailable
BEAT SPORTY CBS	MJ2-BK	H1B02N41S4 A/T	2026	A327	20	RFS	1	StokMD - 2026-08-06T080446.204.xls	HTML table / 3,496 data rows	2026-08-06 08:04:46	MD source has no aging field; MD aging unavailable
BEAT SPORTY CBS	MJ2-BK	H1B02N41S4 A/T	2026	A327	3	RFS	1	StokMD - 2026-08-06T080446.204.xls	HTML table / 3,496 data rows	2026-08-06 08:04:46	MD source has no aging field; MD aging unavailable
BEAT SPORTY CBS	MJ2-BK	H1B02N41S4 A/T	2026	A327	4	RFS	1	StokMD - 2026-08-06T080446.204.xls	HTML table / 3,496 data rows	2026-08-06 08:04:46	MD source has no aging field; MD aging unavailable
BEAT SPORTY CBS	MJ2-BK	H1B02N41S4 A/T	2026	A327	5	RFS	1	StokMD - 2026-08-06T080446.204.xls	HTML table / 3,496 data rows	2026-08-06 08:04:46	MD source has no aging field; MD aging unavailable
BEAT SPORTY CBS	MJ2-BK	H1B02N41S4 A/T	2026	A327	6	RFS	1	StokMD - 2026-08-06T080446.204.xls	HTML table / 3,496 data rows	2026-08-06 08:04:46	MD source has no aging field; MD aging unavailable
BEAT SPORTY CBS	MJ2-BK	H1B02N41S4 A/T	2026	A327	7	RFS	1	StokMD - 2026-08-06T080446.204.xls	HTML table / 3,496 data rows	2026-08-06 08:04:46	MD source has no aging field; MD aging unavailable
BEAT SPORTY CBS	MJ2-BK	H1B02N41S4 A/T	2026	A327	8	RFS	1	StokMD - 2026-08-06T080446.204.xls	HTML table / 3,496 data rows	2026-08-06 08:04:46	MD source has no aging field; MD aging unavailable
BEAT SPORTY CBS	MJ2-BK	H1B02N41S4 A/T	2026	A327	9	RFS	1	StokMD - 2026-08-06T080446.204.xls	HTML table / 3,496 data rows	2026-08-06 08:04:46	MD source has no aging field; MD aging unavailable
BEAT SPORTY CBS	MJ2-BK	H1B02N41S4 A/T	2026	A328	1	RFS	1	StokMD - 2026-08-06T080446.204.xls	HTML table / 3,496 data rows	2026-08-06 08:04:46	MD source has no aging field; MD aging unavailable
BEAT SPORTY CBS	MJ2-BK	H1B02N41S4 A/T	2026	A328	18	RFS	1	StokMD - 2026-08-06T080446.204.xls	HTML table / 3,496 data rows	2026-08-06 08:04:46	MD source has no aging field; MD aging unavailable
BEAT SPORTY CBS	MJ2-BK	H1B02N41S4 A/T	2026	A328	19	RFS	1	StokMD - 2026-08-06T080446.204.xls	HTML table / 3,496 data rows	2026-08-06 08:04:46	MD source has no aging field; MD aging unavailable
BEAT SPORTY CBS	MJ2-BK	H1B02N41S4 A/T	2026	A328	2	RFS	1	StokMD - 2026-08-06T080446.204.xls	HTML table / 3,496 data rows	2026-08-06 08:04:46	MD source has no aging field; MD aging unavailable
BEAT SPORTY CBS	MJ2-BK	H1B02N41S4 A/T	2026	A328	20	RFS	1	StokMD - 2026-08-06T080446.204.xls	HTML table / 3,496 data rows	2026-08-06 08:04:46	MD source has no aging field; MD aging unavailable
BEAT SPORTY CBS	MJ2-BK	H1B02N41S4 A/T	2026	A328	3	RFS	1	StokMD - 2026-08-06T080446.204.xls	HTML table / 3,496 data rows	2026-08-06 08:04:46	MD source has no aging field; MD aging unavailable
BEAT SPORTY CBS	MJ2-BK	H1B02N41S4 A/T	2026	A328	4	RFS	1	StokMD - 2026-08-06T080446.204.xls	HTML table / 3,496 data rows	2026-08-06 08:04:46	MD source has no aging field; MD aging unavailable
BEAT SPORTY CBS	MJ2-BK	H1B02N41S4 A/T	2026	A329	10	RFS	1	StokMD - 2026-08-06T080446.204.xls	HTML table / 3,496 data rows	2026-08-06 08:04:46	MD source has no aging field; MD aging unavailable
BEAT SPORTY CBS	MJ2-BK	H1B02N41S4 A/T	2026	A329	11	RFS	1	StokMD - 2026-08-06T080446.204.xls	HTML table / 3,496 data rows	2026-08-06 08:04:46	MD source has no aging field; MD aging unavailable
BEAT SPORTY CBS	MJ2-BK	H1B02N41S4 A/T	2026	A329	13	RFS	1	StokMD - 2026-08-06T080446.204.xls	HTML table / 3,496 data rows	2026-08-06 08:04:46	MD source has no aging field; MD aging unavailable
BEAT SPORTY CBS	MJ2-BK	H1B02N41S4 A/T	2026	A329	15	RFS	2	StokMD - 2026-08-06T080446.204.xls	HTML table / 3,496 data rows	2026-08-06 08:04:46	MD source has no aging field; MD aging unavailable
BEAT SPORTY CBS	MJ2-BK	H1B02N41S4 A/T	2026	A329	18	RFS	1	StokMD - 2026-08-06T080446.204.xls	HTML table / 3,496 data rows	2026-08-06 08:04:46	MD source has no aging field; MD aging unavailable
BEAT SPORTY CBS	MJ2-BK	H1B02N41S4 A/T	2026	A329	19	RFS	1	StokMD - 2026-08-06T080446.204.xls	HTML table / 3,496 data rows	2026-08-06 08:04:46	MD source has no aging field; MD aging unavailable
BEAT SPORTY CBS	MJ2-BK	H1B02N41S4 A/T	2026	A329	2	RFS	1	StokMD - 2026-08-06T080446.204.xls	HTML table / 3,496 data rows	2026-08-06 08:04:46	MD source has no aging field; MD aging unavailable
BEAT SPORTY CBS	MJ2-BK	H1B02N41S4 A/T	2026	A329	21	RFS	1	StokMD - 2026-08-06T080446.204.xls	HTML table / 3,496 data rows	2026-08-06 08:04:46	MD source has no aging field; MD aging unavailable
BEAT SPORTY CBS	MJ2-BK	H1B02N41S4 A/T	2026	A329	3	RFS	1	StokMD - 2026-08-06T080446.204.xls	HTML table / 3,496 data rows	2026-08-06 08:04:46	MD source has no aging field; MD aging unavailable
BEAT SPORTY CBS	MJ2-BK	H1B02N41S4 A/T	2026	A329	4	RFS	1	StokMD - 2026-08-06T080446.204.xls	HTML table / 3,496 data rows	2026-08-06 08:04:46	MD source has no aging field; MD aging unavailable
BEAT SPORTY CBS	MJ2-BK	H1B02N41S4 A/T	2026	A329	5	RFS	1	StokMD - 2026-08-06T080446.204.xls	HTML table / 3,496 data rows	2026-08-06 08:04:46	MD source has no aging field; MD aging unavailable
BEAT SPORTY CBS	MJ2-BK	H1B02N41S4 A/T	2026	A329	8	RFS	1	StokMD - 2026-08-06T080446.204.xls	HTML table / 3,496 data rows	2026-08-06 08:04:46	MD source has no aging field; MD aging unavailable
BEAT SPORTY CBS	MJ2-BK	H1B02N41S4 A/T	2026	A32B	1	RFS	1	StokMD - 2026-08-06T080446.204.xls	HTML table / 3,496 data rows	2026-08-06 08:04:46	MD source has no aging field; MD aging unavailable
BEAT SPORTY CBS	MJ2-BK	H1B02N41S4 A/T	2026	A32B	10	RFS	1	StokMD - 2026-08-06T080446.204.xls	HTML table / 3,496 data rows	2026-08-06 08:04:46	MD source has no aging field; MD aging unavailable
BEAT SPORTY CBS	MJ2-BK	H1B02N41S4 A/T	2026	A32B	11	RFS	1	StokMD - 2026-08-06T080446.204.xls	HTML table / 3,496 data rows	2026-08-06 08:04:46	MD source has no aging field; MD aging unavailable
BEAT SPORTY CBS	MJ2-BK	H1B02N41S4 A/T	2026	A32B	15	RFS	1	StokMD - 2026-08-06T080446.204.xls	HTML table / 3,496 data rows	2026-08-06 08:04:46	MD source has no aging field; MD aging unavailable
BEAT SPORTY CBS	MJ2-BK	H1B02N41S4 A/T	2026	A32B	16	RFS	1	StokMD - 2026-08-06T080446.204.xls	HTML table / 3,496 data rows	2026-08-06 08:04:46	MD source has no aging field; MD aging unavailable
BEAT SPORTY CBS	MJ2-BK	H1B02N41S4 A/T	2026	A32B	17	RFS	1	StokMD - 2026-08-06T080446.204.xls	HTML table / 3,496 data rows	2026-08-06 08:04:46	MD source has no aging field; MD aging unavailable
BEAT SPORTY CBS	MJ2-BK	H1B02N41S4 A/T	2026	A32B	18	RFS	1	StokMD - 2026-08-06T080446.204.xls	HTML table / 3,496 data rows	2026-08-06 08:04:46	MD source has no aging field; MD aging unavailable
BEAT SPORTY CBS	MJ2-BK	H1B02N41S4 A/T	2026	A32B	19	RFS	1	StokMD - 2026-08-06T080446.204.xls	HTML table / 3,496 data rows	2026-08-06 08:04:46	MD source has no aging field; MD aging unavailable
BEAT SPORTY CBS	MJ2-BK	H1B02N41S4 A/T	2026	A32B	2	RFS	1	StokMD - 2026-08-06T080446.204.xls	HTML table / 3,496 data rows	2026-08-06 08:04:46	MD source has no aging field; MD aging unavailable
BEAT SPORTY CBS	MJ2-BK	H1B02N41S4 A/T	2026	A32B	20	RFS	1	StokMD - 2026-08-06T080446.204.xls	HTML table / 3,496 data rows	2026-08-06 08:04:46	MD source has no aging field; MD aging unavailable
BEAT SPORTY CBS	MJ2-BK	H1B02N41S4 A/T	2026	A32B	3	RFS	1	StokMD - 2026-08-06T080446.204.xls	HTML table / 3,496 data rows	2026-08-06 08:04:46	MD source has no aging field; MD aging unavailable
BEAT SPORTY CBS	MJ2-BK	H1B02N41S4 A/T	2026	A32B	4	RFS	1	StokMD - 2026-08-06T080446.204.xls	HTML table / 3,496 data rows	2026-08-06 08:04:46	MD source has no aging field; MD aging unavailable
BEAT SPORTY CBS	MJ2-BK	H1B02N41S4 A/T	2026	A32B	5	RFS	1	StokMD - 2026-08-06T080446.204.xls	HTML table / 3,496 data rows	2026-08-06 08:04:46	MD source has no aging field; MD aging unavailable
BEAT SPORTY CBS	MJ2-BK	H1B02N41S4 A/T	2026	A32B	6	RFS	1	StokMD - 2026-08-06T080446.204.xls	HTML table / 3,496 data rows	2026-08-06 08:04:46	MD source has no aging field; MD aging unavailable
BEAT SPORTY CBS	MJ2-BK	H1B02N41S4 A/T	2026	A32B	7	RFS	1	StokMD - 2026-08-06T080446.204.xls	HTML table / 3,496 data rows	2026-08-06 08:04:46	MD source has no aging field; MD aging unavailable
BEAT SPORTY CBS	MJ2-BK	H1B02N41S4 A/T	2026	A32B	8	RFS	1	StokMD - 2026-08-06T080446.204.xls	HTML table / 3,496 data rows	2026-08-06 08:04:46	MD source has no aging field; MD aging unavailable
BEAT SPORTY CBS	MJ2-BK	H1B02N41S4 A/T	2026	A32B	9	RFS	1	StokMD - 2026-08-06T080446.204.xls	HTML table / 3,496 data rows	2026-08-06 08:04:46	MD source has no aging field; MD aging unavailable
BEAT SPORTY CBS	MJ2-BK	H1B02N41S4 A/T	2026	A32C	1	RFS	1	StokMD - 2026-08-06T080446.204.xls	HTML table / 3,496 data rows	2026-08-06 08:04:46	MD source has no aging field; MD aging unavailable
BEAT SPORTY CBS	MJ2-BK	H1B02N41S4 A/T	2026	A32C	10	RFS	1	StokMD - 2026-08-06T080446.204.xls	HTML table / 3,496 data rows	2026-08-06 08:04:46	MD source has no aging field; MD aging unavailable
BEAT SPORTY CBS	MJ2-BK	H1B02N41S4 A/T	2026	A32C	13	RFS	1	StokMD - 2026-08-06T080446.204.xls	HTML table / 3,496 data rows	2026-08-06 08:04:46	MD source has no aging field; MD aging unavailable
BEAT SPORTY CBS	MJ2-BK	H1B02N41S4 A/T	2026	A32C	15	RFS	1	StokMD - 2026-08-06T080446.204.xls	HTML table / 3,496 data rows	2026-08-06 08:04:46	MD source has no aging field; MD aging unavailable
BEAT SPORTY CBS	MJ2-BK	H1B02N41S4 A/T	2026	A32C	16	RFS	1	StokMD - 2026-08-06T080446.204.xls	HTML table / 3,496 data rows	2026-08-06 08:04:46	MD source has no aging field; MD aging unavailable
BEAT SPORTY CBS	MJ2-BK	H1B02N41S4 A/T	2026	A32C	17	RFS	1	StokMD - 2026-08-06T080446.204.xls	HTML table / 3,496 data rows	2026-08-06 08:04:46	MD source has no aging field; MD aging unavailable
BEAT SPORTY CBS	MJ2-BK	H1B02N41S4 A/T	2026	A32C	18	RFS	1	StokMD - 2026-08-06T080446.204.xls	HTML table / 3,496 data rows	2026-08-06 08:04:46	MD source has no aging field; MD aging unavailable
BEAT SPORTY CBS	MJ2-BK	H1B02N41S4 A/T	2026	A32C	19	RFS	1	StokMD - 2026-08-06T080446.204.xls	HTML table / 3,496 data rows	2026-08-06 08:04:46	MD source has no aging field; MD aging unavailable
BEAT SPORTY CBS	MJ2-BK	H1B02N41S4 A/T	2026	A32C	2	RFS	1	StokMD - 2026-08-06T080446.204.xls	HTML table / 3,496 data rows	2026-08-06 08:04:46	MD source has no aging field; MD aging unavailable
BEAT SPORTY CBS	MJ2-BK	H1B02N41S4 A/T	2026	A32C	20	RFS	1	StokMD - 2026-08-06T080446.204.xls	HTML table / 3,496 data rows	2026-08-06 08:04:46	MD source has no aging field; MD aging unavailable
BEAT SPORTY CBS	MJ2-BK	H1B02N41S4 A/T	2026	A32C	3	RFS	1	StokMD - 2026-08-06T080446.204.xls	HTML table / 3,496 data rows	2026-08-06 08:04:46	MD source has no aging field; MD aging unavailable
BEAT SPORTY CBS	MJ2-BK	H1B02N41S4 A/T	2026	A32C	4	RFS	1	StokMD - 2026-08-06T080446.204.xls	HTML table / 3,496 data rows	2026-08-06 08:04:46	MD source has no aging field; MD aging unavailable
BEAT SPORTY CBS	MJ2-BK	H1B02N41S4 A/T	2026	A32C	5	RFS	1	StokMD - 2026-08-06T080446.204.xls	HTML table / 3,496 data rows	2026-08-06 08:04:46	MD source has no aging field; MD aging unavailable
BEAT SPORTY CBS	MJ2-BK	H1B02N41S4 A/T	2026	A32C	6	RFS	1	StokMD - 2026-08-06T080446.204.xls	HTML table / 3,496 data rows	2026-08-06 08:04:46	MD source has no aging field; MD aging unavailable
BEAT SPORTY CBS	MJ2-BK	H1B02N41S4 A/T	2026	A32C	7	RFS	1	StokMD - 2026-08-06T080446.204.xls	HTML table / 3,496 data rows	2026-08-06 08:04:46	MD source has no aging field; MD aging unavailable
BEAT SPORTY CBS	MJ2-BK	H1B02N41S4 A/T	2026	A32C	8	RFS	1	StokMD - 2026-08-06T080446.204.xls	HTML table / 3,496 data rows	2026-08-06 08:04:46	MD source has no aging field; MD aging unavailable
BEAT SPORTY CBS	MJ2-BK	H1B02N41S4 A/T	2026	A343	11	RFS	1	StokMD - 2026-08-06T080446.204.xls	HTML table / 3,496 data rows	2026-08-06 08:04:46	MD source has no aging field; MD aging unavailable
BEAT SPORTY CBS	MJ2-BK	H1B02N41S4 A/T	2026	A343	15	RFS	1	StokMD - 2026-08-06T080446.204.xls	HTML table / 3,496 data rows	2026-08-06 08:04:46	MD source has no aging field; MD aging unavailable
BEAT SPORTY CBS	MJ2-BK	H1B02N41S4 A/T	2026	A343	16	RFS	1	StokMD - 2026-08-06T080446.204.xls	HTML table / 3,496 data rows	2026-08-06 08:04:46	MD source has no aging field; MD aging unavailable
BEAT SPORTY CBS	MJ2-BK	H1B02N41S4 A/T	2026	A343	19	RFS	1	StokMD - 2026-08-06T080446.204.xls	HTML table / 3,496 data rows	2026-08-06 08:04:46	MD source has no aging field; MD aging unavailable
BEAT SPORTY CBS	MJ2-BK	H1B02N41S4 A/T	2026	A343	3	RFS	1	StokMD - 2026-08-06T080446.204.xls	HTML table / 3,496 data rows	2026-08-06 08:04:46	MD source has no aging field; MD aging unavailable
BEAT SPORTY CBS	MJ2-BK	H1B02N41S4 A/T	2026	A343	30	RFS	1	StokMD - 2026-08-06T080446.204.xls	HTML table / 3,496 data rows	2026-08-06 08:04:46	MD source has no aging field; MD aging unavailable
BEAT SPORTY CBS	MJ2-BK	H1B02N41S4 A/T	2026	A343	31	RFS	1	StokMD - 2026-08-06T080446.204.xls	HTML table / 3,496 data rows	2026-08-06 08:04:46	MD source has no aging field; MD aging unavailable
BEAT SPORTY CBS	MJ2-BK	H1B02N41S4 A/T	2026	A343	32	RFS	1	StokMD - 2026-08-06T080446.204.xls	HTML table / 3,496 data rows	2026-08-06 08:04:46	MD source has no aging field; MD aging unavailable
BEAT SPORTY CBS	MJ2-BK	H1B02N41S4 A/T	2026	A343	33	RFS	1	StokMD - 2026-08-06T080446.204.xls	HTML table / 3,496 data rows	2026-08-06 08:04:46	MD source has no aging field; MD aging unavailable
BEAT SPORTY CBS	MJ2-BK	H1B02N41S4 A/T	2026	A343	34	RFS	1	StokMD - 2026-08-06T080446.204.xls	HTML table / 3,496 data rows	2026-08-06 08:04:46	MD source has no aging field; MD aging unavailable
BEAT SPORTY CBS	MJ2-BK	H1B02N41S4 A/T	2026	A343	35	RFS	1	StokMD - 2026-08-06T080446.204.xls	HTML table / 3,496 data rows	2026-08-06 08:04:46	MD source has no aging field; MD aging unavailable
BEAT SPORTY CBS	MJ2-BK	H1B02N41S4 A/T	2026	A343	4	RFS	1	StokMD - 2026-08-06T080446.204.xls	HTML table / 3,496 data rows	2026-08-06 08:04:46	MD source has no aging field; MD aging unavailable
BEAT SPORTY CBS	MJ2-BK	H1B02N41S4 A/T	2026	A343	5	RFS	1	StokMD - 2026-08-06T080446.204.xls	HTML table / 3,496 data rows	2026-08-06 08:04:46	MD source has no aging field; MD aging unavailable
BEAT SPORTY CBS	MJ2-BK	H1B02N41S4 A/T	2026	A343	6	RFS	1	StokMD - 2026-08-06T080446.204.xls	HTML table / 3,496 data rows	2026-08-06 08:04:46	MD source has no aging field; MD aging unavailable
BEAT SPORTY CBS	MJ2-BK	H1B02N41S4 A/T	2026	A343	7	RFS	1	StokMD - 2026-08-06T080446.204.xls	HTML table / 3,496 data rows	2026-08-06 08:04:46	MD source has no aging field; MD aging unavailable
BEAT SPORTY CBS	MJ2-BK	H1B02N41S4 A/T	2026	A344	11	RFS	1	StokMD - 2026-08-06T080446.204.xls	HTML table / 3,496 data rows	2026-08-06 08:04:46	MD source has no aging field; MD aging unavailable
BEAT SPORTY CBS	MJ2-BK	H1B02N41S4 A/T	2026	A344	15	RFS	1	StokMD - 2026-08-06T080446.204.xls	HTML table / 3,496 data rows	2026-08-06 08:04:46	MD source has no aging field; MD aging unavailable
BEAT SPORTY CBS	MJ2-BK	H1B02N41S4 A/T	2026	A344	19	RFS	1	StokMD - 2026-08-06T080446.204.xls	HTML table / 3,496 data rows	2026-08-06 08:04:46	MD source has no aging field; MD aging unavailable
BEAT SPORTY CBS	MJ2-BK	H1B02N41S4 A/T	2026	A344	2	RFS	1	StokMD - 2026-08-06T080446.204.xls	HTML table / 3,496 data rows	2026-08-06 08:04:46	MD source has no aging field; MD aging unavailable
BEAT SPORTY CBS	MJ2-BK	H1B02N41S4 A/T	2026	A344	20	RFS	1	StokMD - 2026-08-06T080446.204.xls	HTML table / 3,496 data rows	2026-08-06 08:04:46	MD source has no aging field; MD aging unavailable
BEAT SPORTY CBS	MJ2-BK	H1B02N41S4 A/T	2026	A344	21	RFS	1	StokMD - 2026-08-06T080446.204.xls	HTML table / 3,496 data rows	2026-08-06 08:04:46	MD source has no aging field; MD aging unavailable
BEAT SPORTY CBS	MJ2-BK	H1B02N41S4 A/T	2026	A344	25	RFS	1	StokMD - 2026-08-06T080446.204.xls	HTML table / 3,496 data rows	2026-08-06 08:04:46	MD source has no aging field; MD aging unavailable
BEAT SPORTY CBS	MJ2-BK	H1B02N41S4 A/T	2026	A344	29	RFS	1	StokMD - 2026-08-06T080446.204.xls	HTML table / 3,496 data rows	2026-08-06 08:04:46	MD source has no aging field; MD aging unavailable
BEAT SPORTY CBS	MJ2-BK	H1B02N41S4 A/T	2026	A344	3	RFS	1	StokMD - 2026-08-06T080446.204.xls	HTML table / 3,496 data rows	2026-08-06 08:04:46	MD source has no aging field; MD aging unavailable
BEAT SPORTY CBS	MJ2-BK	H1B02N41S4 A/T	2026	A344	38	RFS	1	StokMD - 2026-08-06T080446.204.xls	HTML table / 3,496 data rows	2026-08-06 08:04:46	MD source has no aging field; MD aging unavailable
BEAT SPORTY CBS	MJ2-BK	H1B02N41S4 A/T	2026	A344	4	RFS	1	StokMD - 2026-08-06T080446.204.xls	HTML table / 3,496 data rows	2026-08-06 08:04:46	MD source has no aging field; MD aging unavailable
BEAT SPORTY CBS	MJ2-BK	H1B02N41S4 A/T	2026	A344	5	RFS	1	StokMD - 2026-08-06T080446.204.xls	HTML table / 3,496 data rows	2026-08-06 08:04:46	MD source has no aging field; MD aging unavailable
BEAT SPORTY CBS	MJ2-BK	H1B02N41S4 A/T	2026	A344	6	RFS	1	StokMD - 2026-08-06T080446.204.xls	HTML table / 3,496 data rows	2026-08-06 08:04:46	MD source has no aging field; MD aging unavailable
BEAT SPORTY CBS	MJ2-BK	H1B02N41S4 A/T	2026	A353	24	BOOKING	1	StokMD - 2026-08-06T080446.204.xls	HTML table / 3,496 data rows	2026-08-06 08:04:46	MD source has no aging field; MD aging unavailable
BEAT SPORTY CBS	MJ2-BK	H1B02N41S4 A/T	2026	A353	29	RFS	1	StokMD - 2026-08-06T080446.204.xls	HTML table / 3,496 data rows	2026-08-06 08:04:46	MD source has no aging field; MD aging unavailable
BEAT SPORTY CBS	MJ2-BK	H1B02N41S4 A/T	2026	A353	30	RFS	1	StokMD - 2026-08-06T080446.204.xls	HTML table / 3,496 data rows	2026-08-06 08:04:46	MD source has no aging field; MD aging unavailable
BEAT SPORTY CBS	MJ2-BK	H1B02N41S4 A/T	2026	A353	31	RFS	1	StokMD - 2026-08-06T080446.204.xls	HTML table / 3,496 data rows	2026-08-06 08:04:46	MD source has no aging field; MD aging unavailable
BEAT SPORTY CBS	MJ2-BK	H1B02N41S4 A/T	2026	A353	32	RFS	1	StokMD - 2026-08-06T080446.204.xls	HTML table / 3,496 data rows	2026-08-06 08:04:46	MD source has no aging field; MD aging unavailable
BEAT SPORTY CBS	MJ2-BK	H1B02N41S4 A/T	2026	A353	33	RFS	1	StokMD - 2026-08-06T080446.204.xls	HTML table / 3,496 data rows	2026-08-06 08:04:46	MD source has no aging field; MD aging unavailable
BEAT SPORTY CBS	MJ2-BK	H1B02N41S4 A/T	2026	A353	34	RFS	1	StokMD - 2026-08-06T080446.204.xls	HTML table / 3,496 data rows	2026-08-06 08:04:46	MD source has no aging field; MD aging unavailable
BEAT SPORTY CBS	MJ2-BK	H1B02N41S4 A/T	2026	A353	35	RFS	1	StokMD - 2026-08-06T080446.204.xls	HTML table / 3,496 data rows	2026-08-06 08:04:46	MD source has no aging field; MD aging unavailable
BEAT SPORTY CBS	MJ2-BK	H1B02N41S4 A/T	2026	A395	15	RFS	1	StokMD - 2026-08-06T080446.204.xls	HTML table / 3,496 data rows	2026-08-06 08:04:46	MD source has no aging field; MD aging unavailable
BEAT SPORTY CBS	MJ2-BK	H1B02N41S4 A/T	2026	A395	16	RFS	1	StokMD - 2026-08-06T080446.204.xls	HTML table / 3,496 data rows	2026-08-06 08:04:46	MD source has no aging field; MD aging unavailable
BEAT SPORTY CBS	MJ2-BK	H1B02N41S4 A/T	2026	A395	18	RFS	1	StokMD - 2026-08-06T080446.204.xls	HTML table / 3,496 data rows	2026-08-06 08:04:46	MD source has no aging field; MD aging unavailable
BEAT SPORTY CBS	MJ2-BK	H1B02N41S4 A/T	2026	A395	2	RFS	1	StokMD - 2026-08-06T080446.204.xls	HTML table / 3,496 data rows	2026-08-06 08:04:46	MD source has no aging field; MD aging unavailable
BEAT SPORTY CBS	MJ2-BK	H1B02N41S4 A/T	2026	A395	20	RFS	1	StokMD - 2026-08-06T080446.204.xls	HTML table / 3,496 data rows	2026-08-06 08:04:46	MD source has no aging field; MD aging unavailable
BEAT SPORTY CBS	MJ2-BK	H1B02N41S4 A/T	2026	A395	23	RFS	1	StokMD - 2026-08-06T080446.204.xls	HTML table / 3,496 data rows	2026-08-06 08:04:46	MD source has no aging field; MD aging unavailable
BEAT SPORTY CBS	MJ2-BK	H1B02N41S4 A/T	2026	A395	27	RFS	1	StokMD - 2026-08-06T080446.204.xls	HTML table / 3,496 data rows	2026-08-06 08:04:46	MD source has no aging field; MD aging unavailable
BEAT SPORTY CBS	MJ2-BK	H1B02N41S4 A/T	2026	A395	29	RFS	1	StokMD - 2026-08-06T080446.204.xls	HTML table / 3,496 data rows	2026-08-06 08:04:46	MD source has no aging field; MD aging unavailable
BEAT SPORTY CBS	MJ2-BK	H1B02N41S4 A/T	2026	A395	3	RFS	1	StokMD - 2026-08-06T080446.204.xls	HTML table / 3,496 data rows	2026-08-06 08:04:46	MD source has no aging field; MD aging unavailable
BEAT SPORTY CBS	MJ2-BK	H1B02N41S4 A/T	2026	A395	32	RFS	1	StokMD - 2026-08-06T080446.204.xls	HTML table / 3,496 data rows	2026-08-06 08:04:46	MD source has no aging field; MD aging unavailable
BEAT SPORTY CBS	MJ2-BK	H1B02N41S4 A/T	2026	A395	33	RFS	1	StokMD - 2026-08-06T080446.204.xls	HTML table / 3,496 data rows	2026-08-06 08:04:46	MD source has no aging field; MD aging unavailable
BEAT SPORTY CBS	MJ2-BK	H1B02N41S4 A/T	2026	A395	34	RFS	1	StokMD - 2026-08-06T080446.204.xls	HTML table / 3,496 data rows	2026-08-06 08:04:46	MD source has no aging field; MD aging unavailable
BEAT SPORTY CBS	MJ2-BK	H1B02N41S4 A/T	2026	A395	35	RFS	1	StokMD - 2026-08-06T080446.204.xls	HTML table / 3,496 data rows	2026-08-06 08:04:46	MD source has no aging field; MD aging unavailable
BEAT SPORTY CBS	MJ2-BK	H1B02N41S4 A/T	2026	A395	36	RFS	1	StokMD - 2026-08-06T080446.204.xls	HTML table / 3,496 data rows	2026-08-06 08:04:46	MD source has no aging field; MD aging unavailable
BEAT SPORTY CBS	MJ2-BK	H1B02N41S4 A/T	2026	A395	37	RFS	1	StokMD - 2026-08-06T080446.204.xls	HTML table / 3,496 data rows	2026-08-06 08:04:46	MD source has no aging field; MD aging unavailable
BEAT SPORTY CBS	MJ2-BK	H1B02N41S4 A/T	2026	A395	38	RFS	1	StokMD - 2026-08-06T080446.204.xls	HTML table / 3,496 data rows	2026-08-06 08:04:46	MD source has no aging field; MD aging unavailable
BEAT SPORTY CBS	MJ2-BK	H1B02N41S4 A/T	2026	A395	39	RFS	1	StokMD - 2026-08-06T080446.204.xls	HTML table / 3,496 data rows	2026-08-06 08:04:46	MD source has no aging field; MD aging unavailable
BEAT SPORTY CBS	MJ2-BK	H1B02N41S4 A/T	2026	A395	4	RFS	1	StokMD - 2026-08-06T080446.204.xls	HTML table / 3,496 data rows	2026-08-06 08:04:46	MD source has no aging field; MD aging unavailable
BEAT SPORTY CBS	MJ2-BK	H1B02N41S4 A/T	2026	A395	40	RFS	1	StokMD - 2026-08-06T080446.204.xls	HTML table / 3,496 data rows	2026-08-06 08:04:46	MD source has no aging field; MD aging unavailable
BEAT SPORTY CBS	MJ2-BK	H1B02N41S4 A/T	2026	A395	6	RFS	1	StokMD - 2026-08-06T080446.204.xls	HTML table / 3,496 data rows	2026-08-06 08:04:46	MD source has no aging field; MD aging unavailable
BEAT SPORTY CBS	MJ2-BK	H1B02N41S4 A/T	2026	A396	1	RFS	1	StokMD - 2026-08-06T080446.204.xls	HTML table / 3,496 data rows	2026-08-06 08:04:46	MD source has no aging field; MD aging unavailable
BEAT SPORTY CBS	MJ2-BK	H1B02N41S4 A/T	2026	A396	10	RFS	1	StokMD - 2026-08-06T080446.204.xls	HTML table / 3,496 data rows	2026-08-06 08:04:46	MD source has no aging field; MD aging unavailable
BEAT SPORTY CBS	MJ2-BK	H1B02N41S4 A/T	2026	A396	11	RFS	1	StokMD - 2026-08-06T080446.204.xls	HTML table / 3,496 data rows	2026-08-06 08:04:46	MD source has no aging field; MD aging unavailable
BEAT SPORTY CBS	MJ2-BK	H1B02N41S4 A/T	2026	A396	12	RFS	1	StokMD - 2026-08-06T080446.204.xls	HTML table / 3,496 data rows	2026-08-06 08:04:46	MD source has no aging field; MD aging unavailable
BEAT SPORTY CBS	MJ2-BK	H1B02N41S4 A/T	2026	A396	13	RFS	1	StokMD - 2026-08-06T080446.204.xls	HTML table / 3,496 data rows	2026-08-06 08:04:46	MD source has no aging field; MD aging unavailable
BEAT SPORTY CBS	MJ2-BK	H1B02N41S4 A/T	2026	A396	2	RFS	1	StokMD - 2026-08-06T080446.204.xls	HTML table / 3,496 data rows	2026-08-06 08:04:46	MD source has no aging field; MD aging unavailable
BEAT SPORTY CBS	MJ2-BK	H1B02N41S4 A/T	2026	A396	3	RFS	1	StokMD - 2026-08-06T080446.204.xls	HTML table / 3,496 data rows	2026-08-06 08:04:46	MD source has no aging field; MD aging unavailable
BEAT SPORTY CBS	MJ2-BK	H1B02N41S4 A/T	2026	A396	4	RFS	1	StokMD - 2026-08-06T080446.204.xls	HTML table / 3,496 data rows	2026-08-06 08:04:46	MD source has no aging field; MD aging unavailable
BEAT SPORTY CBS	MJ2-BK	H1B02N41S4 A/T	2026	A396	5	RFS	1	StokMD - 2026-08-06T080446.204.xls	HTML table / 3,496 data rows	2026-08-06 08:04:46	MD source has no aging field; MD aging unavailable
BEAT SPORTY CBS	MJ2-BK	H1B02N41S4 A/T	2026	A396	6	RFS	1	StokMD - 2026-08-06T080446.204.xls	HTML table / 3,496 data rows	2026-08-06 08:04:46	MD source has no aging field; MD aging unavailable
BEAT SPORTY CBS	MJ2-BK	H1B02N41S4 A/T	2026	A396	7	RFS	1	StokMD - 2026-08-06T080446.204.xls	HTML table / 3,496 data rows	2026-08-06 08:04:46	MD source has no aging field; MD aging unavailable
BEAT SPORTY CBS	MJ2-BK	H1B02N41S4 A/T	2026	A396	8	RFS	1	StokMD - 2026-08-06T080446.204.xls	HTML table / 3,496 data rows	2026-08-06 08:04:46	MD source has no aging field; MD aging unavailable
BEAT SPORTY CBS	MJ2-BK	H1B02N41S4 A/T	2026	A396	9	RFS	1	StokMD - 2026-08-06T080446.204.xls	HTML table / 3,496 data rows	2026-08-06 08:04:46	MD source has no aging field; MD aging unavailable
BEAT SPORTY CBS	MJ2-MH	H1B02N41S4 A/T	2026	A233	10	BOOKING	1	StokMD - 2026-08-06T080446.204.xls	HTML table / 3,496 data rows	2026-08-06 08:04:46	MD source has no aging field; MD aging unavailable
BEAT SPORTY CBS	MJ2-MH	H1B02N41S4 A/T	2026	A233	13	BOOKING	1	StokMD - 2026-08-06T080446.204.xls	HTML table / 3,496 data rows	2026-08-06 08:04:46	MD source has no aging field; MD aging unavailable
BEAT SPORTY CBS	MJ2-MH	H1B02N41S4 A/T	2026	A233	16	BOOKING	1	StokMD - 2026-08-06T080446.204.xls	HTML table / 3,496 data rows	2026-08-06 08:04:46	MD source has no aging field; MD aging unavailable
BEAT SPORTY CBS	MJ2-MH	H1B02N41S4 A/T	2026	A233	17	RFS	1	StokMD - 2026-08-06T080446.204.xls	HTML table / 3,496 data rows	2026-08-06 08:04:46	MD source has no aging field; MD aging unavailable
BEAT SPORTY CBS	MJ2-MH	H1B02N41S4 A/T	2026	A233	18	RFS	1	StokMD - 2026-08-06T080446.204.xls	HTML table / 3,496 data rows	2026-08-06 08:04:46	MD source has no aging field; MD aging unavailable
BEAT SPORTY CBS	MJ2-MH	H1B02N41S4 A/T	2026	A233	19	BOOKING	1	StokMD - 2026-08-06T080446.204.xls	HTML table / 3,496 data rows	2026-08-06 08:04:46	MD source has no aging field; MD aging unavailable
BEAT SPORTY CBS	MJ2-MH	H1B02N41S4 A/T	2026	A233	20	BOOKING	1	StokMD - 2026-08-06T080446.204.xls	HTML table / 3,496 data rows	2026-08-06 08:04:46	MD source has no aging field; MD aging unavailable
BEAT SPORTY CBS	MJ2-MH	H1B02N41S4 A/T	2026	A233	21	BOOKING	1	StokMD - 2026-08-06T080446.204.xls	HTML table / 3,496 data rows	2026-08-06 08:04:46	MD source has no aging field; MD aging unavailable
BEAT SPORTY CBS	MJ2-MH	H1B02N41S4 A/T	2026	A233	31	RFS	1	StokMD - 2026-08-06T080446.204.xls	HTML table / 3,496 data rows	2026-08-06 08:04:46	MD source has no aging field; MD aging unavailable
BEAT SPORTY CBS	MJ2-MH	H1B02N41S4 A/T	2026	A233	35	RFS	1	StokMD - 2026-08-06T080446.204.xls	HTML table / 3,496 data rows	2026-08-06 08:04:46	MD source has no aging field; MD aging unavailable
BEAT SPORTY CBS	MJ2-MH	H1B02N41S4 A/T	2026	A233	38	RFS	1	StokMD - 2026-08-06T080446.204.xls	HTML table / 3,496 data rows	2026-08-06 08:04:46	MD source has no aging field; MD aging unavailable
BEAT SPORTY CBS	MJ2-MH	H1B02N41S4 A/T	2026	A233	42	BOOKING	1	StokMD - 2026-08-06T080446.204.xls	HTML table / 3,496 data rows	2026-08-06 08:04:46	MD source has no aging field; MD aging unavailable
BEAT SPORTY CBS	MJ2-MH	H1B02N41S4 A/T	2026	A233	44	BOOKING	1	StokMD - 2026-08-06T080446.204.xls	HTML table / 3,496 data rows	2026-08-06 08:04:46	MD source has no aging field; MD aging unavailable
BEAT SPORTY CBS	MJ2-MH	H1B02N41S4 A/T	2026	A234	0	RFS	1	StokMD - 2026-08-06T080446.204.xls	HTML table / 3,496 data rows	2026-08-06 08:04:46	MD source has no aging field; MD aging unavailable
BEAT SPORTY CBS	MJ2-MH	H1B02N41S4 A/T	2026	A234	11	RFS	1	StokMD - 2026-08-06T080446.204.xls	HTML table / 3,496 data rows	2026-08-06 08:04:46	MD source has no aging field; MD aging unavailable
BEAT SPORTY CBS	MJ2-MH	H1B02N41S4 A/T	2026	A234	12	BOOKING	1	StokMD - 2026-08-06T080446.204.xls	HTML table / 3,496 data rows	2026-08-06 08:04:46	MD source has no aging field; MD aging unavailable
BEAT SPORTY CBS	MJ2-MH	H1B02N41S4 A/T	2026	A234	14	RFS	1	StokMD - 2026-08-06T080446.204.xls	HTML table / 3,496 data rows	2026-08-06 08:04:46	MD source has no aging field; MD aging unavailable
BEAT SPORTY CBS	MJ2-MH	H1B02N41S4 A/T	2026	A234	15	RFS	1	StokMD - 2026-08-06T080446.204.xls	HTML table / 3,496 data rows	2026-08-06 08:04:46	MD source has no aging field; MD aging unavailable
BEAT SPORTY CBS	MJ2-MH	H1B02N41S4 A/T	2026	A234	19	RFS	1	StokMD - 2026-08-06T080446.204.xls	HTML table / 3,496 data rows	2026-08-06 08:04:46	MD source has no aging field; MD aging unavailable
BEAT SPORTY CBS	MJ2-MH	H1B02N41S4 A/T	2026	A234	26	RFS	1	StokMD - 2026-08-06T080446.204.xls	HTML table / 3,496 data rows	2026-08-06 08:04:46	MD source has no aging field; MD aging unavailable
BEAT SPORTY CBS	MJ2-MH	H1B02N41S4 A/T	2026	A234	30	BOOKING	1	StokMD - 2026-08-06T080446.204.xls	HTML table / 3,496 data rows	2026-08-06 08:04:46	MD source has no aging field; MD aging unavailable
BEAT SPORTY CBS	MJ2-MH	H1B02N41S4 A/T	2026	A234	33	BOOKING	1	StokMD - 2026-08-06T080446.204.xls	HTML table / 3,496 data rows	2026-08-06 08:04:46	MD source has no aging field; MD aging unavailable
BEAT SPORTY CBS	MJ2-MH	H1B02N41S4 A/T	2026	A234	34	RFS	1	StokMD - 2026-08-06T080446.204.xls	HTML table / 3,496 data rows	2026-08-06 08:04:46	MD source has no aging field; MD aging unavailable
BEAT SPORTY CBS	MJ2-MH	H1B02N41S4 A/T	2026	A234	36	RFS	1	StokMD - 2026-08-06T080446.204.xls	HTML table / 3,496 data rows	2026-08-06 08:04:46	MD source has no aging field; MD aging unavailable
BEAT SPORTY CBS	MJ2-MH	H1B02N41S4 A/T	2026	A234	8	RFS	1	StokMD - 2026-08-06T080446.204.xls	HTML table / 3,496 data rows	2026-08-06 08:04:46	MD source has no aging field; MD aging unavailable
BEAT SPORTY CBS	MJ2-MH	H1B02N41S4 A/T	2026	A235	0	RFS	1	StokMD - 2026-08-06T080446.204.xls	HTML table / 3,496 data rows	2026-08-06 08:04:46	MD source has no aging field; MD aging unavailable
BEAT SPORTY CBS	MJ2-MH	H1B02N41S4 A/T	2026	A235	1	RFS	1	StokMD - 2026-08-06T080446.204.xls	HTML table / 3,496 data rows	2026-08-06 08:04:46	MD source has no aging field; MD aging unavailable
BEAT SPORTY CBS	MJ2-MH	H1B02N41S4 A/T	2026	A235	11	RFS	1	StokMD - 2026-08-06T080446.204.xls	HTML table / 3,496 data rows	2026-08-06 08:04:46	MD source has no aging field; MD aging unavailable
BEAT SPORTY CBS	MJ2-MH	H1B02N41S4 A/T	2026	A235	18	RFS	1	StokMD - 2026-08-06T080446.204.xls	HTML table / 3,496 data rows	2026-08-06 08:04:46	MD source has no aging field; MD aging unavailable
BEAT SPORTY CBS	MJ2-MH	H1B02N41S4 A/T	2026	A235	20	RFS	1	StokMD - 2026-08-06T080446.204.xls	HTML table / 3,496 data rows	2026-08-06 08:04:46	MD source has no aging field; MD aging unavailable
BEAT SPORTY CBS	MJ2-MH	H1B02N41S4 A/T	2026	A235	3	RFS	1	StokMD - 2026-08-06T080446.204.xls	HTML table / 3,496 data rows	2026-08-06 08:04:46	MD source has no aging field; MD aging unavailable
BEAT SPORTY CBS	MJ2-MH	H1B02N41S4 A/T	2026	A235	32	RFS	1	StokMD - 2026-08-06T080446.204.xls	HTML table / 3,496 data rows	2026-08-06 08:04:46	MD source has no aging field; MD aging unavailable
BEAT SPORTY CBS	MJ2-MH	H1B02N41S4 A/T	2026	A235	35	RFS	1	StokMD - 2026-08-06T080446.204.xls	HTML table / 3,496 data rows	2026-08-06 08:04:46	MD source has no aging field; MD aging unavailable
BEAT SPORTY CBS	MJ2-MH	H1B02N41S4 A/T	2026	A235	5	RFS	1	StokMD - 2026-08-06T080446.204.xls	HTML table / 3,496 data rows	2026-08-06 08:04:46	MD source has no aging field; MD aging unavailable
BEAT SPORTY CBS	MJ2-MH	H1B02N41S4 A/T	2026	A235	6	BOOKING	1	StokMD - 2026-08-06T080446.204.xls	HTML table / 3,496 data rows	2026-08-06 08:04:46	MD source has no aging field; MD aging unavailable
BEAT SPORTY CBS	MJ2-MH	H1B02N41S4 A/T	2026	A235	8	RFS	1	StokMD - 2026-08-06T080446.204.xls	HTML table / 3,496 data rows	2026-08-06 08:04:46	MD source has no aging field; MD aging unavailable
BEAT SPORTY CBS	MJ2-MH	H1B02N41S4 A/T	2026	A235	9	BOOKING	1	StokMD - 2026-08-06T080446.204.xls	HTML table / 3,496 data rows	2026-08-06 08:04:46	MD source has no aging field; MD aging unavailable
BEAT SPORTY CBS	MJ2-MH	H1B02N41S4 A/T	2026	A23A	19	RFS	1	StokMD - 2026-08-06T080446.204.xls	HTML table / 3,496 data rows	2026-08-06 08:04:46	MD source has no aging field; MD aging unavailable
BEAT SPORTY CBS	MJ2-MH	H1B02N41S4 A/T	2026	A23A	2	RFS	1	StokMD - 2026-08-06T080446.204.xls	HTML table / 3,496 data rows	2026-08-06 08:04:46	MD source has no aging field; MD aging unavailable
BEAT SPORTY CBS	MJ2-MH	H1B02N41S4 A/T	2026	A23A	20	RFS	1	StokMD - 2026-08-06T080446.204.xls	HTML table / 3,496 data rows	2026-08-06 08:04:46	MD source has no aging field; MD aging unavailable
BEAT SPORTY CBS	MJ2-MH	H1B02N41S4 A/T	2026	A23A	3	RFS	1	StokMD - 2026-08-06T080446.204.xls	HTML table / 3,496 data rows	2026-08-06 08:04:46	MD source has no aging field; MD aging unavailable
BEAT SPORTY CBS	MJ2-MH	H1B02N41S4 A/T	2026	A23A	5	RFS	1	StokMD - 2026-08-06T080446.204.xls	HTML table / 3,496 data rows	2026-08-06 08:04:46	MD source has no aging field; MD aging unavailable
BEAT SPORTY CBS	MJ2-MH	H1B02N41S4 A/T	2026	A23A	6	RFS	1	StokMD - 2026-08-06T080446.204.xls	HTML table / 3,496 data rows	2026-08-06 08:04:46	MD source has no aging field; MD aging unavailable
BEAT SPORTY CBS	MJ2-MH	H1B02N41S4 A/T	2026	A23A	7	RFS	1	StokMD - 2026-08-06T080446.204.xls	HTML table / 3,496 data rows	2026-08-06 08:04:46	MD source has no aging field; MD aging unavailable
BEAT SPORTY CBS	MJ2-MH	H1B02N41S4 A/T	2026	A23A	8	RFS	1	StokMD - 2026-08-06T080446.204.xls	HTML table / 3,496 data rows	2026-08-06 08:04:46	MD source has no aging field; MD aging unavailable
BEAT SPORTY CBS	MJ2-MH	H1B02N41S4 A/T	2026	A242	0	RFS	3	StokMD - 2026-08-06T080446.204.xls	HTML table / 3,496 data rows	2026-08-06 08:04:46	MD source has no aging field; MD aging unavailable
BEAT SPORTY CBS	MJ2-MH	H1B02N41S4 A/T	2026	A242	1	RFS	1	StokMD - 2026-08-06T080446.204.xls	HTML table / 3,496 data rows	2026-08-06 08:04:46	MD source has no aging field; MD aging unavailable
BEAT SPORTY CBS	MJ2-MH	H1B02N41S4 A/T	2026	A242	21	RFS	1	StokMD - 2026-08-06T080446.204.xls	HTML table / 3,496 data rows	2026-08-06 08:04:46	MD source has no aging field; MD aging unavailable
BEAT SPORTY CBS	MJ2-MH	H1B02N41S4 A/T	2026	A242	22	RFS	1	StokMD - 2026-08-06T080446.204.xls	HTML table / 3,496 data rows	2026-08-06 08:04:46	MD source has no aging field; MD aging unavailable
BEAT SPORTY CBS	MJ2-MH	H1B02N41S4 A/T	2026	A242	27	RFS	1	StokMD - 2026-08-06T080446.204.xls	HTML table / 3,496 data rows	2026-08-06 08:04:46	MD source has no aging field; MD aging unavailable
BEAT SPORTY CBS	MJ2-MH	H1B02N41S4 A/T	2026	A242	28	RFS	1	StokMD - 2026-08-06T080446.204.xls	HTML table / 3,496 data rows	2026-08-06 08:04:46	MD source has no aging field; MD aging unavailable
BEAT SPORTY CBS	MJ2-MH	H1B02N41S4 A/T	2026	A242	34	RFS	1	StokMD - 2026-08-06T080446.204.xls	HTML table / 3,496 data rows	2026-08-06 08:04:46	MD source has no aging field; MD aging unavailable
BEAT SPORTY CBS	MJ2-MH	H1B02N41S4 A/T	2026	A242	35	RFS	1	StokMD - 2026-08-06T080446.204.xls	HTML table / 3,496 data rows	2026-08-06 08:04:46	MD source has no aging field; MD aging unavailable
BEAT SPORTY CBS	MJ2-MH	H1B02N41S4 A/T	2026	A242	36	RFS	1	StokMD - 2026-08-06T080446.204.xls	HTML table / 3,496 data rows	2026-08-06 08:04:46	MD source has no aging field; MD aging unavailable
BEAT SPORTY CBS	MJ2-MH	H1B02N41S4 A/T	2026	A242	37	RFS	1	StokMD - 2026-08-06T080446.204.xls	HTML table / 3,496 data rows	2026-08-06 08:04:46	MD source has no aging field; MD aging unavailable
BEAT SPORTY CBS	MJ2-MH	H1B02N41S4 A/T	2026	A243	1	RFS	1	StokMD - 2026-08-06T080446.204.xls	HTML table / 3,496 data rows	2026-08-06 08:04:46	MD source has no aging field; MD aging unavailable
BEAT SPORTY CBS	MJ2-MH	H1B02N41S4 A/T	2026	A243	10	RFS	1	StokMD - 2026-08-06T080446.204.xls	HTML table / 3,496 data rows	2026-08-06 08:04:46	MD source has no aging field; MD aging unavailable
BEAT SPORTY CBS	MJ2-MH	H1B02N41S4 A/T	2026	A243	11	RFS	1	StokMD - 2026-08-06T080446.204.xls	HTML table / 3,496 data rows	2026-08-06 08:04:46	MD source has no aging field; MD aging unavailable
BEAT SPORTY CBS	MJ2-MH	H1B02N41S4 A/T	2026	A243	17	RFS	1	StokMD - 2026-08-06T080446.204.xls	HTML table / 3,496 data rows	2026-08-06 08:04:46	MD source has no aging field; MD aging unavailable
BEAT SPORTY CBS	MJ2-MH	H1B02N41S4 A/T	2026	A243	18	RFS	1	StokMD - 2026-08-06T080446.204.xls	HTML table / 3,496 data rows	2026-08-06 08:04:46	MD source has no aging field; MD aging unavailable
BEAT SPORTY CBS	MJ2-MH	H1B02N41S4 A/T	2026	A243	2	RFS	1	StokMD - 2026-08-06T080446.204.xls	HTML table / 3,496 data rows	2026-08-06 08:04:46	MD source has no aging field; MD aging unavailable
BEAT SPORTY CBS	MJ2-MH	H1B02N41S4 A/T	2026	A243	3	RFS	1	StokMD - 2026-08-06T080446.204.xls	HTML table / 3,496 data rows	2026-08-06 08:04:46	MD source has no aging field; MD aging unavailable
BEAT SPORTY CBS	MJ2-MH	H1B02N41S4 A/T	2026	A243	36	RFS	1	StokMD - 2026-08-06T080446.204.xls	HTML table / 3,496 data rows	2026-08-06 08:04:46	MD source has no aging field; MD aging unavailable
BEAT SPORTY CBS	MJ2-MH	H1B02N41S4 A/T	2026	A243	6	RFS	1	StokMD - 2026-08-06T080446.204.xls	HTML table / 3,496 data rows	2026-08-06 08:04:46	MD source has no aging field; MD aging unavailable
BEAT SPORTY CBS	MJ2-MH	H1B02N41S4 A/T	2026	A243	8	RFS	1	StokMD - 2026-08-06T080446.204.xls	HTML table / 3,496 data rows	2026-08-06 08:04:46	MD source has no aging field; MD aging unavailable
BEAT SPORTY CBS	MJ2-MH	H1B02N41S4 A/T	2026	A243	9	RFS	1	StokMD - 2026-08-06T080446.204.xls	HTML table / 3,496 data rows	2026-08-06 08:04:46	MD source has no aging field; MD aging unavailable
BEAT SPORTY CBS	MJ2-MH	H1B02N41S4 A/T	2026	A244	1	RFS	1	StokMD - 2026-08-06T080446.204.xls	HTML table / 3,496 data rows	2026-08-06 08:04:46	MD source has no aging field; MD aging unavailable
BEAT SPORTY CBS	MJ2-MH	H1B02N41S4 A/T	2026	A244	17	RFS	1	StokMD - 2026-08-06T080446.204.xls	HTML table / 3,496 data rows	2026-08-06 08:04:46	MD source has no aging field; MD aging unavailable
BEAT SPORTY CBS	MJ2-MH	H1B02N41S4 A/T	2026	A244	26	RFS	1	StokMD - 2026-08-06T080446.204.xls	HTML table / 3,496 data rows	2026-08-06 08:04:46	MD source has no aging field; MD aging unavailable
BEAT SPORTY CBS	MJ2-MH	H1B02N41S4 A/T	2026	A244	3	RFS	1	StokMD - 2026-08-06T080446.204.xls	HTML table / 3,496 data rows	2026-08-06 08:04:46	MD source has no aging field; MD aging unavailable
BEAT SPORTY CBS	MJ2-MH	H1B02N41S4 A/T	2026	A244	31	RFS	1	StokMD - 2026-08-06T080446.204.xls	HTML table / 3,496 data rows	2026-08-06 08:04:46	MD source has no aging field; MD aging unavailable
BEAT SPORTY CBS	MJ2-MH	H1B02N41S4 A/T	2026	A244	32	RFS	1	StokMD - 2026-08-06T080446.204.xls	HTML table / 3,496 data rows	2026-08-06 08:04:46	MD source has no aging field; MD aging unavailable
BEAT SPORTY CBS	MJ2-MH	H1B02N41S4 A/T	2026	A244	35	RFS	1	StokMD - 2026-08-06T080446.204.xls	HTML table / 3,496 data rows	2026-08-06 08:04:46	MD source has no aging field; MD aging unavailable
BEAT SPORTY CBS	MJ2-MH	H1B02N41S4 A/T	2026	A244	4	RFS	1	StokMD - 2026-08-06T080446.204.xls	HTML table / 3,496 data rows	2026-08-06 08:04:46	MD source has no aging field; MD aging unavailable
BEAT SPORTY CBS	MJ2-MH	H1B02N41S4 A/T	2026	A244	40	RFS	1	StokMD - 2026-08-06T080446.204.xls	HTML table / 3,496 data rows	2026-08-06 08:04:46	MD source has no aging field; MD aging unavailable
BEAT SPORTY CBS	MJ2-MH	H1B02N41S4 A/T	2026	A244	5	RFS	1	StokMD - 2026-08-06T080446.204.xls	HTML table / 3,496 data rows	2026-08-06 08:04:46	MD source has no aging field; MD aging unavailable
BEAT SPORTY CBS	MJ2-MH	H1B02N41S4 A/T	2026	A244	9	RFS	1	StokMD - 2026-08-06T080446.204.xls	HTML table / 3,496 data rows	2026-08-06 08:04:46	MD source has no aging field; MD aging unavailable
BEAT SPORTY CBS	MJ2-MH	H1B02N41S4 A/T	2026	A245	18	RFS	1	StokMD - 2026-08-06T080446.204.xls	HTML table / 3,496 data rows	2026-08-06 08:04:46	MD source has no aging field; MD aging unavailable
BEAT SPORTY CBS	MJ2-MH	H1B02N41S4 A/T	2026	A245	20	RFS	1	StokMD - 2026-08-06T080446.204.xls	HTML table / 3,496 data rows	2026-08-06 08:04:46	MD source has no aging field; MD aging unavailable
BEAT SPORTY CBS	MJ2-MH	H1B02N41S4 A/T	2026	A245	22	RFS	1	StokMD - 2026-08-06T080446.204.xls	HTML table / 3,496 data rows	2026-08-06 08:04:46	MD source has no aging field; MD aging unavailable
BEAT SPORTY CBS	MJ2-MH	H1B02N41S4 A/T	2026	A245	23	RFS	1	StokMD - 2026-08-06T080446.204.xls	HTML table / 3,496 data rows	2026-08-06 08:04:46	MD source has no aging field; MD aging unavailable
BEAT SPORTY CBS	MJ2-MH	H1B02N41S4 A/T	2026	A245	27	RFS	1	StokMD - 2026-08-06T080446.204.xls	HTML table / 3,496 data rows	2026-08-06 08:04:46	MD source has no aging field; MD aging unavailable
BEAT SPORTY CBS	MJ2-MH	H1B02N41S4 A/T	2026	A245	32	RFS	1	StokMD - 2026-08-06T080446.204.xls	HTML table / 3,496 data rows	2026-08-06 08:04:46	MD source has no aging field; MD aging unavailable
BEAT SPORTY CBS	MJ2-MH	H1B02N41S4 A/T	2026	A245	33	RFS	1	StokMD - 2026-08-06T080446.204.xls	HTML table / 3,496 data rows	2026-08-06 08:04:46	MD source has no aging field; MD aging unavailable
BEAT SPORTY CBS	MJ2-MH	H1B02N41S4 A/T	2026	A245	35	RFS	1	StokMD - 2026-08-06T080446.204.xls	HTML table / 3,496 data rows	2026-08-06 08:04:46	MD source has no aging field; MD aging unavailable
BEAT SPORTY CBS	MJ2-MH	H1B02N41S4 A/T	2026	A245	36	RFS	1	StokMD - 2026-08-06T080446.204.xls	HTML table / 3,496 data rows	2026-08-06 08:04:46	MD source has no aging field; MD aging unavailable
BEAT SPORTY CBS	MJ2-MH	H1B02N41S4 A/T	2026	A245	37	RFS	1	StokMD - 2026-08-06T080446.204.xls	HTML table / 3,496 data rows	2026-08-06 08:04:46	MD source has no aging field; MD aging unavailable
BEAT SPORTY CBS	MJ2-MH	H1B02N41S4 A/T	2026	A245	38	RFS	1	StokMD - 2026-08-06T080446.204.xls	HTML table / 3,496 data rows	2026-08-06 08:04:46	MD source has no aging field; MD aging unavailable
BEAT SPORTY CBS	MJ2-MH	H1B02N41S4 A/T	2026	A245	4	RFS	1	StokMD - 2026-08-06T080446.204.xls	HTML table / 3,496 data rows	2026-08-06 08:04:46	MD source has no aging field; MD aging unavailable
BEAT SPORTY CBS	MJ2-MH	H1B02N41S4 A/T	2026	A245	40	RFS	1	StokMD - 2026-08-06T080446.204.xls	HTML table / 3,496 data rows	2026-08-06 08:04:46	MD source has no aging field; MD aging unavailable
BEAT SPORTY CBS	MJ2-MH	H1B02N41S4 A/T	2026	A245	7	RFS	1	StokMD - 2026-08-06T080446.204.xls	HTML table / 3,496 data rows	2026-08-06 08:04:46	MD source has no aging field; MD aging unavailable
BEAT SPORTY CBS	MJ2-MH	H1B02N41S4 A/T	2026	A245	8	RFS	1	StokMD - 2026-08-06T080446.204.xls	HTML table / 3,496 data rows	2026-08-06 08:04:46	MD source has no aging field; MD aging unavailable
BEAT SPORTY CBS	MJ2-MH	H1B02N41S4 A/T	2026	A245	9	RFS	1	StokMD - 2026-08-06T080446.204.xls	HTML table / 3,496 data rows	2026-08-06 08:04:46	MD source has no aging field; MD aging unavailable
BEAT SPORTY CBS	MJ2-MH	H1B02N41S4 A/T	2026	A254	2	RFS	1	StokMD - 2026-08-06T080446.204.xls	HTML table / 3,496 data rows	2026-08-06 08:04:46	MD source has no aging field; MD aging unavailable
BEAT SPORTY CBS	MJ2-MH	H1B02N41S4 A/T	2026	A254	26	RFS	1	StokMD - 2026-08-06T080446.204.xls	HTML table / 3,496 data rows	2026-08-06 08:04:46	MD source has no aging field; MD aging unavailable
BEAT SPORTY CBS	MJ2-MH	H1B02N41S4 A/T	2026	A254	7	RFS	1	StokMD - 2026-08-06T080446.204.xls	HTML table / 3,496 data rows	2026-08-06 08:04:46	MD source has no aging field; MD aging unavailable
BEAT SPORTY CBS	MJ2-MH	H1B02N41S4 A/T	2026	A292	1	RFS	1	StokMD - 2026-08-06T080446.204.xls	HTML table / 3,496 data rows	2026-08-06 08:04:46	MD source has no aging field; MD aging unavailable
BEAT SPORTY CBS	MJ2-MH	H1B02N41S4 A/T	2026	A292	12	RFS	1	StokMD - 2026-08-06T080446.204.xls	HTML table / 3,496 data rows	2026-08-06 08:04:46	MD source has no aging field; MD aging unavailable
BEAT SPORTY CBS	MJ2-MH	H1B02N41S4 A/T	2026	A292	13	RFS	1	StokMD - 2026-08-06T080446.204.xls	HTML table / 3,496 data rows	2026-08-06 08:04:46	MD source has no aging field; MD aging unavailable
BEAT SPORTY CBS	MJ2-MH	H1B02N41S4 A/T	2026	A292	15	RFS	1	StokMD - 2026-08-06T080446.204.xls	HTML table / 3,496 data rows	2026-08-06 08:04:46	MD source has no aging field; MD aging unavailable
BEAT SPORTY CBS	MJ2-MH	H1B02N41S4 A/T	2026	A292	16	RFS	1	StokMD - 2026-08-06T080446.204.xls	HTML table / 3,496 data rows	2026-08-06 08:04:46	MD source has no aging field; MD aging unavailable
BEAT SPORTY CBS	MJ2-MH	H1B02N41S4 A/T	2026	A292	19	RFS	1	StokMD - 2026-08-06T080446.204.xls	HTML table / 3,496 data rows	2026-08-06 08:04:46	MD source has no aging field; MD aging unavailable
BEAT SPORTY CBS	MJ2-MH	H1B02N41S4 A/T	2026	A292	2	RFS	1	StokMD - 2026-08-06T080446.204.xls	HTML table / 3,496 data rows	2026-08-06 08:04:46	MD source has no aging field; MD aging unavailable
BEAT SPORTY CBS	MJ2-MH	H1B02N41S4 A/T	2026	A292	20	RFS	1	StokMD - 2026-08-06T080446.204.xls	HTML table / 3,496 data rows	2026-08-06 08:04:46	MD source has no aging field; MD aging unavailable
BEAT SPORTY CBS	MJ2-MH	H1B02N41S4 A/T	2026	A292	3	RFS	1	StokMD - 2026-08-06T080446.204.xls	HTML table / 3,496 data rows	2026-08-06 08:04:46	MD source has no aging field; MD aging unavailable
BEAT SPORTY CBS	MJ2-MH	H1B02N41S4 A/T	2026	A292	4	RFS	1	StokMD - 2026-08-06T080446.204.xls	HTML table / 3,496 data rows	2026-08-06 08:04:46	MD source has no aging field; MD aging unavailable
BEAT SPORTY CBS	MJ2-MH	H1B02N41S4 A/T	2026	A293	10	RFS	1	StokMD - 2026-08-06T080446.204.xls	HTML table / 3,496 data rows	2026-08-06 08:04:46	MD source has no aging field; MD aging unavailable
BEAT SPORTY CBS	MJ2-MH	H1B02N41S4 A/T	2026	A293	11	RFS	1	StokMD - 2026-08-06T080446.204.xls	HTML table / 3,496 data rows	2026-08-06 08:04:46	MD source has no aging field; MD aging unavailable
BEAT SPORTY CBS	MJ2-MH	H1B02N41S4 A/T	2026	A293	3	RFS	1	StokMD - 2026-08-06T080446.204.xls	HTML table / 3,496 data rows	2026-08-06 08:04:46	MD source has no aging field; MD aging unavailable
BEAT SPORTY CBS	MJ2-MH	H1B02N41S4 A/T	2026	A293	6	RFS	1	StokMD - 2026-08-06T080446.204.xls	HTML table / 3,496 data rows	2026-08-06 08:04:46	MD source has no aging field; MD aging unavailable
BEAT SPORTY CBS	MJ2-MH	H1B02N41S4 A/T	2026	A293	8	RFS	1	StokMD - 2026-08-06T080446.204.xls	HTML table / 3,496 data rows	2026-08-06 08:04:46	MD source has no aging field; MD aging unavailable
BEAT SPORTY CBS	MJ2-MH	H1B02N41S4 A/T	2026	A294	10	RFS	1	StokMD - 2026-08-06T080446.204.xls	HTML table / 3,496 data rows	2026-08-06 08:04:46	MD source has no aging field; MD aging unavailable
BEAT SPORTY CBS	MJ2-MH	H1B02N41S4 A/T	2026	A294	18	RFS	1	StokMD - 2026-08-06T080446.204.xls	HTML table / 3,496 data rows	2026-08-06 08:04:46	MD source has no aging field; MD aging unavailable
BEAT SPORTY CBS	MJ2-MH	H1B02N41S4 A/T	2026	A294	19	RFS	1	StokMD - 2026-08-06T080446.204.xls	HTML table / 3,496 data rows	2026-08-06 08:04:46	MD source has no aging field; MD aging unavailable
BEAT SPORTY CBS	MJ2-MH	H1B02N41S4 A/T	2026	A294	5	RFS	1	StokMD - 2026-08-06T080446.204.xls	HTML table / 3,496 data rows	2026-08-06 08:04:46	MD source has no aging field; MD aging unavailable
BEAT SPORTY CBS	MJ2-MH	H1B02N41S4 A/T	2026	A295	1	RFS	1	StokMD - 2026-08-06T080446.204.xls	HTML table / 3,496 data rows	2026-08-06 08:04:46	MD source has no aging field; MD aging unavailable
BEAT SPORTY CBS	MJ2-MH	H1B02N41S4 A/T	2026	A295	17	RFS	1	StokMD - 2026-08-06T080446.204.xls	HTML table / 3,496 data rows	2026-08-06 08:04:46	MD source has no aging field; MD aging unavailable
BEAT SPORTY CBS	MJ2-MH	H1B02N41S4 A/T	2026	A295	20	RFS	1	StokMD - 2026-08-06T080446.204.xls	HTML table / 3,496 data rows	2026-08-06 08:04:46	MD source has no aging field; MD aging unavailable
BEAT SPORTY CBS	MJ2-MH	H1B02N41S4 A/T	2026	A295	5	RFS	1	StokMD - 2026-08-06T080446.204.xls	HTML table / 3,496 data rows	2026-08-06 08:04:46	MD source has no aging field; MD aging unavailable
BEAT SPORTY CBS	MJ2-MH	H1B02N41S4 A/T	2026	A295	7	BOOKING	1	StokMD - 2026-08-06T080446.204.xls	HTML table / 3,496 data rows	2026-08-06 08:04:46	MD source has no aging field; MD aging unavailable
BEAT SPORTY CBS	MJ2-MH	H1B02N41S4 A/T	2026	A295	8	RFS	1	StokMD - 2026-08-06T080446.204.xls	HTML table / 3,496 data rows	2026-08-06 08:04:46	MD source has no aging field; MD aging unavailable
BEAT SPORTY CBS	MJ2-MH	H1B02N41S4 A/T	2026	A295	9	RFS	1	StokMD - 2026-08-06T080446.204.xls	HTML table / 3,496 data rows	2026-08-06 08:04:46	MD source has no aging field; MD aging unavailable
BEAT SPORTY CBS	MJ2-MH	H1B02N41S4 A/T	2026	A314	1	RFS	1	StokMD - 2026-08-06T080446.204.xls	HTML table / 3,496 data rows	2026-08-06 08:04:46	MD source has no aging field; MD aging unavailable
BEAT SPORTY CBS	MJ2-MH	H1B02N41S4 A/T	2026	A314	10	RFS	1	StokMD - 2026-08-06T080446.204.xls	HTML table / 3,496 data rows	2026-08-06 08:04:46	MD source has no aging field; MD aging unavailable
BEAT SPORTY CBS	MJ2-MH	H1B02N41S4 A/T	2026	A314	11	RFS	1	StokMD - 2026-08-06T080446.204.xls	HTML table / 3,496 data rows	2026-08-06 08:04:46	MD source has no aging field; MD aging unavailable
BEAT SPORTY CBS	MJ2-MH	H1B02N41S4 A/T	2026	A314	12	RFS	1	StokMD - 2026-08-06T080446.204.xls	HTML table / 3,496 data rows	2026-08-06 08:04:46	MD source has no aging field; MD aging unavailable
BEAT SPORTY CBS	MJ2-MH	H1B02N41S4 A/T	2026	A314	13	RFS	1	StokMD - 2026-08-06T080446.204.xls	HTML table / 3,496 data rows	2026-08-06 08:04:46	MD source has no aging field; MD aging unavailable
BEAT SPORTY CBS	MJ2-MH	H1B02N41S4 A/T	2026	A314	14	RFS	1	StokMD - 2026-08-06T080446.204.xls	HTML table / 3,496 data rows	2026-08-06 08:04:46	MD source has no aging field; MD aging unavailable
BEAT SPORTY CBS	MJ2-MH	H1B02N41S4 A/T	2026	A314	15	RFS	1	StokMD - 2026-08-06T080446.204.xls	HTML table / 3,496 data rows	2026-08-06 08:04:46	MD source has no aging field; MD aging unavailable
BEAT SPORTY CBS	MJ2-MH	H1B02N41S4 A/T	2026	A314	16	RFS	1	StokMD - 2026-08-06T080446.204.xls	HTML table / 3,496 data rows	2026-08-06 08:04:46	MD source has no aging field; MD aging unavailable
BEAT SPORTY CBS	MJ2-MH	H1B02N41S4 A/T	2026	A314	17	RFS	1	StokMD - 2026-08-06T080446.204.xls	HTML table / 3,496 data rows	2026-08-06 08:04:46	MD source has no aging field; MD aging unavailable
BEAT SPORTY CBS	MJ2-MH	H1B02N41S4 A/T	2026	A314	18	RFS	1	StokMD - 2026-08-06T080446.204.xls	HTML table / 3,496 data rows	2026-08-06 08:04:46	MD source has no aging field; MD aging unavailable
BEAT SPORTY CBS	MJ2-MH	H1B02N41S4 A/T	2026	A314	2	RFS	1	StokMD - 2026-08-06T080446.204.xls	HTML table / 3,496 data rows	2026-08-06 08:04:46	MD source has no aging field; MD aging unavailable
BEAT SPORTY CBS	MJ2-MH	H1B02N41S4 A/T	2026	A314	22	RFS	1	StokMD - 2026-08-06T080446.204.xls	HTML table / 3,496 data rows	2026-08-06 08:04:46	MD source has no aging field; MD aging unavailable
BEAT SPORTY CBS	MJ2-MH	H1B02N41S4 A/T	2026	A314	3	RFS	1	StokMD - 2026-08-06T080446.204.xls	HTML table / 3,496 data rows	2026-08-06 08:04:46	MD source has no aging field; MD aging unavailable
BEAT SPORTY CBS	MJ2-MH	H1B02N41S4 A/T	2026	A314	4	RFS	1	StokMD - 2026-08-06T080446.204.xls	HTML table / 3,496 data rows	2026-08-06 08:04:46	MD source has no aging field; MD aging unavailable
BEAT SPORTY CBS	MJ2-MH	H1B02N41S4 A/T	2026	A314	6	RFS	1	StokMD - 2026-08-06T080446.204.xls	HTML table / 3,496 data rows	2026-08-06 08:04:46	MD source has no aging field; MD aging unavailable
BEAT SPORTY CBS	MJ2-MH	H1B02N41S4 A/T	2026	A314	7	RFS	1	StokMD - 2026-08-06T080446.204.xls	HTML table / 3,496 data rows	2026-08-06 08:04:46	MD source has no aging field; MD aging unavailable
BEAT SPORTY CBS	MJ2-MH	H1B02N41S4 A/T	2026	A314	8	RFS	1	StokMD - 2026-08-06T080446.204.xls	HTML table / 3,496 data rows	2026-08-06 08:04:46	MD source has no aging field; MD aging unavailable
BEAT SPORTY CBS	MJ2-MH	H1B02N41S4 A/T	2026	A314	9	RFS	1	StokMD - 2026-08-06T080446.204.xls	HTML table / 3,496 data rows	2026-08-06 08:04:46	MD source has no aging field; MD aging unavailable
BEAT SPORTY CBS	MJ2-MH	H1B02N41S4 A/T	2026	A315	0	RFS	1	StokMD - 2026-08-06T080446.204.xls	HTML table / 3,496 data rows	2026-08-06 08:04:46	MD source has no aging field; MD aging unavailable
BEAT SPORTY CBS	MJ2-MH	H1B02N41S4 A/T	2026	A315	11	RFS	1	StokMD - 2026-08-06T080446.204.xls	HTML table / 3,496 data rows	2026-08-06 08:04:46	MD source has no aging field; MD aging unavailable
BEAT SPORTY CBS	MJ2-MH	H1B02N41S4 A/T	2026	A315	12	RFS	1	StokMD - 2026-08-06T080446.204.xls	HTML table / 3,496 data rows	2026-08-06 08:04:46	MD source has no aging field; MD aging unavailable
BEAT SPORTY CBS	MJ2-MH	H1B02N41S4 A/T	2026	A315	17	RFS	1	StokMD - 2026-08-06T080446.204.xls	HTML table / 3,496 data rows	2026-08-06 08:04:46	MD source has no aging field; MD aging unavailable
BEAT SPORTY CBS	MJ2-MH	H1B02N41S4 A/T	2026	A315	8	RFS	1	StokMD - 2026-08-06T080446.204.xls	HTML table / 3,496 data rows	2026-08-06 08:04:46	MD source has no aging field; MD aging unavailable
BEAT SPORTY CBS	MJ2-MH	H1B02N41S4 A/T	2026	A316	10	RFS	1	StokMD - 2026-08-06T080446.204.xls	HTML table / 3,496 data rows	2026-08-06 08:04:46	MD source has no aging field; MD aging unavailable
BEAT SPORTY CBS	MJ2-MH	H1B02N41S4 A/T	2026	A316	19	RFS	1	StokMD - 2026-08-06T080446.204.xls	HTML table / 3,496 data rows	2026-08-06 08:04:46	MD source has no aging field; MD aging unavailable
BEAT SPORTY CBS	MJ2-MH	H1B02N41S4 A/T	2026	A316	9	RFS	1	StokMD - 2026-08-06T080446.204.xls	HTML table / 3,496 data rows	2026-08-06 08:04:46	MD source has no aging field; MD aging unavailable
BEAT SPORTY CBS	MJ2-MH	H1B02N41S4 A/T	2026	A317	1	RFS	1	StokMD - 2026-08-06T080446.204.xls	HTML table / 3,496 data rows	2026-08-06 08:04:46	MD source has no aging field; MD aging unavailable
BEAT SPORTY CBS	MJ2-MH	H1B02N41S4 A/T	2026	A317	22	RFS	1	StokMD - 2026-08-06T080446.204.xls	HTML table / 3,496 data rows	2026-08-06 08:04:46	MD source has no aging field; MD aging unavailable
BEAT SPORTY CBS	MJ2-MH	H1B02N41S4 A/T	2026	A318	11	RFS	1	StokMD - 2026-08-06T080446.204.xls	HTML table / 3,496 data rows	2026-08-06 08:04:46	MD source has no aging field; MD aging unavailable
BEAT SPORTY CBS	MJ2-MH	H1B02N41S4 A/T	2026	A318	12	RFS	1	StokMD - 2026-08-06T080446.204.xls	HTML table / 3,496 data rows	2026-08-06 08:04:46	MD source has no aging field; MD aging unavailable
BEAT SPORTY CBS	MJ2-MH	H1B02N41S4 A/T	2026	A318	13	RFS	1	StokMD - 2026-08-06T080446.204.xls	HTML table / 3,496 data rows	2026-08-06 08:04:46	MD source has no aging field; MD aging unavailable
BEAT SPORTY CBS	MJ2-MH	H1B02N41S4 A/T	2026	A318	18	RFS	1	StokMD - 2026-08-06T080446.204.xls	HTML table / 3,496 data rows	2026-08-06 08:04:46	MD source has no aging field; MD aging unavailable
BEAT SPORTY CBS	MJ2-MH	H1B02N41S4 A/T	2026	A318	19	RFS	1	StokMD - 2026-08-06T080446.204.xls	HTML table / 3,496 data rows	2026-08-06 08:04:46	MD source has no aging field; MD aging unavailable
BEAT SPORTY CBS	MJ2-MH	H1B02N41S4 A/T	2026	A318	3	RFS	1	StokMD - 2026-08-06T080446.204.xls	HTML table / 3,496 data rows	2026-08-06 08:04:46	MD source has no aging field; MD aging unavailable
BEAT SPORTY CBS	MJ2-MH	H1B02N41S4 A/T	2026	A319	12	RFS	1	StokMD - 2026-08-06T080446.204.xls	HTML table / 3,496 data rows	2026-08-06 08:04:46	MD source has no aging field; MD aging unavailable
BEAT SPORTY CBS	MJ2-MH	H1B02N41S4 A/T	2026	A319	13	RFS	1	StokMD - 2026-08-06T080446.204.xls	HTML table / 3,496 data rows	2026-08-06 08:04:46	MD source has no aging field; MD aging unavailable
BEAT SPORTY CBS	MJ2-MH	H1B02N41S4 A/T	2026	A319	14	RFS	1	StokMD - 2026-08-06T080446.204.xls	HTML table / 3,496 data rows	2026-08-06 08:04:46	MD source has no aging field; MD aging unavailable
BEAT SPORTY CBS	MJ2-MH	H1B02N41S4 A/T	2026	A319	15	RFS	1	StokMD - 2026-08-06T080446.204.xls	HTML table / 3,496 data rows	2026-08-06 08:04:46	MD source has no aging field; MD aging unavailable
BEAT SPORTY CBS	MJ2-MH	H1B02N41S4 A/T	2026	A319	18	RFS	1	StokMD - 2026-08-06T080446.204.xls	HTML table / 3,496 data rows	2026-08-06 08:04:46	MD source has no aging field; MD aging unavailable
BEAT SPORTY CBS	MJ2-MH	H1B02N41S4 A/T	2026	A31A	13	BOOKING	1	StokMD - 2026-08-06T080446.204.xls	HTML table / 3,496 data rows	2026-08-06 08:04:46	MD source has no aging field; MD aging unavailable
BEAT SPORTY CBS	MJ2-MH	H1B02N41S4 A/T	2026	A31A	19	RFS	1	StokMD - 2026-08-06T080446.204.xls	HTML table / 3,496 data rows	2026-08-06 08:04:46	MD source has no aging field; MD aging unavailable
BEAT SPORTY CBS	MJ2-MH	H1B02N41S4 A/T	2026	A31B	11	RFS	1	StokMD - 2026-08-06T080446.204.xls	HTML table / 3,496 data rows	2026-08-06 08:04:46	MD source has no aging field; MD aging unavailable
BEAT SPORTY CBS	MJ2-MH	H1B02N41S4 A/T	2026	A31B	15	RFS	1	StokMD - 2026-08-06T080446.204.xls	HTML table / 3,496 data rows	2026-08-06 08:04:46	MD source has no aging field; MD aging unavailable
BEAT SPORTY CBS	MJ2-MH	H1B02N41S4 A/T	2026	A31B	7	RFS	1	StokMD - 2026-08-06T080446.204.xls	HTML table / 3,496 data rows	2026-08-06 08:04:46	MD source has no aging field; MD aging unavailable
BEAT SPORTY CBS	MJ2-MH	H1B02N41S4 A/T	2026	A31C	14	RFS	1	StokMD - 2026-08-06T080446.204.xls	HTML table / 3,496 data rows	2026-08-06 08:04:46	MD source has no aging field; MD aging unavailable
BEAT SPORTY CBS	MJ2-MH	H1B02N41S4 A/T	2026	A31C	18	RFS	1	StokMD - 2026-08-06T080446.204.xls	HTML table / 3,496 data rows	2026-08-06 08:04:46	MD source has no aging field; MD aging unavailable
BEAT SPORTY CBS	MJ2-MH	H1B02N41S4 A/T	2026	A321	10	RFS	1	StokMD - 2026-08-06T080446.204.xls	HTML table / 3,496 data rows	2026-08-06 08:04:46	MD source has no aging field; MD aging unavailable
BEAT SPORTY CBS	MJ2-MH	H1B02N41S4 A/T	2026	A321	13	BOOKING	1	StokMD - 2026-08-06T080446.204.xls	HTML table / 3,496 data rows	2026-08-06 08:04:46	MD source has no aging field; MD aging unavailable
BEAT SPORTY CBS	MJ2-MH	H1B02N41S4 A/T	2026	A321	14	RFS	1	StokMD - 2026-08-06T080446.204.xls	HTML table / 3,496 data rows	2026-08-06 08:04:46	MD source has no aging field; MD aging unavailable
BEAT SPORTY CBS	MJ2-MH	H1B02N41S4 A/T	2026	A321	16	RFS	1	StokMD - 2026-08-06T080446.204.xls	HTML table / 3,496 data rows	2026-08-06 08:04:46	MD source has no aging field; MD aging unavailable
BEAT SPORTY CBS	MJ2-MH	H1B02N41S4 A/T	2026	A321	17	RFS	1	StokMD - 2026-08-06T080446.204.xls	HTML table / 3,496 data rows	2026-08-06 08:04:46	MD source has no aging field; MD aging unavailable
BEAT SPORTY CBS	MJ2-MH	H1B02N41S4 A/T	2026	A321	5	RFS	1	StokMD - 2026-08-06T080446.204.xls	HTML table / 3,496 data rows	2026-08-06 08:04:46	MD source has no aging field; MD aging unavailable
BEAT SPORTY CBS	MJ2-MH	H1B02N41S4 A/T	2026	A321	7	RFS	1	StokMD - 2026-08-06T080446.204.xls	HTML table / 3,496 data rows	2026-08-06 08:04:46	MD source has no aging field; MD aging unavailable
BEAT SPORTY CBS	MJ2-MH	H1B02N41S4 A/T	2026	A322	10	RFS	1	StokMD - 2026-08-06T080446.204.xls	HTML table / 3,496 data rows	2026-08-06 08:04:46	MD source has no aging field; MD aging unavailable
BEAT SPORTY CBS	MJ2-MH	H1B02N41S4 A/T	2026	A322	11	RFS	1	StokMD - 2026-08-06T080446.204.xls	HTML table / 3,496 data rows	2026-08-06 08:04:46	MD source has no aging field; MD aging unavailable
BEAT SPORTY CBS	MJ2-MH	H1B02N41S4 A/T	2026	A322	15	RFS	1	StokMD - 2026-08-06T080446.204.xls	HTML table / 3,496 data rows	2026-08-06 08:04:46	MD source has no aging field; MD aging unavailable
BEAT SPORTY CBS	MJ2-MH	H1B02N41S4 A/T	2026	A322	16	RFS	1	StokMD - 2026-08-06T080446.204.xls	HTML table / 3,496 data rows	2026-08-06 08:04:46	MD source has no aging field; MD aging unavailable
BEAT SPORTY CBS	MJ2-MH	H1B02N41S4 A/T	2026	A322	17	RFS	1	StokMD - 2026-08-06T080446.204.xls	HTML table / 3,496 data rows	2026-08-06 08:04:46	MD source has no aging field; MD aging unavailable
BEAT SPORTY CBS	MJ2-MH	H1B02N41S4 A/T	2026	A322	18	RFS	1	StokMD - 2026-08-06T080446.204.xls	HTML table / 3,496 data rows	2026-08-06 08:04:46	MD source has no aging field; MD aging unavailable
BEAT SPORTY CBS	MJ2-MH	H1B02N41S4 A/T	2026	A322	21	RFS	1	StokMD - 2026-08-06T080446.204.xls	HTML table / 3,496 data rows	2026-08-06 08:04:46	MD source has no aging field; MD aging unavailable
BEAT SPORTY CBS	MJ2-MH	H1B02N41S4 A/T	2026	A322	23	RFS	1	StokMD - 2026-08-06T080446.204.xls	HTML table / 3,496 data rows	2026-08-06 08:04:46	MD source has no aging field; MD aging unavailable
BEAT SPORTY CBS	MJ2-MH	H1B02N41S4 A/T	2026	A322	7	RFS	1	StokMD - 2026-08-06T080446.204.xls	HTML table / 3,496 data rows	2026-08-06 08:04:46	MD source has no aging field; MD aging unavailable
BEAT SPORTY CBS	MJ2-MH	H1B02N41S4 A/T	2026	A322	9	RFS	1	StokMD - 2026-08-06T080446.204.xls	HTML table / 3,496 data rows	2026-08-06 08:04:46	MD source has no aging field; MD aging unavailable
BEAT SPORTY CBS	MJ2-MH	H1B02N41S4 A/T	2026	A323	11	BOOKING	1	StokMD - 2026-08-06T080446.204.xls	HTML table / 3,496 data rows	2026-08-06 08:04:46	MD source has no aging field; MD aging unavailable
BEAT SPORTY CBS	MJ2-MH	H1B02N41S4 A/T	2026	A323	12	BOOKING	1	StokMD - 2026-08-06T080446.204.xls	HTML table / 3,496 data rows	2026-08-06 08:04:46	MD source has no aging field; MD aging unavailable
BEAT SPORTY CBS	MJ2-MH	H1B02N41S4 A/T	2026	A323	2	RFS	1	StokMD - 2026-08-06T080446.204.xls	HTML table / 3,496 data rows	2026-08-06 08:04:46	MD source has no aging field; MD aging unavailable
BEAT SPORTY CBS	MJ2-MH	H1B02N41S4 A/T	2026	A323	6	RFS	1	StokMD - 2026-08-06T080446.204.xls	HTML table / 3,496 data rows	2026-08-06 08:04:46	MD source has no aging field; MD aging unavailable
BEAT SPORTY CBS	MJ2-MH	H1B02N41S4 A/T	2026	A323	7	RFS	1	StokMD - 2026-08-06T080446.204.xls	HTML table / 3,496 data rows	2026-08-06 08:04:46	MD source has no aging field; MD aging unavailable
BEAT SPORTY CBS	MJ2-MH	H1B02N41S4 A/T	2026	A323	9	RFS	1	StokMD - 2026-08-06T080446.204.xls	HTML table / 3,496 data rows	2026-08-06 08:04:46	MD source has no aging field; MD aging unavailable
BEAT SPORTY CBS	MJ2-MH	H1B02N41S4 A/T	2026	A324	1	BOOKING	1	StokMD - 2026-08-06T080446.204.xls	HTML table / 3,496 data rows	2026-08-06 08:04:46	MD source has no aging field; MD aging unavailable
BEAT SPORTY CBS	MJ2-MH	H1B02N41S4 A/T	2026	A324	11	RFS	1	StokMD - 2026-08-06T080446.204.xls	HTML table / 3,496 data rows	2026-08-06 08:04:46	MD source has no aging field; MD aging unavailable
BEAT SPORTY CBS	MJ2-MH	H1B02N41S4 A/T	2026	A324	12	RFS	1	StokMD - 2026-08-06T080446.204.xls	HTML table / 3,496 data rows	2026-08-06 08:04:46	MD source has no aging field; MD aging unavailable
BEAT SPORTY CBS	MJ2-MH	H1B02N41S4 A/T	2026	A324	13	RFS	1	StokMD - 2026-08-06T080446.204.xls	HTML table / 3,496 data rows	2026-08-06 08:04:46	MD source has no aging field; MD aging unavailable
BEAT SPORTY CBS	MJ2-MH	H1B02N41S4 A/T	2026	A324	2	BOOKING	1	StokMD - 2026-08-06T080446.204.xls	HTML table / 3,496 data rows	2026-08-06 08:04:46	MD source has no aging field; MD aging unavailable
BEAT SPORTY CBS	MJ2-MH	H1B02N41S4 A/T	2026	A324	3	BOOKING	1	StokMD - 2026-08-06T080446.204.xls	HTML table / 3,496 data rows	2026-08-06 08:04:46	MD source has no aging field; MD aging unavailable
BEAT SPORTY CBS	MJ2-MH	H1B02N41S4 A/T	2026	A324	4	BOOKING	1	StokMD - 2026-08-06T080446.204.xls	HTML table / 3,496 data rows	2026-08-06 08:04:46	MD source has no aging field; MD aging unavailable
BEAT SPORTY CBS	MJ2-MH	H1B02N41S4 A/T	2026	A324	5	BOOKING	1	StokMD - 2026-08-06T080446.204.xls	HTML table / 3,496 data rows	2026-08-06 08:04:46	MD source has no aging field; MD aging unavailable
BEAT SPORTY CBS	MJ2-MH	H1B02N41S4 A/T	2026	A324	6	BOOKING	1	StokMD - 2026-08-06T080446.204.xls	HTML table / 3,496 data rows	2026-08-06 08:04:46	MD source has no aging field; MD aging unavailable
BEAT SPORTY CBS	MJ2-MH	H1B02N41S4 A/T	2026	A324	7	BOOKING	1	StokMD - 2026-08-06T080446.204.xls	HTML table / 3,496 data rows	2026-08-06 08:04:46	MD source has no aging field; MD aging unavailable
BEAT SPORTY CBS	MJ2-MH	H1B02N41S4 A/T	2026	A325	1	RFS	1	StokMD - 2026-08-06T080446.204.xls	HTML table / 3,496 data rows	2026-08-06 08:04:46	MD source has no aging field; MD aging unavailable
BEAT SPORTY CBS	MJ2-MH	H1B02N41S4 A/T	2026	A325	11	RFS	1	StokMD - 2026-08-06T080446.204.xls	HTML table / 3,496 data rows	2026-08-06 08:04:46	MD source has no aging field; MD aging unavailable
BEAT SPORTY CBS	MJ2-MH	H1B02N41S4 A/T	2026	A325	2	RFS	1	StokMD - 2026-08-06T080446.204.xls	HTML table / 3,496 data rows	2026-08-06 08:04:46	MD source has no aging field; MD aging unavailable
BEAT SPORTY CBS	MJ2-MH	H1B02N41S4 A/T	2026	A325	4	RFS	1	StokMD - 2026-08-06T080446.204.xls	HTML table / 3,496 data rows	2026-08-06 08:04:46	MD source has no aging field; MD aging unavailable
BEAT SPORTY CBS	MJ2-MH	H1B02N41S4 A/T	2026	A325	5	RFS	1	StokMD - 2026-08-06T080446.204.xls	HTML table / 3,496 data rows	2026-08-06 08:04:46	MD source has no aging field; MD aging unavailable
BEAT SPORTY CBS	MJ2-MH	H1B02N41S4 A/T	2026	A328	10	RFS	1	StokMD - 2026-08-06T080446.204.xls	HTML table / 3,496 data rows	2026-08-06 08:04:46	MD source has no aging field; MD aging unavailable
BEAT SPORTY CBS	MJ2-MH	H1B02N41S4 A/T	2026	A328	11	RFS	1	StokMD - 2026-08-06T080446.204.xls	HTML table / 3,496 data rows	2026-08-06 08:04:46	MD source has no aging field; MD aging unavailable
BEAT SPORTY CBS	MJ2-MH	H1B02N41S4 A/T	2026	A328	12	RFS	1	StokMD - 2026-08-06T080446.204.xls	HTML table / 3,496 data rows	2026-08-06 08:04:46	MD source has no aging field; MD aging unavailable
BEAT SPORTY CBS	MJ2-MH	H1B02N41S4 A/T	2026	A328	13	RFS	1	StokMD - 2026-08-06T080446.204.xls	HTML table / 3,496 data rows	2026-08-06 08:04:46	MD source has no aging field; MD aging unavailable
BEAT SPORTY CBS	MJ2-MH	H1B02N41S4 A/T	2026	A328	14	RFS	1	StokMD - 2026-08-06T080446.204.xls	HTML table / 3,496 data rows	2026-08-06 08:04:46	MD source has no aging field; MD aging unavailable
BEAT SPORTY CBS	MJ2-MH	H1B02N41S4 A/T	2026	A328	15	RFS	1	StokMD - 2026-08-06T080446.204.xls	HTML table / 3,496 data rows	2026-08-06 08:04:46	MD source has no aging field; MD aging unavailable
BEAT SPORTY CBS	MJ2-MH	H1B02N41S4 A/T	2026	A328	16	RFS	1	StokMD - 2026-08-06T080446.204.xls	HTML table / 3,496 data rows	2026-08-06 08:04:46	MD source has no aging field; MD aging unavailable
BEAT SPORTY CBS	MJ2-MH	H1B02N41S4 A/T	2026	A328	17	RFS	1	StokMD - 2026-08-06T080446.204.xls	HTML table / 3,496 data rows	2026-08-06 08:04:46	MD source has no aging field; MD aging unavailable
BEAT SPORTY CBS	MJ2-MH	H1B02N41S4 A/T	2026	A328	21	RFS	1	StokMD - 2026-08-06T080446.204.xls	HTML table / 3,496 data rows	2026-08-06 08:04:46	MD source has no aging field; MD aging unavailable
BEAT SPORTY CBS	MJ2-MH	H1B02N41S4 A/T	2026	A328	22	RFS	1	StokMD - 2026-08-06T080446.204.xls	HTML table / 3,496 data rows	2026-08-06 08:04:46	MD source has no aging field; MD aging unavailable
BEAT SPORTY CBS	MJ2-MH	H1B02N41S4 A/T	2026	A328	23	RFS	1	StokMD - 2026-08-06T080446.204.xls	HTML table / 3,496 data rows	2026-08-06 08:04:46	MD source has no aging field; MD aging unavailable
BEAT SPORTY CBS	MJ2-MH	H1B02N41S4 A/T	2026	A328	24	RFS	1	StokMD - 2026-08-06T080446.204.xls	HTML table / 3,496 data rows	2026-08-06 08:04:46	MD source has no aging field; MD aging unavailable
BEAT SPORTY CBS	MJ2-MH	H1B02N41S4 A/T	2026	A328	5	RFS	1	StokMD - 2026-08-06T080446.204.xls	HTML table / 3,496 data rows	2026-08-06 08:04:46	MD source has no aging field; MD aging unavailable
BEAT SPORTY CBS	MJ2-MH	H1B02N41S4 A/T	2026	A328	6	RFS	1	StokMD - 2026-08-06T080446.204.xls	HTML table / 3,496 data rows	2026-08-06 08:04:46	MD source has no aging field; MD aging unavailable
BEAT SPORTY CBS	MJ2-MH	H1B02N41S4 A/T	2026	A328	7	RFS	1	StokMD - 2026-08-06T080446.204.xls	HTML table / 3,496 data rows	2026-08-06 08:04:46	MD source has no aging field; MD aging unavailable
BEAT SPORTY CBS	MJ2-MH	H1B02N41S4 A/T	2026	A328	8	RFS	1	StokMD - 2026-08-06T080446.204.xls	HTML table / 3,496 data rows	2026-08-06 08:04:46	MD source has no aging field; MD aging unavailable
BEAT SPORTY CBS	MJ2-MH	H1B02N41S4 A/T	2026	A328	9	RFS	1	StokMD - 2026-08-06T080446.204.xls	HTML table / 3,496 data rows	2026-08-06 08:04:46	MD source has no aging field; MD aging unavailable
BEAT SPORTY CBS	MJ2-MH	H1B02N41S4 A/T	2026	A329	12	RFS	1	StokMD - 2026-08-06T080446.204.xls	HTML table / 3,496 data rows	2026-08-06 08:04:46	MD source has no aging field; MD aging unavailable
BEAT SPORTY CBS	MJ2-MH	H1B02N41S4 A/T	2026	A329	14	RFS	1	StokMD - 2026-08-06T080446.204.xls	HTML table / 3,496 data rows	2026-08-06 08:04:46	MD source has no aging field; MD aging unavailable
BEAT SPORTY CBS	MJ2-MH	H1B02N41S4 A/T	2026	A329	16	RFS	1	StokMD - 2026-08-06T080446.204.xls	HTML table / 3,496 data rows	2026-08-06 08:04:46	MD source has no aging field; MD aging unavailable
BEAT SPORTY CBS	MJ2-MH	H1B02N41S4 A/T	2026	A329	7	RFS	1	StokMD - 2026-08-06T080446.204.xls	HTML table / 3,496 data rows	2026-08-06 08:04:46	MD source has no aging field; MD aging unavailable
BEAT SPORTY CBS	MJ2-MH	H1B02N41S4 A/T	2026	A32B	12	RFS	1	StokMD - 2026-08-06T080446.204.xls	HTML table / 3,496 data rows	2026-08-06 08:04:46	MD source has no aging field; MD aging unavailable
BEAT SPORTY CBS	MJ2-MH	H1B02N41S4 A/T	2026	A32B	13	RFS	1	StokMD - 2026-08-06T080446.204.xls	HTML table / 3,496 data rows	2026-08-06 08:04:46	MD source has no aging field; MD aging unavailable
BEAT SPORTY CBS	MJ2-MH	H1B02N41S4 A/T	2026	A32B	14	RFS	1	StokMD - 2026-08-06T080446.204.xls	HTML table / 3,496 data rows	2026-08-06 08:04:46	MD source has no aging field; MD aging unavailable
BEAT SPORTY CBS	MJ2-MH	H1B02N41S4 A/T	2026	A32C	11	RFS	1	StokMD - 2026-08-06T080446.204.xls	HTML table / 3,496 data rows	2026-08-06 08:04:46	MD source has no aging field; MD aging unavailable
BEAT SPORTY CBS	MJ2-MH	H1B02N41S4 A/T	2026	A32C	12	RFS	1	StokMD - 2026-08-06T080446.204.xls	HTML table / 3,496 data rows	2026-08-06 08:04:46	MD source has no aging field; MD aging unavailable
BEAT SPORTY CBS	MJ2-MH	H1B02N41S4 A/T	2026	A32C	14	RFS	1	StokMD - 2026-08-06T080446.204.xls	HTML table / 3,496 data rows	2026-08-06 08:04:46	MD source has no aging field; MD aging unavailable
BEAT SPORTY CBS	MJ2-MH	H1B02N41S4 A/T	2026	A32C	9	RFS	1	StokMD - 2026-08-06T080446.204.xls	HTML table / 3,496 data rows	2026-08-06 08:04:46	MD source has no aging field; MD aging unavailable
BEAT SPORTY CBS	MJ2-MH	H1B02N41S4 A/T	2026	A343	10	RFS	1	StokMD - 2026-08-06T080446.204.xls	HTML table / 3,496 data rows	2026-08-06 08:04:46	MD source has no aging field; MD aging unavailable
BEAT SPORTY CBS	MJ2-MH	H1B02N41S4 A/T	2026	A343	17	RFS	1	StokMD - 2026-08-06T080446.204.xls	HTML table / 3,496 data rows	2026-08-06 08:04:46	MD source has no aging field; MD aging unavailable
BEAT SPORTY CBS	MJ2-MH	H1B02N41S4 A/T	2026	A343	18	RFS	1	StokMD - 2026-08-06T080446.204.xls	HTML table / 3,496 data rows	2026-08-06 08:04:46	MD source has no aging field; MD aging unavailable
BEAT SPORTY CBS	MJ2-MH	H1B02N41S4 A/T	2026	A343	20	RFS	1	StokMD - 2026-08-06T080446.204.xls	HTML table / 3,496 data rows	2026-08-06 08:04:46	MD source has no aging field; MD aging unavailable
BEAT SPORTY CBS	MJ2-MH	H1B02N41S4 A/T	2026	A343	24	RFS	1	StokMD - 2026-08-06T080446.204.xls	HTML table / 3,496 data rows	2026-08-06 08:04:46	MD source has no aging field; MD aging unavailable
BEAT SPORTY CBS	MJ2-MH	H1B02N41S4 A/T	2026	A343	25	RFS	1	StokMD - 2026-08-06T080446.204.xls	HTML table / 3,496 data rows	2026-08-06 08:04:46	MD source has no aging field; MD aging unavailable
BEAT SPORTY CBS	MJ2-MH	H1B02N41S4 A/T	2026	A343	26	RFS	1	StokMD - 2026-08-06T080446.204.xls	HTML table / 3,496 data rows	2026-08-06 08:04:46	MD source has no aging field; MD aging unavailable
BEAT SPORTY CBS	MJ2-MH	H1B02N41S4 A/T	2026	A343	27	RFS	1	StokMD - 2026-08-06T080446.204.xls	HTML table / 3,496 data rows	2026-08-06 08:04:46	MD source has no aging field; MD aging unavailable
BEAT SPORTY CBS	MJ2-MH	H1B02N41S4 A/T	2026	A343	28	RFS	1	StokMD - 2026-08-06T080446.204.xls	HTML table / 3,496 data rows	2026-08-06 08:04:46	MD source has no aging field; MD aging unavailable
BEAT SPORTY CBS	MJ2-MH	H1B02N41S4 A/T	2026	A343	29	RFS	1	StokMD - 2026-08-06T080446.204.xls	HTML table / 3,496 data rows	2026-08-06 08:04:46	MD source has no aging field; MD aging unavailable
BEAT SPORTY CBS	MJ2-MH	H1B02N41S4 A/T	2026	A343	8	RFS	1	StokMD - 2026-08-06T080446.204.xls	HTML table / 3,496 data rows	2026-08-06 08:04:46	MD source has no aging field; MD aging unavailable
BEAT SPORTY CBS	MJ2-MH	H1B02N41S4 A/T	2026	A344	22	RFS	1	StokMD - 2026-08-06T080446.204.xls	HTML table / 3,496 data rows	2026-08-06 08:04:46	MD source has no aging field; MD aging unavailable
BEAT SPORTY CBS	MJ2-MH	H1B02N41S4 A/T	2026	A344	24	RFS	1	StokMD - 2026-08-06T080446.204.xls	HTML table / 3,496 data rows	2026-08-06 08:04:46	MD source has no aging field; MD aging unavailable
BEAT SPORTY CBS	MJ2-MH	H1B02N41S4 A/T	2026	A353	26	RFS	1	StokMD - 2026-08-06T080446.204.xls	HTML table / 3,496 data rows	2026-08-06 08:04:46	MD source has no aging field; MD aging unavailable
BEAT SPORTY CBS	MJ2-MH	H1B02N41S4 A/T	2026	A353	3	RFS	1	StokMD - 2026-08-06T080446.204.xls	HTML table / 3,496 data rows	2026-08-06 08:04:46	MD source has no aging field; MD aging unavailable
BEAT SPORTY CBS	MJ2-MH	H1B02N41S4 A/T	2026	A353	5	RFS	1	StokMD - 2026-08-06T080446.204.xls	HTML table / 3,496 data rows	2026-08-06 08:04:46	MD source has no aging field; MD aging unavailable
BEAT SPORTY CBS	MJ2-MH	H1B02N41S4 A/T	2026	A353	6	RFS	1	StokMD - 2026-08-06T080446.204.xls	HTML table / 3,496 data rows	2026-08-06 08:04:46	MD source has no aging field; MD aging unavailable
BEAT SPORTY CBS	MJ2-MH	H1B02N41S4 A/T	2026	A395	1	RFS	1	StokMD - 2026-08-06T080446.204.xls	HTML table / 3,496 data rows	2026-08-06 08:04:46	MD source has no aging field; MD aging unavailable
BEAT SPORTY CBS	MJ2-MH	H1B02N41S4 A/T	2026	A395	10	RFS	1	StokMD - 2026-08-06T080446.204.xls	HTML table / 3,496 data rows	2026-08-06 08:04:46	MD source has no aging field; MD aging unavailable
BEAT SPORTY CBS	MJ2-MH	H1B02N41S4 A/T	2026	A395	13	RFS	1	StokMD - 2026-08-06T080446.204.xls	HTML table / 3,496 data rows	2026-08-06 08:04:46	MD source has no aging field; MD aging unavailable
BEAT SPORTY CBS	MJ2-MH	H1B02N41S4 A/T	2026	A395	14	RFS	1	StokMD - 2026-08-06T080446.204.xls	HTML table / 3,496 data rows	2026-08-06 08:04:46	MD source has no aging field; MD aging unavailable
BEAT SPORTY CBS	MJ2-MH	H1B02N41S4 A/T	2026	A395	17	RFS	1	StokMD - 2026-08-06T080446.204.xls	HTML table / 3,496 data rows	2026-08-06 08:04:46	MD source has no aging field; MD aging unavailable
BEAT SPORTY CBS	MJ2-MH	H1B02N41S4 A/T	2026	A395	19	RFS	1	StokMD - 2026-08-06T080446.204.xls	HTML table / 3,496 data rows	2026-08-06 08:04:46	MD source has no aging field; MD aging unavailable
BEAT SPORTY CBS	MJ2-MH	H1B02N41S4 A/T	2026	A395	21	RFS	1	StokMD - 2026-08-06T080446.204.xls	HTML table / 3,496 data rows	2026-08-06 08:04:46	MD source has no aging field; MD aging unavailable
BEAT SPORTY CBS	MJ2-MH	H1B02N41S4 A/T	2026	A395	24	RFS	1	StokMD - 2026-08-06T080446.204.xls	HTML table / 3,496 data rows	2026-08-06 08:04:46	MD source has no aging field; MD aging unavailable
BEAT SPORTY CBS	MJ2-MH	H1B02N41S4 A/T	2026	A395	25	RFS	1	StokMD - 2026-08-06T080446.204.xls	HTML table / 3,496 data rows	2026-08-06 08:04:46	MD source has no aging field; MD aging unavailable
BEAT SPORTY CBS	MJ2-MH	H1B02N41S4 A/T	2026	A395	28	RFS	1	StokMD - 2026-08-06T080446.204.xls	HTML table / 3,496 data rows	2026-08-06 08:04:46	MD source has no aging field; MD aging unavailable
BEAT SPORTY CBS	MJ2-MH	H1B02N41S4 A/T	2026	A395	30	RFS	1	StokMD - 2026-08-06T080446.204.xls	HTML table / 3,496 data rows	2026-08-06 08:04:46	MD source has no aging field; MD aging unavailable
BEAT SPORTY CBS	MJ2-MH	H1B02N41S4 A/T	2026	A395	31	RFS	1	StokMD - 2026-08-06T080446.204.xls	HTML table / 3,496 data rows	2026-08-06 08:04:46	MD source has no aging field; MD aging unavailable
BEAT SPORTY CBS	MJ2-MH	H1B02N41S4 A/T	2026	A395	7	RFS	1	StokMD - 2026-08-06T080446.204.xls	HTML table / 3,496 data rows	2026-08-06 08:04:46	MD source has no aging field; MD aging unavailable
BEAT SPORTY CBS	MJ2-MH	H1B02N41S4 A/T	2026	A395	8	RFS	1	StokMD - 2026-08-06T080446.204.xls	HTML table / 3,496 data rows	2026-08-06 08:04:46	MD source has no aging field; MD aging unavailable
BEAT SPORTY CBS ISS	MK2-1B	H1B02N42S4 A/T	2026	A252	31	RFS	1	StokMD - 2026-08-06T080446.204.xls	HTML table / 3,496 data rows	2026-08-06 08:04:46	MD source has no aging field; MD aging unavailable
BEAT SPORTY CBS ISS	MK2-1B	H1B02N42S4 A/T	2026	A252	32	RFS	1	StokMD - 2026-08-06T080446.204.xls	HTML table / 3,496 data rows	2026-08-06 08:04:46	MD source has no aging field; MD aging unavailable
BEAT SPORTY CBS ISS	MK2-1B	H1B02N42S4 A/T	2026	A252	38	RFS	1	StokMD - 2026-08-06T080446.204.xls	HTML table / 3,496 data rows	2026-08-06 08:04:46	MD source has no aging field; MD aging unavailable
BEAT SPORTY CBS ISS	MK2-1B	H1B02N42S4 A/T	2026	A253	1	RFS	1	StokMD - 2026-08-06T080446.204.xls	HTML table / 3,496 data rows	2026-08-06 08:04:46	MD source has no aging field; MD aging unavailable
BEAT SPORTY CBS ISS	MK2-1B	H1B02N42S4 A/T	2026	A253	10	RFS	1	StokMD - 2026-08-06T080446.204.xls	HTML table / 3,496 data rows	2026-08-06 08:04:46	MD source has no aging field; MD aging unavailable
BEAT SPORTY CBS ISS	MK2-1B	H1B02N42S4 A/T	2026	A253	11	RFS	1	StokMD - 2026-08-06T080446.204.xls	HTML table / 3,496 data rows	2026-08-06 08:04:46	MD source has no aging field; MD aging unavailable
BEAT SPORTY CBS ISS	MK2-1B	H1B02N42S4 A/T	2026	A253	14	RFS	1	StokMD - 2026-08-06T080446.204.xls	HTML table / 3,496 data rows	2026-08-06 08:04:46	MD source has no aging field; MD aging unavailable
BEAT SPORTY CBS ISS	MK2-1B	H1B02N42S4 A/T	2026	A253	16	RFS	1	StokMD - 2026-08-06T080446.204.xls	HTML table / 3,496 data rows	2026-08-06 08:04:46	MD source has no aging field; MD aging unavailable
BEAT SPORTY CBS ISS	MK2-1B	H1B02N42S4 A/T	2026	A253	17	RFS	1	StokMD - 2026-08-06T080446.204.xls	HTML table / 3,496 data rows	2026-08-06 08:04:46	MD source has no aging field; MD aging unavailable
BEAT SPORTY CBS ISS	MK2-1B	H1B02N42S4 A/T	2026	A253	2	RFS	1	StokMD - 2026-08-06T080446.204.xls	HTML table / 3,496 data rows	2026-08-06 08:04:46	MD source has no aging field; MD aging unavailable
BEAT SPORTY CBS ISS	MK2-1B	H1B02N42S4 A/T	2026	A253	21	RFS	1	StokMD - 2026-08-06T080446.204.xls	HTML table / 3,496 data rows	2026-08-06 08:04:46	MD source has no aging field; MD aging unavailable
BEAT SPORTY CBS ISS	MK2-1B	H1B02N42S4 A/T	2026	A253	34	RFS	1	StokMD - 2026-08-06T080446.204.xls	HTML table / 3,496 data rows	2026-08-06 08:04:46	MD source has no aging field; MD aging unavailable
BEAT SPORTY CBS ISS	MK2-1B	H1B02N42S4 A/T	2026	A253	7	RFS	1	StokMD - 2026-08-06T080446.204.xls	HTML table / 3,496 data rows	2026-08-06 08:04:46	MD source has no aging field; MD aging unavailable
BEAT SPORTY CBS ISS	MK2-1B	H1B02N42S4 A/T	2026	A253	8	RFS	1	StokMD - 2026-08-06T080446.204.xls	HTML table / 3,496 data rows	2026-08-06 08:04:46	MD source has no aging field; MD aging unavailable
BEAT SPORTY CBS ISS	MK2-1B	H1B02N42S4 A/T	2026	A262	35	RFS	1	StokMD - 2026-08-06T080446.204.xls	HTML table / 3,496 data rows	2026-08-06 08:04:46	MD source has no aging field; MD aging unavailable
BEAT SPORTY CBS ISS	MK2-1B	H1B02N42S4 A/T	2026	A262	36	RFS	1	StokMD - 2026-08-06T080446.204.xls	HTML table / 3,496 data rows	2026-08-06 08:04:46	MD source has no aging field; MD aging unavailable
BEAT SPORTY CBS ISS	MK2-1B	H1B02N42S4 A/T	2026	A262	37	RFS	1	StokMD - 2026-08-06T080446.204.xls	HTML table / 3,496 data rows	2026-08-06 08:04:46	MD source has no aging field; MD aging unavailable
BEAT SPORTY CBS ISS	MK2-1B	H1B02N42S4 A/T	2026	A262	38	RFS	1	StokMD - 2026-08-06T080446.204.xls	HTML table / 3,496 data rows	2026-08-06 08:04:46	MD source has no aging field; MD aging unavailable
BEAT SPORTY CBS ISS	MK2-1B	H1B02N42S4 A/T	2026	A262	39	RFS	1	StokMD - 2026-08-06T080446.204.xls	HTML table / 3,496 data rows	2026-08-06 08:04:46	MD source has no aging field; MD aging unavailable
BEAT SPORTY CBS ISS	MK2-1B	H1B02N42S4 A/T	2026	A262	40	RFS	1	StokMD - 2026-08-06T080446.204.xls	HTML table / 3,496 data rows	2026-08-06 08:04:46	MD source has no aging field; MD aging unavailable
BEAT SPORTY CBS ISS	MK2-1B	H1B02N42S4 A/T	2026	A263	1	RFS	1	StokMD - 2026-08-06T080446.204.xls	HTML table / 3,496 data rows	2026-08-06 08:04:46	MD source has no aging field; MD aging unavailable
BEAT SPORTY CBS ISS	MK2-1B	H1B02N42S4 A/T	2026	A263	15	RFS	1	StokMD - 2026-08-06T080446.204.xls	HTML table / 3,496 data rows	2026-08-06 08:04:46	MD source has no aging field; MD aging unavailable
BEAT SPORTY CBS ISS	MK2-1B	H1B02N42S4 A/T	2026	A263	16	RFS	1	StokMD - 2026-08-06T080446.204.xls	HTML table / 3,496 data rows	2026-08-06 08:04:46	MD source has no aging field; MD aging unavailable
BEAT SPORTY CBS ISS	MK2-1B	H1B02N42S4 A/T	2026	A263	17	RFS	1	StokMD - 2026-08-06T080446.204.xls	HTML table / 3,496 data rows	2026-08-06 08:04:46	MD source has no aging field; MD aging unavailable
BEAT SPORTY CBS ISS	MK2-1B	H1B02N42S4 A/T	2026	A263	18	RFS	1	StokMD - 2026-08-06T080446.204.xls	HTML table / 3,496 data rows	2026-08-06 08:04:46	MD source has no aging field; MD aging unavailable
BEAT SPORTY CBS ISS	MK2-1B	H1B02N42S4 A/T	2026	A263	19	RFS	1	StokMD - 2026-08-06T080446.204.xls	HTML table / 3,496 data rows	2026-08-06 08:04:46	MD source has no aging field; MD aging unavailable
BEAT SPORTY CBS ISS	MK2-1B	H1B02N42S4 A/T	2026	A263	2	RFS	1	StokMD - 2026-08-06T080446.204.xls	HTML table / 3,496 data rows	2026-08-06 08:04:46	MD source has no aging field; MD aging unavailable
BEAT SPORTY CBS ISS	MK2-1B	H1B02N42S4 A/T	2026	A263	20	RFS	1	StokMD - 2026-08-06T080446.204.xls	HTML table / 3,496 data rows	2026-08-06 08:04:46	MD source has no aging field; MD aging unavailable
BEAT SPORTY CBS ISS	MK2-1B	H1B02N42S4 A/T	2026	A263	21	RFS	1	StokMD - 2026-08-06T080446.204.xls	HTML table / 3,496 data rows	2026-08-06 08:04:46	MD source has no aging field; MD aging unavailable
BEAT SPORTY CBS ISS	MK2-1B	H1B02N42S4 A/T	2026	A263	7	RFS	1	StokMD - 2026-08-06T080446.204.xls	HTML table / 3,496 data rows	2026-08-06 08:04:46	MD source has no aging field; MD aging unavailable
BEAT SPORTY CBS ISS	MK2-5M	H1B02N42S4 A/T	2026	A262	11	RFS	1	StokMD - 2026-08-06T080446.204.xls	HTML table / 3,496 data rows	2026-08-06 08:04:46	MD source has no aging field; MD aging unavailable
BEAT SPORTY CBS ISS	MK2-5M	H1B02N42S4 A/T	2026	A262	18	RFS	1	StokMD - 2026-08-06T080446.204.xls	HTML table / 3,496 data rows	2026-08-06 08:04:46	MD source has no aging field; MD aging unavailable
BEAT SPORTY CBS ISS	MK2-5M	H1B02N42S4 A/T	2026	A262	19	RFS	1	StokMD - 2026-08-06T080446.204.xls	HTML table / 3,496 data rows	2026-08-06 08:04:46	MD source has no aging field; MD aging unavailable
BEAT SPORTY CBS ISS	MK2-5M	H1B02N42S4 A/T	2026	A262	21	RFS	1	StokMD - 2026-08-06T080446.204.xls	HTML table / 3,496 data rows	2026-08-06 08:04:46	MD source has no aging field; MD aging unavailable
BEAT SPORTY CBS ISS	MK2-5M	H1B02N42S4 A/T	2026	A262	6	RFS	1	StokMD - 2026-08-06T080446.204.xls	HTML table / 3,496 data rows	2026-08-06 08:04:46	MD source has no aging field; MD aging unavailable
BEAT SPORTY CBS ISS	MK2-BK	H1B02N42S4 A/T	2026	A185	5	NRFS	1	StokMD - 2026-08-06T080446.204.xls	HTML table / 3,496 data rows	2026-08-06 08:04:46	MD source has no aging field; MD aging unavailable
BEAT SPORTY CBS ISS	MK2-BK	H1B02N42S4 A/T	2026	A252	1	RFS	1	StokMD - 2026-08-06T080446.204.xls	HTML table / 3,496 data rows	2026-08-06 08:04:46	MD source has no aging field; MD aging unavailable
BEAT SPORTY CBS ISS	MK2-BK	H1B02N42S4 A/T	2026	A252	10	RFS	1	StokMD - 2026-08-06T080446.204.xls	HTML table / 3,496 data rows	2026-08-06 08:04:46	MD source has no aging field; MD aging unavailable
BEAT SPORTY CBS ISS	MK2-BK	H1B02N42S4 A/T	2026	A252	11	RFS	1	StokMD - 2026-08-06T080446.204.xls	HTML table / 3,496 data rows	2026-08-06 08:04:46	MD source has no aging field; MD aging unavailable
BEAT SPORTY CBS ISS	MK2-BK	H1B02N42S4 A/T	2026	A252	12	RFS	1	StokMD - 2026-08-06T080446.204.xls	HTML table / 3,496 data rows	2026-08-06 08:04:46	MD source has no aging field; MD aging unavailable
BEAT SPORTY CBS ISS	MK2-BK	H1B02N42S4 A/T	2026	A252	13	RFS	1	StokMD - 2026-08-06T080446.204.xls	HTML table / 3,496 data rows	2026-08-06 08:04:46	MD source has no aging field; MD aging unavailable
BEAT SPORTY CBS ISS	MK2-BK	H1B02N42S4 A/T	2026	A252	15	RFS	1	StokMD - 2026-08-06T080446.204.xls	HTML table / 3,496 data rows	2026-08-06 08:04:46	MD source has no aging field; MD aging unavailable
BEAT SPORTY CBS ISS	MK2-BK	H1B02N42S4 A/T	2026	A252	16	RFS	1	StokMD - 2026-08-06T080446.204.xls	HTML table / 3,496 data rows	2026-08-06 08:04:46	MD source has no aging field; MD aging unavailable
BEAT SPORTY CBS ISS	MK2-BK	H1B02N42S4 A/T	2026	A252	17	RFS	1	StokMD - 2026-08-06T080446.204.xls	HTML table / 3,496 data rows	2026-08-06 08:04:46	MD source has no aging field; MD aging unavailable
BEAT SPORTY CBS ISS	MK2-BK	H1B02N42S4 A/T	2026	A252	18	RFS	1	StokMD - 2026-08-06T080446.204.xls	HTML table / 3,496 data rows	2026-08-06 08:04:46	MD source has no aging field; MD aging unavailable
BEAT SPORTY CBS ISS	MK2-BK	H1B02N42S4 A/T	2026	A252	19	RFS	1	StokMD - 2026-08-06T080446.204.xls	HTML table / 3,496 data rows	2026-08-06 08:04:46	MD source has no aging field; MD aging unavailable
BEAT SPORTY CBS ISS	MK2-BK	H1B02N42S4 A/T	2026	A252	2	RFS	1	StokMD - 2026-08-06T080446.204.xls	HTML table / 3,496 data rows	2026-08-06 08:04:46	MD source has no aging field; MD aging unavailable
BEAT SPORTY CBS ISS	MK2-BK	H1B02N42S4 A/T	2026	A252	20	RFS	1	StokMD - 2026-08-06T080446.204.xls	HTML table / 3,496 data rows	2026-08-06 08:04:46	MD source has no aging field; MD aging unavailable
BEAT SPORTY CBS ISS	MK2-BK	H1B02N42S4 A/T	2026	A252	21	RFS	1	StokMD - 2026-08-06T080446.204.xls	HTML table / 3,496 data rows	2026-08-06 08:04:46	MD source has no aging field; MD aging unavailable
BEAT SPORTY CBS ISS	MK2-BK	H1B02N42S4 A/T	2026	A252	22	RFS	1	StokMD - 2026-08-06T080446.204.xls	HTML table / 3,496 data rows	2026-08-06 08:04:46	MD source has no aging field; MD aging unavailable
BEAT SPORTY CBS ISS	MK2-BK	H1B02N42S4 A/T	2026	A252	23	RFS	1	StokMD - 2026-08-06T080446.204.xls	HTML table / 3,496 data rows	2026-08-06 08:04:46	MD source has no aging field; MD aging unavailable
BEAT SPORTY CBS ISS	MK2-BK	H1B02N42S4 A/T	2026	A252	24	RFS	1	StokMD - 2026-08-06T080446.204.xls	HTML table / 3,496 data rows	2026-08-06 08:04:46	MD source has no aging field; MD aging unavailable
BEAT SPORTY CBS ISS	MK2-BK	H1B02N42S4 A/T	2026	A252	26	RFS	1	StokMD - 2026-08-06T080446.204.xls	HTML table / 3,496 data rows	2026-08-06 08:04:46	MD source has no aging field; MD aging unavailable
BEAT SPORTY CBS ISS	MK2-BK	H1B02N42S4 A/T	2026	A252	27	RFS	1	StokMD - 2026-08-06T080446.204.xls	HTML table / 3,496 data rows	2026-08-06 08:04:46	MD source has no aging field; MD aging unavailable
BEAT SPORTY CBS ISS	MK2-BK	H1B02N42S4 A/T	2026	A252	28	RFS	1	StokMD - 2026-08-06T080446.204.xls	HTML table / 3,496 data rows	2026-08-06 08:04:46	MD source has no aging field; MD aging unavailable
BEAT SPORTY CBS ISS	MK2-BK	H1B02N42S4 A/T	2026	A252	29	RFS	1	StokMD - 2026-08-06T080446.204.xls	HTML table / 3,496 data rows	2026-08-06 08:04:46	MD source has no aging field; MD aging unavailable
BEAT SPORTY CBS ISS	MK2-BK	H1B02N42S4 A/T	2026	A252	36	RFS	1	StokMD - 2026-08-06T080446.204.xls	HTML table / 3,496 data rows	2026-08-06 08:04:46	MD source has no aging field; MD aging unavailable
BEAT SPORTY CBS ISS	MK2-BK	H1B02N42S4 A/T	2026	A252	37	RFS	1	StokMD - 2026-08-06T080446.204.xls	HTML table / 3,496 data rows	2026-08-06 08:04:46	MD source has no aging field; MD aging unavailable
BEAT SPORTY CBS ISS	MK2-BK	H1B02N42S4 A/T	2026	A252	39	RFS	1	StokMD - 2026-08-06T080446.204.xls	HTML table / 3,496 data rows	2026-08-06 08:04:46	MD source has no aging field; MD aging unavailable
BEAT SPORTY CBS ISS	MK2-BK	H1B02N42S4 A/T	2026	A252	40	RFS	1	StokMD - 2026-08-06T080446.204.xls	HTML table / 3,496 data rows	2026-08-06 08:04:46	MD source has no aging field; MD aging unavailable
BEAT SPORTY CBS ISS	MK2-BK	H1B02N42S4 A/T	2026	A252	5	RFS	1	StokMD - 2026-08-06T080446.204.xls	HTML table / 3,496 data rows	2026-08-06 08:04:46	MD source has no aging field; MD aging unavailable
BEAT SPORTY CBS ISS	MK2-BK	H1B02N42S4 A/T	2026	A252	6	RFS	1	StokMD - 2026-08-06T080446.204.xls	HTML table / 3,496 data rows	2026-08-06 08:04:46	MD source has no aging field; MD aging unavailable
BEAT SPORTY CBS ISS	MK2-BK	H1B02N42S4 A/T	2026	A252	7	RFS	1	StokMD - 2026-08-06T080446.204.xls	HTML table / 3,496 data rows	2026-08-06 08:04:46	MD source has no aging field; MD aging unavailable
BEAT SPORTY CBS ISS	MK2-BK	H1B02N42S4 A/T	2026	A252	8	RFS	1	StokMD - 2026-08-06T080446.204.xls	HTML table / 3,496 data rows	2026-08-06 08:04:46	MD source has no aging field; MD aging unavailable
BEAT SPORTY CBS ISS	MK2-BK	H1B02N42S4 A/T	2026	A253	12	RFS	1	StokMD - 2026-08-06T080446.204.xls	HTML table / 3,496 data rows	2026-08-06 08:04:46	MD source has no aging field; MD aging unavailable
BEAT SPORTY CBS ISS	MK2-BK	H1B02N42S4 A/T	2026	A253	13	RFS	1	StokMD - 2026-08-06T080446.204.xls	HTML table / 3,496 data rows	2026-08-06 08:04:46	MD source has no aging field; MD aging unavailable
BEAT SPORTY CBS ISS	MK2-BK	H1B02N42S4 A/T	2026	A253	15	RFS	1	StokMD - 2026-08-06T080446.204.xls	HTML table / 3,496 data rows	2026-08-06 08:04:46	MD source has no aging field; MD aging unavailable
BEAT SPORTY CBS ISS	MK2-BK	H1B02N42S4 A/T	2026	A253	18	RFS	1	StokMD - 2026-08-06T080446.204.xls	HTML table / 3,496 data rows	2026-08-06 08:04:46	MD source has no aging field; MD aging unavailable
BEAT SPORTY CBS ISS	MK2-BK	H1B02N42S4 A/T	2026	A253	22	RFS	1	StokMD - 2026-08-06T080446.204.xls	HTML table / 3,496 data rows	2026-08-06 08:04:46	MD source has no aging field; MD aging unavailable
BEAT SPORTY CBS ISS	MK2-BK	H1B02N42S4 A/T	2026	A253	26	RFS	1	StokMD - 2026-08-06T080446.204.xls	HTML table / 3,496 data rows	2026-08-06 08:04:46	MD source has no aging field; MD aging unavailable
BEAT SPORTY CBS ISS	MK2-BK	H1B02N42S4 A/T	2026	A253	29	RFS	1	StokMD - 2026-08-06T080446.204.xls	HTML table / 3,496 data rows	2026-08-06 08:04:46	MD source has no aging field; MD aging unavailable
BEAT SPORTY CBS ISS	MK2-BK	H1B02N42S4 A/T	2026	A253	3	RFS	1	StokMD - 2026-08-06T080446.204.xls	HTML table / 3,496 data rows	2026-08-06 08:04:46	MD source has no aging field; MD aging unavailable
BEAT SPORTY CBS ISS	MK2-BK	H1B02N42S4 A/T	2026	A253	32	RFS	1	StokMD - 2026-08-06T080446.204.xls	HTML table / 3,496 data rows	2026-08-06 08:04:46	MD source has no aging field; MD aging unavailable
BEAT SPORTY CBS ISS	MK2-BK	H1B02N42S4 A/T	2026	A253	33	RFS	1	StokMD - 2026-08-06T080446.204.xls	HTML table / 3,496 data rows	2026-08-06 08:04:46	MD source has no aging field; MD aging unavailable
BEAT SPORTY CBS ISS	MK2-BK	H1B02N42S4 A/T	2026	A253	4	RFS	1	StokMD - 2026-08-06T080446.204.xls	HTML table / 3,496 data rows	2026-08-06 08:04:46	MD source has no aging field; MD aging unavailable
BEAT SPORTY CBS ISS	MK2-BK	H1B02N42S4 A/T	2026	A253	9	RFS	1	StokMD - 2026-08-06T080446.204.xls	HTML table / 3,496 data rows	2026-08-06 08:04:46	MD source has no aging field; MD aging unavailable
BEAT SPORTY CBS ISS	MK2-BK	H1B02N42S4 A/T	2026	A254	30	RFS	1	StokMD - 2026-08-06T080446.204.xls	HTML table / 3,496 data rows	2026-08-06 08:04:46	MD source has no aging field; MD aging unavailable
BEAT SPORTY CBS ISS	MK2-BK	H1B02N42S4 A/T	2026	A254	35	RFS	1	StokMD - 2026-08-06T080446.204.xls	HTML table / 3,496 data rows	2026-08-06 08:04:46	MD source has no aging field; MD aging unavailable
BEAT SPORTY CBS ISS	MK2-BK	H1B02N42S4 A/T	2026	A254	37	RFS	1	StokMD - 2026-08-06T080446.204.xls	HTML table / 3,496 data rows	2026-08-06 08:04:46	MD source has no aging field; MD aging unavailable
BEAT SPORTY CBS ISS	MK2-BK	H1B02N42S4 A/T	2026	A254	38	RFS	1	StokMD - 2026-08-06T080446.204.xls	HTML table / 3,496 data rows	2026-08-06 08:04:46	MD source has no aging field; MD aging unavailable
BEAT SPORTY CBS ISS	MK2-BK	H1B02N42S4 A/T	2026	A254	39	RFS	1	StokMD - 2026-08-06T080446.204.xls	HTML table / 3,496 data rows	2026-08-06 08:04:46	MD source has no aging field; MD aging unavailable
BEAT SPORTY CBS ISS	MK2-BK	H1B02N42S4 A/T	2026	A254	40	RFS	1	StokMD - 2026-08-06T080446.204.xls	HTML table / 3,496 data rows	2026-08-06 08:04:46	MD source has no aging field; MD aging unavailable
BEAT SPORTY CBS ISS	MK2-BK	H1B02N42S4 A/T	2026	A254	8	RFS	1	StokMD - 2026-08-06T080446.204.xls	HTML table / 3,496 data rows	2026-08-06 08:04:46	MD source has no aging field; MD aging unavailable
BEAT SPORTY CBS ISS	MK2-BK	H1B02N42S4 A/T	2026	A255	1	RFS	1	StokMD - 2026-08-06T080446.204.xls	HTML table / 3,496 data rows	2026-08-06 08:04:46	MD source has no aging field; MD aging unavailable
BEAT SPORTY CBS ISS	MK2-BK	H1B02N42S4 A/T	2026	A255	10	RFS	1	StokMD - 2026-08-06T080446.204.xls	HTML table / 3,496 data rows	2026-08-06 08:04:46	MD source has no aging field; MD aging unavailable
BEAT SPORTY CBS ISS	MK2-BK	H1B02N42S4 A/T	2026	A255	13	RFS	1	StokMD - 2026-08-06T080446.204.xls	HTML table / 3,496 data rows	2026-08-06 08:04:46	MD source has no aging field; MD aging unavailable
BEAT SPORTY CBS ISS	MK2-BK	H1B02N42S4 A/T	2026	A255	18	RFS	1	StokMD - 2026-08-06T080446.204.xls	HTML table / 3,496 data rows	2026-08-06 08:04:46	MD source has no aging field; MD aging unavailable
BEAT SPORTY CBS ISS	MK2-BK	H1B02N42S4 A/T	2026	A255	20	BOOKING	1	StokMD - 2026-08-06T080446.204.xls	HTML table / 3,496 data rows	2026-08-06 08:04:46	MD source has no aging field; MD aging unavailable
BEAT SPORTY CBS ISS	MK2-BK	H1B02N42S4 A/T	2026	A255	23	BOOKING	1	StokMD - 2026-08-06T080446.204.xls	HTML table / 3,496 data rows	2026-08-06 08:04:46	MD source has no aging field; MD aging unavailable
BEAT SPORTY CBS ISS	MK2-BK	H1B02N42S4 A/T	2026	A255	27	RFS	1	StokMD - 2026-08-06T080446.204.xls	HTML table / 3,496 data rows	2026-08-06 08:04:46	MD source has no aging field; MD aging unavailable
BEAT SPORTY CBS ISS	MK2-BK	H1B02N42S4 A/T	2026	A255	28	RFS	1	StokMD - 2026-08-06T080446.204.xls	HTML table / 3,496 data rows	2026-08-06 08:04:46	MD source has no aging field; MD aging unavailable
BEAT SPORTY CBS ISS	MK2-BK	H1B02N42S4 A/T	2026	A255	29	RFS	1	StokMD - 2026-08-06T080446.204.xls	HTML table / 3,496 data rows	2026-08-06 08:04:46	MD source has no aging field; MD aging unavailable
BEAT SPORTY CBS ISS	MK2-BK	H1B02N42S4 A/T	2026	A255	30	RFS	1	StokMD - 2026-08-06T080446.204.xls	HTML table / 3,496 data rows	2026-08-06 08:04:46	MD source has no aging field; MD aging unavailable
BEAT SPORTY CBS ISS	MK2-BK	H1B02N42S4 A/T	2026	A255	31	BOOKING	1	StokMD - 2026-08-06T080446.204.xls	HTML table / 3,496 data rows	2026-08-06 08:04:46	MD source has no aging field; MD aging unavailable
BEAT SPORTY CBS ISS	MK2-BK	H1B02N42S4 A/T	2026	A255	32	BOOKING	1	StokMD - 2026-08-06T080446.204.xls	HTML table / 3,496 data rows	2026-08-06 08:04:46	MD source has no aging field; MD aging unavailable
BEAT SPORTY CBS ISS	MK2-BK	H1B02N42S4 A/T	2026	A255	33	BOOKING	1	StokMD - 2026-08-06T080446.204.xls	HTML table / 3,496 data rows	2026-08-06 08:04:46	MD source has no aging field; MD aging unavailable
BEAT SPORTY CBS ISS	MK2-BK	H1B02N42S4 A/T	2026	A255	34	RFS	1	StokMD - 2026-08-06T080446.204.xls	HTML table / 3,496 data rows	2026-08-06 08:04:46	MD source has no aging field; MD aging unavailable
BEAT SPORTY CBS ISS	MK2-BK	H1B02N42S4 A/T	2026	A255	36	RFS	1	StokMD - 2026-08-06T080446.204.xls	HTML table / 3,496 data rows	2026-08-06 08:04:46	MD source has no aging field; MD aging unavailable
BEAT SPORTY CBS ISS	MK2-BK	H1B02N42S4 A/T	2026	A255	39	RFS	1	StokMD - 2026-08-06T080446.204.xls	HTML table / 3,496 data rows	2026-08-06 08:04:46	MD source has no aging field; MD aging unavailable
BEAT SPORTY CBS ISS	MK2-BK	H1B02N42S4 A/T	2026	A255	40	RFS	1	StokMD - 2026-08-06T080446.204.xls	HTML table / 3,496 data rows	2026-08-06 08:04:46	MD source has no aging field; MD aging unavailable
BEAT SPORTY CBS ISS	MK2-BK	H1B02N42S4 A/T	2026	A255	5	RFS	1	StokMD - 2026-08-06T080446.204.xls	HTML table / 3,496 data rows	2026-08-06 08:04:46	MD source has no aging field; MD aging unavailable
BEAT SPORTY CBS ISS	MK2-BK	H1B02N42S4 A/T	2026	A255	6	RFS	1	StokMD - 2026-08-06T080446.204.xls	HTML table / 3,496 data rows	2026-08-06 08:04:46	MD source has no aging field; MD aging unavailable
BEAT SPORTY CBS ISS	MK2-BK	H1B02N42S4 A/T	2026	A255	7	RFS	1	StokMD - 2026-08-06T080446.204.xls	HTML table / 3,496 data rows	2026-08-06 08:04:46	MD source has no aging field; MD aging unavailable
BEAT SPORTY CBS ISS	MK2-BK	H1B02N42S4 A/T	2026	A255	8	RFS	1	StokMD - 2026-08-06T080446.204.xls	HTML table / 3,496 data rows	2026-08-06 08:04:46	MD source has no aging field; MD aging unavailable
BEAT SPORTY CBS ISS	MK2-BK	H1B02N42S4 A/T	2026	A255	9	RFS	1	StokMD - 2026-08-06T080446.204.xls	HTML table / 3,496 data rows	2026-08-06 08:04:46	MD source has no aging field; MD aging unavailable
BEAT SPORTY CBS ISS	MK2-BK	H1B02N42S4 A/T	2026	A262	1	RFS	1	StokMD - 2026-08-06T080446.204.xls	HTML table / 3,496 data rows	2026-08-06 08:04:46	MD source has no aging field; MD aging unavailable
BEAT SPORTY CBS ISS	MK2-BK	H1B02N42S4 A/T	2026	A262	10	RFS	1	StokMD - 2026-08-06T080446.204.xls	HTML table / 3,496 data rows	2026-08-06 08:04:46	MD source has no aging field; MD aging unavailable
BEAT SPORTY CBS ISS	MK2-BK	H1B02N42S4 A/T	2026	A262	12	RFS	1	StokMD - 2026-08-06T080446.204.xls	HTML table / 3,496 data rows	2026-08-06 08:04:46	MD source has no aging field; MD aging unavailable
BEAT SPORTY CBS ISS	MK2-BK	H1B02N42S4 A/T	2026	A262	13	RFS	1	StokMD - 2026-08-06T080446.204.xls	HTML table / 3,496 data rows	2026-08-06 08:04:46	MD source has no aging field; MD aging unavailable
BEAT SPORTY CBS ISS	MK2-BK	H1B02N42S4 A/T	2026	A262	14	RFS	1	StokMD - 2026-08-06T080446.204.xls	HTML table / 3,496 data rows	2026-08-06 08:04:46	MD source has no aging field; MD aging unavailable
BEAT SPORTY CBS ISS	MK2-BK	H1B02N42S4 A/T	2026	A262	15	RFS	1	StokMD - 2026-08-06T080446.204.xls	HTML table / 3,496 data rows	2026-08-06 08:04:46	MD source has no aging field; MD aging unavailable
BEAT SPORTY CBS ISS	MK2-BK	H1B02N42S4 A/T	2026	A262	16	RFS	1	StokMD - 2026-08-06T080446.204.xls	HTML table / 3,496 data rows	2026-08-06 08:04:46	MD source has no aging field; MD aging unavailable
BEAT SPORTY CBS ISS	MK2-BK	H1B02N42S4 A/T	2026	A262	2	RFS	1	StokMD - 2026-08-06T080446.204.xls	HTML table / 3,496 data rows	2026-08-06 08:04:46	MD source has no aging field; MD aging unavailable
BEAT SPORTY CBS ISS	MK2-BK	H1B02N42S4 A/T	2026	A262	22	RFS	1	StokMD - 2026-08-06T080446.204.xls	HTML table / 3,496 data rows	2026-08-06 08:04:46	MD source has no aging field; MD aging unavailable
BEAT SPORTY CBS ISS	MK2-BK	H1B02N42S4 A/T	2026	A262	23	RFS	1	StokMD - 2026-08-06T080446.204.xls	HTML table / 3,496 data rows	2026-08-06 08:04:46	MD source has no aging field; MD aging unavailable
BEAT SPORTY CBS ISS	MK2-BK	H1B02N42S4 A/T	2026	A262	29	RFS	1	StokMD - 2026-08-06T080446.204.xls	HTML table / 3,496 data rows	2026-08-06 08:04:46	MD source has no aging field; MD aging unavailable
BEAT SPORTY CBS ISS	MK2-BK	H1B02N42S4 A/T	2026	A262	3	RFS	1	StokMD - 2026-08-06T080446.204.xls	HTML table / 3,496 data rows	2026-08-06 08:04:46	MD source has no aging field; MD aging unavailable
BEAT SPORTY CBS ISS	MK2-BK	H1B02N42S4 A/T	2026	A262	30	RFS	1	StokMD - 2026-08-06T080446.204.xls	HTML table / 3,496 data rows	2026-08-06 08:04:46	MD source has no aging field; MD aging unavailable
BEAT SPORTY CBS ISS	MK2-BK	H1B02N42S4 A/T	2026	A262	33	RFS	1	StokMD - 2026-08-06T080446.204.xls	HTML table / 3,496 data rows	2026-08-06 08:04:46	MD source has no aging field; MD aging unavailable
BEAT SPORTY CBS ISS	MK2-BK	H1B02N42S4 A/T	2026	A262	34	RFS	1	StokMD - 2026-08-06T080446.204.xls	HTML table / 3,496 data rows	2026-08-06 08:04:46	MD source has no aging field; MD aging unavailable
BEAT SPORTY CBS ISS	MK2-BK	H1B02N42S4 A/T	2026	A262	4	RFS	1	StokMD - 2026-08-06T080446.204.xls	HTML table / 3,496 data rows	2026-08-06 08:04:46	MD source has no aging field; MD aging unavailable
BEAT SPORTY CBS ISS	MK2-BK	H1B02N42S4 A/T	2026	A262	9	RFS	1	StokMD - 2026-08-06T080446.204.xls	HTML table / 3,496 data rows	2026-08-06 08:04:46	MD source has no aging field; MD aging unavailable
BEAT SPORTY CBS ISS	MK2-BK	H1B02N42S4 A/T	2026	A263	10	RFS	1	StokMD - 2026-08-06T080446.204.xls	HTML table / 3,496 data rows	2026-08-06 08:04:46	MD source has no aging field; MD aging unavailable
BEAT SPORTY CBS ISS	MK2-BK	H1B02N42S4 A/T	2026	A263	11	RFS	1	StokMD - 2026-08-06T080446.204.xls	HTML table / 3,496 data rows	2026-08-06 08:04:46	MD source has no aging field; MD aging unavailable
BEAT SPORTY CBS ISS	MK2-BK	H1B02N42S4 A/T	2026	A263	13	RFS	1	StokMD - 2026-08-06T080446.204.xls	HTML table / 3,496 data rows	2026-08-06 08:04:46	MD source has no aging field; MD aging unavailable
BEAT SPORTY CBS ISS	MK2-BK	H1B02N42S4 A/T	2026	A263	14	RFS	1	StokMD - 2026-08-06T080446.204.xls	HTML table / 3,496 data rows	2026-08-06 08:04:46	MD source has no aging field; MD aging unavailable
BEAT SPORTY CBS ISS	MK2-BK	H1B02N42S4 A/T	2026	A263	22	RFS	1	StokMD - 2026-08-06T080446.204.xls	HTML table / 3,496 data rows	2026-08-06 08:04:46	MD source has no aging field; MD aging unavailable
BEAT SPORTY CBS ISS	MK2-BK	H1B02N42S4 A/T	2026	A263	23	BOOKING	1	StokMD - 2026-08-06T080446.204.xls	HTML table / 3,496 data rows	2026-08-06 08:04:46	MD source has no aging field; MD aging unavailable
BEAT SPORTY CBS ISS	MK2-BK	H1B02N42S4 A/T	2026	A263	24	BOOKING	1	StokMD - 2026-08-06T080446.204.xls	HTML table / 3,496 data rows	2026-08-06 08:04:46	MD source has no aging field; MD aging unavailable
BEAT SPORTY CBS ISS	MK2-BK	H1B02N42S4 A/T	2026	A263	29	BOOKING	1	StokMD - 2026-08-06T080446.204.xls	HTML table / 3,496 data rows	2026-08-06 08:04:46	MD source has no aging field; MD aging unavailable
BEAT SPORTY CBS ISS	MK2-BK	H1B02N42S4 A/T	2026	A263	34	BOOKING	1	StokMD - 2026-08-06T080446.204.xls	HTML table / 3,496 data rows	2026-08-06 08:04:46	MD source has no aging field; MD aging unavailable
BEAT SPORTY CBS ISS	MK2-BK	H1B02N42S4 A/T	2026	A263	38	BOOKING	1	StokMD - 2026-08-06T080446.204.xls	HTML table / 3,496 data rows	2026-08-06 08:04:46	MD source has no aging field; MD aging unavailable
BEAT SPORTY CBS ISS	MK2-BK	H1B02N42S4 A/T	2026	A263	39	BOOKING	1	StokMD - 2026-08-06T080446.204.xls	HTML table / 3,496 data rows	2026-08-06 08:04:46	MD source has no aging field; MD aging unavailable
BEAT SPORTY CBS ISS	MK2-BK	H1B02N42S4 A/T	2026	A263	8	RFS	1	StokMD - 2026-08-06T080446.204.xls	HTML table / 3,496 data rows	2026-08-06 08:04:46	MD source has no aging field; MD aging unavailable
BEAT SPORTY CBS ISS	MK2-BK	H1B02N42S4 A/T	2026	A275	12	BOOKING	1	StokMD - 2026-08-06T080446.204.xls	HTML table / 3,496 data rows	2026-08-06 08:04:46	MD source has no aging field; MD aging unavailable
BEAT SPORTY CBS ISS	MK2-BK	H1B02N42S4 A/T	2026	A275	15	BOOKING	1	StokMD - 2026-08-06T080446.204.xls	HTML table / 3,496 data rows	2026-08-06 08:04:46	MD source has no aging field; MD aging unavailable
BEAT SPORTY CBS ISS	MK2-BK	H1B02N42S4 A/T	2026	A275	24	BOOKING	1	StokMD - 2026-08-06T080446.204.xls	HTML table / 3,496 data rows	2026-08-06 08:04:46	MD source has no aging field; MD aging unavailable
BEAT SPORTY CBS ISS	MK2-BK	H1B02N42S4 A/T	2026	A275	25	BOOKING	1	StokMD - 2026-08-06T080446.204.xls	HTML table / 3,496 data rows	2026-08-06 08:04:46	MD source has no aging field; MD aging unavailable
BEAT SPORTY CBS ISS	MK2-BK	H1B02N42S4 A/T	2026	A275	26	BOOKING	1	StokMD - 2026-08-06T080446.204.xls	HTML table / 3,496 data rows	2026-08-06 08:04:46	MD source has no aging field; MD aging unavailable
BEAT SPORTY CBS ISS	MK2-BK	H1B02N42S4 A/T	2026	A275	27	BOOKING	1	StokMD - 2026-08-06T080446.204.xls	HTML table / 3,496 data rows	2026-08-06 08:04:46	MD source has no aging field; MD aging unavailable
BEAT SPORTY CBS ISS	MK2-BK	H1B02N42S4 A/T	2026	A275	28	BOOKING	1	StokMD - 2026-08-06T080446.204.xls	HTML table / 3,496 data rows	2026-08-06 08:04:46	MD source has no aging field; MD aging unavailable
BEAT SPORTY CBS ISS	MK2-BK	H1B02N42S4 A/T	2026	A275	32	BOOKING	1	StokMD - 2026-08-06T080446.204.xls	HTML table / 3,496 data rows	2026-08-06 08:04:46	MD source has no aging field; MD aging unavailable
BEAT SPORTY CBS ISS	MK2-BK	H1B02N42S4 A/T	2026	A275	9	BOOKING	1	StokMD - 2026-08-06T080446.204.xls	HTML table / 3,496 data rows	2026-08-06 08:04:46	MD source has no aging field; MD aging unavailable
BEAT SPORTY CBS ISS	MK2-BK	H1B02N42S4 A/T	2026	A33A	2	RFS	1	StokMD - 2026-08-06T080446.204.xls	HTML table / 3,496 data rows	2026-08-06 08:04:46	MD source has no aging field; MD aging unavailable
BEAT SPORTY CBS ISS	MK2-BK	H1B02N42S4 A/T	2026	A33A	3	RFS	1	StokMD - 2026-08-06T080446.204.xls	HTML table / 3,496 data rows	2026-08-06 08:04:46	MD source has no aging field; MD aging unavailable
BEAT SPORTY CBS ISS	MK2-BK	H1B02N42S4 A/T	2026	A33A	4	RFS	1	StokMD - 2026-08-06T080446.204.xls	HTML table / 3,496 data rows	2026-08-06 08:04:46	MD source has no aging field; MD aging unavailable
BEAT SPORTY CBS ISS	MK2-BK	H1B02N42S4 A/T	2026	A33A	5	RFS	1	StokMD - 2026-08-06T080446.204.xls	HTML table / 3,496 data rows	2026-08-06 08:04:46	MD source has no aging field; MD aging unavailable
BEAT SPORTY CBS ISS	MK2-BK	H1B02N42S4 A/T	2026	A33A	6	RFS	1	StokMD - 2026-08-06T080446.204.xls	HTML table / 3,496 data rows	2026-08-06 08:04:46	MD source has no aging field; MD aging unavailable
BEAT SPORTY CBS ISS	MK2-BK	H1B02N42S4 A/T	2026	A33A	7	RFS	1	StokMD - 2026-08-06T080446.204.xls	HTML table / 3,496 data rows	2026-08-06 08:04:46	MD source has no aging field; MD aging unavailable
BEAT SPORTY CBS ISS	MK2-BK	H1B02N42S4 A/T	2026	A33A	8	RFS	1	StokMD - 2026-08-06T080446.204.xls	HTML table / 3,496 data rows	2026-08-06 08:04:46	MD source has no aging field; MD aging unavailable
BEAT SPORTY CBS ISS	MK2-BK	H1B02N42S4 A/T	2026	A431	1	RFS	1	StokMD - 2026-08-06T080446.204.xls	HTML table / 3,496 data rows	2026-08-06 08:04:46	MD source has no aging field; MD aging unavailable
BEAT SPORTY CBS ISS	MK2-BK	H1B02N42S4 A/T	2026	A431	16	RFS	1	StokMD - 2026-08-06T080446.204.xls	HTML table / 3,496 data rows	2026-08-06 08:04:46	MD source has no aging field; MD aging unavailable
BEAT SPORTY CBS ISS	MK2-BK	H1B02N42S4 A/T	2026	A431	17	RFS	1	StokMD - 2026-08-06T080446.204.xls	HTML table / 3,496 data rows	2026-08-06 08:04:46	MD source has no aging field; MD aging unavailable
BEAT SPORTY CBS ISS	MK2-BK	H1B02N42S4 A/T	2026	A431	18	RFS	1	StokMD - 2026-08-06T080446.204.xls	HTML table / 3,496 data rows	2026-08-06 08:04:46	MD source has no aging field; MD aging unavailable
BEAT SPORTY CBS ISS	MK2-BK	H1B02N42S4 A/T	2026	A431	19	RFS	1	StokMD - 2026-08-06T080446.204.xls	HTML table / 3,496 data rows	2026-08-06 08:04:46	MD source has no aging field; MD aging unavailable
BEAT SPORTY CBS ISS	MK2-BK	H1B02N42S4 A/T	2026	A431	2	RFS	1	StokMD - 2026-08-06T080446.204.xls	HTML table / 3,496 data rows	2026-08-06 08:04:46	MD source has no aging field; MD aging unavailable
BEAT SPORTY CBS ISS	MK2-BK	H1B02N42S4 A/T	2026	A431	20	RFS	1	StokMD - 2026-08-06T080446.204.xls	HTML table / 3,496 data rows	2026-08-06 08:04:46	MD source has no aging field; MD aging unavailable
BEAT SPORTY CBS ISS	MK2-BK	H1B02N42S4 A/T	2026	A431	21	RFS	1	StokMD - 2026-08-06T080446.204.xls	HTML table / 3,496 data rows	2026-08-06 08:04:46	MD source has no aging field; MD aging unavailable
BEAT SPORTY CBS ISS	MK2-BK	H1B02N42S4 A/T	2026	A431	22	RFS	1	StokMD - 2026-08-06T080446.204.xls	HTML table / 3,496 data rows	2026-08-06 08:04:46	MD source has no aging field; MD aging unavailable
BEAT SPORTY CBS ISS	MK2-BK	H1B02N42S4 A/T	2026	A431	25	RFS	1	StokMD - 2026-08-06T080446.204.xls	HTML table / 3,496 data rows	2026-08-06 08:04:46	MD source has no aging field; MD aging unavailable
BEAT SPORTY CBS ISS	MK2-BK	H1B02N42S4 A/T	2026	A431	26	RFS	1	StokMD - 2026-08-06T080446.204.xls	HTML table / 3,496 data rows	2026-08-06 08:04:46	MD source has no aging field; MD aging unavailable
BEAT SPORTY CBS ISS	MK2-BK	H1B02N42S4 A/T	2026	A431	27	RFS	1	StokMD - 2026-08-06T080446.204.xls	HTML table / 3,496 data rows	2026-08-06 08:04:46	MD source has no aging field; MD aging unavailable
BEAT SPORTY CBS ISS	MK2-BK	H1B02N42S4 A/T	2026	A431	28	RFS	1	StokMD - 2026-08-06T080446.204.xls	HTML table / 3,496 data rows	2026-08-06 08:04:46	MD source has no aging field; MD aging unavailable
BEAT SPORTY CBS ISS	MK2-BK	H1B02N42S4 A/T	2026	A431	29	RFS	1	StokMD - 2026-08-06T080446.204.xls	HTML table / 3,496 data rows	2026-08-06 08:04:46	MD source has no aging field; MD aging unavailable
BEAT SPORTY CBS ISS	MK2-BK	H1B02N42S4 A/T	2026	A431	3	RFS	1	StokMD - 2026-08-06T080446.204.xls	HTML table / 3,496 data rows	2026-08-06 08:04:46	MD source has no aging field; MD aging unavailable
BEAT SPORTY CBS ISS	MK2-BK	H1B02N42S4 A/T	2026	A431	30	RFS	1	StokMD - 2026-08-06T080446.204.xls	HTML table / 3,496 data rows	2026-08-06 08:04:46	MD source has no aging field; MD aging unavailable
BEAT SPORTY CBS ISS	MK2-BK	H1B02N42S4 A/T	2026	A431	31	RFS	1	StokMD - 2026-08-06T080446.204.xls	HTML table / 3,496 data rows	2026-08-06 08:04:46	MD source has no aging field; MD aging unavailable
BEAT SPORTY CBS ISS	MK2-BK	H1B02N42S4 A/T	2026	A431	32	RFS	1	StokMD - 2026-08-06T080446.204.xls	HTML table / 3,496 data rows	2026-08-06 08:04:46	MD source has no aging field; MD aging unavailable
BEAT SPORTY CBS ISS	MK2-BK	H1B02N42S4 A/T	2026	A431	33	RFS	1	StokMD - 2026-08-06T080446.204.xls	HTML table / 3,496 data rows	2026-08-06 08:04:46	MD source has no aging field; MD aging unavailable
BEAT SPORTY CBS ISS	MK2-BK	H1B02N42S4 A/T	2026	A431	34	RFS	1	StokMD - 2026-08-06T080446.204.xls	HTML table / 3,496 data rows	2026-08-06 08:04:46	MD source has no aging field; MD aging unavailable
BEAT SPORTY CBS ISS	MK2-BK	H1B02N42S4 A/T	2026	A431	35	RFS	1	StokMD - 2026-08-06T080446.204.xls	HTML table / 3,496 data rows	2026-08-06 08:04:46	MD source has no aging field; MD aging unavailable
BEAT SPORTY CBS ISS	MK2-BK	H1B02N42S4 A/T	2026	A431	5	RFS	1	StokMD - 2026-08-06T080446.204.xls	HTML table / 3,496 data rows	2026-08-06 08:04:46	MD source has no aging field; MD aging unavailable
BEAT SPORTY CBS ISS	MK2-BK	H1B02N42S4 A/T	2026	A434	1	BOOKING	1	StokMD - 2026-08-06T080446.204.xls	HTML table / 3,496 data rows	2026-08-06 08:04:46	MD source has no aging field; MD aging unavailable
BEAT SPORTY CBS ISS	MK2-BK	H1B02N42S4 A/T	2026	A434	16	RFS	1	StokMD - 2026-08-06T080446.204.xls	HTML table / 3,496 data rows	2026-08-06 08:04:46	MD source has no aging field; MD aging unavailable
BEAT SPORTY CBS ISS	MK2-BK	H1B02N42S4 A/T	2026	A434	2	BOOKING	1	StokMD - 2026-08-06T080446.204.xls	HTML table / 3,496 data rows	2026-08-06 08:04:46	MD source has no aging field; MD aging unavailable
BEAT SPORTY CBS ISS	MK2-BK	H1B02N42S4 A/T	2026	A434	20	RFS	1	StokMD - 2026-08-06T080446.204.xls	HTML table / 3,496 data rows	2026-08-06 08:04:46	MD source has no aging field; MD aging unavailable
BEAT SPORTY CBS ISS	MK2-BK	H1B02N42S4 A/T	2026	A434	21	RFS	1	StokMD - 2026-08-06T080446.204.xls	HTML table / 3,496 data rows	2026-08-06 08:04:46	MD source has no aging field; MD aging unavailable
BEAT SPORTY CBS ISS	MK2-BK	H1B02N42S4 A/T	2026	A434	22	RFS	1	StokMD - 2026-08-06T080446.204.xls	HTML table / 3,496 data rows	2026-08-06 08:04:46	MD source has no aging field; MD aging unavailable
BEAT SPORTY CBS ISS	MK2-BK	H1B02N42S4 A/T	2026	A434	23	RFS	1	StokMD - 2026-08-06T080446.204.xls	HTML table / 3,496 data rows	2026-08-06 08:04:46	MD source has no aging field; MD aging unavailable
BEAT SPORTY CBS ISS	MK2-BK	H1B02N42S4 A/T	2026	A434	24	RFS	1	StokMD - 2026-08-06T080446.204.xls	HTML table / 3,496 data rows	2026-08-06 08:04:46	MD source has no aging field; MD aging unavailable
BEAT SPORTY CBS ISS	MK2-BK	H1B02N42S4 A/T	2026	A434	25	RFS	1	StokMD - 2026-08-06T080446.204.xls	HTML table / 3,496 data rows	2026-08-06 08:04:46	MD source has no aging field; MD aging unavailable
BEAT SPORTY CBS ISS	MK2-BK	H1B02N42S4 A/T	2026	A434	26	RFS	1	StokMD - 2026-08-06T080446.204.xls	HTML table / 3,496 data rows	2026-08-06 08:04:46	MD source has no aging field; MD aging unavailable
BEAT SPORTY CBS ISS	MK2-BK	H1B02N42S4 A/T	2026	A434	27	RFS	1	StokMD - 2026-08-06T080446.204.xls	HTML table / 3,496 data rows	2026-08-06 08:04:46	MD source has no aging field; MD aging unavailable
BEAT SPORTY CBS ISS	MK2-BK	H1B02N42S4 A/T	2026	A434	28	RFS	1	StokMD - 2026-08-06T080446.204.xls	HTML table / 3,496 data rows	2026-08-06 08:04:46	MD source has no aging field; MD aging unavailable
BEAT SPORTY CBS ISS	MK2-BK	H1B02N42S4 A/T	2026	A434	29	RFS	1	StokMD - 2026-08-06T080446.204.xls	HTML table / 3,496 data rows	2026-08-06 08:04:46	MD source has no aging field; MD aging unavailable
BEAT SPORTY CBS ISS	MK2-BK	H1B02N42S4 A/T	2026	A434	3	BOOKING	1	StokMD - 2026-08-06T080446.204.xls	HTML table / 3,496 data rows	2026-08-06 08:04:46	MD source has no aging field; MD aging unavailable
BEAT SPORTY CBS ISS	MK2-BK	H1B02N42S4 A/T	2026	A434	30	RFS	1	StokMD - 2026-08-06T080446.204.xls	HTML table / 3,496 data rows	2026-08-06 08:04:46	MD source has no aging field; MD aging unavailable
BEAT SPORTY CBS ISS	MK2-BK	H1B02N42S4 A/T	2026	A434	31	RFS	1	StokMD - 2026-08-06T080446.204.xls	HTML table / 3,496 data rows	2026-08-06 08:04:46	MD source has no aging field; MD aging unavailable
BEAT SPORTY CBS ISS	MK2-BK	H1B02N42S4 A/T	2026	A434	32	RFS	1	StokMD - 2026-08-06T080446.204.xls	HTML table / 3,496 data rows	2026-08-06 08:04:46	MD source has no aging field; MD aging unavailable
BEAT SPORTY CBS ISS	MK2-BK	H1B02N42S4 A/T	2026	A434	33	RFS	1	StokMD - 2026-08-06T080446.204.xls	HTML table / 3,496 data rows	2026-08-06 08:04:46	MD source has no aging field; MD aging unavailable
BEAT SPORTY CBS ISS	MK2-BK	H1B02N42S4 A/T	2026	A434	34	RFS	1	StokMD - 2026-08-06T080446.204.xls	HTML table / 3,496 data rows	2026-08-06 08:04:46	MD source has no aging field; MD aging unavailable
BEAT SPORTY CBS ISS	MK2-BK	H1B02N42S4 A/T	2026	A434	35	RFS	1	StokMD - 2026-08-06T080446.204.xls	HTML table / 3,496 data rows	2026-08-06 08:04:46	MD source has no aging field; MD aging unavailable
BEAT SPORTY CBS ISS	MK2-BK	H1B02N42S4 A/T	2026	A434	4	BOOKING	1	StokMD - 2026-08-06T080446.204.xls	HTML table / 3,496 data rows	2026-08-06 08:04:46	MD source has no aging field; MD aging unavailable
BEAT SPORTY CBS ISS	MK2-BK	H1B02N42S4 A/T	2026	A434	5	BOOKING	1	StokMD - 2026-08-06T080446.204.xls	HTML table / 3,496 data rows	2026-08-06 08:04:46	MD source has no aging field; MD aging unavailable
BEAT SPORTY CBS ISS	MK2-BK	H1B02N42S4 A/T	2026	A434	6	RFS	1	StokMD - 2026-08-06T080446.204.xls	HTML table / 3,496 data rows	2026-08-06 08:04:46	MD source has no aging field; MD aging unavailable
BEAT SPORTY CBS ISS	MK2-ML	H1B02N42S4 A/T	2026	A252	25	RFS	1	StokMD - 2026-08-06T080446.204.xls	HTML table / 3,496 data rows	2026-08-06 08:04:46	MD source has no aging field; MD aging unavailable
BEAT SPORTY CBS ISS	MK2-ML	H1B02N42S4 A/T	2026	A252	34	RFS	1	StokMD - 2026-08-06T080446.204.xls	HTML table / 3,496 data rows	2026-08-06 08:04:46	MD source has no aging field; MD aging unavailable
BEAT SPORTY CBS ISS	MK2-ML	H1B02N42S4 A/T	2026	A253	0	BOOKING	1	StokMD - 2026-08-06T080446.204.xls	HTML table / 3,496 data rows	2026-08-06 08:04:46	MD source has no aging field; MD aging unavailable
BEAT SPORTY CBS ISS	MK2-ML	H1B02N42S4 A/T	2026	A253	19	BOOKING	1	StokMD - 2026-08-06T080446.204.xls	HTML table / 3,496 data rows	2026-08-06 08:04:46	MD source has no aging field; MD aging unavailable
BEAT SPORTY CBS ISS	MK2-ML	H1B02N42S4 A/T	2026	A253	20	BOOKING	1	StokMD - 2026-08-06T080446.204.xls	HTML table / 3,496 data rows	2026-08-06 08:04:46	MD source has no aging field; MD aging unavailable
BEAT SPORTY CBS ISS	MK2-ML	H1B02N42S4 A/T	2026	A253	23	RFS	1	StokMD - 2026-08-06T080446.204.xls	HTML table / 3,496 data rows	2026-08-06 08:04:46	MD source has no aging field; MD aging unavailable
BEAT SPORTY CBS ISS	MK2-ML	H1B02N42S4 A/T	2026	A253	24	RFS	1	StokMD - 2026-08-06T080446.204.xls	HTML table / 3,496 data rows	2026-08-06 08:04:46	MD source has no aging field; MD aging unavailable
BEAT SPORTY CBS ISS	MK2-ML	H1B02N42S4 A/T	2026	A253	25	BOOKING	1	StokMD - 2026-08-06T080446.204.xls	HTML table / 3,496 data rows	2026-08-06 08:04:46	MD source has no aging field; MD aging unavailable
BEAT SPORTY CBS ISS	MK2-ML	H1B02N42S4 A/T	2026	A253	27	BOOKING	1	StokMD - 2026-08-06T080446.204.xls	HTML table / 3,496 data rows	2026-08-06 08:04:46	MD source has no aging field; MD aging unavailable
BEAT SPORTY CBS ISS	MK2-ML	H1B02N42S4 A/T	2026	A253	28	RFS	1	StokMD - 2026-08-06T080446.204.xls	HTML table / 3,496 data rows	2026-08-06 08:04:46	MD source has no aging field; MD aging unavailable
BEAT SPORTY CBS ISS	MK2-ML	H1B02N42S4 A/T	2026	A253	30	RFS	1	StokMD - 2026-08-06T080446.204.xls	HTML table / 3,496 data rows	2026-08-06 08:04:46	MD source has no aging field; MD aging unavailable
BEAT SPORTY CBS ISS	MK2-ML	H1B02N42S4 A/T	2026	A253	31	RFS	1	StokMD - 2026-08-06T080446.204.xls	HTML table / 3,496 data rows	2026-08-06 08:04:46	MD source has no aging field; MD aging unavailable
BEAT SPORTY CBS ISS	MK2-ML	H1B02N42S4 A/T	2026	A253	35	RFS	1	StokMD - 2026-08-06T080446.204.xls	HTML table / 3,496 data rows	2026-08-06 08:04:46	MD source has no aging field; MD aging unavailable
BEAT SPORTY CBS ISS	MK2-ML	H1B02N42S4 A/T	2026	A253	36	RFS	1	StokMD - 2026-08-06T080446.204.xls	HTML table / 3,496 data rows	2026-08-06 08:04:46	MD source has no aging field; MD aging unavailable
BEAT SPORTY CBS ISS	MK2-ML	H1B02N42S4 A/T	2026	A253	37	RFS	1	StokMD - 2026-08-06T080446.204.xls	HTML table / 3,496 data rows	2026-08-06 08:04:46	MD source has no aging field; MD aging unavailable
BEAT SPORTY CBS ISS	MK2-ML	H1B02N42S4 A/T	2026	A253	38	RFS	1	StokMD - 2026-08-06T080446.204.xls	HTML table / 3,496 data rows	2026-08-06 08:04:46	MD source has no aging field; MD aging unavailable
BEAT SPORTY CBS ISS	MK2-ML	H1B02N42S4 A/T	2026	A253	39	RFS	1	StokMD - 2026-08-06T080446.204.xls	HTML table / 3,496 data rows	2026-08-06 08:04:46	MD source has no aging field; MD aging unavailable
BEAT SPORTY CBS ISS	MK2-ML	H1B02N42S4 A/T	2026	A253	5	RFS	1	StokMD - 2026-08-06T080446.204.xls	HTML table / 3,496 data rows	2026-08-06 08:04:46	MD source has no aging field; MD aging unavailable
BEAT SPORTY CBS ISS	MK2-ML	H1B02N42S4 A/T	2026	A253	6	RFS	1	StokMD - 2026-08-06T080446.204.xls	HTML table / 3,496 data rows	2026-08-06 08:04:46	MD source has no aging field; MD aging unavailable
BEAT SPORTY CBS ISS	MK2-ML	H1B02N42S4 A/T	2026	A254	1	RFS	1	StokMD - 2026-08-06T080446.204.xls	HTML table / 3,496 data rows	2026-08-06 08:04:46	MD source has no aging field; MD aging unavailable
BEAT SPORTY CBS ISS	MK2-ML	H1B02N42S4 A/T	2026	A254	10	RFS	1	StokMD - 2026-08-06T080446.204.xls	HTML table / 3,496 data rows	2026-08-06 08:04:46	MD source has no aging field; MD aging unavailable
BEAT SPORTY CBS ISS	MK2-ML	H1B02N42S4 A/T	2026	A254	11	RFS	1	StokMD - 2026-08-06T080446.204.xls	HTML table / 3,496 data rows	2026-08-06 08:04:46	MD source has no aging field; MD aging unavailable
BEAT SPORTY CBS ISS	MK2-ML	H1B02N42S4 A/T	2026	A254	12	RFS	1	StokMD - 2026-08-06T080446.204.xls	HTML table / 3,496 data rows	2026-08-06 08:04:46	MD source has no aging field; MD aging unavailable
BEAT SPORTY CBS ISS	MK2-ML	H1B02N42S4 A/T	2026	A254	13	RFS	1	StokMD - 2026-08-06T080446.204.xls	HTML table / 3,496 data rows	2026-08-06 08:04:46	MD source has no aging field; MD aging unavailable
BEAT SPORTY CBS ISS	MK2-ML	H1B02N42S4 A/T	2026	A254	14	RFS	1	StokMD - 2026-08-06T080446.204.xls	HTML table / 3,496 data rows	2026-08-06 08:04:46	MD source has no aging field; MD aging unavailable
BEAT SPORTY CBS ISS	MK2-ML	H1B02N42S4 A/T	2026	A254	15	RFS	1	StokMD - 2026-08-06T080446.204.xls	HTML table / 3,496 data rows	2026-08-06 08:04:46	MD source has no aging field; MD aging unavailable
BEAT SPORTY CBS ISS	MK2-ML	H1B02N42S4 A/T	2026	A254	16	RFS	1	StokMD - 2026-08-06T080446.204.xls	HTML table / 3,496 data rows	2026-08-06 08:04:46	MD source has no aging field; MD aging unavailable
BEAT SPORTY CBS ISS	MK2-ML	H1B02N42S4 A/T	2026	A254	17	RFS	1	StokMD - 2026-08-06T080446.204.xls	HTML table / 3,496 data rows	2026-08-06 08:04:46	MD source has no aging field; MD aging unavailable
BEAT SPORTY CBS ISS	MK2-ML	H1B02N42S4 A/T	2026	A254	18	RFS	1	StokMD - 2026-08-06T080446.204.xls	HTML table / 3,496 data rows	2026-08-06 08:04:46	MD source has no aging field; MD aging unavailable
BEAT SPORTY CBS ISS	MK2-ML	H1B02N42S4 A/T	2026	A254	19	RFS	1	StokMD - 2026-08-06T080446.204.xls	HTML table / 3,496 data rows	2026-08-06 08:04:46	MD source has no aging field; MD aging unavailable
BEAT SPORTY CBS ISS	MK2-ML	H1B02N42S4 A/T	2026	A254	20	RFS	1	StokMD - 2026-08-06T080446.204.xls	HTML table / 3,496 data rows	2026-08-06 08:04:46	MD source has no aging field; MD aging unavailable
BEAT SPORTY CBS ISS	MK2-ML	H1B02N42S4 A/T	2026	A254	22	RFS	1	StokMD - 2026-08-06T080446.204.xls	HTML table / 3,496 data rows	2026-08-06 08:04:46	MD source has no aging field; MD aging unavailable
BEAT SPORTY CBS ISS	MK2-ML	H1B02N42S4 A/T	2026	A254	25	BOOKING	1	StokMD - 2026-08-06T080446.204.xls	HTML table / 3,496 data rows	2026-08-06 08:04:46	MD source has no aging field; MD aging unavailable
BEAT SPORTY CBS ISS	MK2-ML	H1B02N42S4 A/T	2026	A254	27	RFS	1	StokMD - 2026-08-06T080446.204.xls	HTML table / 3,496 data rows	2026-08-06 08:04:46	MD source has no aging field; MD aging unavailable
BEAT SPORTY CBS ISS	MK2-ML	H1B02N42S4 A/T	2026	A254	29	RFS	1	StokMD - 2026-08-06T080446.204.xls	HTML table / 3,496 data rows	2026-08-06 08:04:46	MD source has no aging field; MD aging unavailable
BEAT SPORTY CBS ISS	MK2-ML	H1B02N42S4 A/T	2026	A254	31	RFS	1	StokMD - 2026-08-06T080446.204.xls	HTML table / 3,496 data rows	2026-08-06 08:04:46	MD source has no aging field; MD aging unavailable
BEAT SPORTY CBS ISS	MK2-ML	H1B02N42S4 A/T	2026	A254	32	BOOKING	1	StokMD - 2026-08-06T080446.204.xls	HTML table / 3,496 data rows	2026-08-06 08:04:46	MD source has no aging field; MD aging unavailable
BEAT SPORTY CBS ISS	MK2-ML	H1B02N42S4 A/T	2026	A254	33	BOOKING	1	StokMD - 2026-08-06T080446.204.xls	HTML table / 3,496 data rows	2026-08-06 08:04:46	MD source has no aging field; MD aging unavailable
BEAT SPORTY CBS ISS	MK2-ML	H1B02N42S4 A/T	2026	A254	34	BOOKING	1	StokMD - 2026-08-06T080446.204.xls	HTML table / 3,496 data rows	2026-08-06 08:04:46	MD source has no aging field; MD aging unavailable
BEAT SPORTY CBS ISS	MK2-ML	H1B02N42S4 A/T	2026	A254	36	RFS	1	StokMD - 2026-08-06T080446.204.xls	HTML table / 3,496 data rows	2026-08-06 08:04:46	MD source has no aging field; MD aging unavailable
BEAT SPORTY CBS ISS	MK2-ML	H1B02N42S4 A/T	2026	A254	5	RFS	1	StokMD - 2026-08-06T080446.204.xls	HTML table / 3,496 data rows	2026-08-06 08:04:46	MD source has no aging field; MD aging unavailable
BEAT SPORTY CBS ISS	MK2-ML	H1B02N42S4 A/T	2026	A254	6	RFS	1	StokMD - 2026-08-06T080446.204.xls	HTML table / 3,496 data rows	2026-08-06 08:04:46	MD source has no aging field; MD aging unavailable
BEAT SPORTY CBS ISS	MK2-ML	H1B02N42S4 A/T	2026	A254	9	RFS	1	StokMD - 2026-08-06T080446.204.xls	HTML table / 3,496 data rows	2026-08-06 08:04:46	MD source has no aging field; MD aging unavailable
BEAT SPORTY CBS ISS	MK2-ML	H1B02N42S4 A/T	2026	A255	11	RFS	1	StokMD - 2026-08-06T080446.204.xls	HTML table / 3,496 data rows	2026-08-06 08:04:46	MD source has no aging field; MD aging unavailable
BEAT SPORTY CBS ISS	MK2-ML	H1B02N42S4 A/T	2026	A255	12	RFS	1	StokMD - 2026-08-06T080446.204.xls	HTML table / 3,496 data rows	2026-08-06 08:04:46	MD source has no aging field; MD aging unavailable
BEAT SPORTY CBS ISS	MK2-ML	H1B02N42S4 A/T	2026	A255	16	RFS	1	StokMD - 2026-08-06T080446.204.xls	HTML table / 3,496 data rows	2026-08-06 08:04:46	MD source has no aging field; MD aging unavailable
BEAT SPORTY CBS ISS	MK2-ML	H1B02N42S4 A/T	2026	A255	17	RFS	1	StokMD - 2026-08-06T080446.204.xls	HTML table / 3,496 data rows	2026-08-06 08:04:46	MD source has no aging field; MD aging unavailable
BEAT SPORTY CBS ISS	MK2-ML	H1B02N42S4 A/T	2026	A255	19	RFS	1	StokMD - 2026-08-06T080446.204.xls	HTML table / 3,496 data rows	2026-08-06 08:04:46	MD source has no aging field; MD aging unavailable
BEAT SPORTY CBS ISS	MK2-ML	H1B02N42S4 A/T	2026	A255	2	RFS	1	StokMD - 2026-08-06T080446.204.xls	HTML table / 3,496 data rows	2026-08-06 08:04:46	MD source has no aging field; MD aging unavailable
BEAT SPORTY CBS ISS	MK2-ML	H1B02N42S4 A/T	2026	A255	21	RFS	1	StokMD - 2026-08-06T080446.204.xls	HTML table / 3,496 data rows	2026-08-06 08:04:46	MD source has no aging field; MD aging unavailable
BEAT SPORTY CBS ISS	MK2-ML	H1B02N42S4 A/T	2026	A255	22	RFS	1	StokMD - 2026-08-06T080446.204.xls	HTML table / 3,496 data rows	2026-08-06 08:04:46	MD source has no aging field; MD aging unavailable
BEAT SPORTY CBS ISS	MK2-ML	H1B02N42S4 A/T	2026	A255	24	RFS	1	StokMD - 2026-08-06T080446.204.xls	HTML table / 3,496 data rows	2026-08-06 08:04:46	MD source has no aging field; MD aging unavailable
BEAT SPORTY CBS ISS	MK2-ML	H1B02N42S4 A/T	2026	A255	25	RFS	1	StokMD - 2026-08-06T080446.204.xls	HTML table / 3,496 data rows	2026-08-06 08:04:46	MD source has no aging field; MD aging unavailable
BEAT SPORTY CBS ISS	MK2-ML	H1B02N42S4 A/T	2026	A255	26	RFS	1	StokMD - 2026-08-06T080446.204.xls	HTML table / 3,496 data rows	2026-08-06 08:04:46	MD source has no aging field; MD aging unavailable
BEAT SPORTY CBS ISS	MK2-ML	H1B02N42S4 A/T	2026	A255	35	RFS	1	StokMD - 2026-08-06T080446.204.xls	HTML table / 3,496 data rows	2026-08-06 08:04:46	MD source has no aging field; MD aging unavailable
BEAT SPORTY CBS ISS	MK2-ML	H1B02N42S4 A/T	2026	A255	37	RFS	1	StokMD - 2026-08-06T080446.204.xls	HTML table / 3,496 data rows	2026-08-06 08:04:46	MD source has no aging field; MD aging unavailable
BEAT SPORTY CBS ISS	MK2-ML	H1B02N42S4 A/T	2026	A255	38	RFS	1	StokMD - 2026-08-06T080446.204.xls	HTML table / 3,496 data rows	2026-08-06 08:04:46	MD source has no aging field; MD aging unavailable
BEAT SPORTY CBS ISS	MK2-ML	H1B02N42S4 A/T	2026	A255	4	RFS	1	StokMD - 2026-08-06T080446.204.xls	HTML table / 3,496 data rows	2026-08-06 08:04:46	MD source has no aging field; MD aging unavailable
BEAT SPORTY CBS ISS	MK2-ML	H1B02N42S4 A/T	2026	A262	17	RFS	1	StokMD - 2026-08-06T080446.204.xls	HTML table / 3,496 data rows	2026-08-06 08:04:46	MD source has no aging field; MD aging unavailable
BEAT SPORTY CBS ISS	MK2-ML	H1B02N42S4 A/T	2026	A262	20	RFS	1	StokMD - 2026-08-06T080446.204.xls	HTML table / 3,496 data rows	2026-08-06 08:04:46	MD source has no aging field; MD aging unavailable
BEAT SPORTY CBS ISS	MK2-ML	H1B02N42S4 A/T	2026	A262	24	RFS	1	StokMD - 2026-08-06T080446.204.xls	HTML table / 3,496 data rows	2026-08-06 08:04:46	MD source has no aging field; MD aging unavailable
BEAT SPORTY CBS ISS	MK2-ML	H1B02N42S4 A/T	2026	A262	25	RFS	1	StokMD - 2026-08-06T080446.204.xls	HTML table / 3,496 data rows	2026-08-06 08:04:46	MD source has no aging field; MD aging unavailable
BEAT SPORTY CBS ISS	MK2-ML	H1B02N42S4 A/T	2026	A262	26	RFS	1	StokMD - 2026-08-06T080446.204.xls	HTML table / 3,496 data rows	2026-08-06 08:04:46	MD source has no aging field; MD aging unavailable
BEAT SPORTY CBS ISS	MK2-ML	H1B02N42S4 A/T	2026	A262	27	RFS	1	StokMD - 2026-08-06T080446.204.xls	HTML table / 3,496 data rows	2026-08-06 08:04:46	MD source has no aging field; MD aging unavailable
BEAT SPORTY CBS ISS	MK2-ML	H1B02N42S4 A/T	2026	A262	28	RFS	1	StokMD - 2026-08-06T080446.204.xls	HTML table / 3,496 data rows	2026-08-06 08:04:46	MD source has no aging field; MD aging unavailable
BEAT SPORTY CBS ISS	MK2-ML	H1B02N42S4 A/T	2026	A262	31	RFS	1	StokMD - 2026-08-06T080446.204.xls	HTML table / 3,496 data rows	2026-08-06 08:04:46	MD source has no aging field; MD aging unavailable
BEAT SPORTY CBS ISS	MK2-ML	H1B02N42S4 A/T	2026	A262	32	RFS	1	StokMD - 2026-08-06T080446.204.xls	HTML table / 3,496 data rows	2026-08-06 08:04:46	MD source has no aging field; MD aging unavailable
BEAT SPORTY CBS ISS	MK2-ML	H1B02N42S4 A/T	2026	A262	5	RFS	1	StokMD - 2026-08-06T080446.204.xls	HTML table / 3,496 data rows	2026-08-06 08:04:46	MD source has no aging field; MD aging unavailable
BEAT SPORTY CBS ISS	MK2-ML	H1B02N42S4 A/T	2026	A262	7	RFS	1	StokMD - 2026-08-06T080446.204.xls	HTML table / 3,496 data rows	2026-08-06 08:04:46	MD source has no aging field; MD aging unavailable
BEAT SPORTY CBS ISS	MK2-ML	H1B02N42S4 A/T	2026	A262	8	RFS	1	StokMD - 2026-08-06T080446.204.xls	HTML table / 3,496 data rows	2026-08-06 08:04:46	MD source has no aging field; MD aging unavailable
BEAT SPORTY CBS ISS	MK2-ML	H1B02N42S4 A/T	2026	A263	30	RFS	1	StokMD - 2026-08-06T080446.204.xls	HTML table / 3,496 data rows	2026-08-06 08:04:46	MD source has no aging field; MD aging unavailable
BEAT SPORTY CBS ISS	MK2-ML	H1B02N42S4 A/T	2026	A263	31	RFS	1	StokMD - 2026-08-06T080446.204.xls	HTML table / 3,496 data rows	2026-08-06 08:04:46	MD source has no aging field; MD aging unavailable
BEAT SPORTY CBS ISS	MK2-ML	H1B02N42S4 A/T	2026	A263	32	RFS	1	StokMD - 2026-08-06T080446.204.xls	HTML table / 3,496 data rows	2026-08-06 08:04:46	MD source has no aging field; MD aging unavailable
BEAT SPORTY CBS ISS	MK2-ML	H1B02N42S4 A/T	2026	A263	33	RFS	1	StokMD - 2026-08-06T080446.204.xls	HTML table / 3,496 data rows	2026-08-06 08:04:46	MD source has no aging field; MD aging unavailable
BEAT SPORTY CBS ISS	MK2-ML	H1B02N42S4 A/T	2026	A263	35	RFS	1	StokMD - 2026-08-06T080446.204.xls	HTML table / 3,496 data rows	2026-08-06 08:04:46	MD source has no aging field; MD aging unavailable
BEAT SPORTY CBS ISS	MK2-ML	H1B02N42S4 A/T	2026	A263	36	RFS	1	StokMD - 2026-08-06T080446.204.xls	HTML table / 3,496 data rows	2026-08-06 08:04:46	MD source has no aging field; MD aging unavailable
BEAT SPORTY CBS ISS	MK2-ML	H1B02N42S4 A/T	2026	A263	37	RFS	1	StokMD - 2026-08-06T080446.204.xls	HTML table / 3,496 data rows	2026-08-06 08:04:46	MD source has no aging field; MD aging unavailable
BEAT SPORTY CBS ISS	MK2-ML	H1B02N42S4 A/T	2026	A263	40	RFS	1	StokMD - 2026-08-06T080446.204.xls	HTML table / 3,496 data rows	2026-08-06 08:04:46	MD source has no aging field; MD aging unavailable
BEAT SPORTY CBS ISS	MK2-ML	H1B02N42S4 A/T	2026	A275	2	RFS	1	StokMD - 2026-08-06T080446.204.xls	HTML table / 3,496 data rows	2026-08-06 08:04:46	MD source has no aging field; MD aging unavailable
BEAT SPORTY CBS ISS	MK2-ML	H1B02N42S4 A/T	2026	A275	29	RFS	1	StokMD - 2026-08-06T080446.204.xls	HTML table / 3,496 data rows	2026-08-06 08:04:46	MD source has no aging field; MD aging unavailable
BEAT SPORTY CBS ISS	MK2-ML	H1B02N42S4 A/T	2026	A431	14	RFS	1	StokMD - 2026-08-06T080446.204.xls	HTML table / 3,496 data rows	2026-08-06 08:04:46	MD source has no aging field; MD aging unavailable
BEAT SPORTY CBS ISS	MK2-ML	H1B02N42S4 A/T	2026	A431	23	RFS	1	StokMD - 2026-08-06T080446.204.xls	HTML table / 3,496 data rows	2026-08-06 08:04:46	MD source has no aging field; MD aging unavailable
BEAT SPORTY CBS ISS	MK2-ML	H1B02N42S4 A/T	2026	A431	24	RFS	1	StokMD - 2026-08-06T080446.204.xls	HTML table / 3,496 data rows	2026-08-06 08:04:46	MD source has no aging field; MD aging unavailable
BEAT SPORTY CBS ISS	MK2-ML	H1B02N42S4 A/T	2026	A431	4	RFS	1	StokMD - 2026-08-06T080446.204.xls	HTML table / 3,496 data rows	2026-08-06 08:04:46	MD source has no aging field; MD aging unavailable
BEAT SPORTY CBS ISS	MK2-ML	H1B02N42S4 A/T	2026	A434	13	RFS	1	StokMD - 2026-08-06T080446.204.xls	HTML table / 3,496 data rows	2026-08-06 08:04:46	MD source has no aging field; MD aging unavailable
BEAT SPORTY CBS ISS	MK2-ML	H1B02N42S4 A/T	2026	A434	14	RFS	1	StokMD - 2026-08-06T080446.204.xls	HTML table / 3,496 data rows	2026-08-06 08:04:46	MD source has no aging field; MD aging unavailable
BEAT SPORTY CBS ISS	MK2-ML	H1B02N42S4 A/T	2026	A434	15	RFS	1	StokMD - 2026-08-06T080446.204.xls	HTML table / 3,496 data rows	2026-08-06 08:04:46	MD source has no aging field; MD aging unavailable
BEAT SPORTY CBS ISS	MK2-ML	H1B02N42S4 A/T	2026	A434	17	BOOKING	1	StokMD - 2026-08-06T080446.204.xls	HTML table / 3,496 data rows	2026-08-06 08:04:46	MD source has no aging field; MD aging unavailable
BEAT SPORTY CBS ISS	MK2-ML	H1B02N42S4 A/T	2026	A434	18	RFS	1	StokMD - 2026-08-06T080446.204.xls	HTML table / 3,496 data rows	2026-08-06 08:04:46	MD source has no aging field; MD aging unavailable
BEAT SPORTY CBS ISS	MK2-ML	H1B02N42S4 A/T	2026	A434	19	RFS	1	StokMD - 2026-08-06T080446.204.xls	HTML table / 3,496 data rows	2026-08-06 08:04:46	MD source has no aging field; MD aging unavailable
BEAT SPORTY CBS ISS DELUXE	MK1-BK	H1B02N42S3 A/T	2026	A33A	1	RFS	1	StokMD - 2026-08-06T080446.204.xls	HTML table / 3,496 data rows	2026-08-06 08:04:46	MD source has no aging field; MD aging unavailable
BEAT SPORTY DLX SMART KEY	ML1-BW	H1B02N42S3A A/T	2026	A185	50	NRFS	1	StokMD - 2026-08-06T080446.204.xls	HTML table / 3,496 data rows	2026-08-06 08:04:46	MD source has no aging field; MD aging unavailable
BEAT SPORTY DLX SMART KEY	ML2-1B	H1B02N42S4A A/T	2026	A264	22	RFS	1	StokMD - 2026-08-06T080446.204.xls	HTML table / 3,496 data rows	2026-08-06 08:04:46	MD source has no aging field; MD aging unavailable
BEAT SPORTY DLX SMART KEY	ML2-1B	H1B02N42S4A A/T	2026	A264	32	RFS	1	StokMD - 2026-08-06T080446.204.xls	HTML table / 3,496 data rows	2026-08-06 08:04:46	MD source has no aging field; MD aging unavailable
BEAT SPORTY DLX SMART KEY	ML2-1B	H1B02N42S4A A/T	2026	A264	36	RFS	1	StokMD - 2026-08-06T080446.204.xls	HTML table / 3,496 data rows	2026-08-06 08:04:46	MD source has no aging field; MD aging unavailable
BEAT SPORTY DLX SMART KEY	ML2-1B	H1B02N42S4A A/T	2026	A264	38	RFS	1	StokMD - 2026-08-06T080446.204.xls	HTML table / 3,496 data rows	2026-08-06 08:04:46	MD source has no aging field; MD aging unavailable
BEAT SPORTY DLX SMART KEY	ML2-1B	H1B02N42S4A A/T	2026	A265	6	RFS	1	StokMD - 2026-08-06T080446.204.xls	HTML table / 3,496 data rows	2026-08-06 08:04:46	MD source has no aging field; MD aging unavailable
BEAT SPORTY DLX SMART KEY	ML2-BK	H1B02N42S4A A/T	2026	A264	10	RFS	1	StokMD - 2026-08-06T080446.204.xls	HTML table / 3,496 data rows	2026-08-06 08:04:46	MD source has no aging field; MD aging unavailable
BEAT SPORTY DLX SMART KEY	ML2-BK	H1B02N42S4A A/T	2026	A264	11	RFS	1	StokMD - 2026-08-06T080446.204.xls	HTML table / 3,496 data rows	2026-08-06 08:04:46	MD source has no aging field; MD aging unavailable
BEAT SPORTY DLX SMART KEY	ML2-BK	H1B02N42S4A A/T	2026	A264	13	RFS	1	StokMD - 2026-08-06T080446.204.xls	HTML table / 3,496 data rows	2026-08-06 08:04:46	MD source has no aging field; MD aging unavailable
BEAT SPORTY DLX SMART KEY	ML2-BK	H1B02N42S4A A/T	2026	A264	15	RFS	1	StokMD - 2026-08-06T080446.204.xls	HTML table / 3,496 data rows	2026-08-06 08:04:46	MD source has no aging field; MD aging unavailable
BEAT SPORTY DLX SMART KEY	ML2-BK	H1B02N42S4A A/T	2026	A264	16	RFS	1	StokMD - 2026-08-06T080446.204.xls	HTML table / 3,496 data rows	2026-08-06 08:04:46	MD source has no aging field; MD aging unavailable
BEAT SPORTY DLX SMART KEY	ML2-BK	H1B02N42S4A A/T	2026	A264	19	RFS	1	StokMD - 2026-08-06T080446.204.xls	HTML table / 3,496 data rows	2026-08-06 08:04:46	MD source has no aging field; MD aging unavailable
BEAT SPORTY DLX SMART KEY	ML2-BK	H1B02N42S4A A/T	2026	A264	24	RFS	1	StokMD - 2026-08-06T080446.204.xls	HTML table / 3,496 data rows	2026-08-06 08:04:46	MD source has no aging field; MD aging unavailable
BEAT SPORTY DLX SMART KEY	ML2-BK	H1B02N42S4A A/T	2026	A264	25	RFS	1	StokMD - 2026-08-06T080446.204.xls	HTML table / 3,496 data rows	2026-08-06 08:04:46	MD source has no aging field; MD aging unavailable
BEAT SPORTY DLX SMART KEY	ML2-BK	H1B02N42S4A A/T	2026	A264	26	RFS	1	StokMD - 2026-08-06T080446.204.xls	HTML table / 3,496 data rows	2026-08-06 08:04:46	MD source has no aging field; MD aging unavailable
BEAT SPORTY DLX SMART KEY	ML2-BK	H1B02N42S4A A/T	2026	A264	27	RFS	1	StokMD - 2026-08-06T080446.204.xls	HTML table / 3,496 data rows	2026-08-06 08:04:46	MD source has no aging field; MD aging unavailable
BEAT SPORTY DLX SMART KEY	ML2-BK	H1B02N42S4A A/T	2026	A264	28	RFS	1	StokMD - 2026-08-06T080446.204.xls	HTML table / 3,496 data rows	2026-08-06 08:04:46	MD source has no aging field; MD aging unavailable
BEAT SPORTY DLX SMART KEY	ML2-BK	H1B02N42S4A A/T	2026	A264	29	RFS	1	StokMD - 2026-08-06T080446.204.xls	HTML table / 3,496 data rows	2026-08-06 08:04:46	MD source has no aging field; MD aging unavailable
BEAT SPORTY DLX SMART KEY	ML2-BK	H1B02N42S4A A/T	2026	A264	3	RFS	1	StokMD - 2026-08-06T080446.204.xls	HTML table / 3,496 data rows	2026-08-06 08:04:46	MD source has no aging field; MD aging unavailable
BEAT SPORTY DLX SMART KEY	ML2-BK	H1B02N42S4A A/T	2026	A264	31	RFS	1	StokMD - 2026-08-06T080446.204.xls	HTML table / 3,496 data rows	2026-08-06 08:04:46	MD source has no aging field; MD aging unavailable
BEAT SPORTY DLX SMART KEY	ML2-BK	H1B02N42S4A A/T	2026	A264	33	RFS	1	StokMD - 2026-08-06T080446.204.xls	HTML table / 3,496 data rows	2026-08-06 08:04:46	MD source has no aging field; MD aging unavailable
BEAT SPORTY DLX SMART KEY	ML2-BK	H1B02N42S4A A/T	2026	A264	39	RFS	1	StokMD - 2026-08-06T080446.204.xls	HTML table / 3,496 data rows	2026-08-06 08:04:46	MD source has no aging field; MD aging unavailable
BEAT SPORTY DLX SMART KEY	ML2-BK	H1B02N42S4A A/T	2026	A264	4	RFS	1	StokMD - 2026-08-06T080446.204.xls	HTML table / 3,496 data rows	2026-08-06 08:04:46	MD source has no aging field; MD aging unavailable
BEAT SPORTY DLX SMART KEY	ML2-BK	H1B02N42S4A A/T	2026	A264	40	RFS	1	StokMD - 2026-08-06T080446.204.xls	HTML table / 3,496 data rows	2026-08-06 08:04:46	MD source has no aging field; MD aging unavailable
BEAT SPORTY DLX SMART KEY	ML2-BK	H1B02N42S4A A/T	2026	A264	8	RFS	1	StokMD - 2026-08-06T080446.204.xls	HTML table / 3,496 data rows	2026-08-06 08:04:46	MD source has no aging field; MD aging unavailable
BEAT SPORTY DLX SMART KEY	ML2-BK	H1B02N42S4A A/T	2026	A265	1	RFS	1	StokMD - 2026-08-06T080446.204.xls	HTML table / 3,496 data rows	2026-08-06 08:04:46	MD source has no aging field; MD aging unavailable
BEAT SPORTY DLX SMART KEY	ML2-BK	H1B02N42S4A A/T	2026	A265	18	BOOKING	1	StokMD - 2026-08-06T080446.204.xls	HTML table / 3,496 data rows	2026-08-06 08:04:46	MD source has no aging field; MD aging unavailable
BEAT SPORTY DLX SMART KEY	ML2-BK	H1B02N42S4A A/T	2026	A265	2	RFS	1	StokMD - 2026-08-06T080446.204.xls	HTML table / 3,496 data rows	2026-08-06 08:04:46	MD source has no aging field; MD aging unavailable
BEAT SPORTY DLX SMART KEY	ML2-BK	H1B02N42S4A A/T	2026	A265	20	BOOKING	1	StokMD - 2026-08-06T080446.204.xls	HTML table / 3,496 data rows	2026-08-06 08:04:46	MD source has no aging field; MD aging unavailable
BEAT SPORTY DLX SMART KEY	ML2-BK	H1B02N42S4A A/T	2026	A265	22	BOOKING	1	StokMD - 2026-08-06T080446.204.xls	HTML table / 3,496 data rows	2026-08-06 08:04:46	MD source has no aging field; MD aging unavailable
BEAT SPORTY DLX SMART KEY	ML2-BK	H1B02N42S4A A/T	2026	A265	23	BOOKING	1	StokMD - 2026-08-06T080446.204.xls	HTML table / 3,496 data rows	2026-08-06 08:04:46	MD source has no aging field; MD aging unavailable
BEAT SPORTY DLX SMART KEY	ML2-BK	H1B02N42S4A A/T	2026	A265	25	BOOKING	1	StokMD - 2026-08-06T080446.204.xls	HTML table / 3,496 data rows	2026-08-06 08:04:46	MD source has no aging field; MD aging unavailable
BEAT SPORTY DLX SMART KEY	ML2-BK	H1B02N42S4A A/T	2026	A265	26	BOOKING	1	StokMD - 2026-08-06T080446.204.xls	HTML table / 3,496 data rows	2026-08-06 08:04:46	MD source has no aging field; MD aging unavailable
BEAT SPORTY DLX SMART KEY	ML2-BK	H1B02N42S4A A/T	2026	A265	27	BOOKING	1	StokMD - 2026-08-06T080446.204.xls	HTML table / 3,496 data rows	2026-08-06 08:04:46	MD source has no aging field; MD aging unavailable
BEAT SPORTY DLX SMART KEY	ML2-BK	H1B02N42S4A A/T	2026	A265	28	BOOKING	1	StokMD - 2026-08-06T080446.204.xls	HTML table / 3,496 data rows	2026-08-06 08:04:46	MD source has no aging field; MD aging unavailable
BEAT SPORTY DLX SMART KEY	ML2-BK	H1B02N42S4A A/T	2026	A265	3	RFS	1	StokMD - 2026-08-06T080446.204.xls	HTML table / 3,496 data rows	2026-08-06 08:04:46	MD source has no aging field; MD aging unavailable
BEAT SPORTY DLX SMART KEY	ML2-BK	H1B02N42S4A A/T	2026	A265	30	BOOKING	1	StokMD - 2026-08-06T080446.204.xls	HTML table / 3,496 data rows	2026-08-06 08:04:46	MD source has no aging field; MD aging unavailable
BEAT SPORTY DLX SMART KEY	ML2-BK	H1B02N42S4A A/T	2026	A265	31	BOOKING	1	StokMD - 2026-08-06T080446.204.xls	HTML table / 3,496 data rows	2026-08-06 08:04:46	MD source has no aging field; MD aging unavailable
BEAT SPORTY DLX SMART KEY	ML2-BK	H1B02N42S4A A/T	2026	A265	4	RFS	1	StokMD - 2026-08-06T080446.204.xls	HTML table / 3,496 data rows	2026-08-06 08:04:46	MD source has no aging field; MD aging unavailable
BEAT SPORTY DLX SMART KEY	ML2-BK	H1B02N42S4A A/T	2026	A265	5	RFS	1	StokMD - 2026-08-06T080446.204.xls	HTML table / 3,496 data rows	2026-08-06 08:04:46	MD source has no aging field; MD aging unavailable
BEAT SPORTY DLX SMART KEY	ML2-BK	H1B02N42S4A A/T	2026	A265	7	RFS	1	StokMD - 2026-08-06T080446.204.xls	HTML table / 3,496 data rows	2026-08-06 08:04:46	MD source has no aging field; MD aging unavailable
BEAT SPORTY DLX SMART KEY	ML2-BL	H1B02N42S4A A/T	2026	A264	37	RFS	1	StokMD - 2026-08-06T080446.204.xls	HTML table / 3,496 data rows	2026-08-06 08:04:46	MD source has no aging field; MD aging unavailable
BEAT SPORTY DLX SMART KEY	ML2-BL	H1B02N42S4A A/T	2026	A265	14	RFS	1	StokMD - 2026-08-06T080446.204.xls	HTML table / 3,496 data rows	2026-08-06 08:04:46	MD source has no aging field; MD aging unavailable
BEAT SPORTY DLX SMART KEY	ML2-BW	H1B02N42S4A A/T	2026	A264	1	BOOKING	1	StokMD - 2026-08-06T080446.204.xls	HTML table / 3,496 data rows	2026-08-06 08:04:46	MD source has no aging field; MD aging unavailable
BEAT SPORTY DLX SMART KEY	ML2-BW	H1B02N42S4A A/T	2026	A264	12	BOOKING	1	StokMD - 2026-08-06T080446.204.xls	HTML table / 3,496 data rows	2026-08-06 08:04:46	MD source has no aging field; MD aging unavailable
BEAT SPORTY DLX SMART KEY	ML2-BW	H1B02N42S4A A/T	2026	A264	17	BOOKING	1	StokMD - 2026-08-06T080446.204.xls	HTML table / 3,496 data rows	2026-08-06 08:04:46	MD source has no aging field; MD aging unavailable
BEAT SPORTY DLX SMART KEY	ML2-BW	H1B02N42S4A A/T	2026	A265	8	BOOKING	1	StokMD - 2026-08-06T080446.204.xls	HTML table / 3,496 data rows	2026-08-06 08:04:46	MD source has no aging field; MD aging unavailable
BEAT SPORTY DLX SMART KEY	ML2-BW	H1B02N42S4A A/T	2026	A265	9	BOOKING	1	StokMD - 2026-08-06T080446.204.xls	HTML table / 3,496 data rows	2026-08-06 08:04:46	MD source has no aging field; MD aging unavailable
BEAT STREET	MM2-1B	H1B02N53S4 A/T	2026	A334	10	RFS	1	StokMD - 2026-08-06T080446.204.xls	HTML table / 3,496 data rows	2026-08-06 08:04:46	MD source has no aging field; MD aging unavailable
BEAT STREET	MM2-1B	H1B02N53S4 A/T	2026	A334	12	RFS	1	StokMD - 2026-08-06T080446.204.xls	HTML table / 3,496 data rows	2026-08-06 08:04:46	MD source has no aging field; MD aging unavailable
BEAT STREET	MM2-1B	H1B02N53S4 A/T	2026	A334	14	RFS	1	StokMD - 2026-08-06T080446.204.xls	HTML table / 3,496 data rows	2026-08-06 08:04:46	MD source has no aging field; MD aging unavailable
BEAT STREET	MM2-1B	H1B02N53S4 A/T	2026	A334	15	RFS	1	StokMD - 2026-08-06T080446.204.xls	HTML table / 3,496 data rows	2026-08-06 08:04:46	MD source has no aging field; MD aging unavailable
BEAT STREET	MM2-1B	H1B02N53S4 A/T	2026	A334	16	RFS	1	StokMD - 2026-08-06T080446.204.xls	HTML table / 3,496 data rows	2026-08-06 08:04:46	MD source has no aging field; MD aging unavailable
BEAT STREET	MM2-1B	H1B02N53S4 A/T	2026	A334	17	RFS	1	StokMD - 2026-08-06T080446.204.xls	HTML table / 3,496 data rows	2026-08-06 08:04:46	MD source has no aging field; MD aging unavailable
BEAT STREET	MM2-1B	H1B02N53S4 A/T	2026	A334	19	RFS	1	StokMD - 2026-08-06T080446.204.xls	HTML table / 3,496 data rows	2026-08-06 08:04:46	MD source has no aging field; MD aging unavailable
BEAT STREET	MM2-1B	H1B02N53S4 A/T	2026	A334	2	RFS	1	StokMD - 2026-08-06T080446.204.xls	HTML table / 3,496 data rows	2026-08-06 08:04:46	MD source has no aging field; MD aging unavailable
BEAT STREET	MM2-1B	H1B02N53S4 A/T	2026	A334	20	RFS	1	StokMD - 2026-08-06T080446.204.xls	HTML table / 3,496 data rows	2026-08-06 08:04:46	MD source has no aging field; MD aging unavailable
BEAT STREET	MM2-1B	H1B02N53S4 A/T	2026	A334	3	RFS	1	StokMD - 2026-08-06T080446.204.xls	HTML table / 3,496 data rows	2026-08-06 08:04:46	MD source has no aging field; MD aging unavailable
BEAT STREET	MM2-1B	H1B02N53S4 A/T	2026	A334	4	RFS	1	StokMD - 2026-08-06T080446.204.xls	HTML table / 3,496 data rows	2026-08-06 08:04:46	MD source has no aging field; MD aging unavailable
BEAT STREET	MM2-1B	H1B02N53S4 A/T	2026	A334	5	RFS	1	StokMD - 2026-08-06T080446.204.xls	HTML table / 3,496 data rows	2026-08-06 08:04:46	MD source has no aging field; MD aging unavailable
BEAT STREET	MM2-1B	H1B02N53S4 A/T	2026	A334	6	RFS	1	StokMD - 2026-08-06T080446.204.xls	HTML table / 3,496 data rows	2026-08-06 08:04:46	MD source has no aging field; MD aging unavailable
BEAT STREET	MM2-1B	H1B02N53S4 A/T	2026	A334	7	RFS	1	StokMD - 2026-08-06T080446.204.xls	HTML table / 3,496 data rows	2026-08-06 08:04:46	MD source has no aging field; MD aging unavailable
BEAT STREET	MM2-1B	H1B02N53S4 A/T	2026	A334	8	RFS	1	StokMD - 2026-08-06T080446.204.xls	HTML table / 3,496 data rows	2026-08-06 08:04:46	MD source has no aging field; MD aging unavailable
BEAT STREET	MM2-1B	H1B02N53S4 A/T	2026	A335	1	RFS	1	StokMD - 2026-08-06T080446.204.xls	HTML table / 3,496 data rows	2026-08-06 08:04:46	MD source has no aging field; MD aging unavailable
BEAT STREET	MM2-1B	H1B02N53S4 A/T	2026	A335	10	RFS	1	StokMD - 2026-08-06T080446.204.xls	HTML table / 3,496 data rows	2026-08-06 08:04:46	MD source has no aging field; MD aging unavailable
BEAT STREET	MM2-1B	H1B02N53S4 A/T	2026	A335	11	RFS	1	StokMD - 2026-08-06T080446.204.xls	HTML table / 3,496 data rows	2026-08-06 08:04:46	MD source has no aging field; MD aging unavailable
BEAT STREET	MM2-1B	H1B02N53S4 A/T	2026	A335	12	RFS	1	StokMD - 2026-08-06T080446.204.xls	HTML table / 3,496 data rows	2026-08-06 08:04:46	MD source has no aging field; MD aging unavailable
BEAT STREET	MM2-1B	H1B02N53S4 A/T	2026	A335	13	RFS	1	StokMD - 2026-08-06T080446.204.xls	HTML table / 3,496 data rows	2026-08-06 08:04:46	MD source has no aging field; MD aging unavailable
BEAT STREET	MM2-1B	H1B02N53S4 A/T	2026	A335	15	RFS	1	StokMD - 2026-08-06T080446.204.xls	HTML table / 3,496 data rows	2026-08-06 08:04:46	MD source has no aging field; MD aging unavailable
BEAT STREET	MM2-1B	H1B02N53S4 A/T	2026	A335	16	RFS	1	StokMD - 2026-08-06T080446.204.xls	HTML table / 3,496 data rows	2026-08-06 08:04:46	MD source has no aging field; MD aging unavailable
BEAT STREET	MM2-1B	H1B02N53S4 A/T	2026	A335	17	RFS	1	StokMD - 2026-08-06T080446.204.xls	HTML table / 3,496 data rows	2026-08-06 08:04:46	MD source has no aging field; MD aging unavailable
BEAT STREET	MM2-1B	H1B02N53S4 A/T	2026	A335	19	RFS	1	StokMD - 2026-08-06T080446.204.xls	HTML table / 3,496 data rows	2026-08-06 08:04:46	MD source has no aging field; MD aging unavailable
BEAT STREET	MM2-1B	H1B02N53S4 A/T	2026	A335	2	RFS	1	StokMD - 2026-08-06T080446.204.xls	HTML table / 3,496 data rows	2026-08-06 08:04:46	MD source has no aging field; MD aging unavailable
BEAT STREET	MM2-1B	H1B02N53S4 A/T	2026	A335	20	RFS	1	StokMD - 2026-08-06T080446.204.xls	HTML table / 3,496 data rows	2026-08-06 08:04:46	MD source has no aging field; MD aging unavailable
BEAT STREET	MM2-1B	H1B02N53S4 A/T	2026	A335	3	RFS	1	StokMD - 2026-08-06T080446.204.xls	HTML table / 3,496 data rows	2026-08-06 08:04:46	MD source has no aging field; MD aging unavailable
BEAT STREET	MM2-1B	H1B02N53S4 A/T	2026	A335	4	RFS	1	StokMD - 2026-08-06T080446.204.xls	HTML table / 3,496 data rows	2026-08-06 08:04:46	MD source has no aging field; MD aging unavailable
BEAT STREET	MM2-1B	H1B02N53S4 A/T	2026	A335	5	RFS	1	StokMD - 2026-08-06T080446.204.xls	HTML table / 3,496 data rows	2026-08-06 08:04:46	MD source has no aging field; MD aging unavailable
BEAT STREET	MM2-1B	H1B02N53S4 A/T	2026	A335	7	RFS	1	StokMD - 2026-08-06T080446.204.xls	HTML table / 3,496 data rows	2026-08-06 08:04:46	MD source has no aging field; MD aging unavailable
BEAT STREET	MM2-1B	H1B02N53S4 A/T	2026	A335	9	RFS	1	StokMD - 2026-08-06T080446.204.xls	HTML table / 3,496 data rows	2026-08-06 08:04:46	MD source has no aging field; MD aging unavailable
BEAT STREET	MM2-1B	H1B02N53S4 A/T	2026	A337	1	RFS	1	StokMD - 2026-08-06T080446.204.xls	HTML table / 3,496 data rows	2026-08-06 08:04:46	MD source has no aging field; MD aging unavailable
BEAT STREET	MM2-1G	H1B02N53S4 A/T	2026	A384	23	RFS	1	StokMD - 2026-08-06T080446.204.xls	HTML table / 3,496 data rows	2026-08-06 08:04:46	MD source has no aging field; MD aging unavailable
BEAT STREET	MM2-1G	H1B02N53S4 A/T	2026	A384	36	RFS	1	StokMD - 2026-08-06T080446.204.xls	HTML table / 3,496 data rows	2026-08-06 08:04:46	MD source has no aging field; MD aging unavailable
BEAT STREET	MM2-3B	H1B02N53S4 A/T	2026	A284	10	RFS	1	StokMD - 2026-08-06T080446.204.xls	HTML table / 3,496 data rows	2026-08-06 08:04:46	MD source has no aging field; MD aging unavailable
BEAT STREET	MM2-3B	H1B02N53S4 A/T	2026	A284	11	RFS	1	StokMD - 2026-08-06T080446.204.xls	HTML table / 3,496 data rows	2026-08-06 08:04:46	MD source has no aging field; MD aging unavailable
BEAT STREET	MM2-3B	H1B02N53S4 A/T	2026	A284	12	RFS	1	StokMD - 2026-08-06T080446.204.xls	HTML table / 3,496 data rows	2026-08-06 08:04:46	MD source has no aging field; MD aging unavailable
BEAT STREET	MM2-3B	H1B02N53S4 A/T	2026	A284	13	RFS	1	StokMD - 2026-08-06T080446.204.xls	HTML table / 3,496 data rows	2026-08-06 08:04:46	MD source has no aging field; MD aging unavailable
BEAT STREET	MM2-3B	H1B02N53S4 A/T	2026	A284	14	RFS	1	StokMD - 2026-08-06T080446.204.xls	HTML table / 3,496 data rows	2026-08-06 08:04:46	MD source has no aging field; MD aging unavailable
BEAT STREET	MM2-3B	H1B02N53S4 A/T	2026	A284	15	RFS	1	StokMD - 2026-08-06T080446.204.xls	HTML table / 3,496 data rows	2026-08-06 08:04:46	MD source has no aging field; MD aging unavailable
BEAT STREET	MM2-3B	H1B02N53S4 A/T	2026	A284	17	RFS	1	StokMD - 2026-08-06T080446.204.xls	HTML table / 3,496 data rows	2026-08-06 08:04:46	MD source has no aging field; MD aging unavailable
BEAT STREET	MM2-3B	H1B02N53S4 A/T	2026	A284	18	RFS	1	StokMD - 2026-08-06T080446.204.xls	HTML table / 3,496 data rows	2026-08-06 08:04:46	MD source has no aging field; MD aging unavailable
BEAT STREET	MM2-3B	H1B02N53S4 A/T	2026	A284	19	RFS	1	StokMD - 2026-08-06T080446.204.xls	HTML table / 3,496 data rows	2026-08-06 08:04:46	MD source has no aging field; MD aging unavailable
BEAT STREET	MM2-3B	H1B02N53S4 A/T	2026	A284	20	RFS	1	StokMD - 2026-08-06T080446.204.xls	HTML table / 3,496 data rows	2026-08-06 08:04:46	MD source has no aging field; MD aging unavailable
BEAT STREET	MM2-3B	H1B02N53S4 A/T	2026	A284	21	RFS	1	StokMD - 2026-08-06T080446.204.xls	HTML table / 3,496 data rows	2026-08-06 08:04:46	MD source has no aging field; MD aging unavailable
BEAT STREET	MM2-3B	H1B02N53S4 A/T	2026	A284	22	RFS	1	StokMD - 2026-08-06T080446.204.xls	HTML table / 3,496 data rows	2026-08-06 08:04:46	MD source has no aging field; MD aging unavailable
BEAT STREET	MM2-3B	H1B02N53S4 A/T	2026	A284	23	RFS	1	StokMD - 2026-08-06T080446.204.xls	HTML table / 3,496 data rows	2026-08-06 08:04:46	MD source has no aging field; MD aging unavailable
BEAT STREET	MM2-3B	H1B02N53S4 A/T	2026	A284	24	RFS	1	StokMD - 2026-08-06T080446.204.xls	HTML table / 3,496 data rows	2026-08-06 08:04:46	MD source has no aging field; MD aging unavailable
BEAT STREET	MM2-3B	H1B02N53S4 A/T	2026	A284	25	RFS	1	StokMD - 2026-08-06T080446.204.xls	HTML table / 3,496 data rows	2026-08-06 08:04:46	MD source has no aging field; MD aging unavailable
BEAT STREET	MM2-3B	H1B02N53S4 A/T	2026	A284	26	RFS	1	StokMD - 2026-08-06T080446.204.xls	HTML table / 3,496 data rows	2026-08-06 08:04:46	MD source has no aging field; MD aging unavailable
BEAT STREET	MM2-3B	H1B02N53S4 A/T	2026	A284	29	RFS	1	StokMD - 2026-08-06T080446.204.xls	HTML table / 3,496 data rows	2026-08-06 08:04:46	MD source has no aging field; MD aging unavailable
BEAT STREET	MM2-3B	H1B02N53S4 A/T	2026	A284	31	RFS	1	StokMD - 2026-08-06T080446.204.xls	HTML table / 3,496 data rows	2026-08-06 08:04:46	MD source has no aging field; MD aging unavailable
BEAT STREET	MM2-3B	H1B02N53S4 A/T	2026	A284	4	RFS	1	StokMD - 2026-08-06T080446.204.xls	HTML table / 3,496 data rows	2026-08-06 08:04:46	MD source has no aging field; MD aging unavailable
BEAT STREET	MM2-3B	H1B02N53S4 A/T	2026	A284	5	RFS	1	StokMD - 2026-08-06T080446.204.xls	HTML table / 3,496 data rows	2026-08-06 08:04:46	MD source has no aging field; MD aging unavailable
BEAT STREET	MM2-3B	H1B02N53S4 A/T	2026	A284	6	RFS	1	StokMD - 2026-08-06T080446.204.xls	HTML table / 3,496 data rows	2026-08-06 08:04:46	MD source has no aging field; MD aging unavailable
BEAT STREET	MM2-3B	H1B02N53S4 A/T	2026	A284	7	RFS	1	StokMD - 2026-08-06T080446.204.xls	HTML table / 3,496 data rows	2026-08-06 08:04:46	MD source has no aging field; MD aging unavailable
BEAT STREET	MM2-3B	H1B02N53S4 A/T	2026	A284	8	RFS	1	StokMD - 2026-08-06T080446.204.xls	HTML table / 3,496 data rows	2026-08-06 08:04:46	MD source has no aging field; MD aging unavailable
BEAT STREET	MM2-3B	H1B02N53S4 A/T	2026	A284	9	RFS	1	StokMD - 2026-08-06T080446.204.xls	HTML table / 3,496 data rows	2026-08-06 08:04:46	MD source has no aging field; MD aging unavailable
BEAT STREET	MM2-3B	H1B02N53S4 A/T	2026	A285	12	RFS	1	StokMD - 2026-08-06T080446.204.xls	HTML table / 3,496 data rows	2026-08-06 08:04:46	MD source has no aging field; MD aging unavailable
BEAT STREET	MM2-3B	H1B02N53S4 A/T	2026	A285	13	RFS	1	StokMD - 2026-08-06T080446.204.xls	HTML table / 3,496 data rows	2026-08-06 08:04:46	MD source has no aging field; MD aging unavailable
BEAT STREET	MM2-3B	H1B02N53S4 A/T	2026	A285	14	RFS	1	StokMD - 2026-08-06T080446.204.xls	HTML table / 3,496 data rows	2026-08-06 08:04:46	MD source has no aging field; MD aging unavailable
BEAT STREET	MM2-3B	H1B02N53S4 A/T	2026	A285	15	RFS	1	StokMD - 2026-08-06T080446.204.xls	HTML table / 3,496 data rows	2026-08-06 08:04:46	MD source has no aging field; MD aging unavailable
BEAT STREET	MM2-3B	H1B02N53S4 A/T	2026	A285	16	RFS	1	StokMD - 2026-08-06T080446.204.xls	HTML table / 3,496 data rows	2026-08-06 08:04:46	MD source has no aging field; MD aging unavailable
BEAT STREET	MM2-3B	H1B02N53S4 A/T	2026	A285	19	RFS	1	StokMD - 2026-08-06T080446.204.xls	HTML table / 3,496 data rows	2026-08-06 08:04:46	MD source has no aging field; MD aging unavailable
BEAT STREET	MM2-3B	H1B02N53S4 A/T	2026	A285	2	RFS	1	StokMD - 2026-08-06T080446.204.xls	HTML table / 3,496 data rows	2026-08-06 08:04:46	MD source has no aging field; MD aging unavailable
BEAT STREET	MM2-3B	H1B02N53S4 A/T	2026	A285	20	RFS	1	StokMD - 2026-08-06T080446.204.xls	HTML table / 3,496 data rows	2026-08-06 08:04:46	MD source has no aging field; MD aging unavailable
BEAT STREET	MM2-3B	H1B02N53S4 A/T	2026	A285	21	RFS	1	StokMD - 2026-08-06T080446.204.xls	HTML table / 3,496 data rows	2026-08-06 08:04:46	MD source has no aging field; MD aging unavailable
BEAT STREET	MM2-3B	H1B02N53S4 A/T	2026	A285	22	RFS	1	StokMD - 2026-08-06T080446.204.xls	HTML table / 3,496 data rows	2026-08-06 08:04:46	MD source has no aging field; MD aging unavailable
BEAT STREET	MM2-3B	H1B02N53S4 A/T	2026	A285	23	RFS	1	StokMD - 2026-08-06T080446.204.xls	HTML table / 3,496 data rows	2026-08-06 08:04:46	MD source has no aging field; MD aging unavailable
BEAT STREET	MM2-3B	H1B02N53S4 A/T	2026	A285	24	RFS	1	StokMD - 2026-08-06T080446.204.xls	HTML table / 3,496 data rows	2026-08-06 08:04:46	MD source has no aging field; MD aging unavailable
BEAT STREET	MM2-3B	H1B02N53S4 A/T	2026	A285	25	RFS	1	StokMD - 2026-08-06T080446.204.xls	HTML table / 3,496 data rows	2026-08-06 08:04:46	MD source has no aging field; MD aging unavailable
BEAT STREET	MM2-3B	H1B02N53S4 A/T	2026	A285	3	RFS	1	StokMD - 2026-08-06T080446.204.xls	HTML table / 3,496 data rows	2026-08-06 08:04:46	MD source has no aging field; MD aging unavailable
BEAT STREET	MM2-3B	H1B02N53S4 A/T	2026	A285	31	RFS	1	StokMD - 2026-08-06T080446.204.xls	HTML table / 3,496 data rows	2026-08-06 08:04:46	MD source has no aging field; MD aging unavailable
BEAT STREET	MM2-3B	H1B02N53S4 A/T	2026	A285	32	RFS	1	StokMD - 2026-08-06T080446.204.xls	HTML table / 3,496 data rows	2026-08-06 08:04:46	MD source has no aging field; MD aging unavailable
BEAT STREET	MM2-3B	H1B02N53S4 A/T	2026	A285	33	RFS	1	StokMD - 2026-08-06T080446.204.xls	HTML table / 3,496 data rows	2026-08-06 08:04:46	MD source has no aging field; MD aging unavailable
BEAT STREET	MM2-3B	H1B02N53S4 A/T	2026	A285	34	RFS	1	StokMD - 2026-08-06T080446.204.xls	HTML table / 3,496 data rows	2026-08-06 08:04:46	MD source has no aging field; MD aging unavailable
BEAT STREET	MM2-3B	H1B02N53S4 A/T	2026	A285	4	RFS	1	StokMD - 2026-08-06T080446.204.xls	HTML table / 3,496 data rows	2026-08-06 08:04:46	MD source has no aging field; MD aging unavailable
BEAT STREET	MM2-3B	H1B02N53S4 A/T	2026	A285	5	RFS	1	StokMD - 2026-08-06T080446.204.xls	HTML table / 3,496 data rows	2026-08-06 08:04:46	MD source has no aging field; MD aging unavailable
BEAT STREET	MM2-3B	H1B02N53S4 A/T	2026	A285	9	RFS	1	StokMD - 2026-08-06T080446.204.xls	HTML table / 3,496 data rows	2026-08-06 08:04:46	MD source has no aging field; MD aging unavailable
BEAT STREET	MM2-3B	H1B02N53S4 A/T	2026	A291	5	RFS	1	StokMD - 2026-08-06T080446.204.xls	HTML table / 3,496 data rows	2026-08-06 08:04:46	MD source has no aging field; MD aging unavailable
BEAT STREET	MM2-3B	H1B02N53S4 A/T	2026	A312	10	RFS	1	StokMD - 2026-08-06T080446.204.xls	HTML table / 3,496 data rows	2026-08-06 08:04:46	MD source has no aging field; MD aging unavailable
BEAT STREET	MM2-3B	H1B02N53S4 A/T	2026	A312	11	RFS	1	StokMD - 2026-08-06T080446.204.xls	HTML table / 3,496 data rows	2026-08-06 08:04:46	MD source has no aging field; MD aging unavailable
BEAT STREET	MM2-3B	H1B02N53S4 A/T	2026	A312	13	RFS	1	StokMD - 2026-08-06T080446.204.xls	HTML table / 3,496 data rows	2026-08-06 08:04:46	MD source has no aging field; MD aging unavailable
BEAT STREET	MM2-3B	H1B02N53S4 A/T	2026	A312	15	RFS	1	StokMD - 2026-08-06T080446.204.xls	HTML table / 3,496 data rows	2026-08-06 08:04:46	MD source has no aging field; MD aging unavailable
BEAT STREET	MM2-3B	H1B02N53S4 A/T	2026	A312	16	RFS	1	StokMD - 2026-08-06T080446.204.xls	HTML table / 3,496 data rows	2026-08-06 08:04:46	MD source has no aging field; MD aging unavailable
BEAT STREET	MM2-3B	H1B02N53S4 A/T	2026	A312	18	RFS	1	StokMD - 2026-08-06T080446.204.xls	HTML table / 3,496 data rows	2026-08-06 08:04:46	MD source has no aging field; MD aging unavailable
BEAT STREET	MM2-3B	H1B02N53S4 A/T	2026	A312	19	RFS	1	StokMD - 2026-08-06T080446.204.xls	HTML table / 3,496 data rows	2026-08-06 08:04:46	MD source has no aging field; MD aging unavailable
BEAT STREET	MM2-3B	H1B02N53S4 A/T	2026	A312	20	RFS	1	StokMD - 2026-08-06T080446.204.xls	HTML table / 3,496 data rows	2026-08-06 08:04:46	MD source has no aging field; MD aging unavailable
BEAT STREET	MM2-3B	H1B02N53S4 A/T	2026	A312	21	RFS	1	StokMD - 2026-08-06T080446.204.xls	HTML table / 3,496 data rows	2026-08-06 08:04:46	MD source has no aging field; MD aging unavailable
BEAT STREET	MM2-3B	H1B02N53S4 A/T	2026	A312	3	RFS	1	StokMD - 2026-08-06T080446.204.xls	HTML table / 3,496 data rows	2026-08-06 08:04:46	MD source has no aging field; MD aging unavailable
BEAT STREET	MM2-3B	H1B02N53S4 A/T	2026	A312	5	RFS	1	StokMD - 2026-08-06T080446.204.xls	HTML table / 3,496 data rows	2026-08-06 08:04:46	MD source has no aging field; MD aging unavailable
BEAT STREET	MM2-3B	H1B02N53S4 A/T	2026	A312	6	RFS	1	StokMD - 2026-08-06T080446.204.xls	HTML table / 3,496 data rows	2026-08-06 08:04:46	MD source has no aging field; MD aging unavailable
BEAT STREET	MM2-3B	H1B02N53S4 A/T	2026	A312	7	RFS	1	StokMD - 2026-08-06T080446.204.xls	HTML table / 3,496 data rows	2026-08-06 08:04:46	MD source has no aging field; MD aging unavailable
BEAT STREET	MM2-3B	H1B02N53S4 A/T	2026	A312	8	RFS	1	StokMD - 2026-08-06T080446.204.xls	HTML table / 3,496 data rows	2026-08-06 08:04:46	MD source has no aging field; MD aging unavailable
BEAT STREET	MM2-3B	H1B02N53S4 A/T	2026	A312	9	RFS	1	StokMD - 2026-08-06T080446.204.xls	HTML table / 3,496 data rows	2026-08-06 08:04:46	MD source has no aging field; MD aging unavailable
BEAT STREET	MM2-3B	H1B02N53S4 A/T	2026	A313	11	RFS	1	StokMD - 2026-08-06T080446.204.xls	HTML table / 3,496 data rows	2026-08-06 08:04:46	MD source has no aging field; MD aging unavailable
BEAT STREET	MM2-3B	H1B02N53S4 A/T	2026	A313	12	RFS	1	StokMD - 2026-08-06T080446.204.xls	HTML table / 3,496 data rows	2026-08-06 08:04:46	MD source has no aging field; MD aging unavailable
BEAT STREET	MM2-3B	H1B02N53S4 A/T	2026	A313	13	RFS	1	StokMD - 2026-08-06T080446.204.xls	HTML table / 3,496 data rows	2026-08-06 08:04:46	MD source has no aging field; MD aging unavailable
BEAT STREET	MM2-3B	H1B02N53S4 A/T	2026	A313	19	RFS	1	StokMD - 2026-08-06T080446.204.xls	HTML table / 3,496 data rows	2026-08-06 08:04:46	MD source has no aging field; MD aging unavailable
BEAT STREET	MM2-3B	H1B02N53S4 A/T	2026	A313	2	RFS	1	StokMD - 2026-08-06T080446.204.xls	HTML table / 3,496 data rows	2026-08-06 08:04:46	MD source has no aging field; MD aging unavailable
BEAT STREET	MM2-3B	H1B02N53S4 A/T	2026	A313	20	RFS	1	StokMD - 2026-08-06T080446.204.xls	HTML table / 3,496 data rows	2026-08-06 08:04:46	MD source has no aging field; MD aging unavailable
BEAT STREET	MM2-3B	H1B02N53S4 A/T	2026	A313	21	RFS	1	StokMD - 2026-08-06T080446.204.xls	HTML table / 3,496 data rows	2026-08-06 08:04:46	MD source has no aging field; MD aging unavailable
BEAT STREET	MM2-3B	H1B02N53S4 A/T	2026	A313	4	RFS	1	StokMD - 2026-08-06T080446.204.xls	HTML table / 3,496 data rows	2026-08-06 08:04:46	MD source has no aging field; MD aging unavailable
BEAT STREET	MM2-3B	H1B02N53S4 A/T	2026	A313	5	RFS	1	StokMD - 2026-08-06T080446.204.xls	HTML table / 3,496 data rows	2026-08-06 08:04:46	MD source has no aging field; MD aging unavailable
BEAT STREET	MM2-3B	H1B02N53S4 A/T	2026	A313	6	RFS	1	StokMD - 2026-08-06T080446.204.xls	HTML table / 3,496 data rows	2026-08-06 08:04:46	MD source has no aging field; MD aging unavailable
BEAT STREET	MM2-3B	H1B02N53S4 A/T	2026	A313	9	RFS	1	StokMD - 2026-08-06T080446.204.xls	HTML table / 3,496 data rows	2026-08-06 08:04:46	MD source has no aging field; MD aging unavailable
BEAT STREET	MM2-3B	H1B02N53S4 A/T	2026	A315	4	RFS	1	StokMD - 2026-08-06T080446.204.xls	HTML table / 3,496 data rows	2026-08-06 08:04:46	MD source has no aging field; MD aging unavailable
BEAT STREET	MM2-3B	H1B02N53S4 A/T	2026	A334	18	RFS	1	StokMD - 2026-08-06T080446.204.xls	HTML table / 3,496 data rows	2026-08-06 08:04:46	MD source has no aging field; MD aging unavailable
BEAT STREET	MM2-3B	H1B02N53S4 A/T	2026	A335	14	RFS	1	StokMD - 2026-08-06T080446.204.xls	HTML table / 3,496 data rows	2026-08-06 08:04:46	MD source has no aging field; MD aging unavailable
BEAT STREET	MM2-3B	H1B02N53S4 A/T	2026	A335	18	RFS	1	StokMD - 2026-08-06T080446.204.xls	HTML table / 3,496 data rows	2026-08-06 08:04:46	MD source has no aging field; MD aging unavailable
BEAT STREET	MM2-3B	H1B02N53S4 A/T	2026	A335	6	RFS	1	StokMD - 2026-08-06T080446.204.xls	HTML table / 3,496 data rows	2026-08-06 08:04:46	MD source has no aging field; MD aging unavailable
BEAT STREET	MM2-3B	H1B02N53S4 A/T	2026	A335	8	RFS	1	StokMD - 2026-08-06T080446.204.xls	HTML table / 3,496 data rows	2026-08-06 08:04:46	MD source has no aging field; MD aging unavailable
BEAT STREET	MM2-BK	H1B02N53S4 A/T	2026	A284	2	RFS	1	StokMD - 2026-08-06T080446.204.xls	HTML table / 3,496 data rows	2026-08-06 08:04:46	MD source has no aging field; MD aging unavailable
BEAT STREET	MM2-BK	H1B02N53S4 A/T	2026	A284	27	RFS	1	StokMD - 2026-08-06T080446.204.xls	HTML table / 3,496 data rows	2026-08-06 08:04:46	MD source has no aging field; MD aging unavailable
BEAT STREET	MM2-BK	H1B02N53S4 A/T	2026	A284	3	RFS	1	StokMD - 2026-08-06T080446.204.xls	HTML table / 3,496 data rows	2026-08-06 08:04:46	MD source has no aging field; MD aging unavailable
BEAT STREET	MM2-BK	H1B02N53S4 A/T	2026	A285	1	RFS	1	StokMD - 2026-08-06T080446.204.xls	HTML table / 3,496 data rows	2026-08-06 08:04:46	MD source has no aging field; MD aging unavailable
BEAT STREET	MM2-BK	H1B02N53S4 A/T	2026	A285	17	RFS	1	StokMD - 2026-08-06T080446.204.xls	HTML table / 3,496 data rows	2026-08-06 08:04:46	MD source has no aging field; MD aging unavailable
BEAT STREET	MM2-BK	H1B02N53S4 A/T	2026	A285	26	RFS	1	StokMD - 2026-08-06T080446.204.xls	HTML table / 3,496 data rows	2026-08-06 08:04:46	MD source has no aging field; MD aging unavailable
BEAT STREET	MM2-BK	H1B02N53S4 A/T	2026	A285	27	RFS	1	StokMD - 2026-08-06T080446.204.xls	HTML table / 3,496 data rows	2026-08-06 08:04:46	MD source has no aging field; MD aging unavailable
BEAT STREET	MM2-BK	H1B02N53S4 A/T	2026	A285	28	RFS	1	StokMD - 2026-08-06T080446.204.xls	HTML table / 3,496 data rows	2026-08-06 08:04:46	MD source has no aging field; MD aging unavailable
BEAT STREET	MM2-BK	H1B02N53S4 A/T	2026	A285	30	RFS	1	StokMD - 2026-08-06T080446.204.xls	HTML table / 3,496 data rows	2026-08-06 08:04:46	MD source has no aging field; MD aging unavailable
BEAT STREET	MM2-BK	H1B02N53S4 A/T	2026	A285	6	RFS	1	StokMD - 2026-08-06T080446.204.xls	HTML table / 3,496 data rows	2026-08-06 08:04:46	MD source has no aging field; MD aging unavailable
BEAT STREET	MM2-BK	H1B02N53S4 A/T	2026	A285	7	RFS	1	StokMD - 2026-08-06T080446.204.xls	HTML table / 3,496 data rows	2026-08-06 08:04:46	MD source has no aging field; MD aging unavailable
BEAT STREET	MM2-BK	H1B02N53S4 A/T	2026	A285	8	RFS	1	StokMD - 2026-08-06T080446.204.xls	HTML table / 3,496 data rows	2026-08-06 08:04:46	MD source has no aging field; MD aging unavailable
BEAT STREET	MM2-BK	H1B02N53S4 A/T	2026	A291	1	RFS	1	StokMD - 2026-08-06T080446.204.xls	HTML table / 3,496 data rows	2026-08-06 08:04:46	MD source has no aging field; MD aging unavailable
BEAT STREET	MM2-BK	H1B02N53S4 A/T	2026	A291	10	RFS	1	StokMD - 2026-08-06T080446.204.xls	HTML table / 3,496 data rows	2026-08-06 08:04:46	MD source has no aging field; MD aging unavailable
BEAT STREET	MM2-BK	H1B02N53S4 A/T	2026	A291	2	RFS	1	StokMD - 2026-08-06T080446.204.xls	HTML table / 3,496 data rows	2026-08-06 08:04:46	MD source has no aging field; MD aging unavailable
BEAT STREET	MM2-BK	H1B02N53S4 A/T	2026	A291	4	RFS	1	StokMD - 2026-08-06T080446.204.xls	HTML table / 3,496 data rows	2026-08-06 08:04:46	MD source has no aging field; MD aging unavailable
BEAT STREET	MM2-BK	H1B02N53S4 A/T	2026	A311	10	RFS	1	StokMD - 2026-08-06T080446.204.xls	HTML table / 3,496 data rows	2026-08-06 08:04:46	MD source has no aging field; MD aging unavailable
BEAT STREET	MM2-BK	H1B02N53S4 A/T	2026	A311	11	RFS	1	StokMD - 2026-08-06T080446.204.xls	HTML table / 3,496 data rows	2026-08-06 08:04:46	MD source has no aging field; MD aging unavailable
BEAT STREET	MM2-BK	H1B02N53S4 A/T	2026	A311	12	RFS	1	StokMD - 2026-08-06T080446.204.xls	HTML table / 3,496 data rows	2026-08-06 08:04:46	MD source has no aging field; MD aging unavailable
BEAT STREET	MM2-BK	H1B02N53S4 A/T	2026	A311	13	RFS	1	StokMD - 2026-08-06T080446.204.xls	HTML table / 3,496 data rows	2026-08-06 08:04:46	MD source has no aging field; MD aging unavailable
BEAT STREET	MM2-BK	H1B02N53S4 A/T	2026	A311	15	RFS	1	StokMD - 2026-08-06T080446.204.xls	HTML table / 3,496 data rows	2026-08-06 08:04:46	MD source has no aging field; MD aging unavailable
BEAT STREET	MM2-BK	H1B02N53S4 A/T	2026	A311	16	RFS	1	StokMD - 2026-08-06T080446.204.xls	HTML table / 3,496 data rows	2026-08-06 08:04:46	MD source has no aging field; MD aging unavailable
BEAT STREET	MM2-BK	H1B02N53S4 A/T	2026	A311	18	RFS	1	StokMD - 2026-08-06T080446.204.xls	HTML table / 3,496 data rows	2026-08-06 08:04:46	MD source has no aging field; MD aging unavailable
BEAT STREET	MM2-BK	H1B02N53S4 A/T	2026	A311	2	RFS	1	StokMD - 2026-08-06T080446.204.xls	HTML table / 3,496 data rows	2026-08-06 08:04:46	MD source has no aging field; MD aging unavailable
BEAT STREET	MM2-BK	H1B02N53S4 A/T	2026	A311	4	RFS	1	StokMD - 2026-08-06T080446.204.xls	HTML table / 3,496 data rows	2026-08-06 08:04:46	MD source has no aging field; MD aging unavailable
BEAT STREET	MM2-BK	H1B02N53S4 A/T	2026	A311	6	RFS	1	StokMD - 2026-08-06T080446.204.xls	HTML table / 3,496 data rows	2026-08-06 08:04:46	MD source has no aging field; MD aging unavailable
BEAT STREET	MM2-BK	H1B02N53S4 A/T	2026	A311	7	RFS	1	StokMD - 2026-08-06T080446.204.xls	HTML table / 3,496 data rows	2026-08-06 08:04:46	MD source has no aging field; MD aging unavailable
BEAT STREET	MM2-BK	H1B02N53S4 A/T	2026	A311	9	RFS	1	StokMD - 2026-08-06T080446.204.xls	HTML table / 3,496 data rows	2026-08-06 08:04:46	MD source has no aging field; MD aging unavailable
BEAT STREET	MM2-BK	H1B02N53S4 A/T	2026	A384	18	RFS	1	StokMD - 2026-08-06T080446.204.xls	HTML table / 3,496 data rows	2026-08-06 08:04:46	MD source has no aging field; MD aging unavailable
BEAT STREET	MM2-BK	H1B02N53S4 A/T	2026	A384	21	RFS	1	StokMD - 2026-08-06T080446.204.xls	HTML table / 3,496 data rows	2026-08-06 08:04:46	MD source has no aging field; MD aging unavailable
BEAT STREET	MM2-BK	H1B02N53S4 A/T	2026	A384	22	RFS	1	StokMD - 2026-08-06T080446.204.xls	HTML table / 3,496 data rows	2026-08-06 08:04:46	MD source has no aging field; MD aging unavailable
BEAT STREET	MM2-BK	H1B02N53S4 A/T	2026	A384	24	RFS	1	StokMD - 2026-08-06T080446.204.xls	HTML table / 3,496 data rows	2026-08-06 08:04:46	MD source has no aging field; MD aging unavailable
BEAT STREET	MM2-BK	H1B02N53S4 A/T	2026	A384	25	RFS	1	StokMD - 2026-08-06T080446.204.xls	HTML table / 3,496 data rows	2026-08-06 08:04:46	MD source has no aging field; MD aging unavailable
BEAT STREET	MM2-BW	H1B02N53S4 A/T	2026	A284	1	RFS	1	StokMD - 2026-08-06T080446.204.xls	HTML table / 3,496 data rows	2026-08-06 08:04:46	MD source has no aging field; MD aging unavailable
BEAT STREET	MM2-BW	H1B02N53S4 A/T	2026	A284	16	RFS	1	StokMD - 2026-08-06T080446.204.xls	HTML table / 3,496 data rows	2026-08-06 08:04:46	MD source has no aging field; MD aging unavailable
BEAT STREET	MM2-BW	H1B02N53S4 A/T	2026	A284	28	RFS	1	StokMD - 2026-08-06T080446.204.xls	HTML table / 3,496 data rows	2026-08-06 08:04:46	MD source has no aging field; MD aging unavailable
BEAT STREET	MM2-BW	H1B02N53S4 A/T	2026	A284	30	RFS	1	StokMD - 2026-08-06T080446.204.xls	HTML table / 3,496 data rows	2026-08-06 08:04:46	MD source has no aging field; MD aging unavailable
BEAT STREET	MM2-BW	H1B02N53S4 A/T	2026	A284	32	RFS	1	StokMD - 2026-08-06T080446.204.xls	HTML table / 3,496 data rows	2026-08-06 08:04:46	MD source has no aging field; MD aging unavailable
BEAT STREET	MM2-BW	H1B02N53S4 A/T	2026	A285	10	RFS	1	StokMD - 2026-08-06T080446.204.xls	HTML table / 3,496 data rows	2026-08-06 08:04:46	MD source has no aging field; MD aging unavailable
BEAT STREET	MM2-BW	H1B02N53S4 A/T	2026	A285	11	RFS	1	StokMD - 2026-08-06T080446.204.xls	HTML table / 3,496 data rows	2026-08-06 08:04:46	MD source has no aging field; MD aging unavailable
BEAT STREET	MM2-BW	H1B02N53S4 A/T	2026	A285	18	RFS	1	StokMD - 2026-08-06T080446.204.xls	HTML table / 3,496 data rows	2026-08-06 08:04:46	MD source has no aging field; MD aging unavailable
BEAT STREET	MM2-BW	H1B02N53S4 A/T	2026	A285	29	RFS	1	StokMD - 2026-08-06T080446.204.xls	HTML table / 3,496 data rows	2026-08-06 08:04:46	MD source has no aging field; MD aging unavailable
BEAT STREET	MM2-BW	H1B02N53S4 A/T	2026	A285	35	RFS	1	StokMD - 2026-08-06T080446.204.xls	HTML table / 3,496 data rows	2026-08-06 08:04:46	MD source has no aging field; MD aging unavailable
BEAT STREET	MM2-BW	H1B02N53S4 A/T	2026	A291	11	RFS	1	StokMD - 2026-08-06T080446.204.xls	HTML table / 3,496 data rows	2026-08-06 08:04:46	MD source has no aging field; MD aging unavailable
BEAT STREET	MM2-BW	H1B02N53S4 A/T	2026	A291	12	RFS	1	StokMD - 2026-08-06T080446.204.xls	HTML table / 3,496 data rows	2026-08-06 08:04:46	MD source has no aging field; MD aging unavailable
BEAT STREET	MM2-BW	H1B02N53S4 A/T	2026	A291	13	RFS	1	StokMD - 2026-08-06T080446.204.xls	HTML table / 3,496 data rows	2026-08-06 08:04:46	MD source has no aging field; MD aging unavailable
BEAT STREET	MM2-BW	H1B02N53S4 A/T	2026	A291	14	RFS	1	StokMD - 2026-08-06T080446.204.xls	HTML table / 3,496 data rows	2026-08-06 08:04:46	MD source has no aging field; MD aging unavailable
BEAT STREET	MM2-BW	H1B02N53S4 A/T	2026	A291	15	RFS	1	StokMD - 2026-08-06T080446.204.xls	HTML table / 3,496 data rows	2026-08-06 08:04:46	MD source has no aging field; MD aging unavailable
BEAT STREET	MM2-BW	H1B02N53S4 A/T	2026	A291	16	RFS	1	StokMD - 2026-08-06T080446.204.xls	HTML table / 3,496 data rows	2026-08-06 08:04:46	MD source has no aging field; MD aging unavailable
BEAT STREET	MM2-BW	H1B02N53S4 A/T	2026	A291	17	RFS	1	StokMD - 2026-08-06T080446.204.xls	HTML table / 3,496 data rows	2026-08-06 08:04:46	MD source has no aging field; MD aging unavailable
BEAT STREET	MM2-BW	H1B02N53S4 A/T	2026	A291	18	RFS	1	StokMD - 2026-08-06T080446.204.xls	HTML table / 3,496 data rows	2026-08-06 08:04:46	MD source has no aging field; MD aging unavailable
BEAT STREET	MM2-BW	H1B02N53S4 A/T	2026	A291	19	RFS	1	StokMD - 2026-08-06T080446.204.xls	HTML table / 3,496 data rows	2026-08-06 08:04:46	MD source has no aging field; MD aging unavailable
BEAT STREET	MM2-BW	H1B02N53S4 A/T	2026	A291	3	RFS	1	StokMD - 2026-08-06T080446.204.xls	HTML table / 3,496 data rows	2026-08-06 08:04:46	MD source has no aging field; MD aging unavailable
BEAT STREET	MM2-BW	H1B02N53S4 A/T	2026	A291	6	RFS	1	StokMD - 2026-08-06T080446.204.xls	HTML table / 3,496 data rows	2026-08-06 08:04:46	MD source has no aging field; MD aging unavailable
BEAT STREET	MM2-BW	H1B02N53S4 A/T	2026	A291	7	RFS	1	StokMD - 2026-08-06T080446.204.xls	HTML table / 3,496 data rows	2026-08-06 08:04:46	MD source has no aging field; MD aging unavailable
BEAT STREET	MM2-BW	H1B02N53S4 A/T	2026	A291	8	RFS	1	StokMD - 2026-08-06T080446.204.xls	HTML table / 3,496 data rows	2026-08-06 08:04:46	MD source has no aging field; MD aging unavailable
BEAT STREET	MM2-BW	H1B02N53S4 A/T	2026	A291	9	RFS	1	StokMD - 2026-08-06T080446.204.xls	HTML table / 3,496 data rows	2026-08-06 08:04:46	MD source has no aging field; MD aging unavailable
BEAT STREET	MM2-BW	H1B02N53S4 A/T	2026	A311	1	RFS	1	StokMD - 2026-08-06T080446.204.xls	HTML table / 3,496 data rows	2026-08-06 08:04:46	MD source has no aging field; MD aging unavailable
BEAT STREET	MM2-BW	H1B02N53S4 A/T	2026	A311	14	RFS	1	StokMD - 2026-08-06T080446.204.xls	HTML table / 3,496 data rows	2026-08-06 08:04:46	MD source has no aging field; MD aging unavailable
BEAT STREET	MM2-BW	H1B02N53S4 A/T	2026	A311	17	RFS	1	StokMD - 2026-08-06T080446.204.xls	HTML table / 3,496 data rows	2026-08-06 08:04:46	MD source has no aging field; MD aging unavailable
BEAT STREET	MM2-BW	H1B02N53S4 A/T	2026	A311	19	RFS	1	StokMD - 2026-08-06T080446.204.xls	HTML table / 3,496 data rows	2026-08-06 08:04:46	MD source has no aging field; MD aging unavailable
BEAT STREET	MM2-BW	H1B02N53S4 A/T	2026	A311	20	RFS	1	StokMD - 2026-08-06T080446.204.xls	HTML table / 3,496 data rows	2026-08-06 08:04:46	MD source has no aging field; MD aging unavailable
BEAT STREET	MM2-BW	H1B02N53S4 A/T	2026	A311	5	RFS	1	StokMD - 2026-08-06T080446.204.xls	HTML table / 3,496 data rows	2026-08-06 08:04:46	MD source has no aging field; MD aging unavailable
BEAT STREET	MM2-BW	H1B02N53S4 A/T	2026	A312	12	RFS	1	StokMD - 2026-08-06T080446.204.xls	HTML table / 3,496 data rows	2026-08-06 08:04:46	MD source has no aging field; MD aging unavailable
BEAT STREET	MM2-BW	H1B02N53S4 A/T	2026	A312	14	RFS	1	StokMD - 2026-08-06T080446.204.xls	HTML table / 3,496 data rows	2026-08-06 08:04:46	MD source has no aging field; MD aging unavailable
BEAT STREET	MM2-BW	H1B02N53S4 A/T	2026	A312	17	RFS	1	StokMD - 2026-08-06T080446.204.xls	HTML table / 3,496 data rows	2026-08-06 08:04:46	MD source has no aging field; MD aging unavailable
BEAT STREET	MM2-BW	H1B02N53S4 A/T	2026	A312	22	RFS	1	StokMD - 2026-08-06T080446.204.xls	HTML table / 3,496 data rows	2026-08-06 08:04:46	MD source has no aging field; MD aging unavailable
BEAT STREET	MM2-BW	H1B02N53S4 A/T	2026	A312	4	RFS	1	StokMD - 2026-08-06T080446.204.xls	HTML table / 3,496 data rows	2026-08-06 08:04:46	MD source has no aging field; MD aging unavailable
BEAT STREET	MM2-BW	H1B02N53S4 A/T	2026	A313	24	RFS	1	StokMD - 2026-08-06T080446.204.xls	HTML table / 3,496 data rows	2026-08-06 08:04:46	MD source has no aging field; MD aging unavailable
BEAT STREET	MM2-BW	H1B02N53S4 A/T	2026	A315	0	RFS	1	StokMD - 2026-08-06T080446.204.xls	HTML table / 3,496 data rows	2026-08-06 08:04:46	MD source has no aging field; MD aging unavailable
BEAT STREET	MM2-BW	H1B02N53S4 A/T	2026	A315	1	RFS	1	StokMD - 2026-08-06T080446.204.xls	HTML table / 3,496 data rows	2026-08-06 08:04:46	MD source has no aging field; MD aging unavailable
BEAT STREET	MM2-BW	H1B02N53S4 A/T	2026	A315	14	RFS	1	StokMD - 2026-08-06T080446.204.xls	HTML table / 3,496 data rows	2026-08-06 08:04:46	MD source has no aging field; MD aging unavailable
BEAT STREET	MM2-BW	H1B02N53S4 A/T	2026	A315	16	RFS	2	StokMD - 2026-08-06T080446.204.xls	HTML table / 3,496 data rows	2026-08-06 08:04:46	MD source has no aging field; MD aging unavailable
BEAT STREET	MM2-BW	H1B02N53S4 A/T	2026	A315	2	RFS	1	StokMD - 2026-08-06T080446.204.xls	HTML table / 3,496 data rows	2026-08-06 08:04:46	MD source has no aging field; MD aging unavailable
BEAT STREET	MM2-BW	H1B02N53S4 A/T	2026	A315	23	RFS	1	StokMD - 2026-08-06T080446.204.xls	HTML table / 3,496 data rows	2026-08-06 08:04:46	MD source has no aging field; MD aging unavailable
BEAT STREET	MM2-BW	H1B02N53S4 A/T	2026	A315	3	RFS	1	StokMD - 2026-08-06T080446.204.xls	HTML table / 3,496 data rows	2026-08-06 08:04:46	MD source has no aging field; MD aging unavailable
BEAT STREET	MM2-BW	H1B02N53S4 A/T	2026	A331	11	RFS	1	StokMD - 2026-08-06T080446.204.xls	HTML table / 3,496 data rows	2026-08-06 08:04:46	MD source has no aging field; MD aging unavailable
BEAT STREET	MM2-BW	H1B02N53S4 A/T	2026	A331	12	RFS	1	StokMD - 2026-08-06T080446.204.xls	HTML table / 3,496 data rows	2026-08-06 08:04:46	MD source has no aging field; MD aging unavailable
BEAT STREET	MM2-BW	H1B02N53S4 A/T	2026	A331	13	RFS	1	StokMD - 2026-08-06T080446.204.xls	HTML table / 3,496 data rows	2026-08-06 08:04:46	MD source has no aging field; MD aging unavailable
BEAT STREET	MM2-BW	H1B02N53S4 A/T	2026	A331	14	RFS	1	StokMD - 2026-08-06T080446.204.xls	HTML table / 3,496 data rows	2026-08-06 08:04:46	MD source has no aging field; MD aging unavailable
BEAT STREET	MM2-BW	H1B02N53S4 A/T	2026	A331	15	RFS	1	StokMD - 2026-08-06T080446.204.xls	HTML table / 3,496 data rows	2026-08-06 08:04:46	MD source has no aging field; MD aging unavailable
BEAT STREET	MM2-BW	H1B02N53S4 A/T	2026	A331	16	RFS	1	StokMD - 2026-08-06T080446.204.xls	HTML table / 3,496 data rows	2026-08-06 08:04:46	MD source has no aging field; MD aging unavailable
BEAT STREET	MM2-BW	H1B02N53S4 A/T	2026	A331	17	RFS	1	StokMD - 2026-08-06T080446.204.xls	HTML table / 3,496 data rows	2026-08-06 08:04:46	MD source has no aging field; MD aging unavailable
BEAT STREET	MM2-BW	H1B02N53S4 A/T	2026	A331	18	RFS	1	StokMD - 2026-08-06T080446.204.xls	HTML table / 3,496 data rows	2026-08-06 08:04:46	MD source has no aging field; MD aging unavailable
BEAT STREET	MM2-BW	H1B02N53S4 A/T	2026	A331	19	RFS	1	StokMD - 2026-08-06T080446.204.xls	HTML table / 3,496 data rows	2026-08-06 08:04:46	MD source has no aging field; MD aging unavailable
BEAT STREET	MM2-BW	H1B02N53S4 A/T	2026	A331	2	RFS	1	StokMD - 2026-08-06T080446.204.xls	HTML table / 3,496 data rows	2026-08-06 08:04:46	MD source has no aging field; MD aging unavailable
BEAT STREET	MM2-BW	H1B02N53S4 A/T	2026	A331	20	RFS	1	StokMD - 2026-08-06T080446.204.xls	HTML table / 3,496 data rows	2026-08-06 08:04:46	MD source has no aging field; MD aging unavailable
BEAT STREET	MM2-BW	H1B02N53S4 A/T	2026	A331	3	RFS	1	StokMD - 2026-08-06T080446.204.xls	HTML table / 3,496 data rows	2026-08-06 08:04:46	MD source has no aging field; MD aging unavailable
BEAT STREET	MM2-BW	H1B02N53S4 A/T	2026	A331	9	RFS	1	StokMD - 2026-08-06T080446.204.xls	HTML table / 3,496 data rows	2026-08-06 08:04:46	MD source has no aging field; MD aging unavailable
BEAT STREET	MM2-BW	H1B02N53S4 A/T	2026	A332	1	RFS	1	StokMD - 2026-08-06T080446.204.xls	HTML table / 3,496 data rows	2026-08-06 08:04:46	MD source has no aging field; MD aging unavailable
BEAT STREET	MM2-BW	H1B02N53S4 A/T	2026	A332	11	RFS	1	StokMD - 2026-08-06T080446.204.xls	HTML table / 3,496 data rows	2026-08-06 08:04:46	MD source has no aging field; MD aging unavailable
BEAT STREET	MM2-BW	H1B02N53S4 A/T	2026	A332	12	RFS	1	StokMD - 2026-08-06T080446.204.xls	HTML table / 3,496 data rows	2026-08-06 08:04:46	MD source has no aging field; MD aging unavailable
BEAT STREET	MM2-BW	H1B02N53S4 A/T	2026	A332	2	RFS	1	StokMD - 2026-08-06T080446.204.xls	HTML table / 3,496 data rows	2026-08-06 08:04:46	MD source has no aging field; MD aging unavailable
BEAT STREET	MM2-BW	H1B02N53S4 A/T	2026	A332	20	RFS	1	StokMD - 2026-08-06T080446.204.xls	HTML table / 3,496 data rows	2026-08-06 08:04:46	MD source has no aging field; MD aging unavailable
BEAT STREET	MM2-BW	H1B02N53S4 A/T	2026	A332	3	RFS	1	StokMD - 2026-08-06T080446.204.xls	HTML table / 3,496 data rows	2026-08-06 08:04:46	MD source has no aging field; MD aging unavailable
BEAT STREET	MM2-BW	H1B02N53S4 A/T	2026	A332	4	RFS	1	StokMD - 2026-08-06T080446.204.xls	HTML table / 3,496 data rows	2026-08-06 08:04:46	MD source has no aging field; MD aging unavailable
BEAT STREET	MM2-BW	H1B02N53S4 A/T	2026	A332	5	RFS	1	StokMD - 2026-08-06T080446.204.xls	HTML table / 3,496 data rows	2026-08-06 08:04:46	MD source has no aging field; MD aging unavailable
BEAT STREET	MM2-BW	H1B02N53S4 A/T	2026	A332	6	RFS	1	StokMD - 2026-08-06T080446.204.xls	HTML table / 3,496 data rows	2026-08-06 08:04:46	MD source has no aging field; MD aging unavailable
BEAT STREET	MM2-BW	H1B02N53S4 A/T	2026	A332	7	RFS	1	StokMD - 2026-08-06T080446.204.xls	HTML table / 3,496 data rows	2026-08-06 08:04:46	MD source has no aging field; MD aging unavailable
BEAT STREET	MM2-BW	H1B02N53S4 A/T	2026	A332	8	RFS	1	StokMD - 2026-08-06T080446.204.xls	HTML table / 3,496 data rows	2026-08-06 08:04:46	MD source has no aging field; MD aging unavailable
BEAT STREET	MM2-BW	H1B02N53S4 A/T	2026	A332	9	RFS	1	StokMD - 2026-08-06T080446.204.xls	HTML table / 3,496 data rows	2026-08-06 08:04:46	MD source has no aging field; MD aging unavailable
BEAT STREET	MM2-BW	H1B02N53S4 A/T	2026	A333	10	RFS	1	StokMD - 2026-08-06T080446.204.xls	HTML table / 3,496 data rows	2026-08-06 08:04:46	MD source has no aging field; MD aging unavailable
BEAT STREET	MM2-BW	H1B02N53S4 A/T	2026	A333	11	RFS	1	StokMD - 2026-08-06T080446.204.xls	HTML table / 3,496 data rows	2026-08-06 08:04:46	MD source has no aging field; MD aging unavailable
BEAT STREET	MM2-BW	H1B02N53S4 A/T	2026	A333	12	RFS	1	StokMD - 2026-08-06T080446.204.xls	HTML table / 3,496 data rows	2026-08-06 08:04:46	MD source has no aging field; MD aging unavailable
BEAT STREET	MM2-BW	H1B02N53S4 A/T	2026	A333	2	RFS	1	StokMD - 2026-08-06T080446.204.xls	HTML table / 3,496 data rows	2026-08-06 08:04:46	MD source has no aging field; MD aging unavailable
BEAT STREET	MM2-BW	H1B02N53S4 A/T	2026	A333	8	RFS	1	StokMD - 2026-08-06T080446.204.xls	HTML table / 3,496 data rows	2026-08-06 08:04:46	MD source has no aging field; MD aging unavailable
BEAT STREET	MM2-BW	H1B02N53S4 A/T	2026	A333	9	RFS	1	StokMD - 2026-08-06T080446.204.xls	HTML table / 3,496 data rows	2026-08-06 08:04:46	MD source has no aging field; MD aging unavailable
BEAT STREET	MM2-BW	H1B02N53S4 A/T	2026	A334	13	RFS	1	StokMD - 2026-08-06T080446.204.xls	HTML table / 3,496 data rows	2026-08-06 08:04:46	MD source has no aging field; MD aging unavailable
BEAT STREET	MM2-BW	H1B02N53S4 A/T	2026	A384	1	RFS	1	StokMD - 2026-08-06T080446.204.xls	HTML table / 3,496 data rows	2026-08-06 08:04:46	MD source has no aging field; MD aging unavailable
BEAT STREET	MM2-BW	H1B02N53S4 A/T	2026	A384	11	RFS	1	StokMD - 2026-08-06T080446.204.xls	HTML table / 3,496 data rows	2026-08-06 08:04:46	MD source has no aging field; MD aging unavailable
BEAT STREET	MM2-BW	H1B02N53S4 A/T	2026	A384	12	RFS	1	StokMD - 2026-08-06T080446.204.xls	HTML table / 3,496 data rows	2026-08-06 08:04:46	MD source has no aging field; MD aging unavailable
BEAT STREET	MM2-BW	H1B02N53S4 A/T	2026	A384	19	RFS	1	StokMD - 2026-08-06T080446.204.xls	HTML table / 3,496 data rows	2026-08-06 08:04:46	MD source has no aging field; MD aging unavailable
BEAT STREET	MM2-BW	H1B02N53S4 A/T	2026	A384	2	RFS	1	StokMD - 2026-08-06T080446.204.xls	HTML table / 3,496 data rows	2026-08-06 08:04:46	MD source has no aging field; MD aging unavailable
BEAT STREET	MM2-BW	H1B02N53S4 A/T	2026	A384	20	RFS	1	StokMD - 2026-08-06T080446.204.xls	HTML table / 3,496 data rows	2026-08-06 08:04:46	MD source has no aging field; MD aging unavailable
BEAT STREET	MM2-BW	H1B02N53S4 A/T	2026	A384	26	RFS	1	StokMD - 2026-08-06T080446.204.xls	HTML table / 3,496 data rows	2026-08-06 08:04:46	MD source has no aging field; MD aging unavailable
BEAT STREET	MM2-BW	H1B02N53S4 A/T	2026	A384	27	RFS	1	StokMD - 2026-08-06T080446.204.xls	HTML table / 3,496 data rows	2026-08-06 08:04:46	MD source has no aging field; MD aging unavailable
BEAT STREET	MM2-BW	H1B02N53S4 A/T	2026	A384	28	RFS	1	StokMD - 2026-08-06T080446.204.xls	HTML table / 3,496 data rows	2026-08-06 08:04:46	MD source has no aging field; MD aging unavailable
BEAT STREET	MM2-BW	H1B02N53S4 A/T	2026	A384	29	RFS	1	StokMD - 2026-08-06T080446.204.xls	HTML table / 3,496 data rows	2026-08-06 08:04:46	MD source has no aging field; MD aging unavailable
BEAT STREET	MM2-BW	H1B02N53S4 A/T	2026	A384	3	RFS	1	StokMD - 2026-08-06T080446.204.xls	HTML table / 3,496 data rows	2026-08-06 08:04:46	MD source has no aging field; MD aging unavailable
BEAT STREET	MM2-BW	H1B02N53S4 A/T	2026	A384	30	RFS	1	StokMD - 2026-08-06T080446.204.xls	HTML table / 3,496 data rows	2026-08-06 08:04:46	MD source has no aging field; MD aging unavailable
BEAT STREET	MM2-BW	H1B02N53S4 A/T	2026	A384	31	RFS	1	StokMD - 2026-08-06T080446.204.xls	HTML table / 3,496 data rows	2026-08-06 08:04:46	MD source has no aging field; MD aging unavailable
BEAT STREET	MM2-BW	H1B02N53S4 A/T	2026	A384	32	RFS	1	StokMD - 2026-08-06T080446.204.xls	HTML table / 3,496 data rows	2026-08-06 08:04:46	MD source has no aging field; MD aging unavailable
BEAT STREET	MM2-BW	H1B02N53S4 A/T	2026	A384	33	RFS	1	StokMD - 2026-08-06T080446.204.xls	HTML table / 3,496 data rows	2026-08-06 08:04:46	MD source has no aging field; MD aging unavailable
BEAT STREET	MM2-BW	H1B02N53S4 A/T	2026	A384	34	RFS	1	StokMD - 2026-08-06T080446.204.xls	HTML table / 3,496 data rows	2026-08-06 08:04:46	MD source has no aging field; MD aging unavailable
BEAT STREET	MM2-BW	H1B02N53S4 A/T	2026	A384	35	RFS	1	StokMD - 2026-08-06T080446.204.xls	HTML table / 3,496 data rows	2026-08-06 08:04:46	MD source has no aging field; MD aging unavailable
BEAT STREET	MM2-BW	H1B02N53S4 A/T	2026	A384	37	RFS	1	StokMD - 2026-08-06T080446.204.xls	HTML table / 3,496 data rows	2026-08-06 08:04:46	MD source has no aging field; MD aging unavailable
BEAT STREET	MM2-BW	H1B02N53S4 A/T	2026	A384	39	RFS	1	StokMD - 2026-08-06T080446.204.xls	HTML table / 3,496 data rows	2026-08-06 08:04:46	MD source has no aging field; MD aging unavailable
BEAT STREET	MM2-BW	H1B02N53S4 A/T	2026	A384	40	RFS	1	StokMD - 2026-08-06T080446.204.xls	HTML table / 3,496 data rows	2026-08-06 08:04:46	MD source has no aging field; MD aging unavailable
BEAT STREET	MM2-BW	H1B02N53S4 A/T	2026	A384	5	RFS	1	StokMD - 2026-08-06T080446.204.xls	HTML table / 3,496 data rows	2026-08-06 08:04:46	MD source has no aging field; MD aging unavailable
BEAT STREET	MM2-BW	H1B02N53S4 A/T	2026	A384	6	RFS	1	StokMD - 2026-08-06T080446.204.xls	HTML table / 3,496 data rows	2026-08-06 08:04:46	MD source has no aging field; MD aging unavailable
BEAT STREET	MM2-BW	H1B02N53S4 A/T	2026	A384	7	RFS	1	StokMD - 2026-08-06T080446.204.xls	HTML table / 3,496 data rows	2026-08-06 08:04:46	MD source has no aging field; MD aging unavailable
BEAT STREET	MM2-BW	H1B02N53S4 A/T	2026	A384	8	RFS	1	StokMD - 2026-08-06T080446.204.xls	HTML table / 3,496 data rows	2026-08-06 08:04:46	MD source has no aging field; MD aging unavailable
BEAT STREET	MM2-BW	H1B02N53S4 A/T	2026	A385	30	RFS	1	StokMD - 2026-08-06T080446.204.xls	HTML table / 3,496 data rows	2026-08-06 08:04:46	MD source has no aging field; MD aging unavailable
BEAT STREET	MM2-BW	H1B02N53S4 A/T	2026	A385	31	RFS	1	StokMD - 2026-08-06T080446.204.xls	HTML table / 3,496 data rows	2026-08-06 08:04:46	MD source has no aging field; MD aging unavailable
BEAT STREET	MM2-GR	H1B02N53S4 A/T	2026	A311	3	RFS	1	StokMD - 2026-08-06T080446.204.xls	HTML table / 3,496 data rows	2026-08-06 08:04:46	MD source has no aging field; MD aging unavailable
CB150 VERZA CW	KG0-BK	B5D02M29M5 M/T	2026	A112	2	RFS	1	StokMD - 2026-08-06T080446.204.xls	HTML table / 3,496 data rows	2026-08-06 08:04:46	MD source has no aging field; MD aging unavailable
CB150 VERZA CW	KG0-BK	B5D02M29M5 M/T	2026	A114	10	RFS	1	StokMD - 2026-08-06T080446.204.xls	HTML table / 3,496 data rows	2026-08-06 08:04:46	MD source has no aging field; MD aging unavailable
CB150 VERZA CW	KG0-BK	B5D02M29M5 M/T	2026	A114	11	RFS	1	StokMD - 2026-08-06T080446.204.xls	HTML table / 3,496 data rows	2026-08-06 08:04:46	MD source has no aging field; MD aging unavailable
CB150 VERZA CW	KG0-BK	B5D02M29M5 M/T	2026	A114	13	RFS	1	StokMD - 2026-08-06T080446.204.xls	HTML table / 3,496 data rows	2026-08-06 08:04:46	MD source has no aging field; MD aging unavailable
CB150 VERZA CW	KG0-BK	B5D02M29M5 M/T	2026	A114	27	RFS	1	StokMD - 2026-08-06T080446.204.xls	HTML table / 3,496 data rows	2026-08-06 08:04:46	MD source has no aging field; MD aging unavailable
CB150 VERZA CW	KG0-BK	B5D02M29M5 M/T	2026	A114	8	RFS	1	StokMD - 2026-08-06T080446.204.xls	HTML table / 3,496 data rows	2026-08-06 08:04:46	MD source has no aging field; MD aging unavailable
CB150 VERZA CW	KG0-BK	B5D02M29M5 M/T	2026	A124	1	RFS	1	StokMD - 2026-08-06T080446.204.xls	HTML table / 3,496 data rows	2026-08-06 08:04:46	MD source has no aging field; MD aging unavailable
CB150 VERZA CW	KG0-BK	B5D02M29M5 M/T	2026	A124	10	RFS	1	StokMD - 2026-08-06T080446.204.xls	HTML table / 3,496 data rows	2026-08-06 08:04:46	MD source has no aging field; MD aging unavailable
CB150 VERZA CW	KG0-BK	B5D02M29M5 M/T	2026	A124	12	RFS	1	StokMD - 2026-08-06T080446.204.xls	HTML table / 3,496 data rows	2026-08-06 08:04:46	MD source has no aging field; MD aging unavailable
CB150 VERZA CW	KG0-BK	B5D02M29M5 M/T	2026	A124	2	RFS	1	StokMD - 2026-08-06T080446.204.xls	HTML table / 3,496 data rows	2026-08-06 08:04:46	MD source has no aging field; MD aging unavailable
CB150 VERZA CW	KG0-BK	B5D02M29M5 M/T	2026	A124	22	RFS	1	StokMD - 2026-08-06T080446.204.xls	HTML table / 3,496 data rows	2026-08-06 08:04:46	MD source has no aging field; MD aging unavailable
CB150 VERZA CW	KG0-BK	B5D02M29M5 M/T	2026	A124	23	RFS	1	StokMD - 2026-08-06T080446.204.xls	HTML table / 3,496 data rows	2026-08-06 08:04:46	MD source has no aging field; MD aging unavailable
CB150 VERZA CW	KG0-BK	B5D02M29M5 M/T	2026	A124	24	RFS	1	StokMD - 2026-08-06T080446.204.xls	HTML table / 3,496 data rows	2026-08-06 08:04:46	MD source has no aging field; MD aging unavailable
CB150 VERZA CW	KG0-BK	B5D02M29M5 M/T	2026	A124	27	RFS	1	StokMD - 2026-08-06T080446.204.xls	HTML table / 3,496 data rows	2026-08-06 08:04:46	MD source has no aging field; MD aging unavailable
CB150 VERZA CW	KG0-BK	B5D02M29M5 M/T	2026	A124	3	RFS	1	StokMD - 2026-08-06T080446.204.xls	HTML table / 3,496 data rows	2026-08-06 08:04:46	MD source has no aging field; MD aging unavailable
CB150 VERZA CW	KG0-BK	B5D02M29M5 M/T	2026	A124	32	RFS	1	StokMD - 2026-08-06T080446.204.xls	HTML table / 3,496 data rows	2026-08-06 08:04:46	MD source has no aging field; MD aging unavailable
CB150 VERZA CW	KG0-BK	B5D02M29M5 M/T	2026	A124	5	RFS	1	StokMD - 2026-08-06T080446.204.xls	HTML table / 3,496 data rows	2026-08-06 08:04:46	MD source has no aging field; MD aging unavailable
CB150 VERZA CW	KG0-BK	B5D02M29M5 M/T	2026	A124	6	RFS	1	StokMD - 2026-08-06T080446.204.xls	HTML table / 3,496 data rows	2026-08-06 08:04:46	MD source has no aging field; MD aging unavailable
CB150 VERZA CW	KG0-BK	B5D02M29M5 M/T	2026	A124	7	RFS	1	StokMD - 2026-08-06T080446.204.xls	HTML table / 3,496 data rows	2026-08-06 08:04:46	MD source has no aging field; MD aging unavailable
CB150 VERZA CW	KG0-BK	B5D02M29M5 M/T	2026	A124	8	RFS	1	StokMD - 2026-08-06T080446.204.xls	HTML table / 3,496 data rows	2026-08-06 08:04:46	MD source has no aging field; MD aging unavailable
CB150 VERZA CW	KG0-BK	B5D02M29M5 M/T	2026	A173	1	RFS	1	StokMD - 2026-08-06T080446.204.xls	HTML table / 3,496 data rows	2026-08-06 08:04:46	MD source has no aging field; MD aging unavailable
CB150 VERZA CW	KG0-BK	B5D02M29M5 M/T	2026	A173	3	RFS	1	StokMD - 2026-08-06T080446.204.xls	HTML table / 3,496 data rows	2026-08-06 08:04:46	MD source has no aging field; MD aging unavailable
CB150 VERZA CW	KG0-BK	B5D02M29M5 M/T	2026	A173	6	RFS	1	StokMD - 2026-08-06T080446.204.xls	HTML table / 3,496 data rows	2026-08-06 08:04:46	MD source has no aging field; MD aging unavailable
CB150 VERZA SW	KF0-BK	B5D02K29M5 M/T	2026	A112	11	RFS	1	StokMD - 2026-08-06T080446.204.xls	HTML table / 3,496 data rows	2026-08-06 08:04:46	MD source has no aging field; MD aging unavailable
CB150 VERZA SW	KF0-BK	B5D02K29M5 M/T	2026	A112	15	RFS	1	StokMD - 2026-08-06T080446.204.xls	HTML table / 3,496 data rows	2026-08-06 08:04:46	MD source has no aging field; MD aging unavailable
CB150 VERZA SW	KF0-BK	B5D02K29M5 M/T	2026	A112	5	RFS	1	StokMD - 2026-08-06T080446.204.xls	HTML table / 3,496 data rows	2026-08-06 08:04:46	MD source has no aging field; MD aging unavailable
CB150 VERZA SW	KF0-BK	B5D02K29M5 M/T	2026	A112	9	RFS	1	StokMD - 2026-08-06T080446.204.xls	HTML table / 3,496 data rows	2026-08-06 08:04:46	MD source has no aging field; MD aging unavailable
CB150 VERZA SW	KF0-BK	B5D02K29M5 M/T	2026	A114	12	RFS	1	StokMD - 2026-08-06T080446.204.xls	HTML table / 3,496 data rows	2026-08-06 08:04:46	MD source has no aging field; MD aging unavailable
CB150 VERZA SW	KF0-BK	B5D02K29M5 M/T	2026	A114	14	RFS	1	StokMD - 2026-08-06T080446.204.xls	HTML table / 3,496 data rows	2026-08-06 08:04:46	MD source has no aging field; MD aging unavailable
CB150 VERZA SW	KF0-BK	B5D02K29M5 M/T	2026	A114	15	RFS	1	StokMD - 2026-08-06T080446.204.xls	HTML table / 3,496 data rows	2026-08-06 08:04:46	MD source has no aging field; MD aging unavailable
CB150 VERZA SW	KF0-BK	B5D02K29M5 M/T	2026	A114	16	RFS	1	StokMD - 2026-08-06T080446.204.xls	HTML table / 3,496 data rows	2026-08-06 08:04:46	MD source has no aging field; MD aging unavailable
CB150 VERZA SW	KF0-BK	B5D02K29M5 M/T	2026	A133	32	RFS	1	StokMD - 2026-08-06T080446.204.xls	HTML table / 3,496 data rows	2026-08-06 08:04:46	MD source has no aging field; MD aging unavailable
CB150 VERZA SW	KF0-BK	B5D02K29M5 M/T	2026	A173	5	RFS	1	StokMD - 2026-08-06T080446.204.xls	HTML table / 3,496 data rows	2026-08-06 08:04:46	MD source has no aging field; MD aging unavailable
CB150R STREETFIRE	JR0-BK	A5C02R52L1 M/T	2026	A113	34	RFS	1	StokMD - 2026-08-06T080446.204.xls	HTML table / 3,496 data rows	2026-08-06 08:04:46	MD source has no aging field; MD aging unavailable
CB150R STREETFIRE	JS0-BK	A5C02R37L1A M/T	2026	A113	11	RFS	1	StokMD - 2026-08-06T080446.204.xls	HTML table / 3,496 data rows	2026-08-06 08:04:46	MD source has no aging field; MD aging unavailable
CB150R STREETFIRE	JS0-RD	A5C02R37L1A M/T	2026	A113	12	RFS	1	StokMD - 2026-08-06T080446.204.xls	HTML table / 3,496 data rows	2026-08-06 08:04:46	MD source has no aging field; MD aging unavailable
CB150R STREETFIRE	JS0-SV	A5C02R37L1A M/T	2026	A113	10	RFS	1	StokMD - 2026-08-06T080446.204.xls	HTML table / 3,496 data rows	2026-08-06 08:04:46	MD source has no aging field; MD aging unavailable
CBR 150R ABS	KE0-RD	P5E02R49S2 M/T	2026	A111	15	RFS	1	StokMD - 2026-08-06T080446.204.xls	HTML table / 3,496 data rows	2026-08-06 08:04:46	MD source has no aging field; MD aging unavailable
CBR 150R STD	JM2-RD	P5E02R48S2 M/T	2026	A112	22	RFS	1	StokMD - 2026-08-06T080446.204.xls	HTML table / 3,496 data rows	2026-08-06 08:04:46	MD source has no aging field; MD aging unavailable
CBR 150R STD	JML-MH	P5E02R48S2A M/T	2026	A112	20	RFS	1	StokMD - 2026-08-06T080446.204.xls	HTML table / 3,496 data rows	2026-08-06 08:04:46	MD source has no aging field; MD aging unavailable
CBR 150R STD	JMM-BK	P5E02R48S2B M/T	2026	A115	6	RFS	1	StokMD - 2026-08-06T080446.204.xls	HTML table / 3,496 data rows	2026-08-06 08:04:46	MD source has no aging field; MD aging unavailable
CBR 150R STD	JMM-BK	P5E02R48S2B M/T	2026	A115	7	RFS	1	StokMD - 2026-08-06T080446.204.xls	HTML table / 3,496 data rows	2026-08-06 08:04:46	MD source has no aging field; MD aging unavailable
CRF150L	ES7-RD	T4G02T31S4 M/T	2026	A114	33	RFS	1	StokMD - 2026-08-06T080446.204.xls	HTML table / 3,496 data rows	2026-08-06 08:04:46	MD source has no aging field; MD aging unavailable
CRF150L	ES7-RD	T4G02T31S4 M/T	2026	A114	34	RFS	1	StokMD - 2026-08-06T080446.204.xls	HTML table / 3,496 data rows	2026-08-06 08:04:46	MD source has no aging field; MD aging unavailable
CRF150L	ES7-RD	T4G02T31S4 M/T	2026	A114	35	RFS	1	StokMD - 2026-08-06T080446.204.xls	HTML table / 3,496 data rows	2026-08-06 08:04:46	MD source has no aging field; MD aging unavailable
CRF150L	ES7-RD	T4G02T31S4 M/T	2026	A224	1	RFS	1	StokMD - 2026-08-06T080446.204.xls	HTML table / 3,496 data rows	2026-08-06 08:04:46	MD source has no aging field; MD aging unavailable
CRF150L	ES7-RD	T4G02T31S4 M/T	2026	A224	2	RFS	1	StokMD - 2026-08-06T080446.204.xls	HTML table / 3,496 data rows	2026-08-06 08:04:46	MD source has no aging field; MD aging unavailable
CRF150L	ESK-2P	T4G02T31S4A M/T	2026	A224	14	RFS	1	StokMD - 2026-08-06T080446.204.xls	HTML table / 3,496 data rows	2026-08-06 08:04:46	MD source has no aging field; MD aging unavailable
CRF150L	ESK-2P	T4G02T31S4A M/T	2026	A224	15	RFS	1	StokMD - 2026-08-06T080446.204.xls	HTML table / 3,496 data rows	2026-08-06 08:04:46	MD source has no aging field; MD aging unavailable
CRF150L	ESL-1B	T4G02T31S4B M/T	2026	A144	1	RFS	1	StokMD - 2026-08-06T080446.204.xls	HTML table / 3,496 data rows	2026-08-06 08:04:46	MD source has no aging field; MD aging unavailable
CRF150L	ESL-1B	T4G02T31S4B M/T	2026	A144	27	RFS	1	StokMD - 2026-08-06T080446.204.xls	HTML table / 3,496 data rows	2026-08-06 08:04:46	MD source has no aging field; MD aging unavailable
CRF150L	ESL-1B	T4G02T31S4B M/T	2026	A144	28	RFS	1	StokMD - 2026-08-06T080446.204.xls	HTML table / 3,496 data rows	2026-08-06 08:04:46	MD source has no aging field; MD aging unavailable
CRF150L	ESL-1B	T4G02T31S4B M/T	2026	A145	19	RFS	1	StokMD - 2026-08-06T080446.204.xls	HTML table / 3,496 data rows	2026-08-06 08:04:46	MD source has no aging field; MD aging unavailable
CRF150L	ESL-1B	T4G02T31S4B M/T	2026	A145	20	RFS	1	StokMD - 2026-08-06T080446.204.xls	HTML table / 3,496 data rows	2026-08-06 08:04:46	MD source has no aging field; MD aging unavailable
CRF150L	ESL-1B	T4G02T31S4B M/T	2026	A145	21	RFS	1	StokMD - 2026-08-06T080446.204.xls	HTML table / 3,496 data rows	2026-08-06 08:04:46	MD source has no aging field; MD aging unavailable
CRF150L	ESL-1B	T4G02T31S4B M/T	2026	A152	24	RFS	1	StokMD - 2026-08-06T080446.204.xls	HTML table / 3,496 data rows	2026-08-06 08:04:46	MD source has no aging field; MD aging unavailable
CRF150L	ESL-1B	T4G02T31S4B M/T	2026	A152	25	RFS	1	StokMD - 2026-08-06T080446.204.xls	HTML table / 3,496 data rows	2026-08-06 08:04:46	MD source has no aging field; MD aging unavailable
CRF150L	ESL-1B	T4G02T31S4B M/T	2026	A152	7	RFS	1	StokMD - 2026-08-06T080446.204.xls	HTML table / 3,496 data rows	2026-08-06 08:04:46	MD source has no aging field; MD aging unavailable
CRF150L	ESL-1B	T4G02T31S4B M/T	2026	A152	8	RFS	1	StokMD - 2026-08-06T080446.204.xls	HTML table / 3,496 data rows	2026-08-06 08:04:46	MD source has no aging field; MD aging unavailable
CRF150L	ESL-1B	T4G02T31S4B M/T	2026	A162	10	RFS	1	StokMD - 2026-08-06T080446.204.xls	HTML table / 3,496 data rows	2026-08-06 08:04:46	MD source has no aging field; MD aging unavailable
CRF150L	ESL-1B	T4G02T31S4B M/T	2026	A162	11	RFS	1	StokMD - 2026-08-06T080446.204.xls	HTML table / 3,496 data rows	2026-08-06 08:04:46	MD source has no aging field; MD aging unavailable
CRF150L	ESL-1B	T4G02T31S4B M/T	2026	A162	18	RFS	1	StokMD - 2026-08-06T080446.204.xls	HTML table / 3,496 data rows	2026-08-06 08:04:46	MD source has no aging field; MD aging unavailable
CRF150L	ESL-1B	T4G02T31S4B M/T	2026	A162	19	RFS	1	StokMD - 2026-08-06T080446.204.xls	HTML table / 3,496 data rows	2026-08-06 08:04:46	MD source has no aging field; MD aging unavailable
CRF150L	ESL-1B	T4G02T31S4B M/T	2026	A162	20	RFS	1	StokMD - 2026-08-06T080446.204.xls	HTML table / 3,496 data rows	2026-08-06 08:04:46	MD source has no aging field; MD aging unavailable
CRF150L	ESL-1B	T4G02T31S4B M/T	2026	A162	21	RFS	1	StokMD - 2026-08-06T080446.204.xls	HTML table / 3,496 data rows	2026-08-06 08:04:46	MD source has no aging field; MD aging unavailable
CRF150L	ESL-1B	T4G02T31S4B M/T	2026	A162	23	RFS	1	StokMD - 2026-08-06T080446.204.xls	HTML table / 3,496 data rows	2026-08-06 08:04:46	MD source has no aging field; MD aging unavailable
CRF150L	ESL-1B	T4G02T31S4B M/T	2026	A162	7	RFS	1	StokMD - 2026-08-06T080446.204.xls	HTML table / 3,496 data rows	2026-08-06 08:04:46	MD source has no aging field; MD aging unavailable
CRF150L	ESL-1B	T4G02T31S4B M/T	2026	A162	9	RFS	1	StokMD - 2026-08-06T080446.204.xls	HTML table / 3,496 data rows	2026-08-06 08:04:46	MD source has no aging field; MD aging unavailable
CRF150L	ESL-1B	T4G02T31S4B M/T	2026	A227	10	RFS	1	StokMD - 2026-08-06T080446.204.xls	HTML table / 3,496 data rows	2026-08-06 08:04:46	MD source has no aging field; MD aging unavailable
CRF150L	ESL-1B	T4G02T31S4B M/T	2026	A227	11	RFS	1	StokMD - 2026-08-06T080446.204.xls	HTML table / 3,496 data rows	2026-08-06 08:04:46	MD source has no aging field; MD aging unavailable
CRF150L	ESL-1B	T4G02T31S4B M/T	2026	A227	12	RFS	1	StokMD - 2026-08-06T080446.204.xls	HTML table / 3,496 data rows	2026-08-06 08:04:46	MD source has no aging field; MD aging unavailable
CRF150L	ESL-1B	T4G02T31S4B M/T	2026	A227	13	RFS	1	StokMD - 2026-08-06T080446.204.xls	HTML table / 3,496 data rows	2026-08-06 08:04:46	MD source has no aging field; MD aging unavailable
CRF150L	ESL-1B	T4G02T31S4B M/T	2026	A227	14	RFS	1	StokMD - 2026-08-06T080446.204.xls	HTML table / 3,496 data rows	2026-08-06 08:04:46	MD source has no aging field; MD aging unavailable
CRF150L	ESL-1B	T4G02T31S4B M/T	2026	A227	9	RFS	1	StokMD - 2026-08-06T080446.204.xls	HTML table / 3,496 data rows	2026-08-06 08:04:46	MD source has no aging field; MD aging unavailable
CRF150L	ESL-2G	T4G02T31S4B M/T	2026	A144	15	RFS	1	StokMD - 2026-08-06T080446.204.xls	HTML table / 3,496 data rows	2026-08-06 08:04:46	MD source has no aging field; MD aging unavailable
CRF150L	ESL-2G	T4G02T31S4B M/T	2026	A144	29	RFS	1	StokMD - 2026-08-06T080446.204.xls	HTML table / 3,496 data rows	2026-08-06 08:04:46	MD source has no aging field; MD aging unavailable
CRF150L	ESL-2G	T4G02T31S4B M/T	2026	A144	30	RFS	1	StokMD - 2026-08-06T080446.204.xls	HTML table / 3,496 data rows	2026-08-06 08:04:46	MD source has no aging field; MD aging unavailable
CRF150L	ESL-2G	T4G02T31S4B M/T	2026	A144	31	RFS	1	StokMD - 2026-08-06T080446.204.xls	HTML table / 3,496 data rows	2026-08-06 08:04:46	MD source has no aging field; MD aging unavailable
CRF150L	ESL-2G	T4G02T31S4B M/T	2026	A144	32	RFS	1	StokMD - 2026-08-06T080446.204.xls	HTML table / 3,496 data rows	2026-08-06 08:04:46	MD source has no aging field; MD aging unavailable
CRF150L	ESL-2G	T4G02T31S4B M/T	2026	A144	33	RFS	1	StokMD - 2026-08-06T080446.204.xls	HTML table / 3,496 data rows	2026-08-06 08:04:46	MD source has no aging field; MD aging unavailable
CRF150L	ESL-2G	T4G02T31S4B M/T	2026	A144	4	RFS	1	StokMD - 2026-08-06T080446.204.xls	HTML table / 3,496 data rows	2026-08-06 08:04:46	MD source has no aging field; MD aging unavailable
CRF150L	ESL-2G	T4G02T31S4B M/T	2026	A145	13	RFS	1	StokMD - 2026-08-06T080446.204.xls	HTML table / 3,496 data rows	2026-08-06 08:04:46	MD source has no aging field; MD aging unavailable
CRF150L	ESL-2G	T4G02T31S4B M/T	2026	A145	14	RFS	1	StokMD - 2026-08-06T080446.204.xls	HTML table / 3,496 data rows	2026-08-06 08:04:46	MD source has no aging field; MD aging unavailable
CRF150L	ESL-2G	T4G02T31S4B M/T	2026	A145	17	RFS	1	StokMD - 2026-08-06T080446.204.xls	HTML table / 3,496 data rows	2026-08-06 08:04:46	MD source has no aging field; MD aging unavailable
CRF150L	ESL-2G	T4G02T31S4B M/T	2026	A145	18	RFS	1	StokMD - 2026-08-06T080446.204.xls	HTML table / 3,496 data rows	2026-08-06 08:04:46	MD source has no aging field; MD aging unavailable
CRF150L	ESL-2G	T4G02T31S4B M/T	2026	A145	22	RFS	1	StokMD - 2026-08-06T080446.204.xls	HTML table / 3,496 data rows	2026-08-06 08:04:46	MD source has no aging field; MD aging unavailable
CRF150L	ESL-2G	T4G02T31S4B M/T	2026	A145	23	RFS	1	StokMD - 2026-08-06T080446.204.xls	HTML table / 3,496 data rows	2026-08-06 08:04:46	MD source has no aging field; MD aging unavailable
CRF150L	ESL-2G	T4G02T31S4B M/T	2026	A145	24	RFS	1	StokMD - 2026-08-06T080446.204.xls	HTML table / 3,496 data rows	2026-08-06 08:04:46	MD source has no aging field; MD aging unavailable
CRF150L	ESL-2G	T4G02T31S4B M/T	2026	A145	25	RFS	1	StokMD - 2026-08-06T080446.204.xls	HTML table / 3,496 data rows	2026-08-06 08:04:46	MD source has no aging field; MD aging unavailable
CRF150L	ESL-2G	T4G02T31S4B M/T	2026	A145	26	RFS	1	StokMD - 2026-08-06T080446.204.xls	HTML table / 3,496 data rows	2026-08-06 08:04:46	MD source has no aging field; MD aging unavailable
CRF150L	ESL-2G	T4G02T31S4B M/T	2026	A145	27	RFS	1	StokMD - 2026-08-06T080446.204.xls	HTML table / 3,496 data rows	2026-08-06 08:04:46	MD source has no aging field; MD aging unavailable
CRF150L	ESL-BK	T4G02T31S4B M/T	2026	A113	30	RFS	1	StokMD - 2026-08-06T080446.204.xls	HTML table / 3,496 data rows	2026-08-06 08:04:46	MD source has no aging field; MD aging unavailable
CRF150L	ESL-BK	T4G02T31S4B M/T	2026	A114	1	RFS	1	StokMD - 2026-08-06T080446.204.xls	HTML table / 3,496 data rows	2026-08-06 08:04:46	MD source has no aging field; MD aging unavailable
CRF150L	ESL-BK	T4G02T31S4B M/T	2026	A114	2	RFS	1	StokMD - 2026-08-06T080446.204.xls	HTML table / 3,496 data rows	2026-08-06 08:04:46	MD source has no aging field; MD aging unavailable
CRF150L	ESL-BK	T4G02T31S4B M/T	2026	A114	20	RFS	1	StokMD - 2026-08-06T080446.204.xls	HTML table / 3,496 data rows	2026-08-06 08:04:46	MD source has no aging field; MD aging unavailable
CRF150L	ESL-BK	T4G02T31S4B M/T	2026	A114	21	RFS	1	StokMD - 2026-08-06T080446.204.xls	HTML table / 3,496 data rows	2026-08-06 08:04:46	MD source has no aging field; MD aging unavailable
CRF150L	ESL-BK	T4G02T31S4B M/T	2026	A114	22	RFS	1	StokMD - 2026-08-06T080446.204.xls	HTML table / 3,496 data rows	2026-08-06 08:04:46	MD source has no aging field; MD aging unavailable
CRF150L	ESL-BK	T4G02T31S4B M/T	2026	A114	23	RFS	1	StokMD - 2026-08-06T080446.204.xls	HTML table / 3,496 data rows	2026-08-06 08:04:46	MD source has no aging field; MD aging unavailable
CRF150L	ESL-BK	T4G02T31S4B M/T	2026	A114	24	RFS	1	StokMD - 2026-08-06T080446.204.xls	HTML table / 3,496 data rows	2026-08-06 08:04:46	MD source has no aging field; MD aging unavailable
CRF150L	ESL-BK	T4G02T31S4B M/T	2026	A114	25	RFS	1	StokMD - 2026-08-06T080446.204.xls	HTML table / 3,496 data rows	2026-08-06 08:04:46	MD source has no aging field; MD aging unavailable
CRF150L	ESL-BK	T4G02T31S4B M/T	2026	A114	3	RFS	1	StokMD - 2026-08-06T080446.204.xls	HTML table / 3,496 data rows	2026-08-06 08:04:46	MD source has no aging field; MD aging unavailable
CRF150L	ESL-BK	T4G02T31S4B M/T	2026	A114	30	RFS	1	StokMD - 2026-08-06T080446.204.xls	HTML table / 3,496 data rows	2026-08-06 08:04:46	MD source has no aging field; MD aging unavailable
CRF150L	ESL-BK	T4G02T31S4B M/T	2026	A114	4	RFS	1	StokMD - 2026-08-06T080446.204.xls	HTML table / 3,496 data rows	2026-08-06 08:04:46	MD source has no aging field; MD aging unavailable
CRF150L	ESL-BK	T4G02T31S4B M/T	2026	A114	5	RFS	1	StokMD - 2026-08-06T080446.204.xls	HTML table / 3,496 data rows	2026-08-06 08:04:46	MD source has no aging field; MD aging unavailable
CRF150L	ESL-BK	T4G02T31S4B M/T	2026	A114	6	RFS	1	StokMD - 2026-08-06T080446.204.xls	HTML table / 3,496 data rows	2026-08-06 08:04:46	MD source has no aging field; MD aging unavailable
CRF150L	ESL-BK	T4G02T31S4B M/T	2026	A114	7	RFS	1	StokMD - 2026-08-06T080446.204.xls	HTML table / 3,496 data rows	2026-08-06 08:04:46	MD source has no aging field; MD aging unavailable
CRF150L	ESL-BK	T4G02T31S4B M/T	2026	A114	9	RFS	1	StokMD - 2026-08-06T080446.204.xls	HTML table / 3,496 data rows	2026-08-06 08:04:46	MD source has no aging field; MD aging unavailable
CRF150L	ESL-BK	T4G02T31S4B M/T	2026	A144	14	RFS	1	StokMD - 2026-08-06T080446.204.xls	HTML table / 3,496 data rows	2026-08-06 08:04:46	MD source has no aging field; MD aging unavailable
CRF150L	ESL-BK	T4G02T31S4B M/T	2026	A144	16	RFS	1	StokMD - 2026-08-06T080446.204.xls	HTML table / 3,496 data rows	2026-08-06 08:04:46	MD source has no aging field; MD aging unavailable
CRF150L	ESL-BK	T4G02T31S4B M/T	2026	A144	18	RFS	1	StokMD - 2026-08-06T080446.204.xls	HTML table / 3,496 data rows	2026-08-06 08:04:46	MD source has no aging field; MD aging unavailable
CRF150L	ESL-BK	T4G02T31S4B M/T	2026	A144	34	RFS	1	StokMD - 2026-08-06T080446.204.xls	HTML table / 3,496 data rows	2026-08-06 08:04:46	MD source has no aging field; MD aging unavailable
CRF150L	ESL-BK	T4G02T31S4B M/T	2026	A144	6	RFS	1	StokMD - 2026-08-06T080446.204.xls	HTML table / 3,496 data rows	2026-08-06 08:04:46	MD source has no aging field; MD aging unavailable
CRF150L	ESL-BK	T4G02T31S4B M/T	2026	A144	7	RFS	1	StokMD - 2026-08-06T080446.204.xls	HTML table / 3,496 data rows	2026-08-06 08:04:46	MD source has no aging field; MD aging unavailable
CRF150L	ESL-BK	T4G02T31S4B M/T	2026	A144	8	RFS	1	StokMD - 2026-08-06T080446.204.xls	HTML table / 3,496 data rows	2026-08-06 08:04:46	MD source has no aging field; MD aging unavailable
CRF150L	ESL-BK	T4G02T31S4B M/T	2026	A144	9	RFS	1	StokMD - 2026-08-06T080446.204.xls	HTML table / 3,496 data rows	2026-08-06 08:04:46	MD source has no aging field; MD aging unavailable
CRF150L	ESL-BK	T4G02T31S4B M/T	2026	A145	10	RFS	1	StokMD - 2026-08-06T080446.204.xls	HTML table / 3,496 data rows	2026-08-06 08:04:46	MD source has no aging field; MD aging unavailable
CRF150L	ESL-BK	T4G02T31S4B M/T	2026	A145	28	RFS	1	StokMD - 2026-08-06T080446.204.xls	HTML table / 3,496 data rows	2026-08-06 08:04:46	MD source has no aging field; MD aging unavailable
CRF150L	ESL-BK	T4G02T31S4B M/T	2026	A145	35	RFS	1	StokMD - 2026-08-06T080446.204.xls	HTML table / 3,496 data rows	2026-08-06 08:04:46	MD source has no aging field; MD aging unavailable
CRF150L	ESL-BK	T4G02T31S4B M/T	2026	A152	1	RFS	1	StokMD - 2026-08-06T080446.204.xls	HTML table / 3,496 data rows	2026-08-06 08:04:46	MD source has no aging field; MD aging unavailable
CRF150L	ESL-BK	T4G02T31S4B M/T	2026	A152	10	RFS	1	StokMD - 2026-08-06T080446.204.xls	HTML table / 3,496 data rows	2026-08-06 08:04:46	MD source has no aging field; MD aging unavailable
CRF150L	ESL-BK	T4G02T31S4B M/T	2026	A152	11	RFS	1	StokMD - 2026-08-06T080446.204.xls	HTML table / 3,496 data rows	2026-08-06 08:04:46	MD source has no aging field; MD aging unavailable
CRF150L	ESL-BK	T4G02T31S4B M/T	2026	A152	21	RFS	1	StokMD - 2026-08-06T080446.204.xls	HTML table / 3,496 data rows	2026-08-06 08:04:46	MD source has no aging field; MD aging unavailable
CRF150L	ESL-BK	T4G02T31S4B M/T	2026	A152	22	RFS	1	StokMD - 2026-08-06T080446.204.xls	HTML table / 3,496 data rows	2026-08-06 08:04:46	MD source has no aging field; MD aging unavailable
CRF150L	ESL-BK	T4G02T31S4B M/T	2026	A152	23	RFS	1	StokMD - 2026-08-06T080446.204.xls	HTML table / 3,496 data rows	2026-08-06 08:04:46	MD source has no aging field; MD aging unavailable
CRF150L	ESL-BK	T4G02T31S4B M/T	2026	A152	5	RFS	1	StokMD - 2026-08-06T080446.204.xls	HTML table / 3,496 data rows	2026-08-06 08:04:46	MD source has no aging field; MD aging unavailable
CRF150L	ESL-BK	T4G02T31S4B M/T	2026	A152	6	RFS	1	StokMD - 2026-08-06T080446.204.xls	HTML table / 3,496 data rows	2026-08-06 08:04:46	MD source has no aging field; MD aging unavailable
CRF150L	ESL-BK	T4G02T31S4B M/T	2026	A162	25	RFS	1	StokMD - 2026-08-06T080446.204.xls	HTML table / 3,496 data rows	2026-08-06 08:04:46	MD source has no aging field; MD aging unavailable
CRF150L	ESL-BK	T4G02T31S4B M/T	2026	A162	26	RFS	1	StokMD - 2026-08-06T080446.204.xls	HTML table / 3,496 data rows	2026-08-06 08:04:46	MD source has no aging field; MD aging unavailable
CRF150L	ESL-BK	T4G02T31S4B M/T	2026	A162	27	RFS	1	StokMD - 2026-08-06T080446.204.xls	HTML table / 3,496 data rows	2026-08-06 08:04:46	MD source has no aging field; MD aging unavailable
CRF150L	ESL-BK	T4G02T31S4B M/T	2026	A225	13	RFS	1	StokMD - 2026-08-06T080446.204.xls	HTML table / 3,496 data rows	2026-08-06 08:04:46	MD source has no aging field; MD aging unavailable
CRF150L	ESL-BK	T4G02T31S4B M/T	2026	A225	14	RFS	1	StokMD - 2026-08-06T080446.204.xls	HTML table / 3,496 data rows	2026-08-06 08:04:46	MD source has no aging field; MD aging unavailable
CRF150L	ESL-BK	T4G02T31S4B M/T	2026	A226	2	RFS	1	StokMD - 2026-08-06T080446.204.xls	HTML table / 3,496 data rows	2026-08-06 08:04:46	MD source has no aging field; MD aging unavailable
CRF150L	ESL-BK	T4G02T31S4B M/T	2026	A226	3	RFS	1	StokMD - 2026-08-06T080446.204.xls	HTML table / 3,496 data rows	2026-08-06 08:04:46	MD source has no aging field; MD aging unavailable
CRF150L	ESL-BK	T4G02T31S4B M/T	2026	A226	4	RFS	1	StokMD - 2026-08-06T080446.204.xls	HTML table / 3,496 data rows	2026-08-06 08:04:46	MD source has no aging field; MD aging unavailable
CRF150L	ESL-BK	T4G02T31S4B M/T	2026	A226	5	RFS	1	StokMD - 2026-08-06T080446.204.xls	HTML table / 3,496 data rows	2026-08-06 08:04:46	MD source has no aging field; MD aging unavailable
CRF150L	ESL-BK	T4G02T31S4B M/T	2026	A226	6	RFS	1	StokMD - 2026-08-06T080446.204.xls	HTML table / 3,496 data rows	2026-08-06 08:04:46	MD source has no aging field; MD aging unavailable
CRF150L	ESL-BK	T4G02T31S4B M/T	2026	A226	7	RFS	1	StokMD - 2026-08-06T080446.204.xls	HTML table / 3,496 data rows	2026-08-06 08:04:46	MD source has no aging field; MD aging unavailable
CRF150L	ESL-BK	T4G02T31S4B M/T	2026	A226	8	RFS	1	StokMD - 2026-08-06T080446.204.xls	HTML table / 3,496 data rows	2026-08-06 08:04:46	MD source has no aging field; MD aging unavailable
CRF150L	ESL-BK	T4G02T31S4B M/T	2026	A226	9	RFS	1	StokMD - 2026-08-06T080446.204.xls	HTML table / 3,496 data rows	2026-08-06 08:04:46	MD source has no aging field; MD aging unavailable
CRF150L	ESL-BK	T4G02T31S4B M/T	2026	A227	15	RFS	1	StokMD - 2026-08-06T080446.204.xls	HTML table / 3,496 data rows	2026-08-06 08:04:46	MD source has no aging field; MD aging unavailable
CRF150L	ESL-BK	T4G02T31S4B M/T	2026	A227	16	RFS	1	StokMD - 2026-08-06T080446.204.xls	HTML table / 3,496 data rows	2026-08-06 08:04:46	MD source has no aging field; MD aging unavailable
CRF150L	ESL-BK	T4G02T31S4B M/T	2026	A227	17	RFS	1	StokMD - 2026-08-06T080446.204.xls	HTML table / 3,496 data rows	2026-08-06 08:04:46	MD source has no aging field; MD aging unavailable
CRF150L	ESL-BK	T4G02T31S4B M/T	2026	A227	18	RFS	1	StokMD - 2026-08-06T080446.204.xls	HTML table / 3,496 data rows	2026-08-06 08:04:46	MD source has no aging field; MD aging unavailable
CRF150L	ESL-BK	T4G02T31S4B M/T	2026	A227	19	RFS	1	StokMD - 2026-08-06T080446.204.xls	HTML table / 3,496 data rows	2026-08-06 08:04:46	MD source has no aging field; MD aging unavailable
CRF150L	ESL-BK	T4G02T31S4B M/T	2026	A227	20	RFS	1	StokMD - 2026-08-06T080446.204.xls	HTML table / 3,496 data rows	2026-08-06 08:04:46	MD source has no aging field; MD aging unavailable
CRF150L	ESL-BK	T4G02T31S4B M/T	2026	A227	21	RFS	1	StokMD - 2026-08-06T080446.204.xls	HTML table / 3,496 data rows	2026-08-06 08:04:46	MD source has no aging field; MD aging unavailable
CRF150L	ESL-BK	T4G02T31S4B M/T	2026	A227	22	RFS	1	StokMD - 2026-08-06T080446.204.xls	HTML table / 3,496 data rows	2026-08-06 08:04:46	MD source has no aging field; MD aging unavailable
CRF150L	ESL-BK	T4G02T31S4B M/T	2026	A227	23	RFS	1	StokMD - 2026-08-06T080446.204.xls	HTML table / 3,496 data rows	2026-08-06 08:04:46	MD source has no aging field; MD aging unavailable
CRF150L	ESL-BK	T4G02T31S4B M/T	2026	A227	24	RFS	1	StokMD - 2026-08-06T080446.204.xls	HTML table / 3,496 data rows	2026-08-06 08:04:46	MD source has no aging field; MD aging unavailable
CRF150L	ESL-BK	T4G02T31S4B M/T	2026	A227	25	RFS	1	StokMD - 2026-08-06T080446.204.xls	HTML table / 3,496 data rows	2026-08-06 08:04:46	MD source has no aging field; MD aging unavailable
CRF150L	ESL-BK	T4G02T31S4B M/T	2026	A227	26	RFS	1	StokMD - 2026-08-06T080446.204.xls	HTML table / 3,496 data rows	2026-08-06 08:04:46	MD source has no aging field; MD aging unavailable
CRF150L	ESL-BK	T4G02T31S4B M/T	2026	A227	27	RFS	1	StokMD - 2026-08-06T080446.204.xls	HTML table / 3,496 data rows	2026-08-06 08:04:46	MD source has no aging field; MD aging unavailable
CRF150L	ESL-BK	T4G02T31S4B M/T	2026	A227	28	RFS	1	StokMD - 2026-08-06T080446.204.xls	HTML table / 3,496 data rows	2026-08-06 08:04:46	MD source has no aging field; MD aging unavailable
CRF150L	ESL-BK	T4G02T31S4B M/T	2026	A227	29	RFS	1	StokMD - 2026-08-06T080446.204.xls	HTML table / 3,496 data rows	2026-08-06 08:04:46	MD source has no aging field; MD aging unavailable
CRF150L	ESL-BK	T4G02T31S4B M/T	2026	A227	30	RFS	1	StokMD - 2026-08-06T080446.204.xls	HTML table / 3,496 data rows	2026-08-06 08:04:46	MD source has no aging field; MD aging unavailable
CRF150L	ESL-BK	T4G02T31S4B M/T	2026	A227	8	RFS	1	StokMD - 2026-08-06T080446.204.xls	HTML table / 3,496 data rows	2026-08-06 08:04:46	MD source has no aging field; MD aging unavailable
CRF150L	ESL-BK	T4G02T31S4B M/T	2026	A355	1	RFS	1	StokMD - 2026-08-06T080446.204.xls	HTML table / 3,496 data rows	2026-08-06 08:04:46	MD source has no aging field; MD aging unavailable
CRF150L	ESL-BK	T4G02T31S4B M/T	2026	A355	10	RFS	1	StokMD - 2026-08-06T080446.204.xls	HTML table / 3,496 data rows	2026-08-06 08:04:46	MD source has no aging field; MD aging unavailable
CRF150L	ESL-BK	T4G02T31S4B M/T	2026	A355	11	RFS	1	StokMD - 2026-08-06T080446.204.xls	HTML table / 3,496 data rows	2026-08-06 08:04:46	MD source has no aging field; MD aging unavailable
CRF150L	ESL-BK	T4G02T31S4B M/T	2026	A355	13	RFS	1	StokMD - 2026-08-06T080446.204.xls	HTML table / 3,496 data rows	2026-08-06 08:04:46	MD source has no aging field; MD aging unavailable
CRF150L	ESL-BK	T4G02T31S4B M/T	2026	A355	14	RFS	1	StokMD - 2026-08-06T080446.204.xls	HTML table / 3,496 data rows	2026-08-06 08:04:46	MD source has no aging field; MD aging unavailable
CRF150L	ESL-BK	T4G02T31S4B M/T	2026	A355	15	RFS	1	StokMD - 2026-08-06T080446.204.xls	HTML table / 3,496 data rows	2026-08-06 08:04:46	MD source has no aging field; MD aging unavailable
CRF150L	ESL-BK	T4G02T31S4B M/T	2026	A355	16	RFS	1	StokMD - 2026-08-06T080446.204.xls	HTML table / 3,496 data rows	2026-08-06 08:04:46	MD source has no aging field; MD aging unavailable
CRF150L	ESL-BK	T4G02T31S4B M/T	2026	A355	2	RFS	1	StokMD - 2026-08-06T080446.204.xls	HTML table / 3,496 data rows	2026-08-06 08:04:46	MD source has no aging field; MD aging unavailable
CRF150L	ESL-BK	T4G02T31S4B M/T	2026	A355	24	RFS	1	StokMD - 2026-08-06T080446.204.xls	HTML table / 3,496 data rows	2026-08-06 08:04:46	MD source has no aging field; MD aging unavailable
CRF150L	ESL-BK	T4G02T31S4B M/T	2026	A355	25	RFS	1	StokMD - 2026-08-06T080446.204.xls	HTML table / 3,496 data rows	2026-08-06 08:04:46	MD source has no aging field; MD aging unavailable
CRF150L	ESL-BK	T4G02T31S4B M/T	2026	A355	26	RFS	1	StokMD - 2026-08-06T080446.204.xls	HTML table / 3,496 data rows	2026-08-06 08:04:46	MD source has no aging field; MD aging unavailable
CRF150L	ESL-BK	T4G02T31S4B M/T	2026	A355	27	RFS	1	StokMD - 2026-08-06T080446.204.xls	HTML table / 3,496 data rows	2026-08-06 08:04:46	MD source has no aging field; MD aging unavailable
CRF150L	ESL-BK	T4G02T31S4B M/T	2026	A355	28	RFS	1	StokMD - 2026-08-06T080446.204.xls	HTML table / 3,496 data rows	2026-08-06 08:04:46	MD source has no aging field; MD aging unavailable
CRF150L	ESL-BK	T4G02T31S4B M/T	2026	A355	29	RFS	1	StokMD - 2026-08-06T080446.204.xls	HTML table / 3,496 data rows	2026-08-06 08:04:46	MD source has no aging field; MD aging unavailable
CRF150L	ESL-BK	T4G02T31S4B M/T	2026	A355	3	RFS	1	StokMD - 2026-08-06T080446.204.xls	HTML table / 3,496 data rows	2026-08-06 08:04:46	MD source has no aging field; MD aging unavailable
CRF150L	ESL-BK	T4G02T31S4B M/T	2026	A355	30	RFS	1	StokMD - 2026-08-06T080446.204.xls	HTML table / 3,496 data rows	2026-08-06 08:04:46	MD source has no aging field; MD aging unavailable
CRF150L	ESL-BK	T4G02T31S4B M/T	2026	A355	31	RFS	1	StokMD - 2026-08-06T080446.204.xls	HTML table / 3,496 data rows	2026-08-06 08:04:46	MD source has no aging field; MD aging unavailable
CRF150L	ESL-BK	T4G02T31S4B M/T	2026	A355	32	RFS	1	StokMD - 2026-08-06T080446.204.xls	HTML table / 3,496 data rows	2026-08-06 08:04:46	MD source has no aging field; MD aging unavailable
CRF150L	ESL-BK	T4G02T31S4B M/T	2026	A355	33	RFS	1	StokMD - 2026-08-06T080446.204.xls	HTML table / 3,496 data rows	2026-08-06 08:04:46	MD source has no aging field; MD aging unavailable
CRF150L	ESL-BK	T4G02T31S4B M/T	2026	A355	34	RFS	1	StokMD - 2026-08-06T080446.204.xls	HTML table / 3,496 data rows	2026-08-06 08:04:46	MD source has no aging field; MD aging unavailable
CRF150L	ESL-BK	T4G02T31S4B M/T	2026	A355	35	RFS	1	StokMD - 2026-08-06T080446.204.xls	HTML table / 3,496 data rows	2026-08-06 08:04:46	MD source has no aging field; MD aging unavailable
CRF150L	ESL-BK	T4G02T31S4B M/T	2026	A355	4	RFS	1	StokMD - 2026-08-06T080446.204.xls	HTML table / 3,496 data rows	2026-08-06 08:04:46	MD source has no aging field; MD aging unavailable
CRF150L	ESL-BK	T4G02T31S4B M/T	2026	A355	5	RFS	1	StokMD - 2026-08-06T080446.204.xls	HTML table / 3,496 data rows	2026-08-06 08:04:46	MD source has no aging field; MD aging unavailable
CRF150L	ESL-BK	T4G02T31S4B M/T	2026	A355	6	RFS	1	StokMD - 2026-08-06T080446.204.xls	HTML table / 3,496 data rows	2026-08-06 08:04:46	MD source has no aging field; MD aging unavailable
CRF150L	ESL-BK	T4G02T31S4B M/T	2026	A355	7	RFS	1	StokMD - 2026-08-06T080446.204.xls	HTML table / 3,496 data rows	2026-08-06 08:04:46	MD source has no aging field; MD aging unavailable
CRF150L	ESL-BK	T4G02T31S4B M/T	2026	A355	8	RFS	1	StokMD - 2026-08-06T080446.204.xls	HTML table / 3,496 data rows	2026-08-06 08:04:46	MD source has no aging field; MD aging unavailable
CRF150L	ESL-BK	T4G02T31S4B M/T	2026	A355	9	RFS	1	StokMD - 2026-08-06T080446.204.xls	HTML table / 3,496 data rows	2026-08-06 08:04:46	MD source has no aging field; MD aging unavailable
CRF150L	ESL-GH	T4G02T31S4B M/T	2026	A114	17	RFS	1	StokMD - 2026-08-06T080446.204.xls	HTML table / 3,496 data rows	2026-08-06 08:04:46	MD source has no aging field; MD aging unavailable
CRF150L	ESL-GH	T4G02T31S4B M/T	2026	A114	18	RFS	1	StokMD - 2026-08-06T080446.204.xls	HTML table / 3,496 data rows	2026-08-06 08:04:46	MD source has no aging field; MD aging unavailable
CRF150L	ESL-GH	T4G02T31S4B M/T	2026	A114	19	RFS	1	StokMD - 2026-08-06T080446.204.xls	HTML table / 3,496 data rows	2026-08-06 08:04:46	MD source has no aging field; MD aging unavailable
CRF150L	ESL-GH	T4G02T31S4B M/T	2026	A114	31	RFS	1	StokMD - 2026-08-06T080446.204.xls	HTML table / 3,496 data rows	2026-08-06 08:04:46	MD source has no aging field; MD aging unavailable
CRF150L	ESL-GH	T4G02T31S4B M/T	2026	A144	17	RFS	1	StokMD - 2026-08-06T080446.204.xls	HTML table / 3,496 data rows	2026-08-06 08:04:46	MD source has no aging field; MD aging unavailable
CRF150L	ESL-GH	T4G02T31S4B M/T	2026	A144	19	RFS	1	StokMD - 2026-08-06T080446.204.xls	HTML table / 3,496 data rows	2026-08-06 08:04:46	MD source has no aging field; MD aging unavailable
CRF150L	ESL-GH	T4G02T31S4B M/T	2026	A144	20	RFS	1	StokMD - 2026-08-06T080446.204.xls	HTML table / 3,496 data rows	2026-08-06 08:04:46	MD source has no aging field; MD aging unavailable
CRF150L	ESL-GH	T4G02T31S4B M/T	2026	A144	21	RFS	1	StokMD - 2026-08-06T080446.204.xls	HTML table / 3,496 data rows	2026-08-06 08:04:46	MD source has no aging field; MD aging unavailable
CRF150L	ESL-GH	T4G02T31S4B M/T	2026	A144	22	RFS	1	StokMD - 2026-08-06T080446.204.xls	HTML table / 3,496 data rows	2026-08-06 08:04:46	MD source has no aging field; MD aging unavailable
CRF150L	ESL-GH	T4G02T31S4B M/T	2026	A144	23	RFS	1	StokMD - 2026-08-06T080446.204.xls	HTML table / 3,496 data rows	2026-08-06 08:04:46	MD source has no aging field; MD aging unavailable
CRF150L	ESL-GH	T4G02T31S4B M/T	2026	A144	24	RFS	1	StokMD - 2026-08-06T080446.204.xls	HTML table / 3,496 data rows	2026-08-06 08:04:46	MD source has no aging field; MD aging unavailable
CRF150L	ESL-GH	T4G02T31S4B M/T	2026	A144	25	RFS	1	StokMD - 2026-08-06T080446.204.xls	HTML table / 3,496 data rows	2026-08-06 08:04:46	MD source has no aging field; MD aging unavailable
CRF150L	ESL-GH	T4G02T31S4B M/T	2026	A144	26	RFS	1	StokMD - 2026-08-06T080446.204.xls	HTML table / 3,496 data rows	2026-08-06 08:04:46	MD source has no aging field; MD aging unavailable
CRF150L	ESL-GH	T4G02T31S4B M/T	2026	A145	11	RFS	1	StokMD - 2026-08-06T080446.204.xls	HTML table / 3,496 data rows	2026-08-06 08:04:46	MD source has no aging field; MD aging unavailable
CRF150L	ESL-GH	T4G02T31S4B M/T	2026	A145	29	RFS	1	StokMD - 2026-08-06T080446.204.xls	HTML table / 3,496 data rows	2026-08-06 08:04:46	MD source has no aging field; MD aging unavailable
CRF150L	ESL-GH	T4G02T31S4B M/T	2026	A145	30	RFS	1	StokMD - 2026-08-06T080446.204.xls	HTML table / 3,496 data rows	2026-08-06 08:04:46	MD source has no aging field; MD aging unavailable
CRF150L	ESL-GH	T4G02T31S4B M/T	2026	A145	31	RFS	1	StokMD - 2026-08-06T080446.204.xls	HTML table / 3,496 data rows	2026-08-06 08:04:46	MD source has no aging field; MD aging unavailable
CRF150L	ESL-GH	T4G02T31S4B M/T	2026	A145	32	RFS	1	StokMD - 2026-08-06T080446.204.xls	HTML table / 3,496 data rows	2026-08-06 08:04:46	MD source has no aging field; MD aging unavailable
CRF150L	ESL-GH	T4G02T31S4B M/T	2026	A145	33	RFS	1	StokMD - 2026-08-06T080446.204.xls	HTML table / 3,496 data rows	2026-08-06 08:04:46	MD source has no aging field; MD aging unavailable
CRF150L	ESL-GH	T4G02T31S4B M/T	2026	A145	5	RFS	1	StokMD - 2026-08-06T080446.204.xls	HTML table / 3,496 data rows	2026-08-06 08:04:46	MD source has no aging field; MD aging unavailable
CRF150L	ESL-GH	T4G02T31S4B M/T	2026	A145	6	RFS	1	StokMD - 2026-08-06T080446.204.xls	HTML table / 3,496 data rows	2026-08-06 08:04:46	MD source has no aging field; MD aging unavailable
CRF150L	ESL-GH	T4G02T31S4B M/T	2026	A145	7	RFS	1	StokMD - 2026-08-06T080446.204.xls	HTML table / 3,496 data rows	2026-08-06 08:04:46	MD source has no aging field; MD aging unavailable
CRF150L	ESL-GH	T4G02T31S4B M/T	2026	A145	9	RFS	1	StokMD - 2026-08-06T080446.204.xls	HTML table / 3,496 data rows	2026-08-06 08:04:46	MD source has no aging field; MD aging unavailable
CRF150L	ESL-GH	T4G02T31S4B M/T	2026	A152	12	RFS	1	StokMD - 2026-08-06T080446.204.xls	HTML table / 3,496 data rows	2026-08-06 08:04:46	MD source has no aging field; MD aging unavailable
CRF150L	ESL-GH	T4G02T31S4B M/T	2026	A152	13	RFS	1	StokMD - 2026-08-06T080446.204.xls	HTML table / 3,496 data rows	2026-08-06 08:04:46	MD source has no aging field; MD aging unavailable
CRF150L	ESL-GH	T4G02T31S4B M/T	2026	A152	2	RFS	1	StokMD - 2026-08-06T080446.204.xls	HTML table / 3,496 data rows	2026-08-06 08:04:46	MD source has no aging field; MD aging unavailable
CRF150L	ESL-GH	T4G02T31S4B M/T	2026	A152	27	RFS	1	StokMD - 2026-08-06T080446.204.xls	HTML table / 3,496 data rows	2026-08-06 08:04:46	MD source has no aging field; MD aging unavailable
CRF150L	ESL-GH	T4G02T31S4B M/T	2026	A152	28	RFS	1	StokMD - 2026-08-06T080446.204.xls	HTML table / 3,496 data rows	2026-08-06 08:04:46	MD source has no aging field; MD aging unavailable
CRF150L	ESL-GH	T4G02T31S4B M/T	2026	A152	29	RFS	1	StokMD - 2026-08-06T080446.204.xls	HTML table / 3,496 data rows	2026-08-06 08:04:46	MD source has no aging field; MD aging unavailable
CRF150L	ESL-GH	T4G02T31S4B M/T	2026	A152	3	RFS	1	StokMD - 2026-08-06T080446.204.xls	HTML table / 3,496 data rows	2026-08-06 08:04:46	MD source has no aging field; MD aging unavailable
CRF150L	ESL-GH	T4G02T31S4B M/T	2026	A152	30	RFS	1	StokMD - 2026-08-06T080446.204.xls	HTML table / 3,496 data rows	2026-08-06 08:04:46	MD source has no aging field; MD aging unavailable
CRF150L	ESL-GH	T4G02T31S4B M/T	2026	A152	31	RFS	1	StokMD - 2026-08-06T080446.204.xls	HTML table / 3,496 data rows	2026-08-06 08:04:46	MD source has no aging field; MD aging unavailable
CRF150L	ESL-GH	T4G02T31S4B M/T	2026	A152	32	RFS	1	StokMD - 2026-08-06T080446.204.xls	HTML table / 3,496 data rows	2026-08-06 08:04:46	MD source has no aging field; MD aging unavailable
CRF150L	ESL-GH	T4G02T31S4B M/T	2026	A152	33	RFS	1	StokMD - 2026-08-06T080446.204.xls	HTML table / 3,496 data rows	2026-08-06 08:04:46	MD source has no aging field; MD aging unavailable
CRF150L	ESL-GH	T4G02T31S4B M/T	2026	A152	34	RFS	1	StokMD - 2026-08-06T080446.204.xls	HTML table / 3,496 data rows	2026-08-06 08:04:46	MD source has no aging field; MD aging unavailable
CRF150L	ESL-GH	T4G02T31S4B M/T	2026	A152	35	RFS	1	StokMD - 2026-08-06T080446.204.xls	HTML table / 3,496 data rows	2026-08-06 08:04:46	MD source has no aging field; MD aging unavailable
CRF150L	ESL-GH	T4G02T31S4B M/T	2026	A162	13	RFS	1	StokMD - 2026-08-06T080446.204.xls	HTML table / 3,496 data rows	2026-08-06 08:04:46	MD source has no aging field; MD aging unavailable
CRF150L	ESL-GH	T4G02T31S4B M/T	2026	A162	14	RFS	1	StokMD - 2026-08-06T080446.204.xls	HTML table / 3,496 data rows	2026-08-06 08:04:46	MD source has no aging field; MD aging unavailable
CRF150L	ESL-GH	T4G02T31S4B M/T	2026	A162	16	RFS	1	StokMD - 2026-08-06T080446.204.xls	HTML table / 3,496 data rows	2026-08-06 08:04:46	MD source has no aging field; MD aging unavailable
CRF150L	ESL-GH	T4G02T31S4B M/T	2026	A162	17	RFS	1	StokMD - 2026-08-06T080446.204.xls	HTML table / 3,496 data rows	2026-08-06 08:04:46	MD source has no aging field; MD aging unavailable
CRF150L	ESL-GH	T4G02T31S4B M/T	2026	A162	2	RFS	1	StokMD - 2026-08-06T080446.204.xls	HTML table / 3,496 data rows	2026-08-06 08:04:46	MD source has no aging field; MD aging unavailable
CRF150L	ESL-GH	T4G02T31S4B M/T	2026	A162	24	RFS	1	StokMD - 2026-08-06T080446.204.xls	HTML table / 3,496 data rows	2026-08-06 08:04:46	MD source has no aging field; MD aging unavailable
CRF150L	ESL-GH	T4G02T31S4B M/T	2026	A162	28	RFS	1	StokMD - 2026-08-06T080446.204.xls	HTML table / 3,496 data rows	2026-08-06 08:04:46	MD source has no aging field; MD aging unavailable
CRF150L	ESL-GH	T4G02T31S4B M/T	2026	A162	3	RFS	1	StokMD - 2026-08-06T080446.204.xls	HTML table / 3,496 data rows	2026-08-06 08:04:46	MD source has no aging field; MD aging unavailable
CRF150L	ESL-GH	T4G02T31S4B M/T	2026	A162	30	RFS	1	StokMD - 2026-08-06T080446.204.xls	HTML table / 3,496 data rows	2026-08-06 08:04:46	MD source has no aging field; MD aging unavailable
CRF150L	ESL-GH	T4G02T31S4B M/T	2026	A162	31	RFS	1	StokMD - 2026-08-06T080446.204.xls	HTML table / 3,496 data rows	2026-08-06 08:04:46	MD source has no aging field; MD aging unavailable
CRF150L	ESL-GH	T4G02T31S4B M/T	2026	A162	32	RFS	1	StokMD - 2026-08-06T080446.204.xls	HTML table / 3,496 data rows	2026-08-06 08:04:46	MD source has no aging field; MD aging unavailable
CRF150L	ESL-GH	T4G02T31S4B M/T	2026	A162	33	RFS	1	StokMD - 2026-08-06T080446.204.xls	HTML table / 3,496 data rows	2026-08-06 08:04:46	MD source has no aging field; MD aging unavailable
CRF150L	ESL-GH	T4G02T31S4B M/T	2026	A162	35	RFS	1	StokMD - 2026-08-06T080446.204.xls	HTML table / 3,496 data rows	2026-08-06 08:04:46	MD source has no aging field; MD aging unavailable
CRF150L	ESL-GH	T4G02T31S4B M/T	2026	A162	4	RFS	1	StokMD - 2026-08-06T080446.204.xls	HTML table / 3,496 data rows	2026-08-06 08:04:46	MD source has no aging field; MD aging unavailable
CRF150L	ESL-GH	T4G02T31S4B M/T	2026	A162	5	RFS	1	StokMD - 2026-08-06T080446.204.xls	HTML table / 3,496 data rows	2026-08-06 08:04:46	MD source has no aging field; MD aging unavailable
CRF150L	ESL-GH	T4G02T31S4B M/T	2026	A162	6	RFS	1	StokMD - 2026-08-06T080446.204.xls	HTML table / 3,496 data rows	2026-08-06 08:04:46	MD source has no aging field; MD aging unavailable
CRF150L	ESL-GH	T4G02T31S4B M/T	2026	A225	1	RFS	1	StokMD - 2026-08-06T080446.204.xls	HTML table / 3,496 data rows	2026-08-06 08:04:46	MD source has no aging field; MD aging unavailable
CRF150L	ESL-GH	T4G02T31S4B M/T	2026	A225	10	RFS	1	StokMD - 2026-08-06T080446.204.xls	HTML table / 3,496 data rows	2026-08-06 08:04:46	MD source has no aging field; MD aging unavailable
CRF150L	ESL-GH	T4G02T31S4B M/T	2026	A225	11	RFS	1	StokMD - 2026-08-06T080446.204.xls	HTML table / 3,496 data rows	2026-08-06 08:04:46	MD source has no aging field; MD aging unavailable
CRF150L	ESL-GH	T4G02T31S4B M/T	2026	A225	12	RFS	1	StokMD - 2026-08-06T080446.204.xls	HTML table / 3,496 data rows	2026-08-06 08:04:46	MD source has no aging field; MD aging unavailable
CRF150L	ESL-GH	T4G02T31S4B M/T	2026	A225	15	RFS	1	StokMD - 2026-08-06T080446.204.xls	HTML table / 3,496 data rows	2026-08-06 08:04:46	MD source has no aging field; MD aging unavailable
CRF150L	ESL-GH	T4G02T31S4B M/T	2026	A225	16	RFS	1	StokMD - 2026-08-06T080446.204.xls	HTML table / 3,496 data rows	2026-08-06 08:04:46	MD source has no aging field; MD aging unavailable
CRF150L	ESL-GH	T4G02T31S4B M/T	2026	A225	17	RFS	1	StokMD - 2026-08-06T080446.204.xls	HTML table / 3,496 data rows	2026-08-06 08:04:46	MD source has no aging field; MD aging unavailable
CRF150L	ESL-GH	T4G02T31S4B M/T	2026	A225	18	RFS	1	StokMD - 2026-08-06T080446.204.xls	HTML table / 3,496 data rows	2026-08-06 08:04:46	MD source has no aging field; MD aging unavailable
CRF150L	ESL-GH	T4G02T31S4B M/T	2026	A225	19	RFS	1	StokMD - 2026-08-06T080446.204.xls	HTML table / 3,496 data rows	2026-08-06 08:04:46	MD source has no aging field; MD aging unavailable
CRF150L	ESL-GH	T4G02T31S4B M/T	2026	A225	2	RFS	1	StokMD - 2026-08-06T080446.204.xls	HTML table / 3,496 data rows	2026-08-06 08:04:46	MD source has no aging field; MD aging unavailable
CRF150L	ESL-GH	T4G02T31S4B M/T	2026	A225	20	RFS	1	StokMD - 2026-08-06T080446.204.xls	HTML table / 3,496 data rows	2026-08-06 08:04:46	MD source has no aging field; MD aging unavailable
CRF150L	ESL-GH	T4G02T31S4B M/T	2026	A225	21	RFS	1	StokMD - 2026-08-06T080446.204.xls	HTML table / 3,496 data rows	2026-08-06 08:04:46	MD source has no aging field; MD aging unavailable
CRF150L	ESL-GH	T4G02T31S4B M/T	2026	A225	22	RFS	1	StokMD - 2026-08-06T080446.204.xls	HTML table / 3,496 data rows	2026-08-06 08:04:46	MD source has no aging field; MD aging unavailable
CRF150L	ESL-GH	T4G02T31S4B M/T	2026	A225	23	RFS	1	StokMD - 2026-08-06T080446.204.xls	HTML table / 3,496 data rows	2026-08-06 08:04:46	MD source has no aging field; MD aging unavailable
CRF150L	ESL-GH	T4G02T31S4B M/T	2026	A225	24	RFS	1	StokMD - 2026-08-06T080446.204.xls	HTML table / 3,496 data rows	2026-08-06 08:04:46	MD source has no aging field; MD aging unavailable
CRF150L	ESL-GH	T4G02T31S4B M/T	2026	A225	25	RFS	1	StokMD - 2026-08-06T080446.204.xls	HTML table / 3,496 data rows	2026-08-06 08:04:46	MD source has no aging field; MD aging unavailable
CRF150L	ESL-GH	T4G02T31S4B M/T	2026	A225	26	RFS	1	StokMD - 2026-08-06T080446.204.xls	HTML table / 3,496 data rows	2026-08-06 08:04:46	MD source has no aging field; MD aging unavailable
CRF150L	ESL-GH	T4G02T31S4B M/T	2026	A225	27	RFS	1	StokMD - 2026-08-06T080446.204.xls	HTML table / 3,496 data rows	2026-08-06 08:04:46	MD source has no aging field; MD aging unavailable
CRF150L	ESL-GH	T4G02T31S4B M/T	2026	A225	28	RFS	1	StokMD - 2026-08-06T080446.204.xls	HTML table / 3,496 data rows	2026-08-06 08:04:46	MD source has no aging field; MD aging unavailable
CRF150L	ESL-GH	T4G02T31S4B M/T	2026	A225	29	RFS	1	StokMD - 2026-08-06T080446.204.xls	HTML table / 3,496 data rows	2026-08-06 08:04:46	MD source has no aging field; MD aging unavailable
CRF150L	ESL-GH	T4G02T31S4B M/T	2026	A225	3	RFS	1	StokMD - 2026-08-06T080446.204.xls	HTML table / 3,496 data rows	2026-08-06 08:04:46	MD source has no aging field; MD aging unavailable
CRF150L	ESL-GH	T4G02T31S4B M/T	2026	A225	30	RFS	1	StokMD - 2026-08-06T080446.204.xls	HTML table / 3,496 data rows	2026-08-06 08:04:46	MD source has no aging field; MD aging unavailable
CRF150L	ESL-GH	T4G02T31S4B M/T	2026	A225	31	RFS	1	StokMD - 2026-08-06T080446.204.xls	HTML table / 3,496 data rows	2026-08-06 08:04:46	MD source has no aging field; MD aging unavailable
CRF150L	ESL-GH	T4G02T31S4B M/T	2026	A225	4	RFS	1	StokMD - 2026-08-06T080446.204.xls	HTML table / 3,496 data rows	2026-08-06 08:04:46	MD source has no aging field; MD aging unavailable
CRF150L	ESL-GH	T4G02T31S4B M/T	2026	A225	5	RFS	1	StokMD - 2026-08-06T080446.204.xls	HTML table / 3,496 data rows	2026-08-06 08:04:46	MD source has no aging field; MD aging unavailable
CRF150L	ESL-GH	T4G02T31S4B M/T	2026	A225	6	RFS	1	StokMD - 2026-08-06T080446.204.xls	HTML table / 3,496 data rows	2026-08-06 08:04:46	MD source has no aging field; MD aging unavailable
CRF150L	ESL-GH	T4G02T31S4B M/T	2026	A225	7	RFS	1	StokMD - 2026-08-06T080446.204.xls	HTML table / 3,496 data rows	2026-08-06 08:04:46	MD source has no aging field; MD aging unavailable
CRF150L	ESL-GH	T4G02T31S4B M/T	2026	A225	8	RFS	1	StokMD - 2026-08-06T080446.204.xls	HTML table / 3,496 data rows	2026-08-06 08:04:46	MD source has no aging field; MD aging unavailable
CRF150L	ESL-GH	T4G02T31S4B M/T	2026	A225	9	RFS	1	StokMD - 2026-08-06T080446.204.xls	HTML table / 3,496 data rows	2026-08-06 08:04:46	MD source has no aging field; MD aging unavailable
CRF150L	ESL-GH	T4G02T31S4B M/T	2026	A226	1	RFS	1	StokMD - 2026-08-06T080446.204.xls	HTML table / 3,496 data rows	2026-08-06 08:04:46	MD source has no aging field; MD aging unavailable
CRF150L	ESL-GH	T4G02T31S4B M/T	2026	A226	10	RFS	1	StokMD - 2026-08-06T080446.204.xls	HTML table / 3,496 data rows	2026-08-06 08:04:46	MD source has no aging field; MD aging unavailable
CRF150L	ESL-GH	T4G02T31S4B M/T	2026	A226	11	RFS	1	StokMD - 2026-08-06T080446.204.xls	HTML table / 3,496 data rows	2026-08-06 08:04:46	MD source has no aging field; MD aging unavailable
CRF150L	ESL-GH	T4G02T31S4B M/T	2026	A226	12	RFS	1	StokMD - 2026-08-06T080446.204.xls	HTML table / 3,496 data rows	2026-08-06 08:04:46	MD source has no aging field; MD aging unavailable
CRF150L	ESL-GH	T4G02T31S4B M/T	2026	A226	13	RFS	1	StokMD - 2026-08-06T080446.204.xls	HTML table / 3,496 data rows	2026-08-06 08:04:46	MD source has no aging field; MD aging unavailable
CRF150L	ESL-GH	T4G02T31S4B M/T	2026	A226	14	RFS	1	StokMD - 2026-08-06T080446.204.xls	HTML table / 3,496 data rows	2026-08-06 08:04:46	MD source has no aging field; MD aging unavailable
CRF150L	ESL-GH	T4G02T31S4B M/T	2026	A226	15	RFS	1	StokMD - 2026-08-06T080446.204.xls	HTML table / 3,496 data rows	2026-08-06 08:04:46	MD source has no aging field; MD aging unavailable
CRF150L	ESL-GH	T4G02T31S4B M/T	2026	A226	16	RFS	1	StokMD - 2026-08-06T080446.204.xls	HTML table / 3,496 data rows	2026-08-06 08:04:46	MD source has no aging field; MD aging unavailable
CRF150L	ESL-GH	T4G02T31S4B M/T	2026	A226	17	RFS	1	StokMD - 2026-08-06T080446.204.xls	HTML table / 3,496 data rows	2026-08-06 08:04:46	MD source has no aging field; MD aging unavailable
CRF150L	ESL-GH	T4G02T31S4B M/T	2026	A226	18	RFS	1	StokMD - 2026-08-06T080446.204.xls	HTML table / 3,496 data rows	2026-08-06 08:04:46	MD source has no aging field; MD aging unavailable
CRF150L	ESL-GH	T4G02T31S4B M/T	2026	A226	19	RFS	1	StokMD - 2026-08-06T080446.204.xls	HTML table / 3,496 data rows	2026-08-06 08:04:46	MD source has no aging field; MD aging unavailable
CRF150L	ESL-GH	T4G02T31S4B M/T	2026	A226	20	RFS	1	StokMD - 2026-08-06T080446.204.xls	HTML table / 3,496 data rows	2026-08-06 08:04:46	MD source has no aging field; MD aging unavailable
CRF150L	ESL-GH	T4G02T31S4B M/T	2026	A226	21	RFS	1	StokMD - 2026-08-06T080446.204.xls	HTML table / 3,496 data rows	2026-08-06 08:04:46	MD source has no aging field; MD aging unavailable
CRF150L	ESL-GH	T4G02T31S4B M/T	2026	A226	22	RFS	1	StokMD - 2026-08-06T080446.204.xls	HTML table / 3,496 data rows	2026-08-06 08:04:46	MD source has no aging field; MD aging unavailable
CRF150L	ESL-GH	T4G02T31S4B M/T	2026	A226	23	RFS	1	StokMD - 2026-08-06T080446.204.xls	HTML table / 3,496 data rows	2026-08-06 08:04:46	MD source has no aging field; MD aging unavailable
CRF150L	ESL-GH	T4G02T31S4B M/T	2026	A226	24	RFS	1	StokMD - 2026-08-06T080446.204.xls	HTML table / 3,496 data rows	2026-08-06 08:04:46	MD source has no aging field; MD aging unavailable
CRF150L	ESL-GH	T4G02T31S4B M/T	2026	A226	25	RFS	1	StokMD - 2026-08-06T080446.204.xls	HTML table / 3,496 data rows	2026-08-06 08:04:46	MD source has no aging field; MD aging unavailable
CRF150L	ESL-GH	T4G02T31S4B M/T	2026	A226	26	RFS	1	StokMD - 2026-08-06T080446.204.xls	HTML table / 3,496 data rows	2026-08-06 08:04:46	MD source has no aging field; MD aging unavailable
CRF150L	ESL-GH	T4G02T31S4B M/T	2026	A226	27	RFS	1	StokMD - 2026-08-06T080446.204.xls	HTML table / 3,496 data rows	2026-08-06 08:04:46	MD source has no aging field; MD aging unavailable
CRF150L	ESL-GH	T4G02T31S4B M/T	2026	A226	28	RFS	1	StokMD - 2026-08-06T080446.204.xls	HTML table / 3,496 data rows	2026-08-06 08:04:46	MD source has no aging field; MD aging unavailable
CRF150L	ESL-GH	T4G02T31S4B M/T	2026	A226	29	RFS	1	StokMD - 2026-08-06T080446.204.xls	HTML table / 3,496 data rows	2026-08-06 08:04:46	MD source has no aging field; MD aging unavailable
CRF150L	ESL-GH	T4G02T31S4B M/T	2026	A226	30	RFS	1	StokMD - 2026-08-06T080446.204.xls	HTML table / 3,496 data rows	2026-08-06 08:04:46	MD source has no aging field; MD aging unavailable
CRF150L	ESL-GH	T4G02T31S4B M/T	2026	A227	1	RFS	1	StokMD - 2026-08-06T080446.204.xls	HTML table / 3,496 data rows	2026-08-06 08:04:46	MD source has no aging field; MD aging unavailable
CRF150L	ESL-GH	T4G02T31S4B M/T	2026	A227	2	RFS	1	StokMD - 2026-08-06T080446.204.xls	HTML table / 3,496 data rows	2026-08-06 08:04:46	MD source has no aging field; MD aging unavailable
CRF150L	ESL-GH	T4G02T31S4B M/T	2026	A227	3	RFS	1	StokMD - 2026-08-06T080446.204.xls	HTML table / 3,496 data rows	2026-08-06 08:04:46	MD source has no aging field; MD aging unavailable
CRF150L	ESL-GH	T4G02T31S4B M/T	2026	A227	4	RFS	1	StokMD - 2026-08-06T080446.204.xls	HTML table / 3,496 data rows	2026-08-06 08:04:46	MD source has no aging field; MD aging unavailable
CRF150L	ESL-GH	T4G02T31S4B M/T	2026	A227	5	RFS	1	StokMD - 2026-08-06T080446.204.xls	HTML table / 3,496 data rows	2026-08-06 08:04:46	MD source has no aging field; MD aging unavailable
CRF150L	ESL-GH	T4G02T31S4B M/T	2026	A227	6	RFS	1	StokMD - 2026-08-06T080446.204.xls	HTML table / 3,496 data rows	2026-08-06 08:04:46	MD source has no aging field; MD aging unavailable
CRF150L	ESL-GH	T4G02T31S4B M/T	2026	A227	7	RFS	1	StokMD - 2026-08-06T080446.204.xls	HTML table / 3,496 data rows	2026-08-06 08:04:46	MD source has no aging field; MD aging unavailable
CRF150L	ESL-GH	T4G02T31S4B M/T	2026	A355	12	RFS	1	StokMD - 2026-08-06T080446.204.xls	HTML table / 3,496 data rows	2026-08-06 08:04:46	MD source has no aging field; MD aging unavailable
CRF150L	ESL-GH	T4G02T31S4B M/T	2026	A355	17	RFS	1	StokMD - 2026-08-06T080446.204.xls	HTML table / 3,496 data rows	2026-08-06 08:04:46	MD source has no aging field; MD aging unavailable
CRF150L	ESL-GH	T4G02T31S4B M/T	2026	A355	18	RFS	1	StokMD - 2026-08-06T080446.204.xls	HTML table / 3,496 data rows	2026-08-06 08:04:46	MD source has no aging field; MD aging unavailable
CRF150L	ESL-GH	T4G02T31S4B M/T	2026	A355	19	RFS	1	StokMD - 2026-08-06T080446.204.xls	HTML table / 3,496 data rows	2026-08-06 08:04:46	MD source has no aging field; MD aging unavailable
CRF150L	ESL-GH	T4G02T31S4B M/T	2026	A355	20	RFS	1	StokMD - 2026-08-06T080446.204.xls	HTML table / 3,496 data rows	2026-08-06 08:04:46	MD source has no aging field; MD aging unavailable
CRF150L	ESL-GH	T4G02T31S4B M/T	2026	A355	21	RFS	1	StokMD - 2026-08-06T080446.204.xls	HTML table / 3,496 data rows	2026-08-06 08:04:46	MD source has no aging field; MD aging unavailable
CRF150L	ESL-GH	T4G02T31S4B M/T	2026	A355	22	RFS	1	StokMD - 2026-08-06T080446.204.xls	HTML table / 3,496 data rows	2026-08-06 08:04:46	MD source has no aging field; MD aging unavailable
CRF150L	ESL-GH	T4G02T31S4B M/T	2026	A355	23	RFS	1	StokMD - 2026-08-06T080446.204.xls	HTML table / 3,496 data rows	2026-08-06 08:04:46	MD source has no aging field; MD aging unavailable
CUV e: RoadSync Duo	MP0-SV	U1M08Q54L0A A/T	2025	A122	19	RFS	1	StokMD - 2026-08-06T080446.204.xls	HTML table / 3,496 data rows	2026-08-06 08:04:46	MD source has no aging field; MD aging unavailable
GENIO CBS	LY2-1B	C1M02N41S3 A/T	2026	A363	1	RFS	1	StokMD - 2026-08-06T080446.204.xls	HTML table / 3,496 data rows	2026-08-06 08:04:46	MD source has no aging field; MD aging unavailable
GENIO CBS	LY2-2P	C1M02N41S3 A/T	2026	A363	2	RFS	1	StokMD - 2026-08-06T080446.204.xls	HTML table / 3,496 data rows	2026-08-06 08:04:46	MD source has no aging field; MD aging unavailable
GENIO CBS	LY2-BK	C1M02N41S3 A/T	2026	A185	14	NRFS	1	StokMD - 2026-08-06T080446.204.xls	HTML table / 3,496 data rows	2026-08-06 08:04:46	MD source has no aging field; MD aging unavailable
GENIO CBS ISS	LZ2-BW	C1M02N42S3 A/T	2026	A185	19	NRFS	1	StokMD - 2026-08-06T080446.204.xls	HTML table / 3,496 data rows	2026-08-06 08:04:46	MD source has no aging field; MD aging unavailable
ICON E:	MX0-BK	U1N08Q53L0 A/T	2025	A111	3	RFS	1	StokMD - 2026-08-06T080446.204.xls	HTML table / 3,496 data rows	2026-08-06 08:04:46	MD source has no aging field; MD aging unavailable
ICON E:	MX0-BK	U1N08Q53L0 A/T	2025	A111	9	RFS	1	StokMD - 2026-08-06T080446.204.xls	HTML table / 3,496 data rows	2026-08-06 08:04:46	MD source has no aging field; MD aging unavailable
ICON E:	MX0-BK	U1N08Q53L0 A/T	2025	A143	1	RFS	1	StokMD - 2026-08-06T080446.204.xls	HTML table / 3,496 data rows	2026-08-06 08:04:46	MD source has no aging field; MD aging unavailable
ICON E:	MX0-BK	U1N08Q53L0 A/T	2025	A143	10	RFS	1	StokMD - 2026-08-06T080446.204.xls	HTML table / 3,496 data rows	2026-08-06 08:04:46	MD source has no aging field; MD aging unavailable
ICON E:	MX0-BK	U1N08Q53L0 A/T	2025	A143	16	RFS	1	StokMD - 2026-08-06T080446.204.xls	HTML table / 3,496 data rows	2026-08-06 08:04:46	MD source has no aging field; MD aging unavailable
ICON E:	MX0-BK	U1N08Q53L0 A/T	2025	A143	20	RFS	1	StokMD - 2026-08-06T080446.204.xls	HTML table / 3,496 data rows	2026-08-06 08:04:46	MD source has no aging field; MD aging unavailable
ICON E:	MX0-BK	U1N08Q53L0 A/T	2025	A143	5	RFS	1	StokMD - 2026-08-06T080446.204.xls	HTML table / 3,496 data rows	2026-08-06 08:04:46	MD source has no aging field; MD aging unavailable
ICON E:	MX0-BK	U1N08Q53L0 A/T	2025	A143	7	RFS	1	StokMD - 2026-08-06T080446.204.xls	HTML table / 3,496 data rows	2026-08-06 08:04:46	MD source has no aging field; MD aging unavailable
ICON E:	MX0-BK	U1N08Q53L0 A/T	2025	A145	1	RFS	1	StokMD - 2026-08-06T080446.204.xls	HTML table / 3,496 data rows	2026-08-06 08:04:46	MD source has no aging field; MD aging unavailable
ICON E:	MX0-BK	U1N08Q53L0 A/T	2025	A155	13	RFS	1	StokMD - 2026-08-06T080446.204.xls	HTML table / 3,496 data rows	2026-08-06 08:04:46	MD source has no aging field; MD aging unavailable
ICON E:	MX0-BK	U1N08Q53L0 A/T	2025	A155	4	RFS	1	StokMD - 2026-08-06T080446.204.xls	HTML table / 3,496 data rows	2026-08-06 08:04:46	MD source has no aging field; MD aging unavailable
ICON E:	MX0-BK	U1N08Q53L0 A/T	2026	A143	2	RFS	1	StokMD - 2026-08-06T080446.204.xls	HTML table / 3,496 data rows	2026-08-06 08:04:46	MD source has no aging field; MD aging unavailable
ICON E:	MX0-BK	U1N08Q53L0 A/T	2026	A143	6	RFS	1	StokMD - 2026-08-06T080446.204.xls	HTML table / 3,496 data rows	2026-08-06 08:04:46	MD source has no aging field; MD aging unavailable
ICON E:	MX0-GN	U1N08Q53L0 A/T	2025	A143	19	RFS	1	StokMD - 2026-08-06T080446.204.xls	HTML table / 3,496 data rows	2026-08-06 08:04:46	MD source has no aging field; MD aging unavailable
ICON E:	MX0-GN	U1N08Q53L0 A/T	2025	A143	3	RFS	1	StokMD - 2026-08-06T080446.204.xls	HTML table / 3,496 data rows	2026-08-06 08:04:46	MD source has no aging field; MD aging unavailable
ICON E:	MX0-GN	U1N08Q53L0 A/T	2025	A143	35	RFS	1	StokMD - 2026-08-06T080446.204.xls	HTML table / 3,496 data rows	2026-08-06 08:04:46	MD source has no aging field; MD aging unavailable
ICON E:	MX0-GN	U1N08Q53L0 A/T	2025	A155	16	RFS	1	StokMD - 2026-08-06T080446.204.xls	HTML table / 3,496 data rows	2026-08-06 08:04:46	MD source has no aging field; MD aging unavailable
ICON E:	MX0-GN	U1N08Q53L0 A/T	2025	A155	18	RFS	1	StokMD - 2026-08-06T080446.204.xls	HTML table / 3,496 data rows	2026-08-06 08:04:46	MD source has no aging field; MD aging unavailable
ICON E:	MX0-GN	U1N08Q53L0 A/T	2025	A155	2	RFS	1	StokMD - 2026-08-06T080446.204.xls	HTML table / 3,496 data rows	2026-08-06 08:04:46	MD source has no aging field; MD aging unavailable
ICON E:	MX0-GN	U1N08Q53L0 A/T	2025	A155	3	RFS	1	StokMD - 2026-08-06T080446.204.xls	HTML table / 3,496 data rows	2026-08-06 08:04:46	MD source has no aging field; MD aging unavailable
ICON E:	MX0-GN	U1N08Q53L0 A/T	2025	A155	5	RFS	1	StokMD - 2026-08-06T080446.204.xls	HTML table / 3,496 data rows	2026-08-06 08:04:46	MD source has no aging field; MD aging unavailable
ICON E:	MX0-GN	U1N08Q53L0 A/T	2025	A155	8	RFS	1	StokMD - 2026-08-06T080446.204.xls	HTML table / 3,496 data rows	2026-08-06 08:04:46	MD source has no aging field; MD aging unavailable
ICON E:	MX0-GN	U1N08Q53L0 A/T	2026	A143	13	RFS	1	StokMD - 2026-08-06T080446.204.xls	HTML table / 3,496 data rows	2026-08-06 08:04:46	MD source has no aging field; MD aging unavailable
ICON E:	MX0-GN	U1N08Q53L0 A/T	2026	A155	29	RFS	1	StokMD - 2026-08-06T080446.204.xls	HTML table / 3,496 data rows	2026-08-06 08:04:46	MD source has no aging field; MD aging unavailable
ICON E:	MX0-GN	U1N08Q53L0 A/T	2026	A185	3	NRFS	1	StokMD - 2026-08-06T080446.204.xls	HTML table / 3,496 data rows	2026-08-06 08:04:46	MD source has no aging field; MD aging unavailable
ICON E:	MX0-OR	U1N08Q53L0 A/T	2025	A111	10	RFS	1	StokMD - 2026-08-06T080446.204.xls	HTML table / 3,496 data rows	2026-08-06 08:04:46	MD source has no aging field; MD aging unavailable
ICON E:	MX0-OR	U1N08Q53L0 A/T	2025	A143	11	RFS	1	StokMD - 2026-08-06T080446.204.xls	HTML table / 3,496 data rows	2026-08-06 08:04:46	MD source has no aging field; MD aging unavailable
ICON E:	MX0-OR	U1N08Q53L0 A/T	2025	A143	15	RFS	1	StokMD - 2026-08-06T080446.204.xls	HTML table / 3,496 data rows	2026-08-06 08:04:46	MD source has no aging field; MD aging unavailable
ICON E:	MX0-OR	U1N08Q53L0 A/T	2025	A143	23	RFS	1	StokMD - 2026-08-06T080446.204.xls	HTML table / 3,496 data rows	2026-08-06 08:04:46	MD source has no aging field; MD aging unavailable
ICON E:	MX0-OR	U1N08Q53L0 A/T	2025	A145	15	RFS	1	StokMD - 2026-08-06T080446.204.xls	HTML table / 3,496 data rows	2026-08-06 08:04:46	MD source has no aging field; MD aging unavailable
ICON E:	MX0-OR	U1N08Q53L0 A/T	2025	A145	16	RFS	1	StokMD - 2026-08-06T080446.204.xls	HTML table / 3,496 data rows	2026-08-06 08:04:46	MD source has no aging field; MD aging unavailable
ICON E:	MX0-OR	U1N08Q53L0 A/T	2025	A145	4	RFS	1	StokMD - 2026-08-06T080446.204.xls	HTML table / 3,496 data rows	2026-08-06 08:04:46	MD source has no aging field; MD aging unavailable
ICON E:	MX0-OR	U1N08Q53L0 A/T	2025	A145	8	RFS	1	StokMD - 2026-08-06T080446.204.xls	HTML table / 3,496 data rows	2026-08-06 08:04:46	MD source has no aging field; MD aging unavailable
ICON E:	MX0-OR	U1N08Q53L0 A/T	2025	A155	21	RFS	1	StokMD - 2026-08-06T080446.204.xls	HTML table / 3,496 data rows	2026-08-06 08:04:46	MD source has no aging field; MD aging unavailable
ICON E:	MX0-OR	U1N08Q53L0 A/T	2025	A155	22	RFS	1	StokMD - 2026-08-06T080446.204.xls	HTML table / 3,496 data rows	2026-08-06 08:04:46	MD source has no aging field; MD aging unavailable
ICON E:	MX0-OR	U1N08Q53L0 A/T	2026	A111	2	RFS	1	StokMD - 2026-08-06T080446.204.xls	HTML table / 3,496 data rows	2026-08-06 08:04:46	MD source has no aging field; MD aging unavailable
ICON E:	MX0-RD	U1N08Q53L0 A/T	2025	A111	1	RFS	1	StokMD - 2026-08-06T080446.204.xls	HTML table / 3,496 data rows	2026-08-06 08:04:46	MD source has no aging field; MD aging unavailable
ICON E:	MX0-RD	U1N08Q53L0 A/T	2025	A143	14	RFS	1	StokMD - 2026-08-06T080446.204.xls	HTML table / 3,496 data rows	2026-08-06 08:04:46	MD source has no aging field; MD aging unavailable
ICON E:	MX0-RD	U1N08Q53L0 A/T	2025	A145	34	RFS	1	StokMD - 2026-08-06T080446.204.xls	HTML table / 3,496 data rows	2026-08-06 08:04:46	MD source has no aging field; MD aging unavailable
ICON E:	MX0-RD	U1N08Q53L0 A/T	2025	A155	7	RFS	1	StokMD - 2026-08-06T080446.204.xls	HTML table / 3,496 data rows	2026-08-06 08:04:46	MD source has no aging field; MD aging unavailable
ICON E:	MX0-WH	U1N08Q53L0 A/T	2025	A111	12	RFS	1	StokMD - 2026-08-06T080446.204.xls	HTML table / 3,496 data rows	2026-08-06 08:04:46	MD source has no aging field; MD aging unavailable
ICON E:	MX0-WH	U1N08Q53L0 A/T	2025	A111	8	RFS	1	StokMD - 2026-08-06T080446.204.xls	HTML table / 3,496 data rows	2026-08-06 08:04:46	MD source has no aging field; MD aging unavailable
ICON E:	MX0-WH	U1N08Q53L0 A/T	2025	A143	21	RFS	1	StokMD - 2026-08-06T080446.204.xls	HTML table / 3,496 data rows	2026-08-06 08:04:46	MD source has no aging field; MD aging unavailable
ICON E:	MX0-WH	U1N08Q53L0 A/T	2025	A143	22	RFS	1	StokMD - 2026-08-06T080446.204.xls	HTML table / 3,496 data rows	2026-08-06 08:04:46	MD source has no aging field; MD aging unavailable
ICON E:	MX0-WH	U1N08Q53L0 A/T	2025	A143	28	RFS	1	StokMD - 2026-08-06T080446.204.xls	HTML table / 3,496 data rows	2026-08-06 08:04:46	MD source has no aging field; MD aging unavailable
ICON E:	MX0-WH	U1N08Q53L0 A/T	2025	A143	33	RFS	1	StokMD - 2026-08-06T080446.204.xls	HTML table / 3,496 data rows	2026-08-06 08:04:46	MD source has no aging field; MD aging unavailable
ICON E:	MX0-WH	U1N08Q53L0 A/T	2025	A143	34	RFS	1	StokMD - 2026-08-06T080446.204.xls	HTML table / 3,496 data rows	2026-08-06 08:04:46	MD source has no aging field; MD aging unavailable
ICON E:	MX0-WH	U1N08Q53L0 A/T	2025	A155	10	RFS	1	StokMD - 2026-08-06T080446.204.xls	HTML table / 3,496 data rows	2026-08-06 08:04:46	MD source has no aging field; MD aging unavailable
ICON E:	MX0-WH	U1N08Q53L0 A/T	2025	A155	11	RFS	1	StokMD - 2026-08-06T080446.204.xls	HTML table / 3,496 data rows	2026-08-06 08:04:46	MD source has no aging field; MD aging unavailable
ICON E:	MX0-WH	U1N08Q53L0 A/T	2025	A155	14	RFS	1	StokMD - 2026-08-06T080446.204.xls	HTML table / 3,496 data rows	2026-08-06 08:04:46	MD source has no aging field; MD aging unavailable
ICON E:	MX0-WH	U1N08Q53L0 A/T	2025	A155	19	RFS	1	StokMD - 2026-08-06T080446.204.xls	HTML table / 3,496 data rows	2026-08-06 08:04:46	MD source has no aging field; MD aging unavailable
ICON E:	MX0-WH	U1N08Q53L0 A/T	2025	A155	20	RFS	1	StokMD - 2026-08-06T080446.204.xls	HTML table / 3,496 data rows	2026-08-06 08:04:46	MD source has no aging field; MD aging unavailable
ICON E:	MX0-WH	U1N08Q53L0 A/T	2025	A155	23	RFS	1	StokMD - 2026-08-06T080446.204.xls	HTML table / 3,496 data rows	2026-08-06 08:04:46	MD source has no aging field; MD aging unavailable
ICON E:	MX0-WH	U1N08Q53L0 A/T	2025	A155	24	RFS	1	StokMD - 2026-08-06T080446.204.xls	HTML table / 3,496 data rows	2026-08-06 08:04:46	MD source has no aging field; MD aging unavailable
ICON E:	MX0-WH	U1N08Q53L0 A/T	2025	A155	6	RFS	1	StokMD - 2026-08-06T080446.204.xls	HTML table / 3,496 data rows	2026-08-06 08:04:46	MD source has no aging field; MD aging unavailable
ICON E:	MX0-WH	U1N08Q53L0 A/T	2026	A111	4	RFS	1	StokMD - 2026-08-06T080446.204.xls	HTML table / 3,496 data rows	2026-08-06 08:04:46	MD source has no aging field; MD aging unavailable
ICON E:	MX0-WH	U1N08Q53L0 A/T	2026	A143	18	RFS	1	StokMD - 2026-08-06T080446.204.xls	HTML table / 3,496 data rows	2026-08-06 08:04:46	MD source has no aging field; MD aging unavailable
ICON E:	MX0-WH	U1N08Q53L0 A/T	2026	A143	37	RFS	1	StokMD - 2026-08-06T080446.204.xls	HTML table / 3,496 data rows	2026-08-06 08:04:46	MD source has no aging field; MD aging unavailable
NEW SUPRA GTR150	HJK-HS	G2E02R21M1A M/T	2026	A113	32	RFS	1	StokMD - 2026-08-06T080446.204.xls	HTML table / 3,496 data rows	2026-08-06 08:04:46	MD source has no aging field; MD aging unavailable
NEW SUPRA GTR150	HJK-HS	G2E02R21M1A M/T	2026	A113	33	RFS	1	StokMD - 2026-08-06T080446.204.xls	HTML table / 3,496 data rows	2026-08-06 08:04:46	MD source has no aging field; MD aging unavailable
NEW SUPRA GTR150	HJK-HS	G2E02R21M1A M/T	2026	A113	5	RFS	1	StokMD - 2026-08-06T080446.204.xls	HTML table / 3,496 data rows	2026-08-06 08:04:46	MD source has no aging field; MD aging unavailable
NEW SUPRA GTR150	HJK-HS	G2E02R21M1A M/T	2026	A115	1	RFS	1	StokMD - 2026-08-06T080446.204.xls	HTML table / 3,496 data rows	2026-08-06 08:04:46	MD source has no aging field; MD aging unavailable
NEW SUPRA GTR150	HJK-MH	G2E02R21M1A M/T	2026	A114	26	RFS	1	StokMD - 2026-08-06T080446.204.xls	HTML table / 3,496 data rows	2026-08-06 08:04:46	MD source has no aging field; MD aging unavailable
NEW SUPRA GTR150	HJK-MH	G2E02R21M1A M/T	2026	A114	28	RFS	1	StokMD - 2026-08-06T080446.204.xls	HTML table / 3,496 data rows	2026-08-06 08:04:46	MD source has no aging field; MD aging unavailable
NEW SUPRA GTR150	HJK-MH	G2E02R21M1A M/T	2026	A114	29	RFS	1	StokMD - 2026-08-06T080446.204.xls	HTML table / 3,496 data rows	2026-08-06 08:04:46	MD source has no aging field; MD aging unavailable
NEW SUPRA GTR150 SPORTY	HJ9-BK	G2E02R21M1 M/T	2026	A185	48	NRFS	1	StokMD - 2026-08-06T080446.204.xls	HTML table / 3,496 data rows	2026-08-06 08:04:46	MD source has no aging field; MD aging unavailable
NEW SUPRA GTR150 SPORTY	HJ9-BK	G2E02R21M1 M/T	2026	A451	10	RFS	1	StokMD - 2026-08-06T080446.204.xls	HTML table / 3,496 data rows	2026-08-06 08:04:46	MD source has no aging field; MD aging unavailable
NEW SUPRA GTR150 SPORTY	HJ9-BK	G2E02R21M1 M/T	2026	A451	11	RFS	1	StokMD - 2026-08-06T080446.204.xls	HTML table / 3,496 data rows	2026-08-06 08:04:46	MD source has no aging field; MD aging unavailable
NEW SUPRA GTR150 SPORTY	HJ9-BK	G2E02R21M1 M/T	2026	A451	6	RFS	1	StokMD - 2026-08-06T080446.204.xls	HTML table / 3,496 data rows	2026-08-06 08:04:46	MD source has no aging field; MD aging unavailable
NEW SUPRA GTR150 SPORTY	HJ9-BK	G2E02R21M1 M/T	2026	A451	8	RFS	1	StokMD - 2026-08-06T080446.204.xls	HTML table / 3,496 data rows	2026-08-06 08:04:46	MD source has no aging field; MD aging unavailable
NEW SUPRA GTR150 SPORTY	HJ9-BK	G2E02R21M1 M/T	2026	A451	9	RFS	1	StokMD - 2026-08-06T080446.204.xls	HTML table / 3,496 data rows	2026-08-06 08:04:46	MD source has no aging field; MD aging unavailable
NEW SUPRA GTR150 SPORTY	HJ9-MH	G2E02R21M1 M/T	2026	A451	3	RFS	1	StokMD - 2026-08-06T080446.204.xls	HTML table / 3,496 data rows	2026-08-06 08:04:46	MD source has no aging field; MD aging unavailable
NEW SUPRA GTR150 SPORTY	HJ9-MH	G2E02R21M1 M/T	2026	A451	4	RFS	1	StokMD - 2026-08-06T080446.204.xls	HTML table / 3,496 data rows	2026-08-06 08:04:46	MD source has no aging field; MD aging unavailable
NEW SUPRA GTR150 SPORTY	HJ9-MH	G2E02R21M1 M/T	2026	A451	5	RFS	1	StokMD - 2026-08-06T080446.204.xls	HTML table / 3,496 data rows	2026-08-06 08:04:46	MD source has no aging field; MD aging unavailable
PCX160 ABS	MV1-BL	V1J02Q50S4 A/T	2026	A164	17	RFS	1	StokMD - 2026-08-06T080446.204.xls	HTML table / 3,496 data rows	2026-08-06 08:04:46	MD source has no aging field; MD aging unavailable
PCX160 ABS	MV1-BL	V1J02Q50S4 A/T	2026	A164	18	RFS	1	StokMD - 2026-08-06T080446.204.xls	HTML table / 3,496 data rows	2026-08-06 08:04:46	MD source has no aging field; MD aging unavailable
PCX160 ABS	MV1-GN	V1J02Q50S4 A/T	2026	A164	2	RFS	1	StokMD - 2026-08-06T080446.204.xls	HTML table / 3,496 data rows	2026-08-06 08:04:46	MD source has no aging field; MD aging unavailable
PCX160 ABS	MV1-GN	V1J02Q50S4 A/T	2026	A185	4	NRFS	1	StokMD - 2026-08-06T080446.204.xls	HTML table / 3,496 data rows	2026-08-06 08:04:46	MD source has no aging field; MD aging unavailable
PCX160 ABS	MV1-WH	V1J02Q50S4 A/T	2026	A164	5	RFS	1	StokMD - 2026-08-06T080446.204.xls	HTML table / 3,496 data rows	2026-08-06 08:04:46	MD source has no aging field; MD aging unavailable
PCX160 ABS	MV1-WH	V1J02Q50S4 A/T	2026	A164	6	RFS	1	StokMD - 2026-08-06T080446.204.xls	HTML table / 3,496 data rows	2026-08-06 08:04:46	MD source has no aging field; MD aging unavailable
PCX160 CBS	MT1-1B	V1J02Q32S4 A/T	2026	A123	16	RFS	1	StokMD - 2026-08-06T080446.204.xls	HTML table / 3,496 data rows	2026-08-06 08:04:46	MD source has no aging field; MD aging unavailable
PCX160 CBS	MT1-1B	V1J02Q32S4 A/T	2026	A123	17	RFS	1	StokMD - 2026-08-06T080446.204.xls	HTML table / 3,496 data rows	2026-08-06 08:04:46	MD source has no aging field; MD aging unavailable
PCX160 CBS	MT1-1B	V1J02Q32S4 A/T	2026	A123	19	RFS	1	StokMD - 2026-08-06T080446.204.xls	HTML table / 3,496 data rows	2026-08-06 08:04:46	MD source has no aging field; MD aging unavailable
PCX160 CBS	MT1-1B	V1J02Q32S4 A/T	2026	A123	20	RFS	1	StokMD - 2026-08-06T080446.204.xls	HTML table / 3,496 data rows	2026-08-06 08:04:46	MD source has no aging field; MD aging unavailable
PCX160 CBS	MT1-1B	V1J02Q32S4 A/T	2026	A123	21	RFS	1	StokMD - 2026-08-06T080446.204.xls	HTML table / 3,496 data rows	2026-08-06 08:04:46	MD source has no aging field; MD aging unavailable
PCX160 CBS	MT1-1R	V1J02Q32S4 A/T	2026	A122	1	RFS	1	StokMD - 2026-08-06T080446.204.xls	HTML table / 3,496 data rows	2026-08-06 08:04:46	MD source has no aging field; MD aging unavailable
PCX160 CBS	MT1-1R	V1J02Q32S4 A/T	2026	A122	25	RFS	1	StokMD - 2026-08-06T080446.204.xls	HTML table / 3,496 data rows	2026-08-06 08:04:46	MD source has no aging field; MD aging unavailable
PCX160 CBS	MT1-1R	V1J02Q32S4 A/T	2026	A122	26	RFS	1	StokMD - 2026-08-06T080446.204.xls	HTML table / 3,496 data rows	2026-08-06 08:04:46	MD source has no aging field; MD aging unavailable
PCX160 CBS	MT1-1R	V1J02Q32S4 A/T	2026	A122	27	RFS	1	StokMD - 2026-08-06T080446.204.xls	HTML table / 3,496 data rows	2026-08-06 08:04:46	MD source has no aging field; MD aging unavailable
PCX160 CBS	MT1-1R	V1J02Q32S4 A/T	2026	A122	28	RFS	1	StokMD - 2026-08-06T080446.204.xls	HTML table / 3,496 data rows	2026-08-06 08:04:46	MD source has no aging field; MD aging unavailable
PCX160 CBS	MT1-BK	V1J02Q32S4 A/T	2026	A123	28	RFS	1	StokMD - 2026-08-06T080446.204.xls	HTML table / 3,496 data rows	2026-08-06 08:04:46	MD source has no aging field; MD aging unavailable
PCX160 CBS	MT1-BK	V1J02Q32S4 A/T	2026	A123	29	RFS	1	StokMD - 2026-08-06T080446.204.xls	HTML table / 3,496 data rows	2026-08-06 08:04:46	MD source has no aging field; MD aging unavailable
PCX160 CBS	MT1-BK	V1J02Q32S4 A/T	2026	A123	32	RFS	1	StokMD - 2026-08-06T080446.204.xls	HTML table / 3,496 data rows	2026-08-06 08:04:46	MD source has no aging field; MD aging unavailable
PCX160 CBS	MT1-BK	V1J02Q32S4 A/T	2026	A123	34	RFS	1	StokMD - 2026-08-06T080446.204.xls	HTML table / 3,496 data rows	2026-08-06 08:04:46	MD source has no aging field; MD aging unavailable
PCX160 CBS	MT1-BK	V1J02Q32S4 A/T	2026	A123	35	RFS	1	StokMD - 2026-08-06T080446.204.xls	HTML table / 3,496 data rows	2026-08-06 08:04:46	MD source has no aging field; MD aging unavailable
PCX160 CBS	MT1-BK	V1J02Q32S4 A/T	2026	A143	4	RFS	1	StokMD - 2026-08-06T080446.204.xls	HTML table / 3,496 data rows	2026-08-06 08:04:46	MD source has no aging field; MD aging unavailable
PCX160 CBS	MT1-RD	V1J02Q32S4 A/T	2026	A122	15	RFS	1	StokMD - 2026-08-06T080446.204.xls	HTML table / 3,496 data rows	2026-08-06 08:04:46	MD source has no aging field; MD aging unavailable
PCX160 CBS	MT1-RD	V1J02Q32S4 A/T	2026	A122	17	RFS	1	StokMD - 2026-08-06T080446.204.xls	HTML table / 3,496 data rows	2026-08-06 08:04:46	MD source has no aging field; MD aging unavailable
PCX160 CBS	MT1-RD	V1J02Q32S4 A/T	2026	A122	31	RFS	1	StokMD - 2026-08-06T080446.204.xls	HTML table / 3,496 data rows	2026-08-06 08:04:46	MD source has no aging field; MD aging unavailable
PCX160 CBS	MT1-RD	V1J02Q32S4 A/T	2026	A122	32	RFS	1	StokMD - 2026-08-06T080446.204.xls	HTML table / 3,496 data rows	2026-08-06 08:04:46	MD source has no aging field; MD aging unavailable
PCX160 CBS	MT1-RD	V1J02Q32S4 A/T	2026	A122	33	RFS	1	StokMD - 2026-08-06T080446.204.xls	HTML table / 3,496 data rows	2026-08-06 08:04:46	MD source has no aging field; MD aging unavailable
PCX160 CBS	MT1-RD	V1J02Q32S4 A/T	2026	A122	34	RFS	1	StokMD - 2026-08-06T080446.204.xls	HTML table / 3,496 data rows	2026-08-06 08:04:46	MD source has no aging field; MD aging unavailable
PCX160 CBS	MT1-RD	V1J02Q32S4 A/T	2026	A122	35	RFS	1	StokMD - 2026-08-06T080446.204.xls	HTML table / 3,496 data rows	2026-08-06 08:04:46	MD source has no aging field; MD aging unavailable
PCX160 CBS	MT1-RD	V1J02Q32S4 A/T	2026	A122	4	RFS	1	StokMD - 2026-08-06T080446.204.xls	HTML table / 3,496 data rows	2026-08-06 08:04:46	MD source has no aging field; MD aging unavailable
PCX160 CBS	MT1-RD	V1J02Q32S4 A/T	2026	A122	5	RFS	1	StokMD - 2026-08-06T080446.204.xls	HTML table / 3,496 data rows	2026-08-06 08:04:46	MD source has no aging field; MD aging unavailable
PCX160 CBS	MT1-RD	V1J02Q32S4 A/T	2026	A122	6	RFS	1	StokMD - 2026-08-06T080446.204.xls	HTML table / 3,496 data rows	2026-08-06 08:04:46	MD source has no aging field; MD aging unavailable
PCX160 CBS	MT1-RD	V1J02Q32S4 A/T	2026	A122	7	RFS	1	StokMD - 2026-08-06T080446.204.xls	HTML table / 3,496 data rows	2026-08-06 08:04:46	MD source has no aging field; MD aging unavailable
PCX160 CBS	MT1-RD	V1J02Q32S4 A/T	2026	A122	8	RFS	1	StokMD - 2026-08-06T080446.204.xls	HTML table / 3,496 data rows	2026-08-06 08:04:46	MD source has no aging field; MD aging unavailable
PCX160 CBS	MT1-RD	V1J02Q32S4 A/T	2026	A122	9	RFS	1	StokMD - 2026-08-06T080446.204.xls	HTML table / 3,496 data rows	2026-08-06 08:04:46	MD source has no aging field; MD aging unavailable
PCX160 CBS	MT1-RD	V1J02Q32S4 A/T	2026	A123	2	RFS	1	StokMD - 2026-08-06T080446.204.xls	HTML table / 3,496 data rows	2026-08-06 08:04:46	MD source has no aging field; MD aging unavailable
PCX160 CBS	MT1-RD	V1J02Q32S4 A/T	2026	A143	12	RFS	1	StokMD - 2026-08-06T080446.204.xls	HTML table / 3,496 data rows	2026-08-06 08:04:46	MD source has no aging field; MD aging unavailable
PCX160 CBS	MT1-RD	V1J02Q32S4 A/T	2026	A143	17	RFS	1	StokMD - 2026-08-06T080446.204.xls	HTML table / 3,496 data rows	2026-08-06 08:04:46	MD source has no aging field; MD aging unavailable
PCX160 CBS	MT1-RD	V1J02Q32S4 A/T	2026	A143	8	RFS	1	StokMD - 2026-08-06T080446.204.xls	HTML table / 3,496 data rows	2026-08-06 08:04:46	MD source has no aging field; MD aging unavailable
PCX160 CBS	MT1-RD	V1J02Q32S4 A/T	2026	A143	9	RFS	1	StokMD - 2026-08-06T080446.204.xls	HTML table / 3,496 data rows	2026-08-06 08:04:46	MD source has no aging field; MD aging unavailable
PCX160 CBS	MT1-WH	V1J02Q32S4 A/T	2026	A122	21	RFS	1	StokMD - 2026-08-06T080446.204.xls	HTML table / 3,496 data rows	2026-08-06 08:04:46	MD source has no aging field; MD aging unavailable
PCX160 CBS	MT1-WH	V1J02Q32S4 A/T	2026	A123	7	RFS	1	StokMD - 2026-08-06T080446.204.xls	HTML table / 3,496 data rows	2026-08-06 08:04:46	MD source has no aging field; MD aging unavailable
PCX160 Honda RoadSync	MW1-RD	V1J02Q54S4 A/T	2026	A185	47	NRFS	1	StokMD - 2026-08-06T080446.204.xls	HTML table / 3,496 data rows	2026-08-06 08:04:46	MD source has no aging field; MD aging unavailable
PCX160 Honda RoadSync	MW1-RD	V1J02Q54S4 A/T	2026	A232	10	BOOKING	1	StokMD - 2026-08-06T080446.204.xls	HTML table / 3,496 data rows	2026-08-06 08:04:46	MD source has no aging field; MD aging unavailable
PCX160 Honda RoadSync	MW1-RD	V1J02Q54S4 A/T	2026	A232	11	BOOKING	1	StokMD - 2026-08-06T080446.204.xls	HTML table / 3,496 data rows	2026-08-06 08:04:46	MD source has no aging field; MD aging unavailable
PCX160 Honda RoadSync	MW1-RD	V1J02Q54S4 A/T	2026	A232	7	BOOKING	1	StokMD - 2026-08-06T080446.204.xls	HTML table / 3,496 data rows	2026-08-06 08:04:46	MD source has no aging field; MD aging unavailable
PCX160 Honda RoadSync	MW1-RD	V1J02Q54S4 A/T	2026	A232	8	BOOKING	1	StokMD - 2026-08-06T080446.204.xls	HTML table / 3,496 data rows	2026-08-06 08:04:46	MD source has no aging field; MD aging unavailable
PCX160 Honda RoadSync	MW1-RD	V1J02Q54S4 A/T	2026	A232	9	BOOKING	1	StokMD - 2026-08-06T080446.204.xls	HTML table / 3,496 data rows	2026-08-06 08:04:46	MD source has no aging field; MD aging unavailable
REVO FIT	GB4-BB	R2B02K01L2 M/T	2026	A112	0	RFS	2	StokMD - 2026-08-06T080446.204.xls	HTML table / 3,496 data rows	2026-08-06 08:04:46	MD source has no aging field; MD aging unavailable
REVO FIT	GB4-BB	R2B02K01L2 M/T	2026	A112	21	RFS	1	StokMD - 2026-08-06T080446.204.xls	HTML table / 3,496 data rows	2026-08-06 08:04:46	MD source has no aging field; MD aging unavailable
REVO FIT	GB4-BB	R2B02K01L2 M/T	2026	A112	3	RFS	1	StokMD - 2026-08-06T080446.204.xls	HTML table / 3,496 data rows	2026-08-06 08:04:46	MD source has no aging field; MD aging unavailable
REVO FIT	GB4-BB	R2B02K01L2 M/T	2026	A112	4	RFS	1	StokMD - 2026-08-06T080446.204.xls	HTML table / 3,496 data rows	2026-08-06 08:04:46	MD source has no aging field; MD aging unavailable
REVO FIT	GB4-BB	R2B02K01L2 M/T	2026	A112	7	RFS	1	StokMD - 2026-08-06T080446.204.xls	HTML table / 3,496 data rows	2026-08-06 08:04:46	MD source has no aging field; MD aging unavailable
REVO FIT	GB4-BB	R2B02K01L2 M/T	2026	A112	8	RFS	1	StokMD - 2026-08-06T080446.204.xls	HTML table / 3,496 data rows	2026-08-06 08:04:46	MD source has no aging field; MD aging unavailable
REVO FIT	GB4-BB	R2B02K01L2 M/T	2026	A252	14	RFS	1	StokMD - 2026-08-06T080446.204.xls	HTML table / 3,496 data rows	2026-08-06 08:04:46	MD source has no aging field; MD aging unavailable
REVO FIT	GB4-BB	R2B02K01L2 M/T	2026	A252	33	RFS	1	StokMD - 2026-08-06T080446.204.xls	HTML table / 3,496 data rows	2026-08-06 08:04:46	MD source has no aging field; MD aging unavailable
REVO FIT	GB4-BB	R2B02K01L2 M/T	2026	A283	1	RFS	1	StokMD - 2026-08-06T080446.204.xls	HTML table / 3,496 data rows	2026-08-06 08:04:46	MD source has no aging field; MD aging unavailable
REVO FIT	GB4-BB	R2B02K01L2 M/T	2026	A283	10	RFS	1	StokMD - 2026-08-06T080446.204.xls	HTML table / 3,496 data rows	2026-08-06 08:04:46	MD source has no aging field; MD aging unavailable
REVO FIT	GB4-BB	R2B02K01L2 M/T	2026	A283	11	RFS	1	StokMD - 2026-08-06T080446.204.xls	HTML table / 3,496 data rows	2026-08-06 08:04:46	MD source has no aging field; MD aging unavailable
REVO FIT	GB4-BB	R2B02K01L2 M/T	2026	A283	12	RFS	1	StokMD - 2026-08-06T080446.204.xls	HTML table / 3,496 data rows	2026-08-06 08:04:46	MD source has no aging field; MD aging unavailable
REVO FIT	GB4-BB	R2B02K01L2 M/T	2026	A283	17	RFS	1	StokMD - 2026-08-06T080446.204.xls	HTML table / 3,496 data rows	2026-08-06 08:04:46	MD source has no aging field; MD aging unavailable
REVO FIT	GB4-BB	R2B02K01L2 M/T	2026	A283	18	RFS	1	StokMD - 2026-08-06T080446.204.xls	HTML table / 3,496 data rows	2026-08-06 08:04:46	MD source has no aging field; MD aging unavailable
REVO FIT	GB4-BB	R2B02K01L2 M/T	2026	A283	2	RFS	1	StokMD - 2026-08-06T080446.204.xls	HTML table / 3,496 data rows	2026-08-06 08:04:46	MD source has no aging field; MD aging unavailable
REVO FIT	GB4-BB	R2B02K01L2 M/T	2026	A283	21	RFS	1	StokMD - 2026-08-06T080446.204.xls	HTML table / 3,496 data rows	2026-08-06 08:04:46	MD source has no aging field; MD aging unavailable
REVO FIT	GB4-BB	R2B02K01L2 M/T	2026	A283	24	RFS	1	StokMD - 2026-08-06T080446.204.xls	HTML table / 3,496 data rows	2026-08-06 08:04:46	MD source has no aging field; MD aging unavailable
REVO FIT	GB4-BB	R2B02K01L2 M/T	2026	A283	26	RFS	1	StokMD - 2026-08-06T080446.204.xls	HTML table / 3,496 data rows	2026-08-06 08:04:46	MD source has no aging field; MD aging unavailable
REVO FIT	GB4-BB	R2B02K01L2 M/T	2026	A283	29	RFS	1	StokMD - 2026-08-06T080446.204.xls	HTML table / 3,496 data rows	2026-08-06 08:04:46	MD source has no aging field; MD aging unavailable
REVO FIT	GB4-BB	R2B02K01L2 M/T	2026	A283	3	RFS	1	StokMD - 2026-08-06T080446.204.xls	HTML table / 3,496 data rows	2026-08-06 08:04:46	MD source has no aging field; MD aging unavailable
REVO FIT	GB4-BB	R2B02K01L2 M/T	2026	A283	30	RFS	1	StokMD - 2026-08-06T080446.204.xls	HTML table / 3,496 data rows	2026-08-06 08:04:46	MD source has no aging field; MD aging unavailable
REVO FIT	GB4-BB	R2B02K01L2 M/T	2026	A283	4	RFS	1	StokMD - 2026-08-06T080446.204.xls	HTML table / 3,496 data rows	2026-08-06 08:04:46	MD source has no aging field; MD aging unavailable
REVO FIT	GB4-BB	R2B02K01L2 M/T	2026	A283	5	RFS	1	StokMD - 2026-08-06T080446.204.xls	HTML table / 3,496 data rows	2026-08-06 08:04:46	MD source has no aging field; MD aging unavailable
REVO FIT	GB4-BB	R2B02K01L2 M/T	2026	A283	6	RFS	1	StokMD - 2026-08-06T080446.204.xls	HTML table / 3,496 data rows	2026-08-06 08:04:46	MD source has no aging field; MD aging unavailable
REVO FIT	GB4-BB	R2B02K01L2 M/T	2026	A283	7	RFS	1	StokMD - 2026-08-06T080446.204.xls	HTML table / 3,496 data rows	2026-08-06 08:04:46	MD source has no aging field; MD aging unavailable
REVO FIT	GB4-BB	R2B02K01L2 M/T	2026	A283	8	RFS	1	StokMD - 2026-08-06T080446.204.xls	HTML table / 3,496 data rows	2026-08-06 08:04:46	MD source has no aging field; MD aging unavailable
REVO FIT	GB4-BB	R2B02K01L2 M/T	2026	A283	9	RFS	1	StokMD - 2026-08-06T080446.204.xls	HTML table / 3,496 data rows	2026-08-06 08:04:46	MD source has no aging field; MD aging unavailable
REVO FIT	GB4-BB	R2B02K01L2 M/T	2026	A365	2	RFS	1	StokMD - 2026-08-06T080446.204.xls	HTML table / 3,496 data rows	2026-08-06 08:04:46	MD source has no aging field; MD aging unavailable
REVO FIT	GB4-BB	R2B02K01L2 M/T	2026	A372	10	RFS	1	StokMD - 2026-08-06T080446.204.xls	HTML table / 3,496 data rows	2026-08-06 08:04:46	MD source has no aging field; MD aging unavailable
REVO FIT	GB4-BB	R2B02K01L2 M/T	2026	A372	16	RFS	1	StokMD - 2026-08-06T080446.204.xls	HTML table / 3,496 data rows	2026-08-06 08:04:46	MD source has no aging field; MD aging unavailable
REVO FIT	GB4-BB	R2B02K01L2 M/T	2026	A372	17	RFS	1	StokMD - 2026-08-06T080446.204.xls	HTML table / 3,496 data rows	2026-08-06 08:04:46	MD source has no aging field; MD aging unavailable
REVO FIT	GB4-BB	R2B02K01L2 M/T	2026	A372	21	RFS	1	StokMD - 2026-08-06T080446.204.xls	HTML table / 3,496 data rows	2026-08-06 08:04:46	MD source has no aging field; MD aging unavailable
REVO FIT	GB4-BB	R2B02K01L2 M/T	2026	A372	22	RFS	1	StokMD - 2026-08-06T080446.204.xls	HTML table / 3,496 data rows	2026-08-06 08:04:46	MD source has no aging field; MD aging unavailable
REVO FIT	GB4-BB	R2B02K01L2 M/T	2026	A372	25	RFS	1	StokMD - 2026-08-06T080446.204.xls	HTML table / 3,496 data rows	2026-08-06 08:04:46	MD source has no aging field; MD aging unavailable
REVO FIT	GB4-BB	R2B02K01L2 M/T	2026	A372	26	RFS	1	StokMD - 2026-08-06T080446.204.xls	HTML table / 3,496 data rows	2026-08-06 08:04:46	MD source has no aging field; MD aging unavailable
REVO FIT	GB4-BB	R2B02K01L2 M/T	2026	A372	27	RFS	1	StokMD - 2026-08-06T080446.204.xls	HTML table / 3,496 data rows	2026-08-06 08:04:46	MD source has no aging field; MD aging unavailable
REVO FIT	GB4-BB	R2B02K01L2 M/T	2026	A372	28	RFS	1	StokMD - 2026-08-06T080446.204.xls	HTML table / 3,496 data rows	2026-08-06 08:04:46	MD source has no aging field; MD aging unavailable
REVO FIT	GB4-BB	R2B02K01L2 M/T	2026	A372	29	RFS	1	StokMD - 2026-08-06T080446.204.xls	HTML table / 3,496 data rows	2026-08-06 08:04:46	MD source has no aging field; MD aging unavailable
REVO FIT	GB4-BB	R2B02K01L2 M/T	2026	A372	5	RFS	1	StokMD - 2026-08-06T080446.204.xls	HTML table / 3,496 data rows	2026-08-06 08:04:46	MD source has no aging field; MD aging unavailable
REVO FIT	GB4-BB	R2B02K01L2 M/T	2026	A372	7	RFS	1	StokMD - 2026-08-06T080446.204.xls	HTML table / 3,496 data rows	2026-08-06 08:04:46	MD source has no aging field; MD aging unavailable
REVO FIT	GB4-BB	R2B02K01L2 M/T	2026	A372	9	RFS	1	StokMD - 2026-08-06T080446.204.xls	HTML table / 3,496 data rows	2026-08-06 08:04:46	MD source has no aging field; MD aging unavailable
REVO FIT	GB4-BB	R2B02K01L2 M/T	2026	A374	3	RFS	1	StokMD - 2026-08-06T080446.204.xls	HTML table / 3,496 data rows	2026-08-06 08:04:46	MD source has no aging field; MD aging unavailable
REVO FIT	GB4-BB	R2B02K01L2 M/T	2026	A375	1	RFS	1	StokMD - 2026-08-06T080446.204.xls	HTML table / 3,496 data rows	2026-08-06 08:04:46	MD source has no aging field; MD aging unavailable
REVO FIT	GB4-BB	R2B02K01L2 M/T	2026	A375	11	RFS	1	StokMD - 2026-08-06T080446.204.xls	HTML table / 3,496 data rows	2026-08-06 08:04:46	MD source has no aging field; MD aging unavailable
REVO FIT	GB4-BB	R2B02K01L2 M/T	2026	A375	15	RFS	1	StokMD - 2026-08-06T080446.204.xls	HTML table / 3,496 data rows	2026-08-06 08:04:46	MD source has no aging field; MD aging unavailable
REVO FIT	GB4-BB	R2B02K01L2 M/T	2026	A375	16	RFS	1	StokMD - 2026-08-06T080446.204.xls	HTML table / 3,496 data rows	2026-08-06 08:04:46	MD source has no aging field; MD aging unavailable
REVO FIT	GB4-BB	R2B02K01L2 M/T	2026	A375	17	RFS	1	StokMD - 2026-08-06T080446.204.xls	HTML table / 3,496 data rows	2026-08-06 08:04:46	MD source has no aging field; MD aging unavailable
REVO FIT	GB4-BB	R2B02K01L2 M/T	2026	A375	18	RFS	1	StokMD - 2026-08-06T080446.204.xls	HTML table / 3,496 data rows	2026-08-06 08:04:46	MD source has no aging field; MD aging unavailable
REVO FIT	GB4-BB	R2B02K01L2 M/T	2026	A375	19	RFS	1	StokMD - 2026-08-06T080446.204.xls	HTML table / 3,496 data rows	2026-08-06 08:04:46	MD source has no aging field; MD aging unavailable
REVO FIT	GB4-BB	R2B02K01L2 M/T	2026	A375	2	RFS	1	StokMD - 2026-08-06T080446.204.xls	HTML table / 3,496 data rows	2026-08-06 08:04:46	MD source has no aging field; MD aging unavailable
REVO FIT	GB4-BB	R2B02K01L2 M/T	2026	A375	20	RFS	1	StokMD - 2026-08-06T080446.204.xls	HTML table / 3,496 data rows	2026-08-06 08:04:46	MD source has no aging field; MD aging unavailable
REVO FIT	GB4-BB	R2B02K01L2 M/T	2026	A375	21	RFS	1	StokMD - 2026-08-06T080446.204.xls	HTML table / 3,496 data rows	2026-08-06 08:04:46	MD source has no aging field; MD aging unavailable
REVO FIT	GB4-BB	R2B02K01L2 M/T	2026	A375	22	RFS	1	StokMD - 2026-08-06T080446.204.xls	HTML table / 3,496 data rows	2026-08-06 08:04:46	MD source has no aging field; MD aging unavailable
REVO FIT	GB4-BB	R2B02K01L2 M/T	2026	A375	30	RFS	1	StokMD - 2026-08-06T080446.204.xls	HTML table / 3,496 data rows	2026-08-06 08:04:46	MD source has no aging field; MD aging unavailable
REVO FIT	GB4-BB	R2B02K01L2 M/T	2026	A375	31	RFS	1	StokMD - 2026-08-06T080446.204.xls	HTML table / 3,496 data rows	2026-08-06 08:04:46	MD source has no aging field; MD aging unavailable
REVO FIT	GB4-BB	R2B02K01L2 M/T	2026	A375	33	RFS	1	StokMD - 2026-08-06T080446.204.xls	HTML table / 3,496 data rows	2026-08-06 08:04:46	MD source has no aging field; MD aging unavailable
REVO FIT	GB4-BB	R2B02K01L2 M/T	2026	A375	34	RFS	1	StokMD - 2026-08-06T080446.204.xls	HTML table / 3,496 data rows	2026-08-06 08:04:46	MD source has no aging field; MD aging unavailable
REVO FIT	GB4-BB	R2B02K01L2 M/T	2026	A375	35	RFS	1	StokMD - 2026-08-06T080446.204.xls	HTML table / 3,496 data rows	2026-08-06 08:04:46	MD source has no aging field; MD aging unavailable
REVO FIT	GB4-BB	R2B02K01L2 M/T	2026	A375	36	RFS	1	StokMD - 2026-08-06T080446.204.xls	HTML table / 3,496 data rows	2026-08-06 08:04:46	MD source has no aging field; MD aging unavailable
REVO FIT	GB4-BB	R2B02K01L2 M/T	2026	A375	6	RFS	1	StokMD - 2026-08-06T080446.204.xls	HTML table / 3,496 data rows	2026-08-06 08:04:46	MD source has no aging field; MD aging unavailable
REVO FIT	GB4-BB	R2B02K01L2 M/T	2026	A385	1	RFS	1	StokMD - 2026-08-06T080446.204.xls	HTML table / 3,496 data rows	2026-08-06 08:04:46	MD source has no aging field; MD aging unavailable
REVO FIT	GB4-BB	R2B02K01L2 M/T	2026	A385	15	RFS	1	StokMD - 2026-08-06T080446.204.xls	HTML table / 3,496 data rows	2026-08-06 08:04:46	MD source has no aging field; MD aging unavailable
REVO FIT	GB4-BB	R2B02K01L2 M/T	2026	A385	16	RFS	1	StokMD - 2026-08-06T080446.204.xls	HTML table / 3,496 data rows	2026-08-06 08:04:46	MD source has no aging field; MD aging unavailable
REVO FIT	GB4-BB	R2B02K01L2 M/T	2026	A385	18	RFS	1	StokMD - 2026-08-06T080446.204.xls	HTML table / 3,496 data rows	2026-08-06 08:04:46	MD source has no aging field; MD aging unavailable
REVO FIT	GB4-BB	R2B02K01L2 M/T	2026	A385	19	RFS	1	StokMD - 2026-08-06T080446.204.xls	HTML table / 3,496 data rows	2026-08-06 08:04:46	MD source has no aging field; MD aging unavailable
REVO FIT	GB4-BB	R2B02K01L2 M/T	2026	A385	2	RFS	1	StokMD - 2026-08-06T080446.204.xls	HTML table / 3,496 data rows	2026-08-06 08:04:46	MD source has no aging field; MD aging unavailable
REVO FIT	GB4-BB	R2B02K01L2 M/T	2026	A385	20	RFS	1	StokMD - 2026-08-06T080446.204.xls	HTML table / 3,496 data rows	2026-08-06 08:04:46	MD source has no aging field; MD aging unavailable
REVO FIT	GB4-BB	R2B02K01L2 M/T	2026	A385	21	RFS	1	StokMD - 2026-08-06T080446.204.xls	HTML table / 3,496 data rows	2026-08-06 08:04:46	MD source has no aging field; MD aging unavailable
REVO FIT	GB4-BB	R2B02K01L2 M/T	2026	A385	22	RFS	1	StokMD - 2026-08-06T080446.204.xls	HTML table / 3,496 data rows	2026-08-06 08:04:46	MD source has no aging field; MD aging unavailable
REVO FIT	GB4-BB	R2B02K01L2 M/T	2026	A385	29	RFS	1	StokMD - 2026-08-06T080446.204.xls	HTML table / 3,496 data rows	2026-08-06 08:04:46	MD source has no aging field; MD aging unavailable
REVO FIT	GB4-BB	R2B02K01L2 M/T	2026	A385	3	RFS	1	StokMD - 2026-08-06T080446.204.xls	HTML table / 3,496 data rows	2026-08-06 08:04:46	MD source has no aging field; MD aging unavailable
REVO FIT	GB4-BB	R2B02K01L2 M/T	2026	A385	35	RFS	1	StokMD - 2026-08-06T080446.204.xls	HTML table / 3,496 data rows	2026-08-06 08:04:46	MD source has no aging field; MD aging unavailable
REVO FIT	GB4-BB	R2B02K01L2 M/T	2026	A385	4	RFS	1	StokMD - 2026-08-06T080446.204.xls	HTML table / 3,496 data rows	2026-08-06 08:04:46	MD source has no aging field; MD aging unavailable
REVO FIT	GB4-BB	R2B02K01L2 M/T	2026	A385	40	RFS	1	StokMD - 2026-08-06T080446.204.xls	HTML table / 3,496 data rows	2026-08-06 08:04:46	MD source has no aging field; MD aging unavailable
REVO FIT	GB4-BB	R2B02K01L2 M/T	2026	A385	41	RFS	1	StokMD - 2026-08-06T080446.204.xls	HTML table / 3,496 data rows	2026-08-06 08:04:46	MD source has no aging field; MD aging unavailable
REVO FIT	GB4-BB	R2B02K01L2 M/T	2026	A385	43	RFS	1	StokMD - 2026-08-06T080446.204.xls	HTML table / 3,496 data rows	2026-08-06 08:04:46	MD source has no aging field; MD aging unavailable
REVO FIT	GB4-BB	R2B02K01L2 M/T	2026	A385	44	RFS	1	StokMD - 2026-08-06T080446.204.xls	HTML table / 3,496 data rows	2026-08-06 08:04:46	MD source has no aging field; MD aging unavailable
REVO FIT	GB4-BB	R2B02K01L2 M/T	2026	A385	45	RFS	1	StokMD - 2026-08-06T080446.204.xls	HTML table / 3,496 data rows	2026-08-06 08:04:46	MD source has no aging field; MD aging unavailable
REVO FIT	GB4-BB	R2B02K01L2 M/T	2026	A385	5	RFS	1	StokMD - 2026-08-06T080446.204.xls	HTML table / 3,496 data rows	2026-08-06 08:04:46	MD source has no aging field; MD aging unavailable
REVO FIT	GB4-BB	R2B02K01L2 M/T	2026	A411	1	RFS	1	StokMD - 2026-08-06T080446.204.xls	HTML table / 3,496 data rows	2026-08-06 08:04:46	MD source has no aging field; MD aging unavailable
REVO FIT	GB4-BB	R2B02K01L2 M/T	2026	A412	20	RFS	1	StokMD - 2026-08-06T080446.204.xls	HTML table / 3,496 data rows	2026-08-06 08:04:46	MD source has no aging field; MD aging unavailable
REVO FIT	GB4-BB	R2B02K01L2 M/T	2026	A412	21	RFS	1	StokMD - 2026-08-06T080446.204.xls	HTML table / 3,496 data rows	2026-08-06 08:04:46	MD source has no aging field; MD aging unavailable
REVO FIT	GB4-BB	R2B02K01L2 M/T	2026	A412	28	RFS	1	StokMD - 2026-08-06T080446.204.xls	HTML table / 3,496 data rows	2026-08-06 08:04:46	MD source has no aging field; MD aging unavailable
REVO FIT	GB4-BB	R2B02K01L2 M/T	2026	A413	10	RFS	1	StokMD - 2026-08-06T080446.204.xls	HTML table / 3,496 data rows	2026-08-06 08:04:46	MD source has no aging field; MD aging unavailable
REVO FIT	GB4-BB	R2B02K01L2 M/T	2026	A413	13	RFS	1	StokMD - 2026-08-06T080446.204.xls	HTML table / 3,496 data rows	2026-08-06 08:04:46	MD source has no aging field; MD aging unavailable
REVO FIT	GB4-BB	R2B02K01L2 M/T	2026	A413	14	RFS	1	StokMD - 2026-08-06T080446.204.xls	HTML table / 3,496 data rows	2026-08-06 08:04:46	MD source has no aging field; MD aging unavailable
REVO FIT	GB4-BB	R2B02K01L2 M/T	2026	A413	15	RFS	1	StokMD - 2026-08-06T080446.204.xls	HTML table / 3,496 data rows	2026-08-06 08:04:46	MD source has no aging field; MD aging unavailable
REVO FIT	GB4-BB	R2B02K01L2 M/T	2026	A413	16	RFS	1	StokMD - 2026-08-06T080446.204.xls	HTML table / 3,496 data rows	2026-08-06 08:04:46	MD source has no aging field; MD aging unavailable
REVO FIT	GB4-BB	R2B02K01L2 M/T	2026	A413	17	RFS	1	StokMD - 2026-08-06T080446.204.xls	HTML table / 3,496 data rows	2026-08-06 08:04:46	MD source has no aging field; MD aging unavailable
REVO FIT	GB4-BB	R2B02K01L2 M/T	2026	A413	18	RFS	1	StokMD - 2026-08-06T080446.204.xls	HTML table / 3,496 data rows	2026-08-06 08:04:46	MD source has no aging field; MD aging unavailable
REVO FIT	GB4-BB	R2B02K01L2 M/T	2026	A413	19	RFS	1	StokMD - 2026-08-06T080446.204.xls	HTML table / 3,496 data rows	2026-08-06 08:04:46	MD source has no aging field; MD aging unavailable
REVO FIT	GB4-BB	R2B02K01L2 M/T	2026	A413	20	RFS	1	StokMD - 2026-08-06T080446.204.xls	HTML table / 3,496 data rows	2026-08-06 08:04:46	MD source has no aging field; MD aging unavailable
REVO FIT	GB4-BB	R2B02K01L2 M/T	2026	A413	21	RFS	1	StokMD - 2026-08-06T080446.204.xls	HTML table / 3,496 data rows	2026-08-06 08:04:46	MD source has no aging field; MD aging unavailable
REVO FIT	GB4-BB	R2B02K01L2 M/T	2026	A413	22	RFS	1	StokMD - 2026-08-06T080446.204.xls	HTML table / 3,496 data rows	2026-08-06 08:04:46	MD source has no aging field; MD aging unavailable
REVO FIT	GB4-BB	R2B02K01L2 M/T	2026	A413	28	RFS	1	StokMD - 2026-08-06T080446.204.xls	HTML table / 3,496 data rows	2026-08-06 08:04:46	MD source has no aging field; MD aging unavailable
REVO FIT	GB4-BB	R2B02K01L2 M/T	2026	A413	4	RFS	1	StokMD - 2026-08-06T080446.204.xls	HTML table / 3,496 data rows	2026-08-06 08:04:46	MD source has no aging field; MD aging unavailable
REVO FIT	GB4-BB	R2B02K01L2 M/T	2026	A413	42	RFS	1	StokMD - 2026-08-06T080446.204.xls	HTML table / 3,496 data rows	2026-08-06 08:04:46	MD source has no aging field; MD aging unavailable
REVO FIT	GB4-BB	R2B02K01L2 M/T	2026	A413	6	RFS	1	StokMD - 2026-08-06T080446.204.xls	HTML table / 3,496 data rows	2026-08-06 08:04:46	MD source has no aging field; MD aging unavailable
REVO FIT	GB4-BB	R2B02K01L2 M/T	2026	A413	9	RFS	1	StokMD - 2026-08-06T080446.204.xls	HTML table / 3,496 data rows	2026-08-06 08:04:46	MD source has no aging field; MD aging unavailable
REVO FIT	GB4-BB	R2B02K01L2 M/T	2026	A414	10	RFS	1	StokMD - 2026-08-06T080446.204.xls	HTML table / 3,496 data rows	2026-08-06 08:04:46	MD source has no aging field; MD aging unavailable
REVO FIT	GB4-BB	R2B02K01L2 M/T	2026	A414	11	RFS	1	StokMD - 2026-08-06T080446.204.xls	HTML table / 3,496 data rows	2026-08-06 08:04:46	MD source has no aging field; MD aging unavailable
REVO FIT	GB4-BB	R2B02K01L2 M/T	2026	A414	16	RFS	1	StokMD - 2026-08-06T080446.204.xls	HTML table / 3,496 data rows	2026-08-06 08:04:46	MD source has no aging field; MD aging unavailable
REVO FIT	GB4-BB	R2B02K01L2 M/T	2026	A414	19	RFS	1	StokMD - 2026-08-06T080446.204.xls	HTML table / 3,496 data rows	2026-08-06 08:04:46	MD source has no aging field; MD aging unavailable
REVO FIT	GB4-BB	R2B02K01L2 M/T	2026	A414	20	RFS	1	StokMD - 2026-08-06T080446.204.xls	HTML table / 3,496 data rows	2026-08-06 08:04:46	MD source has no aging field; MD aging unavailable
REVO FIT	GB4-BB	R2B02K01L2 M/T	2026	A414	21	RFS	1	StokMD - 2026-08-06T080446.204.xls	HTML table / 3,496 data rows	2026-08-06 08:04:46	MD source has no aging field; MD aging unavailable
REVO FIT	GB4-BB	R2B02K01L2 M/T	2026	A414	22	RFS	1	StokMD - 2026-08-06T080446.204.xls	HTML table / 3,496 data rows	2026-08-06 08:04:46	MD source has no aging field; MD aging unavailable
REVO FIT	GB4-BB	R2B02K01L2 M/T	2026	A414	24	RFS	1	StokMD - 2026-08-06T080446.204.xls	HTML table / 3,496 data rows	2026-08-06 08:04:46	MD source has no aging field; MD aging unavailable
REVO FIT	GB4-BB	R2B02K01L2 M/T	2026	A415	12	RFS	1	StokMD - 2026-08-06T080446.204.xls	HTML table / 3,496 data rows	2026-08-06 08:04:46	MD source has no aging field; MD aging unavailable
REVO FIT	GB4-BB	R2B02K01L2 M/T	2026	A415	15	RFS	1	StokMD - 2026-08-06T080446.204.xls	HTML table / 3,496 data rows	2026-08-06 08:04:46	MD source has no aging field; MD aging unavailable
REVO FIT	GB4-BB	R2B02K01L2 M/T	2026	A415	8	RFS	1	StokMD - 2026-08-06T080446.204.xls	HTML table / 3,496 data rows	2026-08-06 08:04:46	MD source has no aging field; MD aging unavailable
REVO FIT	GB4-BB	R2B02K01L2 M/T	2026	A416	37	RFS	1	StokMD - 2026-08-06T080446.204.xls	HTML table / 3,496 data rows	2026-08-06 08:04:46	MD source has no aging field; MD aging unavailable
REVO FIT	GB4-BB	R2B02K01L2 M/T	2026	A421	31	RFS	1	StokMD - 2026-08-06T080446.204.xls	HTML table / 3,496 data rows	2026-08-06 08:04:46	MD source has no aging field; MD aging unavailable
REVO FIT	GB4-BB	R2B02K01L2 M/T	2026	A421	32	RFS	1	StokMD - 2026-08-06T080446.204.xls	HTML table / 3,496 data rows	2026-08-06 08:04:46	MD source has no aging field; MD aging unavailable
REVO FIT	GB4-BB	R2B02K01L2 M/T	2026	A421	38	RFS	1	StokMD - 2026-08-06T080446.204.xls	HTML table / 3,496 data rows	2026-08-06 08:04:46	MD source has no aging field; MD aging unavailable
REVO FIT	GB4-BB	R2B02K01L2 M/T	2026	A421	43	RFS	1	StokMD - 2026-08-06T080446.204.xls	HTML table / 3,496 data rows	2026-08-06 08:04:46	MD source has no aging field; MD aging unavailable
REVO FIT	GB4-BB	R2B02K01L2 M/T	2026	A421	44	RFS	1	StokMD - 2026-08-06T080446.204.xls	HTML table / 3,496 data rows	2026-08-06 08:04:46	MD source has no aging field; MD aging unavailable
REVO FIT	GB4-BB	R2B02K01L2 M/T	2026	A422	10	RFS	1	StokMD - 2026-08-06T080446.204.xls	HTML table / 3,496 data rows	2026-08-06 08:04:46	MD source has no aging field; MD aging unavailable
REVO FIT	GB4-BB	R2B02K01L2 M/T	2026	A422	11	RFS	1	StokMD - 2026-08-06T080446.204.xls	HTML table / 3,496 data rows	2026-08-06 08:04:46	MD source has no aging field; MD aging unavailable
REVO FIT	GB4-BB	R2B02K01L2 M/T	2026	A422	12	RFS	1	StokMD - 2026-08-06T080446.204.xls	HTML table / 3,496 data rows	2026-08-06 08:04:46	MD source has no aging field; MD aging unavailable
REVO FIT	GB4-BB	R2B02K01L2 M/T	2026	A422	18	RFS	1	StokMD - 2026-08-06T080446.204.xls	HTML table / 3,496 data rows	2026-08-06 08:04:46	MD source has no aging field; MD aging unavailable
REVO FIT	GB4-BB	R2B02K01L2 M/T	2026	A422	2	RFS	1	StokMD - 2026-08-06T080446.204.xls	HTML table / 3,496 data rows	2026-08-06 08:04:46	MD source has no aging field; MD aging unavailable
REVO FIT	GB4-BB	R2B02K01L2 M/T	2026	A422	20	RFS	1	StokMD - 2026-08-06T080446.204.xls	HTML table / 3,496 data rows	2026-08-06 08:04:46	MD source has no aging field; MD aging unavailable
REVO FIT	GB4-BB	R2B02K01L2 M/T	2026	A422	21	RFS	1	StokMD - 2026-08-06T080446.204.xls	HTML table / 3,496 data rows	2026-08-06 08:04:46	MD source has no aging field; MD aging unavailable
REVO FIT	GB4-BB	R2B02K01L2 M/T	2026	A422	22	RFS	1	StokMD - 2026-08-06T080446.204.xls	HTML table / 3,496 data rows	2026-08-06 08:04:46	MD source has no aging field; MD aging unavailable
REVO FIT	GB4-BB	R2B02K01L2 M/T	2026	A422	23	RFS	1	StokMD - 2026-08-06T080446.204.xls	HTML table / 3,496 data rows	2026-08-06 08:04:46	MD source has no aging field; MD aging unavailable
REVO FIT	GB4-BB	R2B02K01L2 M/T	2026	A422	24	RFS	1	StokMD - 2026-08-06T080446.204.xls	HTML table / 3,496 data rows	2026-08-06 08:04:46	MD source has no aging field; MD aging unavailable
REVO FIT	GB4-BB	R2B02K01L2 M/T	2026	A422	25	RFS	1	StokMD - 2026-08-06T080446.204.xls	HTML table / 3,496 data rows	2026-08-06 08:04:46	MD source has no aging field; MD aging unavailable
REVO FIT	GB4-BB	R2B02K01L2 M/T	2026	A422	26	RFS	1	StokMD - 2026-08-06T080446.204.xls	HTML table / 3,496 data rows	2026-08-06 08:04:46	MD source has no aging field; MD aging unavailable
REVO FIT	GB4-BB	R2B02K01L2 M/T	2026	A422	27	RFS	1	StokMD - 2026-08-06T080446.204.xls	HTML table / 3,496 data rows	2026-08-06 08:04:46	MD source has no aging field; MD aging unavailable
REVO FIT	GB4-BB	R2B02K01L2 M/T	2026	A422	28	RFS	1	StokMD - 2026-08-06T080446.204.xls	HTML table / 3,496 data rows	2026-08-06 08:04:46	MD source has no aging field; MD aging unavailable
REVO FIT	GB4-BB	R2B02K01L2 M/T	2026	A422	29	RFS	1	StokMD - 2026-08-06T080446.204.xls	HTML table / 3,496 data rows	2026-08-06 08:04:46	MD source has no aging field; MD aging unavailable
REVO FIT	GB4-BB	R2B02K01L2 M/T	2026	A422	30	RFS	1	StokMD - 2026-08-06T080446.204.xls	HTML table / 3,496 data rows	2026-08-06 08:04:46	MD source has no aging field; MD aging unavailable
REVO FIT	GB4-BB	R2B02K01L2 M/T	2026	A422	31	RFS	1	StokMD - 2026-08-06T080446.204.xls	HTML table / 3,496 data rows	2026-08-06 08:04:46	MD source has no aging field; MD aging unavailable
REVO FIT	GB4-BB	R2B02K01L2 M/T	2026	A422	32	RFS	1	StokMD - 2026-08-06T080446.204.xls	HTML table / 3,496 data rows	2026-08-06 08:04:46	MD source has no aging field; MD aging unavailable
REVO FIT	GB4-BB	R2B02K01L2 M/T	2026	A422	33	RFS	1	StokMD - 2026-08-06T080446.204.xls	HTML table / 3,496 data rows	2026-08-06 08:04:46	MD source has no aging field; MD aging unavailable
REVO FIT	GB4-BB	R2B02K01L2 M/T	2026	A422	34	RFS	1	StokMD - 2026-08-06T080446.204.xls	HTML table / 3,496 data rows	2026-08-06 08:04:46	MD source has no aging field; MD aging unavailable
REVO FIT	GB4-BB	R2B02K01L2 M/T	2026	A422	35	RFS	1	StokMD - 2026-08-06T080446.204.xls	HTML table / 3,496 data rows	2026-08-06 08:04:46	MD source has no aging field; MD aging unavailable
REVO FIT	GB4-BB	R2B02K01L2 M/T	2026	A422	36	RFS	1	StokMD - 2026-08-06T080446.204.xls	HTML table / 3,496 data rows	2026-08-06 08:04:46	MD source has no aging field; MD aging unavailable
REVO FIT	GB4-BB	R2B02K01L2 M/T	2026	A422	37	RFS	1	StokMD - 2026-08-06T080446.204.xls	HTML table / 3,496 data rows	2026-08-06 08:04:46	MD source has no aging field; MD aging unavailable
REVO FIT	GB4-BB	R2B02K01L2 M/T	2026	A422	38	RFS	1	StokMD - 2026-08-06T080446.204.xls	HTML table / 3,496 data rows	2026-08-06 08:04:46	MD source has no aging field; MD aging unavailable
REVO FIT	GB4-BB	R2B02K01L2 M/T	2026	A422	39	RFS	1	StokMD - 2026-08-06T080446.204.xls	HTML table / 3,496 data rows	2026-08-06 08:04:46	MD source has no aging field; MD aging unavailable
REVO FIT	GB4-BB	R2B02K01L2 M/T	2026	A422	4	RFS	1	StokMD - 2026-08-06T080446.204.xls	HTML table / 3,496 data rows	2026-08-06 08:04:46	MD source has no aging field; MD aging unavailable
REVO FIT	GB4-BB	R2B02K01L2 M/T	2026	A422	40	RFS	1	StokMD - 2026-08-06T080446.204.xls	HTML table / 3,496 data rows	2026-08-06 08:04:46	MD source has no aging field; MD aging unavailable
REVO FIT	GB4-BB	R2B02K01L2 M/T	2026	A422	5	RFS	1	StokMD - 2026-08-06T080446.204.xls	HTML table / 3,496 data rows	2026-08-06 08:04:46	MD source has no aging field; MD aging unavailable
REVO FIT	GB4-BB	R2B02K01L2 M/T	2026	A422	6	RFS	1	StokMD - 2026-08-06T080446.204.xls	HTML table / 3,496 data rows	2026-08-06 08:04:46	MD source has no aging field; MD aging unavailable
REVO FIT	GB4-BB	R2B02K01L2 M/T	2026	A422	7	RFS	1	StokMD - 2026-08-06T080446.204.xls	HTML table / 3,496 data rows	2026-08-06 08:04:46	MD source has no aging field; MD aging unavailable
REVO FIT	GB4-BB	R2B02K01L2 M/T	2026	A422	8	RFS	1	StokMD - 2026-08-06T080446.204.xls	HTML table / 3,496 data rows	2026-08-06 08:04:46	MD source has no aging field; MD aging unavailable
REVO FIT	GB4-BB	R2B02K01L2 M/T	2026	A422	9	RFS	1	StokMD - 2026-08-06T080446.204.xls	HTML table / 3,496 data rows	2026-08-06 08:04:46	MD source has no aging field; MD aging unavailable
REVO FIT	GB4-BB	R2B02K01L2 M/T	2026	A423	1	RFS	1	StokMD - 2026-08-06T080446.204.xls	HTML table / 3,496 data rows	2026-08-06 08:04:46	MD source has no aging field; MD aging unavailable
REVO FIT	GB4-BB	R2B02K01L2 M/T	2026	A423	10	RFS	1	StokMD - 2026-08-06T080446.204.xls	HTML table / 3,496 data rows	2026-08-06 08:04:46	MD source has no aging field; MD aging unavailable
REVO FIT	GB4-BB	R2B02K01L2 M/T	2026	A423	11	RFS	1	StokMD - 2026-08-06T080446.204.xls	HTML table / 3,496 data rows	2026-08-06 08:04:46	MD source has no aging field; MD aging unavailable
REVO FIT	GB4-BB	R2B02K01L2 M/T	2026	A423	12	RFS	1	StokMD - 2026-08-06T080446.204.xls	HTML table / 3,496 data rows	2026-08-06 08:04:46	MD source has no aging field; MD aging unavailable
REVO FIT	GB4-BB	R2B02K01L2 M/T	2026	A423	2	RFS	1	StokMD - 2026-08-06T080446.204.xls	HTML table / 3,496 data rows	2026-08-06 08:04:46	MD source has no aging field; MD aging unavailable
REVO FIT	GB4-BB	R2B02K01L2 M/T	2026	A423	21	RFS	1	StokMD - 2026-08-06T080446.204.xls	HTML table / 3,496 data rows	2026-08-06 08:04:46	MD source has no aging field; MD aging unavailable
REVO FIT	GB4-BB	R2B02K01L2 M/T	2026	A423	22	RFS	1	StokMD - 2026-08-06T080446.204.xls	HTML table / 3,496 data rows	2026-08-06 08:04:46	MD source has no aging field; MD aging unavailable
REVO FIT	GB4-BB	R2B02K01L2 M/T	2026	A423	23	RFS	1	StokMD - 2026-08-06T080446.204.xls	HTML table / 3,496 data rows	2026-08-06 08:04:46	MD source has no aging field; MD aging unavailable
REVO FIT	GB4-BB	R2B02K01L2 M/T	2026	A423	24	RFS	1	StokMD - 2026-08-06T080446.204.xls	HTML table / 3,496 data rows	2026-08-06 08:04:46	MD source has no aging field; MD aging unavailable
REVO FIT	GB4-BB	R2B02K01L2 M/T	2026	A423	28	RFS	1	StokMD - 2026-08-06T080446.204.xls	HTML table / 3,496 data rows	2026-08-06 08:04:46	MD source has no aging field; MD aging unavailable
REVO FIT	GB4-BB	R2B02K01L2 M/T	2026	A423	3	RFS	1	StokMD - 2026-08-06T080446.204.xls	HTML table / 3,496 data rows	2026-08-06 08:04:46	MD source has no aging field; MD aging unavailable
REVO FIT	GB4-BB	R2B02K01L2 M/T	2026	A423	32	RFS	1	StokMD - 2026-08-06T080446.204.xls	HTML table / 3,496 data rows	2026-08-06 08:04:46	MD source has no aging field; MD aging unavailable
REVO FIT	GB4-BB	R2B02K01L2 M/T	2026	A423	4	RFS	1	StokMD - 2026-08-06T080446.204.xls	HTML table / 3,496 data rows	2026-08-06 08:04:46	MD source has no aging field; MD aging unavailable
REVO FIT	GB4-BB	R2B02K01L2 M/T	2026	A423	40	RFS	1	StokMD - 2026-08-06T080446.204.xls	HTML table / 3,496 data rows	2026-08-06 08:04:46	MD source has no aging field; MD aging unavailable
REVO FIT	GB4-BB	R2B02K01L2 M/T	2026	A423	5	RFS	1	StokMD - 2026-08-06T080446.204.xls	HTML table / 3,496 data rows	2026-08-06 08:04:46	MD source has no aging field; MD aging unavailable
REVO FIT	GB4-BB	R2B02K01L2 M/T	2026	A423	6	RFS	1	StokMD - 2026-08-06T080446.204.xls	HTML table / 3,496 data rows	2026-08-06 08:04:46	MD source has no aging field; MD aging unavailable
REVO FIT	GB4-BB	R2B02K01L2 M/T	2026	A423	7	RFS	1	StokMD - 2026-08-06T080446.204.xls	HTML table / 3,496 data rows	2026-08-06 08:04:46	MD source has no aging field; MD aging unavailable
REVO FIT	GB4-BB	R2B02K01L2 M/T	2026	A423	8	RFS	1	StokMD - 2026-08-06T080446.204.xls	HTML table / 3,496 data rows	2026-08-06 08:04:46	MD source has no aging field; MD aging unavailable
REVO FIT	GB4-BB	R2B02K01L2 M/T	2026	A423	9	RFS	1	StokMD - 2026-08-06T080446.204.xls	HTML table / 3,496 data rows	2026-08-06 08:04:46	MD source has no aging field; MD aging unavailable
REVO FIT	GB4-BB	R2B02K01L2 M/T	2026	A424	1	RFS	1	StokMD - 2026-08-06T080446.204.xls	HTML table / 3,496 data rows	2026-08-06 08:04:46	MD source has no aging field; MD aging unavailable
REVO FIT	GB4-BB	R2B02K01L2 M/T	2026	A424	2	RFS	1	StokMD - 2026-08-06T080446.204.xls	HTML table / 3,496 data rows	2026-08-06 08:04:46	MD source has no aging field; MD aging unavailable
REVO FIT	GB4-BB	R2B02K01L2 M/T	2026	A424	6	RFS	1	StokMD - 2026-08-06T080446.204.xls	HTML table / 3,496 data rows	2026-08-06 08:04:46	MD source has no aging field; MD aging unavailable
REVO FIT	GB4-BB	R2B02K01L2 M/T	2026	A424	7	RFS	1	StokMD - 2026-08-06T080446.204.xls	HTML table / 3,496 data rows	2026-08-06 08:04:46	MD source has no aging field; MD aging unavailable
REVO FIT	GB4-BB	R2B02K01L2 M/T	2026	A425	1	RFS	1	StokMD - 2026-08-06T080446.204.xls	HTML table / 3,496 data rows	2026-08-06 08:04:46	MD source has no aging field; MD aging unavailable
REVO FIT	GB4-BB	R2B02K01L2 M/T	2026	A425	26	RFS	1	StokMD - 2026-08-06T080446.204.xls	HTML table / 3,496 data rows	2026-08-06 08:04:46	MD source has no aging field; MD aging unavailable
REVO FIT	GB4-BB	R2B02K01L2 M/T	2026	A425	30	RFS	1	StokMD - 2026-08-06T080446.204.xls	HTML table / 3,496 data rows	2026-08-06 08:04:46	MD source has no aging field; MD aging unavailable
REVO FIT	GB4-BB	R2B02K01L2 M/T	2026	A425	31	RFS	1	StokMD - 2026-08-06T080446.204.xls	HTML table / 3,496 data rows	2026-08-06 08:04:46	MD source has no aging field; MD aging unavailable
REVO FIT	GB4-BB	R2B02K01L2 M/T	2026	A431	10	RFS	1	StokMD - 2026-08-06T080446.204.xls	HTML table / 3,496 data rows	2026-08-06 08:04:46	MD source has no aging field; MD aging unavailable
REVO FIT	GB4-BB	R2B02K01L2 M/T	2026	A431	11	RFS	1	StokMD - 2026-08-06T080446.204.xls	HTML table / 3,496 data rows	2026-08-06 08:04:46	MD source has no aging field; MD aging unavailable
REVO FIT	GB4-BB	R2B02K01L2 M/T	2026	A431	12	RFS	1	StokMD - 2026-08-06T080446.204.xls	HTML table / 3,496 data rows	2026-08-06 08:04:46	MD source has no aging field; MD aging unavailable
REVO FIT	GB4-BB	R2B02K01L2 M/T	2026	A431	13	RFS	1	StokMD - 2026-08-06T080446.204.xls	HTML table / 3,496 data rows	2026-08-06 08:04:46	MD source has no aging field; MD aging unavailable
REVO FIT	GB4-BB	R2B02K01L2 M/T	2026	A431	15	RFS	1	StokMD - 2026-08-06T080446.204.xls	HTML table / 3,496 data rows	2026-08-06 08:04:46	MD source has no aging field; MD aging unavailable
REVO FIT	GB4-BB	R2B02K01L2 M/T	2026	A431	6	RFS	1	StokMD - 2026-08-06T080446.204.xls	HTML table / 3,496 data rows	2026-08-06 08:04:46	MD source has no aging field; MD aging unavailable
REVO FIT	GB4-BB	R2B02K01L2 M/T	2026	A431	7	RFS	1	StokMD - 2026-08-06T080446.204.xls	HTML table / 3,496 data rows	2026-08-06 08:04:46	MD source has no aging field; MD aging unavailable
REVO FIT	GB4-BB	R2B02K01L2 M/T	2026	A431	8	RFS	1	StokMD - 2026-08-06T080446.204.xls	HTML table / 3,496 data rows	2026-08-06 08:04:46	MD source has no aging field; MD aging unavailable
REVO FIT	GB4-BB	R2B02K01L2 M/T	2026	A431	9	RFS	1	StokMD - 2026-08-06T080446.204.xls	HTML table / 3,496 data rows	2026-08-06 08:04:46	MD source has no aging field; MD aging unavailable
REVO FIT	GB4-BB	R2B02K01L2 M/T	2026	A455	1	RFS	1	StokMD - 2026-08-06T080446.204.xls	HTML table / 3,496 data rows	2026-08-06 08:04:46	MD source has no aging field; MD aging unavailable
REVO FIT	GB4-BB	R2B02K01L2 M/T	2026	A455	10	RFS	1	StokMD - 2026-08-06T080446.204.xls	HTML table / 3,496 data rows	2026-08-06 08:04:46	MD source has no aging field; MD aging unavailable
REVO FIT	GB4-BB	R2B02K01L2 M/T	2026	A455	11	RFS	1	StokMD - 2026-08-06T080446.204.xls	HTML table / 3,496 data rows	2026-08-06 08:04:46	MD source has no aging field; MD aging unavailable
REVO FIT	GB4-BB	R2B02K01L2 M/T	2026	A455	12	RFS	1	StokMD - 2026-08-06T080446.204.xls	HTML table / 3,496 data rows	2026-08-06 08:04:46	MD source has no aging field; MD aging unavailable
REVO FIT	GB4-BB	R2B02K01L2 M/T	2026	A455	13	RFS	1	StokMD - 2026-08-06T080446.204.xls	HTML table / 3,496 data rows	2026-08-06 08:04:46	MD source has no aging field; MD aging unavailable
REVO FIT	GB4-BB	R2B02K01L2 M/T	2026	A455	14	RFS	1	StokMD - 2026-08-06T080446.204.xls	HTML table / 3,496 data rows	2026-08-06 08:04:46	MD source has no aging field; MD aging unavailable
REVO FIT	GB4-BB	R2B02K01L2 M/T	2026	A455	15	RFS	1	StokMD - 2026-08-06T080446.204.xls	HTML table / 3,496 data rows	2026-08-06 08:04:46	MD source has no aging field; MD aging unavailable
REVO FIT	GB4-BB	R2B02K01L2 M/T	2026	A455	16	RFS	1	StokMD - 2026-08-06T080446.204.xls	HTML table / 3,496 data rows	2026-08-06 08:04:46	MD source has no aging field; MD aging unavailable
REVO FIT	GB4-BB	R2B02K01L2 M/T	2026	A455	2	RFS	1	StokMD - 2026-08-06T080446.204.xls	HTML table / 3,496 data rows	2026-08-06 08:04:46	MD source has no aging field; MD aging unavailable
REVO FIT	GB4-BB	R2B02K01L2 M/T	2026	A455	21	RFS	1	StokMD - 2026-08-06T080446.204.xls	HTML table / 3,496 data rows	2026-08-06 08:04:46	MD source has no aging field; MD aging unavailable
REVO FIT	GB4-BB	R2B02K01L2 M/T	2026	A455	23	RFS	1	StokMD - 2026-08-06T080446.204.xls	HTML table / 3,496 data rows	2026-08-06 08:04:46	MD source has no aging field; MD aging unavailable
REVO FIT	GB4-BB	R2B02K01L2 M/T	2026	A455	25	RFS	1	StokMD - 2026-08-06T080446.204.xls	HTML table / 3,496 data rows	2026-08-06 08:04:46	MD source has no aging field; MD aging unavailable
REVO FIT	GB4-BB	R2B02K01L2 M/T	2026	A455	26	RFS	1	StokMD - 2026-08-06T080446.204.xls	HTML table / 3,496 data rows	2026-08-06 08:04:46	MD source has no aging field; MD aging unavailable
REVO FIT	GB4-BB	R2B02K01L2 M/T	2026	A455	3	RFS	1	StokMD - 2026-08-06T080446.204.xls	HTML table / 3,496 data rows	2026-08-06 08:04:46	MD source has no aging field; MD aging unavailable
REVO FIT	GB4-BB	R2B02K01L2 M/T	2026	A455	32	RFS	1	StokMD - 2026-08-06T080446.204.xls	HTML table / 3,496 data rows	2026-08-06 08:04:46	MD source has no aging field; MD aging unavailable
REVO FIT	GB4-BB	R2B02K01L2 M/T	2026	A455	33	RFS	1	StokMD - 2026-08-06T080446.204.xls	HTML table / 3,496 data rows	2026-08-06 08:04:46	MD source has no aging field; MD aging unavailable
REVO FIT	GB4-BB	R2B02K01L2 M/T	2026	A455	34	RFS	1	StokMD - 2026-08-06T080446.204.xls	HTML table / 3,496 data rows	2026-08-06 08:04:46	MD source has no aging field; MD aging unavailable
REVO FIT	GB4-BB	R2B02K01L2 M/T	2026	A455	5	RFS	1	StokMD - 2026-08-06T080446.204.xls	HTML table / 3,496 data rows	2026-08-06 08:04:46	MD source has no aging field; MD aging unavailable
REVO FIT	GB4-BB	R2B02K01L2 M/T	2026	A455	6	RFS	1	StokMD - 2026-08-06T080446.204.xls	HTML table / 3,496 data rows	2026-08-06 08:04:46	MD source has no aging field; MD aging unavailable
REVO FIT	GB4-BB	R2B02K01L2 M/T	2026	A455	7	RFS	1	StokMD - 2026-08-06T080446.204.xls	HTML table / 3,496 data rows	2026-08-06 08:04:46	MD source has no aging field; MD aging unavailable
REVO FIT	GB4-BB	R2B02K01L2 M/T	2026	A455	8	RFS	1	StokMD - 2026-08-06T080446.204.xls	HTML table / 3,496 data rows	2026-08-06 08:04:46	MD source has no aging field; MD aging unavailable
REVO FIT	GB4-BB	R2B02K01L2 M/T	2026	A455	9	RFS	1	StokMD - 2026-08-06T080446.204.xls	HTML table / 3,496 data rows	2026-08-06 08:04:46	MD source has no aging field; MD aging unavailable
REVO FIT	GB4-BB	R2B02K01L2 M/T	2026	A456	1	RFS	1	StokMD - 2026-08-06T080446.204.xls	HTML table / 3,496 data rows	2026-08-06 08:04:46	MD source has no aging field; MD aging unavailable
REVO FIT	GB4-BB	R2B02K01L2 M/T	2026	A456	10	RFS	1	StokMD - 2026-08-06T080446.204.xls	HTML table / 3,496 data rows	2026-08-06 08:04:46	MD source has no aging field; MD aging unavailable
REVO FIT	GB4-BB	R2B02K01L2 M/T	2026	A456	11	RFS	1	StokMD - 2026-08-06T080446.204.xls	HTML table / 3,496 data rows	2026-08-06 08:04:46	MD source has no aging field; MD aging unavailable
REVO FIT	GB4-BB	R2B02K01L2 M/T	2026	A456	12	RFS	1	StokMD - 2026-08-06T080446.204.xls	HTML table / 3,496 data rows	2026-08-06 08:04:46	MD source has no aging field; MD aging unavailable
REVO FIT	GB4-BB	R2B02K01L2 M/T	2026	A456	13	RFS	1	StokMD - 2026-08-06T080446.204.xls	HTML table / 3,496 data rows	2026-08-06 08:04:46	MD source has no aging field; MD aging unavailable
REVO FIT	GB4-BB	R2B02K01L2 M/T	2026	A456	14	RFS	1	StokMD - 2026-08-06T080446.204.xls	HTML table / 3,496 data rows	2026-08-06 08:04:46	MD source has no aging field; MD aging unavailable
REVO FIT	GB4-BB	R2B02K01L2 M/T	2026	A456	15	RFS	1	StokMD - 2026-08-06T080446.204.xls	HTML table / 3,496 data rows	2026-08-06 08:04:46	MD source has no aging field; MD aging unavailable
REVO FIT	GB4-BB	R2B02K01L2 M/T	2026	A456	16	RFS	1	StokMD - 2026-08-06T080446.204.xls	HTML table / 3,496 data rows	2026-08-06 08:04:46	MD source has no aging field; MD aging unavailable
REVO FIT	GB4-BB	R2B02K01L2 M/T	2026	A456	17	RFS	1	StokMD - 2026-08-06T080446.204.xls	HTML table / 3,496 data rows	2026-08-06 08:04:46	MD source has no aging field; MD aging unavailable
REVO FIT	GB4-BB	R2B02K01L2 M/T	2026	A456	18	RFS	1	StokMD - 2026-08-06T080446.204.xls	HTML table / 3,496 data rows	2026-08-06 08:04:46	MD source has no aging field; MD aging unavailable
REVO FIT	GB4-BB	R2B02K01L2 M/T	2026	A456	19	RFS	1	StokMD - 2026-08-06T080446.204.xls	HTML table / 3,496 data rows	2026-08-06 08:04:46	MD source has no aging field; MD aging unavailable
REVO FIT	GB4-BB	R2B02K01L2 M/T	2026	A456	2	RFS	1	StokMD - 2026-08-06T080446.204.xls	HTML table / 3,496 data rows	2026-08-06 08:04:46	MD source has no aging field; MD aging unavailable
REVO FIT	GB4-BB	R2B02K01L2 M/T	2026	A456	20	RFS	1	StokMD - 2026-08-06T080446.204.xls	HTML table / 3,496 data rows	2026-08-06 08:04:46	MD source has no aging field; MD aging unavailable
REVO FIT	GB4-BB	R2B02K01L2 M/T	2026	A456	21	RFS	1	StokMD - 2026-08-06T080446.204.xls	HTML table / 3,496 data rows	2026-08-06 08:04:46	MD source has no aging field; MD aging unavailable
REVO FIT	GB4-BB	R2B02K01L2 M/T	2026	A456	22	RFS	1	StokMD - 2026-08-06T080446.204.xls	HTML table / 3,496 data rows	2026-08-06 08:04:46	MD source has no aging field; MD aging unavailable
REVO FIT	GB4-BB	R2B02K01L2 M/T	2026	A456	23	RFS	1	StokMD - 2026-08-06T080446.204.xls	HTML table / 3,496 data rows	2026-08-06 08:04:46	MD source has no aging field; MD aging unavailable
REVO FIT	GB4-BB	R2B02K01L2 M/T	2026	A456	24	RFS	1	StokMD - 2026-08-06T080446.204.xls	HTML table / 3,496 data rows	2026-08-06 08:04:46	MD source has no aging field; MD aging unavailable
REVO FIT	GB4-BB	R2B02K01L2 M/T	2026	A456	25	RFS	1	StokMD - 2026-08-06T080446.204.xls	HTML table / 3,496 data rows	2026-08-06 08:04:46	MD source has no aging field; MD aging unavailable
REVO FIT	GB4-BB	R2B02K01L2 M/T	2026	A456	26	RFS	1	StokMD - 2026-08-06T080446.204.xls	HTML table / 3,496 data rows	2026-08-06 08:04:46	MD source has no aging field; MD aging unavailable
REVO FIT	GB4-BB	R2B02K01L2 M/T	2026	A456	27	RFS	1	StokMD - 2026-08-06T080446.204.xls	HTML table / 3,496 data rows	2026-08-06 08:04:46	MD source has no aging field; MD aging unavailable
REVO FIT	GB4-BB	R2B02K01L2 M/T	2026	A456	28	RFS	1	StokMD - 2026-08-06T080446.204.xls	HTML table / 3,496 data rows	2026-08-06 08:04:46	MD source has no aging field; MD aging unavailable
REVO FIT	GB4-BB	R2B02K01L2 M/T	2026	A456	29	RFS	1	StokMD - 2026-08-06T080446.204.xls	HTML table / 3,496 data rows	2026-08-06 08:04:46	MD source has no aging field; MD aging unavailable
REVO FIT	GB4-BB	R2B02K01L2 M/T	2026	A456	3	RFS	1	StokMD - 2026-08-06T080446.204.xls	HTML table / 3,496 data rows	2026-08-06 08:04:46	MD source has no aging field; MD aging unavailable
REVO FIT	GB4-BB	R2B02K01L2 M/T	2026	A456	30	RFS	1	StokMD - 2026-08-06T080446.204.xls	HTML table / 3,496 data rows	2026-08-06 08:04:46	MD source has no aging field; MD aging unavailable
REVO FIT	GB4-BB	R2B02K01L2 M/T	2026	A456	31	RFS	1	StokMD - 2026-08-06T080446.204.xls	HTML table / 3,496 data rows	2026-08-06 08:04:46	MD source has no aging field; MD aging unavailable
REVO FIT	GB4-BB	R2B02K01L2 M/T	2026	A456	32	RFS	1	StokMD - 2026-08-06T080446.204.xls	HTML table / 3,496 data rows	2026-08-06 08:04:46	MD source has no aging field; MD aging unavailable
REVO FIT	GB4-BB	R2B02K01L2 M/T	2026	A456	33	RFS	1	StokMD - 2026-08-06T080446.204.xls	HTML table / 3,496 data rows	2026-08-06 08:04:46	MD source has no aging field; MD aging unavailable
REVO FIT	GB4-BB	R2B02K01L2 M/T	2026	A456	34	RFS	1	StokMD - 2026-08-06T080446.204.xls	HTML table / 3,496 data rows	2026-08-06 08:04:46	MD source has no aging field; MD aging unavailable
REVO FIT	GB4-BB	R2B02K01L2 M/T	2026	A456	35	RFS	1	StokMD - 2026-08-06T080446.204.xls	HTML table / 3,496 data rows	2026-08-06 08:04:46	MD source has no aging field; MD aging unavailable
REVO FIT	GB4-BB	R2B02K01L2 M/T	2026	A456	36	RFS	1	StokMD - 2026-08-06T080446.204.xls	HTML table / 3,496 data rows	2026-08-06 08:04:46	MD source has no aging field; MD aging unavailable
REVO FIT	GB4-BB	R2B02K01L2 M/T	2026	A456	37	RFS	1	StokMD - 2026-08-06T080446.204.xls	HTML table / 3,496 data rows	2026-08-06 08:04:46	MD source has no aging field; MD aging unavailable
REVO FIT	GB4-BB	R2B02K01L2 M/T	2026	A456	38	RFS	1	StokMD - 2026-08-06T080446.204.xls	HTML table / 3,496 data rows	2026-08-06 08:04:46	MD source has no aging field; MD aging unavailable
REVO FIT	GB4-BB	R2B02K01L2 M/T	2026	A456	39	RFS	1	StokMD - 2026-08-06T080446.204.xls	HTML table / 3,496 data rows	2026-08-06 08:04:46	MD source has no aging field; MD aging unavailable
REVO FIT	GB4-BB	R2B02K01L2 M/T	2026	A456	4	RFS	1	StokMD - 2026-08-06T080446.204.xls	HTML table / 3,496 data rows	2026-08-06 08:04:46	MD source has no aging field; MD aging unavailable
REVO FIT	GB4-BB	R2B02K01L2 M/T	2026	A456	40	RFS	1	StokMD - 2026-08-06T080446.204.xls	HTML table / 3,496 data rows	2026-08-06 08:04:46	MD source has no aging field; MD aging unavailable
REVO FIT	GB4-BB	R2B02K01L2 M/T	2026	A456	5	RFS	1	StokMD - 2026-08-06T080446.204.xls	HTML table / 3,496 data rows	2026-08-06 08:04:46	MD source has no aging field; MD aging unavailable
REVO FIT	GB4-BB	R2B02K01L2 M/T	2026	A456	6	RFS	1	StokMD - 2026-08-06T080446.204.xls	HTML table / 3,496 data rows	2026-08-06 08:04:46	MD source has no aging field; MD aging unavailable
REVO FIT	GB4-BB	R2B02K01L2 M/T	2026	A456	7	RFS	1	StokMD - 2026-08-06T080446.204.xls	HTML table / 3,496 data rows	2026-08-06 08:04:46	MD source has no aging field; MD aging unavailable
REVO FIT	GB4-BB	R2B02K01L2 M/T	2026	A456	8	RFS	1	StokMD - 2026-08-06T080446.204.xls	HTML table / 3,496 data rows	2026-08-06 08:04:46	MD source has no aging field; MD aging unavailable
REVO FIT	GB4-BB	R2B02K01L2 M/T	2026	A456	9	RFS	1	StokMD - 2026-08-06T080446.204.xls	HTML table / 3,496 data rows	2026-08-06 08:04:46	MD source has no aging field; MD aging unavailable
REVO FIT	GB4-BR	R2B02K01L2 M/T	2026	A112	1	RFS	1	StokMD - 2026-08-06T080446.204.xls	HTML table / 3,496 data rows	2026-08-06 08:04:46	MD source has no aging field; MD aging unavailable
REVO FIT	GB4-BR	R2B02K01L2 M/T	2026	A112	12	RFS	1	StokMD - 2026-08-06T080446.204.xls	HTML table / 3,496 data rows	2026-08-06 08:04:46	MD source has no aging field; MD aging unavailable
REVO FIT	GB4-BR	R2B02K01L2 M/T	2026	A112	13	RFS	1	StokMD - 2026-08-06T080446.204.xls	HTML table / 3,496 data rows	2026-08-06 08:04:46	MD source has no aging field; MD aging unavailable
REVO FIT	GB4-BR	R2B02K01L2 M/T	2026	A112	16	RFS	1	StokMD - 2026-08-06T080446.204.xls	HTML table / 3,496 data rows	2026-08-06 08:04:46	MD source has no aging field; MD aging unavailable
REVO FIT	GB4-BR	R2B02K01L2 M/T	2026	A112	17	RFS	1	StokMD - 2026-08-06T080446.204.xls	HTML table / 3,496 data rows	2026-08-06 08:04:46	MD source has no aging field; MD aging unavailable
REVO FIT	GB4-BR	R2B02K01L2 M/T	2026	A112	6	RFS	1	StokMD - 2026-08-06T080446.204.xls	HTML table / 3,496 data rows	2026-08-06 08:04:46	MD source has no aging field; MD aging unavailable
REVO FIT	GB4-BR	R2B02K01L2 M/T	2026	A252	9	RFS	1	StokMD - 2026-08-06T080446.204.xls	HTML table / 3,496 data rows	2026-08-06 08:04:46	MD source has no aging field; MD aging unavailable
REVO FIT	GB4-BR	R2B02K01L2 M/T	2026	A283	13	RFS	1	StokMD - 2026-08-06T080446.204.xls	HTML table / 3,496 data rows	2026-08-06 08:04:46	MD source has no aging field; MD aging unavailable
REVO FIT	GB4-BR	R2B02K01L2 M/T	2026	A283	15	RFS	1	StokMD - 2026-08-06T080446.204.xls	HTML table / 3,496 data rows	2026-08-06 08:04:46	MD source has no aging field; MD aging unavailable
REVO FIT	GB4-BR	R2B02K01L2 M/T	2026	A283	16	RFS	1	StokMD - 2026-08-06T080446.204.xls	HTML table / 3,496 data rows	2026-08-06 08:04:46	MD source has no aging field; MD aging unavailable
REVO FIT	GB4-BR	R2B02K01L2 M/T	2026	A283	19	RFS	1	StokMD - 2026-08-06T080446.204.xls	HTML table / 3,496 data rows	2026-08-06 08:04:46	MD source has no aging field; MD aging unavailable
REVO FIT	GB4-BR	R2B02K01L2 M/T	2026	A283	20	RFS	1	StokMD - 2026-08-06T080446.204.xls	HTML table / 3,496 data rows	2026-08-06 08:04:46	MD source has no aging field; MD aging unavailable
REVO FIT	GB4-BR	R2B02K01L2 M/T	2026	A283	22	RFS	1	StokMD - 2026-08-06T080446.204.xls	HTML table / 3,496 data rows	2026-08-06 08:04:46	MD source has no aging field; MD aging unavailable
REVO FIT	GB4-BR	R2B02K01L2 M/T	2026	A283	23	RFS	1	StokMD - 2026-08-06T080446.204.xls	HTML table / 3,496 data rows	2026-08-06 08:04:46	MD source has no aging field; MD aging unavailable
REVO FIT	GB4-BR	R2B02K01L2 M/T	2026	A283	25	RFS	1	StokMD - 2026-08-06T080446.204.xls	HTML table / 3,496 data rows	2026-08-06 08:04:46	MD source has no aging field; MD aging unavailable
REVO FIT	GB4-BR	R2B02K01L2 M/T	2026	A283	27	RFS	1	StokMD - 2026-08-06T080446.204.xls	HTML table / 3,496 data rows	2026-08-06 08:04:46	MD source has no aging field; MD aging unavailable
REVO FIT	GB4-BR	R2B02K01L2 M/T	2026	A283	28	RFS	1	StokMD - 2026-08-06T080446.204.xls	HTML table / 3,496 data rows	2026-08-06 08:04:46	MD source has no aging field; MD aging unavailable
REVO FIT	GB4-BR	R2B02K01L2 M/T	2026	A283	31	RFS	1	StokMD - 2026-08-06T080446.204.xls	HTML table / 3,496 data rows	2026-08-06 08:04:46	MD source has no aging field; MD aging unavailable
REVO FIT	GB4-BR	R2B02K01L2 M/T	2026	A283	32	RFS	1	StokMD - 2026-08-06T080446.204.xls	HTML table / 3,496 data rows	2026-08-06 08:04:46	MD source has no aging field; MD aging unavailable
REVO FIT	GB4-BR	R2B02K01L2 M/T	2026	A283	33	RFS	1	StokMD - 2026-08-06T080446.204.xls	HTML table / 3,496 data rows	2026-08-06 08:04:46	MD source has no aging field; MD aging unavailable
REVO FIT	GB4-BR	R2B02K01L2 M/T	2026	A283	34	RFS	1	StokMD - 2026-08-06T080446.204.xls	HTML table / 3,496 data rows	2026-08-06 08:04:46	MD source has no aging field; MD aging unavailable
REVO FIT	GB4-BR	R2B02K01L2 M/T	2026	A336	1	RFS	1	StokMD - 2026-08-06T080446.204.xls	HTML table / 3,496 data rows	2026-08-06 08:04:46	MD source has no aging field; MD aging unavailable
REVO FIT	GB4-BR	R2B02K01L2 M/T	2026	A336	10	RFS	1	StokMD - 2026-08-06T080446.204.xls	HTML table / 3,496 data rows	2026-08-06 08:04:46	MD source has no aging field; MD aging unavailable
REVO FIT	GB4-BR	R2B02K01L2 M/T	2026	A336	11	RFS	1	StokMD - 2026-08-06T080446.204.xls	HTML table / 3,496 data rows	2026-08-06 08:04:46	MD source has no aging field; MD aging unavailable
REVO FIT	GB4-BR	R2B02K01L2 M/T	2026	A336	12	RFS	1	StokMD - 2026-08-06T080446.204.xls	HTML table / 3,496 data rows	2026-08-06 08:04:46	MD source has no aging field; MD aging unavailable
REVO FIT	GB4-BR	R2B02K01L2 M/T	2026	A336	13	RFS	1	StokMD - 2026-08-06T080446.204.xls	HTML table / 3,496 data rows	2026-08-06 08:04:46	MD source has no aging field; MD aging unavailable
REVO FIT	GB4-BR	R2B02K01L2 M/T	2026	A336	14	RFS	1	StokMD - 2026-08-06T080446.204.xls	HTML table / 3,496 data rows	2026-08-06 08:04:46	MD source has no aging field; MD aging unavailable
REVO FIT	GB4-BR	R2B02K01L2 M/T	2026	A336	15	RFS	1	StokMD - 2026-08-06T080446.204.xls	HTML table / 3,496 data rows	2026-08-06 08:04:46	MD source has no aging field; MD aging unavailable
REVO FIT	GB4-BR	R2B02K01L2 M/T	2026	A336	16	RFS	1	StokMD - 2026-08-06T080446.204.xls	HTML table / 3,496 data rows	2026-08-06 08:04:46	MD source has no aging field; MD aging unavailable
REVO FIT	GB4-BR	R2B02K01L2 M/T	2026	A336	17	RFS	1	StokMD - 2026-08-06T080446.204.xls	HTML table / 3,496 data rows	2026-08-06 08:04:46	MD source has no aging field; MD aging unavailable
REVO FIT	GB4-BR	R2B02K01L2 M/T	2026	A336	18	RFS	1	StokMD - 2026-08-06T080446.204.xls	HTML table / 3,496 data rows	2026-08-06 08:04:46	MD source has no aging field; MD aging unavailable
REVO FIT	GB4-BR	R2B02K01L2 M/T	2026	A336	19	RFS	1	StokMD - 2026-08-06T080446.204.xls	HTML table / 3,496 data rows	2026-08-06 08:04:46	MD source has no aging field; MD aging unavailable
REVO FIT	GB4-BR	R2B02K01L2 M/T	2026	A336	2	RFS	1	StokMD - 2026-08-06T080446.204.xls	HTML table / 3,496 data rows	2026-08-06 08:04:46	MD source has no aging field; MD aging unavailable
REVO FIT	GB4-BR	R2B02K01L2 M/T	2026	A336	20	RFS	1	StokMD - 2026-08-06T080446.204.xls	HTML table / 3,496 data rows	2026-08-06 08:04:46	MD source has no aging field; MD aging unavailable
REVO FIT	GB4-BR	R2B02K01L2 M/T	2026	A336	3	RFS	1	StokMD - 2026-08-06T080446.204.xls	HTML table / 3,496 data rows	2026-08-06 08:04:46	MD source has no aging field; MD aging unavailable
REVO FIT	GB4-BR	R2B02K01L2 M/T	2026	A336	6	RFS	1	StokMD - 2026-08-06T080446.204.xls	HTML table / 3,496 data rows	2026-08-06 08:04:46	MD source has no aging field; MD aging unavailable
REVO FIT	GB4-BR	R2B02K01L2 M/T	2026	A336	7	RFS	1	StokMD - 2026-08-06T080446.204.xls	HTML table / 3,496 data rows	2026-08-06 08:04:46	MD source has no aging field; MD aging unavailable
REVO FIT	GB4-BR	R2B02K01L2 M/T	2026	A336	9	RFS	1	StokMD - 2026-08-06T080446.204.xls	HTML table / 3,496 data rows	2026-08-06 08:04:46	MD source has no aging field; MD aging unavailable
REVO FIT	GB4-BR	R2B02K01L2 M/T	2026	A338	14	RFS	1	StokMD - 2026-08-06T080446.204.xls	HTML table / 3,496 data rows	2026-08-06 08:04:46	MD source has no aging field; MD aging unavailable
REVO FIT	GB4-BR	R2B02K01L2 M/T	2026	A338	3	RFS	1	StokMD - 2026-08-06T080446.204.xls	HTML table / 3,496 data rows	2026-08-06 08:04:46	MD source has no aging field; MD aging unavailable
REVO FIT	GB4-BR	R2B02K01L2 M/T	2026	A338	5	RFS	1	StokMD - 2026-08-06T080446.204.xls	HTML table / 3,496 data rows	2026-08-06 08:04:46	MD source has no aging field; MD aging unavailable
REVO FIT	GB4-BR	R2B02K01L2 M/T	2026	A375	10	RFS	1	StokMD - 2026-08-06T080446.204.xls	HTML table / 3,496 data rows	2026-08-06 08:04:46	MD source has no aging field; MD aging unavailable
REVO FIT	GB4-BR	R2B02K01L2 M/T	2026	A375	12	RFS	1	StokMD - 2026-08-06T080446.204.xls	HTML table / 3,496 data rows	2026-08-06 08:04:46	MD source has no aging field; MD aging unavailable
REVO FIT	GB4-BR	R2B02K01L2 M/T	2026	A375	13	RFS	1	StokMD - 2026-08-06T080446.204.xls	HTML table / 3,496 data rows	2026-08-06 08:04:46	MD source has no aging field; MD aging unavailable
REVO FIT	GB4-BR	R2B02K01L2 M/T	2026	A375	14	RFS	1	StokMD - 2026-08-06T080446.204.xls	HTML table / 3,496 data rows	2026-08-06 08:04:46	MD source has no aging field; MD aging unavailable
REVO FIT	GB4-BR	R2B02K01L2 M/T	2026	A375	23	RFS	1	StokMD - 2026-08-06T080446.204.xls	HTML table / 3,496 data rows	2026-08-06 08:04:46	MD source has no aging field; MD aging unavailable
REVO FIT	GB4-BR	R2B02K01L2 M/T	2026	A375	24	RFS	1	StokMD - 2026-08-06T080446.204.xls	HTML table / 3,496 data rows	2026-08-06 08:04:46	MD source has no aging field; MD aging unavailable
REVO FIT	GB4-BR	R2B02K01L2 M/T	2026	A375	25	RFS	1	StokMD - 2026-08-06T080446.204.xls	HTML table / 3,496 data rows	2026-08-06 08:04:46	MD source has no aging field; MD aging unavailable
REVO FIT	GB4-BR	R2B02K01L2 M/T	2026	A375	26	RFS	1	StokMD - 2026-08-06T080446.204.xls	HTML table / 3,496 data rows	2026-08-06 08:04:46	MD source has no aging field; MD aging unavailable
REVO FIT	GB4-BR	R2B02K01L2 M/T	2026	A375	27	RFS	1	StokMD - 2026-08-06T080446.204.xls	HTML table / 3,496 data rows	2026-08-06 08:04:46	MD source has no aging field; MD aging unavailable
REVO FIT	GB4-BR	R2B02K01L2 M/T	2026	A375	28	RFS	1	StokMD - 2026-08-06T080446.204.xls	HTML table / 3,496 data rows	2026-08-06 08:04:46	MD source has no aging field; MD aging unavailable
REVO FIT	GB4-BR	R2B02K01L2 M/T	2026	A375	29	RFS	1	StokMD - 2026-08-06T080446.204.xls	HTML table / 3,496 data rows	2026-08-06 08:04:46	MD source has no aging field; MD aging unavailable
REVO FIT	GB4-BR	R2B02K01L2 M/T	2026	A375	3	RFS	1	StokMD - 2026-08-06T080446.204.xls	HTML table / 3,496 data rows	2026-08-06 08:04:46	MD source has no aging field; MD aging unavailable
REVO FIT	GB4-BR	R2B02K01L2 M/T	2026	A375	32	RFS	1	StokMD - 2026-08-06T080446.204.xls	HTML table / 3,496 data rows	2026-08-06 08:04:46	MD source has no aging field; MD aging unavailable
REVO FIT	GB4-BR	R2B02K01L2 M/T	2026	A375	37	RFS	1	StokMD - 2026-08-06T080446.204.xls	HTML table / 3,496 data rows	2026-08-06 08:04:46	MD source has no aging field; MD aging unavailable
REVO FIT	GB4-BR	R2B02K01L2 M/T	2026	A375	38	RFS	1	StokMD - 2026-08-06T080446.204.xls	HTML table / 3,496 data rows	2026-08-06 08:04:46	MD source has no aging field; MD aging unavailable
REVO FIT	GB4-BR	R2B02K01L2 M/T	2026	A375	39	RFS	1	StokMD - 2026-08-06T080446.204.xls	HTML table / 3,496 data rows	2026-08-06 08:04:46	MD source has no aging field; MD aging unavailable
REVO FIT	GB4-BR	R2B02K01L2 M/T	2026	A375	4	RFS	1	StokMD - 2026-08-06T080446.204.xls	HTML table / 3,496 data rows	2026-08-06 08:04:46	MD source has no aging field; MD aging unavailable
REVO FIT	GB4-BR	R2B02K01L2 M/T	2026	A375	40	RFS	1	StokMD - 2026-08-06T080446.204.xls	HTML table / 3,496 data rows	2026-08-06 08:04:46	MD source has no aging field; MD aging unavailable
REVO FIT	GB4-BR	R2B02K01L2 M/T	2026	A375	5	RFS	1	StokMD - 2026-08-06T080446.204.xls	HTML table / 3,496 data rows	2026-08-06 08:04:46	MD source has no aging field; MD aging unavailable
REVO FIT	GB4-BR	R2B02K01L2 M/T	2026	A375	7	RFS	1	StokMD - 2026-08-06T080446.204.xls	HTML table / 3,496 data rows	2026-08-06 08:04:46	MD source has no aging field; MD aging unavailable
REVO FIT	GB4-BR	R2B02K01L2 M/T	2026	A375	8	RFS	1	StokMD - 2026-08-06T080446.204.xls	HTML table / 3,496 data rows	2026-08-06 08:04:46	MD source has no aging field; MD aging unavailable
REVO FIT	GB4-BR	R2B02K01L2 M/T	2026	A375	9	RFS	1	StokMD - 2026-08-06T080446.204.xls	HTML table / 3,496 data rows	2026-08-06 08:04:46	MD source has no aging field; MD aging unavailable
REVO FIT	GB4-BR	R2B02K01L2 M/T	2026	A385	10	RFS	1	StokMD - 2026-08-06T080446.204.xls	HTML table / 3,496 data rows	2026-08-06 08:04:46	MD source has no aging field; MD aging unavailable
REVO FIT	GB4-BR	R2B02K01L2 M/T	2026	A385	11	RFS	1	StokMD - 2026-08-06T080446.204.xls	HTML table / 3,496 data rows	2026-08-06 08:04:46	MD source has no aging field; MD aging unavailable
REVO FIT	GB4-BR	R2B02K01L2 M/T	2026	A385	12	RFS	1	StokMD - 2026-08-06T080446.204.xls	HTML table / 3,496 data rows	2026-08-06 08:04:46	MD source has no aging field; MD aging unavailable
REVO FIT	GB4-BR	R2B02K01L2 M/T	2026	A385	13	RFS	1	StokMD - 2026-08-06T080446.204.xls	HTML table / 3,496 data rows	2026-08-06 08:04:46	MD source has no aging field; MD aging unavailable
REVO FIT	GB4-BR	R2B02K01L2 M/T	2026	A385	14	RFS	1	StokMD - 2026-08-06T080446.204.xls	HTML table / 3,496 data rows	2026-08-06 08:04:46	MD source has no aging field; MD aging unavailable
REVO FIT	GB4-BR	R2B02K01L2 M/T	2026	A385	17	RFS	1	StokMD - 2026-08-06T080446.204.xls	HTML table / 3,496 data rows	2026-08-06 08:04:46	MD source has no aging field; MD aging unavailable
REVO FIT	GB4-BR	R2B02K01L2 M/T	2026	A385	23	RFS	1	StokMD - 2026-08-06T080446.204.xls	HTML table / 3,496 data rows	2026-08-06 08:04:46	MD source has no aging field; MD aging unavailable
REVO FIT	GB4-BR	R2B02K01L2 M/T	2026	A385	24	RFS	1	StokMD - 2026-08-06T080446.204.xls	HTML table / 3,496 data rows	2026-08-06 08:04:46	MD source has no aging field; MD aging unavailable
REVO FIT	GB4-BR	R2B02K01L2 M/T	2026	A385	25	RFS	1	StokMD - 2026-08-06T080446.204.xls	HTML table / 3,496 data rows	2026-08-06 08:04:46	MD source has no aging field; MD aging unavailable
REVO FIT	GB4-BR	R2B02K01L2 M/T	2026	A385	26	RFS	1	StokMD - 2026-08-06T080446.204.xls	HTML table / 3,496 data rows	2026-08-06 08:04:46	MD source has no aging field; MD aging unavailable
REVO FIT	GB4-BR	R2B02K01L2 M/T	2026	A385	27	RFS	1	StokMD - 2026-08-06T080446.204.xls	HTML table / 3,496 data rows	2026-08-06 08:04:46	MD source has no aging field; MD aging unavailable
REVO FIT	GB4-BR	R2B02K01L2 M/T	2026	A385	28	RFS	1	StokMD - 2026-08-06T080446.204.xls	HTML table / 3,496 data rows	2026-08-06 08:04:46	MD source has no aging field; MD aging unavailable
REVO FIT	GB4-BR	R2B02K01L2 M/T	2026	A385	33	RFS	1	StokMD - 2026-08-06T080446.204.xls	HTML table / 3,496 data rows	2026-08-06 08:04:46	MD source has no aging field; MD aging unavailable
REVO FIT	GB4-BR	R2B02K01L2 M/T	2026	A385	34	RFS	1	StokMD - 2026-08-06T080446.204.xls	HTML table / 3,496 data rows	2026-08-06 08:04:46	MD source has no aging field; MD aging unavailable
REVO FIT	GB4-BR	R2B02K01L2 M/T	2026	A385	36	RFS	1	StokMD - 2026-08-06T080446.204.xls	HTML table / 3,496 data rows	2026-08-06 08:04:46	MD source has no aging field; MD aging unavailable
REVO FIT	GB4-BR	R2B02K01L2 M/T	2026	A385	37	RFS	1	StokMD - 2026-08-06T080446.204.xls	HTML table / 3,496 data rows	2026-08-06 08:04:46	MD source has no aging field; MD aging unavailable
REVO FIT	GB4-BR	R2B02K01L2 M/T	2026	A385	38	RFS	1	StokMD - 2026-08-06T080446.204.xls	HTML table / 3,496 data rows	2026-08-06 08:04:46	MD source has no aging field; MD aging unavailable
REVO FIT	GB4-BR	R2B02K01L2 M/T	2026	A385	6	RFS	1	StokMD - 2026-08-06T080446.204.xls	HTML table / 3,496 data rows	2026-08-06 08:04:46	MD source has no aging field; MD aging unavailable
REVO FIT	GB4-BR	R2B02K01L2 M/T	2026	A385	7	RFS	1	StokMD - 2026-08-06T080446.204.xls	HTML table / 3,496 data rows	2026-08-06 08:04:46	MD source has no aging field; MD aging unavailable
REVO FIT	GB4-BR	R2B02K01L2 M/T	2026	A385	8	RFS	1	StokMD - 2026-08-06T080446.204.xls	HTML table / 3,496 data rows	2026-08-06 08:04:46	MD source has no aging field; MD aging unavailable
REVO FIT	GB4-BR	R2B02K01L2 M/T	2026	A385	9	RFS	1	StokMD - 2026-08-06T080446.204.xls	HTML table / 3,496 data rows	2026-08-06 08:04:46	MD source has no aging field; MD aging unavailable
REVO FIT	GB4-BR	R2B02K01L2 M/T	2026	A413	23	RFS	1	StokMD - 2026-08-06T080446.204.xls	HTML table / 3,496 data rows	2026-08-06 08:04:46	MD source has no aging field; MD aging unavailable
REVO FIT	GB4-BR	R2B02K01L2 M/T	2026	A413	24	RFS	1	StokMD - 2026-08-06T080446.204.xls	HTML table / 3,496 data rows	2026-08-06 08:04:46	MD source has no aging field; MD aging unavailable
REVO FIT	GB4-BR	R2B02K01L2 M/T	2026	A413	25	RFS	1	StokMD - 2026-08-06T080446.204.xls	HTML table / 3,496 data rows	2026-08-06 08:04:46	MD source has no aging field; MD aging unavailable
REVO FIT	GB4-BR	R2B02K01L2 M/T	2026	A413	26	RFS	1	StokMD - 2026-08-06T080446.204.xls	HTML table / 3,496 data rows	2026-08-06 08:04:46	MD source has no aging field; MD aging unavailable
REVO FIT	GB4-BR	R2B02K01L2 M/T	2026	A413	27	RFS	1	StokMD - 2026-08-06T080446.204.xls	HTML table / 3,496 data rows	2026-08-06 08:04:46	MD source has no aging field; MD aging unavailable
REVO FIT	GB4-BR	R2B02K01L2 M/T	2026	A413	29	RFS	1	StokMD - 2026-08-06T080446.204.xls	HTML table / 3,496 data rows	2026-08-06 08:04:46	MD source has no aging field; MD aging unavailable
REVO FIT	GB4-BR	R2B02K01L2 M/T	2026	A413	31	RFS	1	StokMD - 2026-08-06T080446.204.xls	HTML table / 3,496 data rows	2026-08-06 08:04:46	MD source has no aging field; MD aging unavailable
REVO FIT	GB4-BR	R2B02K01L2 M/T	2026	A413	32	RFS	1	StokMD - 2026-08-06T080446.204.xls	HTML table / 3,496 data rows	2026-08-06 08:04:46	MD source has no aging field; MD aging unavailable
REVO FIT	GB4-BR	R2B02K01L2 M/T	2026	A413	33	RFS	1	StokMD - 2026-08-06T080446.204.xls	HTML table / 3,496 data rows	2026-08-06 08:04:46	MD source has no aging field; MD aging unavailable
REVO FIT	GB4-BR	R2B02K01L2 M/T	2026	A413	34	RFS	1	StokMD - 2026-08-06T080446.204.xls	HTML table / 3,496 data rows	2026-08-06 08:04:46	MD source has no aging field; MD aging unavailable
REVO FIT	GB4-BR	R2B02K01L2 M/T	2026	A413	35	RFS	1	StokMD - 2026-08-06T080446.204.xls	HTML table / 3,496 data rows	2026-08-06 08:04:46	MD source has no aging field; MD aging unavailable
REVO FIT	GB4-BR	R2B02K01L2 M/T	2026	A413	36	RFS	1	StokMD - 2026-08-06T080446.204.xls	HTML table / 3,496 data rows	2026-08-06 08:04:46	MD source has no aging field; MD aging unavailable
REVO FIT	GB4-BR	R2B02K01L2 M/T	2026	A413	37	RFS	1	StokMD - 2026-08-06T080446.204.xls	HTML table / 3,496 data rows	2026-08-06 08:04:46	MD source has no aging field; MD aging unavailable
REVO FIT	GB4-BR	R2B02K01L2 M/T	2026	A413	38	RFS	1	StokMD - 2026-08-06T080446.204.xls	HTML table / 3,496 data rows	2026-08-06 08:04:46	MD source has no aging field; MD aging unavailable
REVO FIT	GB4-BR	R2B02K01L2 M/T	2026	A413	40	RFS	1	StokMD - 2026-08-06T080446.204.xls	HTML table / 3,496 data rows	2026-08-06 08:04:46	MD source has no aging field; MD aging unavailable
REVO FIT	GB4-BR	R2B02K01L2 M/T	2026	A414	17	RFS	1	StokMD - 2026-08-06T080446.204.xls	HTML table / 3,496 data rows	2026-08-06 08:04:46	MD source has no aging field; MD aging unavailable
REVO FIT	GB4-BR	R2B02K01L2 M/T	2026	A415	4	RFS	1	StokMD - 2026-08-06T080446.204.xls	HTML table / 3,496 data rows	2026-08-06 08:04:46	MD source has no aging field; MD aging unavailable
REVO FIT	GB4-BR	R2B02K01L2 M/T	2026	A422	13	RFS	1	StokMD - 2026-08-06T080446.204.xls	HTML table / 3,496 data rows	2026-08-06 08:04:46	MD source has no aging field; MD aging unavailable
REVO FIT	GB4-BR	R2B02K01L2 M/T	2026	A422	14	RFS	1	StokMD - 2026-08-06T080446.204.xls	HTML table / 3,496 data rows	2026-08-06 08:04:46	MD source has no aging field; MD aging unavailable
REVO FIT	GB4-BR	R2B02K01L2 M/T	2026	A422	15	RFS	1	StokMD - 2026-08-06T080446.204.xls	HTML table / 3,496 data rows	2026-08-06 08:04:46	MD source has no aging field; MD aging unavailable
REVO FIT	GB4-BR	R2B02K01L2 M/T	2026	A422	16	RFS	1	StokMD - 2026-08-06T080446.204.xls	HTML table / 3,496 data rows	2026-08-06 08:04:46	MD source has no aging field; MD aging unavailable
REVO FIT	GB4-BR	R2B02K01L2 M/T	2026	A422	17	RFS	1	StokMD - 2026-08-06T080446.204.xls	HTML table / 3,496 data rows	2026-08-06 08:04:46	MD source has no aging field; MD aging unavailable
REVO FIT	GB4-BR	R2B02K01L2 M/T	2026	A422	19	RFS	1	StokMD - 2026-08-06T080446.204.xls	HTML table / 3,496 data rows	2026-08-06 08:04:46	MD source has no aging field; MD aging unavailable
REVO FIT	GB4-BR	R2B02K01L2 M/T	2026	A423	25	RFS	1	StokMD - 2026-08-06T080446.204.xls	HTML table / 3,496 data rows	2026-08-06 08:04:46	MD source has no aging field; MD aging unavailable
REVO FIT	GB4-BR	R2B02K01L2 M/T	2026	A423	26	RFS	1	StokMD - 2026-08-06T080446.204.xls	HTML table / 3,496 data rows	2026-08-06 08:04:46	MD source has no aging field; MD aging unavailable
REVO FIT	GB4-BR	R2B02K01L2 M/T	2026	A423	27	RFS	1	StokMD - 2026-08-06T080446.204.xls	HTML table / 3,496 data rows	2026-08-06 08:04:46	MD source has no aging field; MD aging unavailable
REVO FIT	GB4-BR	R2B02K01L2 M/T	2026	A423	29	RFS	1	StokMD - 2026-08-06T080446.204.xls	HTML table / 3,496 data rows	2026-08-06 08:04:46	MD source has no aging field; MD aging unavailable
REVO FIT	GB4-BR	R2B02K01L2 M/T	2026	A423	30	RFS	1	StokMD - 2026-08-06T080446.204.xls	HTML table / 3,496 data rows	2026-08-06 08:04:46	MD source has no aging field; MD aging unavailable
REVO FIT	GB4-BR	R2B02K01L2 M/T	2026	A423	31	RFS	1	StokMD - 2026-08-06T080446.204.xls	HTML table / 3,496 data rows	2026-08-06 08:04:46	MD source has no aging field; MD aging unavailable
REVO FIT	GB4-BR	R2B02K01L2 M/T	2026	A423	33	RFS	1	StokMD - 2026-08-06T080446.204.xls	HTML table / 3,496 data rows	2026-08-06 08:04:46	MD source has no aging field; MD aging unavailable
REVO FIT	GB4-BR	R2B02K01L2 M/T	2026	A423	34	RFS	1	StokMD - 2026-08-06T080446.204.xls	HTML table / 3,496 data rows	2026-08-06 08:04:46	MD source has no aging field; MD aging unavailable
REVO FIT	GB4-BR	R2B02K01L2 M/T	2026	A423	35	RFS	1	StokMD - 2026-08-06T080446.204.xls	HTML table / 3,496 data rows	2026-08-06 08:04:46	MD source has no aging field; MD aging unavailable
REVO FIT	GB4-BR	R2B02K01L2 M/T	2026	A423	36	RFS	1	StokMD - 2026-08-06T080446.204.xls	HTML table / 3,496 data rows	2026-08-06 08:04:46	MD source has no aging field; MD aging unavailable
REVO FIT	GB4-BR	R2B02K01L2 M/T	2026	A423	39	RFS	1	StokMD - 2026-08-06T080446.204.xls	HTML table / 3,496 data rows	2026-08-06 08:04:46	MD source has no aging field; MD aging unavailable
REVO FIT	GB4-BR	R2B02K01L2 M/T	2026	A424	3	RFS	1	StokMD - 2026-08-06T080446.204.xls	HTML table / 3,496 data rows	2026-08-06 08:04:46	MD source has no aging field; MD aging unavailable
REVO FIT	GB4-BR	R2B02K01L2 M/T	2026	A424	4	RFS	1	StokMD - 2026-08-06T080446.204.xls	HTML table / 3,496 data rows	2026-08-06 08:04:46	MD source has no aging field; MD aging unavailable
REVO FIT	GB4-BR	R2B02K01L2 M/T	2026	A424	5	RFS	1	StokMD - 2026-08-06T080446.204.xls	HTML table / 3,496 data rows	2026-08-06 08:04:46	MD source has no aging field; MD aging unavailable
REVO FIT	GB4-BR	R2B02K01L2 M/T	2026	A425	13	RFS	1	StokMD - 2026-08-06T080446.204.xls	HTML table / 3,496 data rows	2026-08-06 08:04:46	MD source has no aging field; MD aging unavailable
REVO FIT	GB4-BR	R2B02K01L2 M/T	2026	A425	14	RFS	1	StokMD - 2026-08-06T080446.204.xls	HTML table / 3,496 data rows	2026-08-06 08:04:46	MD source has no aging field; MD aging unavailable
REVO FIT	GB4-BR	R2B02K01L2 M/T	2026	A425	16	RFS	1	StokMD - 2026-08-06T080446.204.xls	HTML table / 3,496 data rows	2026-08-06 08:04:46	MD source has no aging field; MD aging unavailable
REVO FIT	GB4-BR	R2B02K01L2 M/T	2026	A425	33	RFS	1	StokMD - 2026-08-06T080446.204.xls	HTML table / 3,496 data rows	2026-08-06 08:04:46	MD source has no aging field; MD aging unavailable
REVO FIT	GB4-BR	R2B02K01L2 M/T	2026	A425	34	RFS	1	StokMD - 2026-08-06T080446.204.xls	HTML table / 3,496 data rows	2026-08-06 08:04:46	MD source has no aging field; MD aging unavailable
REVO FIT	GB4-BR	R2B02K01L2 M/T	2026	A444	14	RFS	1	StokMD - 2026-08-06T080446.204.xls	HTML table / 3,496 data rows	2026-08-06 08:04:46	MD source has no aging field; MD aging unavailable
REVO FIT	GB4-BR	R2B02K01L2 M/T	2026	A453	22	RFS	1	StokMD - 2026-08-06T080446.204.xls	HTML table / 3,496 data rows	2026-08-06 08:04:46	MD source has no aging field; MD aging unavailable
REVO FIT	GB4-BR	R2B02K01L2 M/T	2026	A454	21	RFS	1	StokMD - 2026-08-06T080446.204.xls	HTML table / 3,496 data rows	2026-08-06 08:04:46	MD source has no aging field; MD aging unavailable
REVO FIT	GB4-BR	R2B02K01L2 M/T	2026	A455	17	RFS	1	StokMD - 2026-08-06T080446.204.xls	HTML table / 3,496 data rows	2026-08-06 08:04:46	MD source has no aging field; MD aging unavailable
REVO FIT	GB4-BR	R2B02K01L2 M/T	2026	A455	18	RFS	1	StokMD - 2026-08-06T080446.204.xls	HTML table / 3,496 data rows	2026-08-06 08:04:46	MD source has no aging field; MD aging unavailable
REVO FIT	GB4-BR	R2B02K01L2 M/T	2026	A455	19	RFS	1	StokMD - 2026-08-06T080446.204.xls	HTML table / 3,496 data rows	2026-08-06 08:04:46	MD source has no aging field; MD aging unavailable
REVO FIT	GB4-BR	R2B02K01L2 M/T	2026	A455	20	RFS	1	StokMD - 2026-08-06T080446.204.xls	HTML table / 3,496 data rows	2026-08-06 08:04:46	MD source has no aging field; MD aging unavailable
REVO FIT	GB4-BR	R2B02K01L2 M/T	2026	A455	22	RFS	1	StokMD - 2026-08-06T080446.204.xls	HTML table / 3,496 data rows	2026-08-06 08:04:46	MD source has no aging field; MD aging unavailable
REVO FIT	GB4-BR	R2B02K01L2 M/T	2026	A455	24	RFS	1	StokMD - 2026-08-06T080446.204.xls	HTML table / 3,496 data rows	2026-08-06 08:04:46	MD source has no aging field; MD aging unavailable
REVO FIT	GB4-BR	R2B02K01L2 M/T	2026	A455	27	RFS	1	StokMD - 2026-08-06T080446.204.xls	HTML table / 3,496 data rows	2026-08-06 08:04:46	MD source has no aging field; MD aging unavailable
REVO FIT	GB4-BR	R2B02K01L2 M/T	2026	A455	29	RFS	1	StokMD - 2026-08-06T080446.204.xls	HTML table / 3,496 data rows	2026-08-06 08:04:46	MD source has no aging field; MD aging unavailable
REVO FIT	GB4-BR	R2B02K01L2 M/T	2026	A455	30	RFS	1	StokMD - 2026-08-06T080446.204.xls	HTML table / 3,496 data rows	2026-08-06 08:04:46	MD source has no aging field; MD aging unavailable
REVO FIT	GB4-BR	R2B02K01L2 M/T	2026	A455	31	RFS	1	StokMD - 2026-08-06T080446.204.xls	HTML table / 3,496 data rows	2026-08-06 08:04:46	MD source has no aging field; MD aging unavailable
REVO X	GD4-BK	R2B02M01L2 M/T	2026	A112	14	RFS	1	StokMD - 2026-08-06T080446.204.xls	HTML table / 3,496 data rows	2026-08-06 08:04:46	MD source has no aging field; MD aging unavailable
REVO X	GD4-BK	R2B02M01L2 M/T	2026	A112	18	RFS	1	StokMD - 2026-08-06T080446.204.xls	HTML table / 3,496 data rows	2026-08-06 08:04:46	MD source has no aging field; MD aging unavailable
REVO X	GD4-BK	R2B02M01L2 M/T	2026	A185	22	NRFS	1	StokMD - 2026-08-06T080446.204.xls	HTML table / 3,496 data rows	2026-08-06 08:04:46	MD source has no aging field; MD aging unavailable
REVO X	GD4-BK	R2B02M01L2 M/T	2026	A185	24	NRFS	1	StokMD - 2026-08-06T080446.204.xls	HTML table / 3,496 data rows	2026-08-06 08:04:46	MD source has no aging field; MD aging unavailable
REVO X	GD4-BK	R2B02M01L2 M/T	2026	A185	29	NRFS	1	StokMD - 2026-08-06T080446.204.xls	HTML table / 3,496 data rows	2026-08-06 08:04:46	MD source has no aging field; MD aging unavailable
REVO X	GD4-BK	R2B02M01L2 M/T	2026	A228	1	RFS	1	StokMD - 2026-08-06T080446.204.xls	HTML table / 3,496 data rows	2026-08-06 08:04:46	MD source has no aging field; MD aging unavailable
REVO X	GD4-BK	R2B02M01L2 M/T	2026	A234	21	RFS	1	StokMD - 2026-08-06T080446.204.xls	HTML table / 3,496 data rows	2026-08-06 08:04:46	MD source has no aging field; MD aging unavailable
REVO X	GD4-BK	R2B02M01L2 M/T	2026	A234	22	RFS	1	StokMD - 2026-08-06T080446.204.xls	HTML table / 3,496 data rows	2026-08-06 08:04:46	MD source has no aging field; MD aging unavailable
REVO X	GD4-BK	R2B02M01L2 M/T	2026	A234	27	RFS	1	StokMD - 2026-08-06T080446.204.xls	HTML table / 3,496 data rows	2026-08-06 08:04:46	MD source has no aging field; MD aging unavailable
REVO X	GD4-BK	R2B02M01L2 M/T	2026	A234	28	RFS	1	StokMD - 2026-08-06T080446.204.xls	HTML table / 3,496 data rows	2026-08-06 08:04:46	MD source has no aging field; MD aging unavailable
REVO X	GD4-BK	R2B02M01L2 M/T	2026	A234	32	RFS	1	StokMD - 2026-08-06T080446.204.xls	HTML table / 3,496 data rows	2026-08-06 08:04:46	MD source has no aging field; MD aging unavailable
REVO X	GD4-BK	R2B02M01L2 M/T	2026	A234	7	RFS	1	StokMD - 2026-08-06T080446.204.xls	HTML table / 3,496 data rows	2026-08-06 08:04:46	MD source has no aging field; MD aging unavailable
REVO X	GD4-BK	R2B02M01L2 M/T	2026	A272	32	RFS	1	StokMD - 2026-08-06T080446.204.xls	HTML table / 3,496 data rows	2026-08-06 08:04:46	MD source has no aging field; MD aging unavailable
REVO X	GD4-BK	R2B02M01L2 M/T	2026	A343	21	RFS	1	StokMD - 2026-08-06T080446.204.xls	HTML table / 3,496 data rows	2026-08-06 08:04:46	MD source has no aging field; MD aging unavailable
REVO X	GD4-BK	R2B02M01L2 M/T	2026	A346	29	RFS	1	StokMD - 2026-08-06T080446.204.xls	HTML table / 3,496 data rows	2026-08-06 08:04:46	MD source has no aging field; MD aging unavailable
REVO X	GD4-BK	R2B02M01L2 M/T	2026	A346	30	RFS	1	StokMD - 2026-08-06T080446.204.xls	HTML table / 3,496 data rows	2026-08-06 08:04:46	MD source has no aging field; MD aging unavailable
REVO X	GD4-BK	R2B02M01L2 M/T	2026	A346	31	RFS	1	StokMD - 2026-08-06T080446.204.xls	HTML table / 3,496 data rows	2026-08-06 08:04:46	MD source has no aging field; MD aging unavailable
REVO X	GD4-BK	R2B02M01L2 M/T	2026	A346	32	RFS	1	StokMD - 2026-08-06T080446.204.xls	HTML table / 3,496 data rows	2026-08-06 08:04:46	MD source has no aging field; MD aging unavailable
REVO X	GD4-BK	R2B02M01L2 M/T	2026	A346	33	RFS	1	StokMD - 2026-08-06T080446.204.xls	HTML table / 3,496 data rows	2026-08-06 08:04:46	MD source has no aging field; MD aging unavailable
REVO X	GD4-BK	R2B02M01L2 M/T	2026	A346	34	RFS	1	StokMD - 2026-08-06T080446.204.xls	HTML table / 3,496 data rows	2026-08-06 08:04:46	MD source has no aging field; MD aging unavailable
REVO X	GD4-BK	R2B02M01L2 M/T	2026	A346	35	RFS	1	StokMD - 2026-08-06T080446.204.xls	HTML table / 3,496 data rows	2026-08-06 08:04:46	MD source has no aging field; MD aging unavailable
REVO X	GD4-BK	R2B02M01L2 M/T	2026	A346	6	RFS	1	StokMD - 2026-08-06T080446.204.xls	HTML table / 3,496 data rows	2026-08-06 08:04:46	MD source has no aging field; MD aging unavailable
REVO X	GD4-BK	R2B02M01L2 M/T	2026	A346	7	RFS	1	StokMD - 2026-08-06T080446.204.xls	HTML table / 3,496 data rows	2026-08-06 08:04:46	MD source has no aging field; MD aging unavailable
REVO X	GD4-BK	R2B02M01L2 M/T	2026	A376	1	RFS	1	StokMD - 2026-08-06T080446.204.xls	HTML table / 3,496 data rows	2026-08-06 08:04:46	MD source has no aging field; MD aging unavailable
REVO X	GD4-BK	R2B02M01L2 M/T	2026	A376	10	RFS	1	StokMD - 2026-08-06T080446.204.xls	HTML table / 3,496 data rows	2026-08-06 08:04:46	MD source has no aging field; MD aging unavailable
REVO X	GD4-BK	R2B02M01L2 M/T	2026	A376	11	RFS	1	StokMD - 2026-08-06T080446.204.xls	HTML table / 3,496 data rows	2026-08-06 08:04:46	MD source has no aging field; MD aging unavailable
REVO X	GD4-BK	R2B02M01L2 M/T	2026	A376	12	RFS	1	StokMD - 2026-08-06T080446.204.xls	HTML table / 3,496 data rows	2026-08-06 08:04:46	MD source has no aging field; MD aging unavailable
REVO X	GD4-BK	R2B02M01L2 M/T	2026	A376	13	RFS	1	StokMD - 2026-08-06T080446.204.xls	HTML table / 3,496 data rows	2026-08-06 08:04:46	MD source has no aging field; MD aging unavailable
REVO X	GD4-BK	R2B02M01L2 M/T	2026	A376	14	RFS	1	StokMD - 2026-08-06T080446.204.xls	HTML table / 3,496 data rows	2026-08-06 08:04:46	MD source has no aging field; MD aging unavailable
REVO X	GD4-BK	R2B02M01L2 M/T	2026	A376	15	RFS	1	StokMD - 2026-08-06T080446.204.xls	HTML table / 3,496 data rows	2026-08-06 08:04:46	MD source has no aging field; MD aging unavailable
REVO X	GD4-BK	R2B02M01L2 M/T	2026	A376	16	RFS	1	StokMD - 2026-08-06T080446.204.xls	HTML table / 3,496 data rows	2026-08-06 08:04:46	MD source has no aging field; MD aging unavailable
REVO X	GD4-BK	R2B02M01L2 M/T	2026	A376	17	RFS	1	StokMD - 2026-08-06T080446.204.xls	HTML table / 3,496 data rows	2026-08-06 08:04:46	MD source has no aging field; MD aging unavailable
REVO X	GD4-BK	R2B02M01L2 M/T	2026	A376	18	RFS	1	StokMD - 2026-08-06T080446.204.xls	HTML table / 3,496 data rows	2026-08-06 08:04:46	MD source has no aging field; MD aging unavailable
REVO X	GD4-BK	R2B02M01L2 M/T	2026	A376	19	RFS	1	StokMD - 2026-08-06T080446.204.xls	HTML table / 3,496 data rows	2026-08-06 08:04:46	MD source has no aging field; MD aging unavailable
REVO X	GD4-BK	R2B02M01L2 M/T	2026	A376	2	RFS	1	StokMD - 2026-08-06T080446.204.xls	HTML table / 3,496 data rows	2026-08-06 08:04:46	MD source has no aging field; MD aging unavailable
REVO X	GD4-BK	R2B02M01L2 M/T	2026	A376	20	RFS	1	StokMD - 2026-08-06T080446.204.xls	HTML table / 3,496 data rows	2026-08-06 08:04:46	MD source has no aging field; MD aging unavailable
REVO X	GD4-BK	R2B02M01L2 M/T	2026	A376	21	RFS	1	StokMD - 2026-08-06T080446.204.xls	HTML table / 3,496 data rows	2026-08-06 08:04:46	MD source has no aging field; MD aging unavailable
REVO X	GD4-BK	R2B02M01L2 M/T	2026	A376	22	RFS	1	StokMD - 2026-08-06T080446.204.xls	HTML table / 3,496 data rows	2026-08-06 08:04:46	MD source has no aging field; MD aging unavailable
REVO X	GD4-BK	R2B02M01L2 M/T	2026	A376	23	RFS	1	StokMD - 2026-08-06T080446.204.xls	HTML table / 3,496 data rows	2026-08-06 08:04:46	MD source has no aging field; MD aging unavailable
REVO X	GD4-BK	R2B02M01L2 M/T	2026	A376	24	RFS	1	StokMD - 2026-08-06T080446.204.xls	HTML table / 3,496 data rows	2026-08-06 08:04:46	MD source has no aging field; MD aging unavailable
REVO X	GD4-BK	R2B02M01L2 M/T	2026	A376	25	RFS	1	StokMD - 2026-08-06T080446.204.xls	HTML table / 3,496 data rows	2026-08-06 08:04:46	MD source has no aging field; MD aging unavailable
REVO X	GD4-BK	R2B02M01L2 M/T	2026	A376	26	RFS	1	StokMD - 2026-08-06T080446.204.xls	HTML table / 3,496 data rows	2026-08-06 08:04:46	MD source has no aging field; MD aging unavailable
REVO X	GD4-BK	R2B02M01L2 M/T	2026	A376	27	RFS	1	StokMD - 2026-08-06T080446.204.xls	HTML table / 3,496 data rows	2026-08-06 08:04:46	MD source has no aging field; MD aging unavailable
REVO X	GD4-BK	R2B02M01L2 M/T	2026	A376	28	RFS	1	StokMD - 2026-08-06T080446.204.xls	HTML table / 3,496 data rows	2026-08-06 08:04:46	MD source has no aging field; MD aging unavailable
REVO X	GD4-BK	R2B02M01L2 M/T	2026	A376	29	RFS	1	StokMD - 2026-08-06T080446.204.xls	HTML table / 3,496 data rows	2026-08-06 08:04:46	MD source has no aging field; MD aging unavailable
REVO X	GD4-BK	R2B02M01L2 M/T	2026	A376	3	RFS	1	StokMD - 2026-08-06T080446.204.xls	HTML table / 3,496 data rows	2026-08-06 08:04:46	MD source has no aging field; MD aging unavailable
REVO X	GD4-BK	R2B02M01L2 M/T	2026	A376	30	RFS	1	StokMD - 2026-08-06T080446.204.xls	HTML table / 3,496 data rows	2026-08-06 08:04:46	MD source has no aging field; MD aging unavailable
REVO X	GD4-BK	R2B02M01L2 M/T	2026	A376	31	RFS	1	StokMD - 2026-08-06T080446.204.xls	HTML table / 3,496 data rows	2026-08-06 08:04:46	MD source has no aging field; MD aging unavailable
REVO X	GD4-BK	R2B02M01L2 M/T	2026	A376	32	RFS	1	StokMD - 2026-08-06T080446.204.xls	HTML table / 3,496 data rows	2026-08-06 08:04:46	MD source has no aging field; MD aging unavailable
REVO X	GD4-BK	R2B02M01L2 M/T	2026	A376	33	RFS	1	StokMD - 2026-08-06T080446.204.xls	HTML table / 3,496 data rows	2026-08-06 08:04:46	MD source has no aging field; MD aging unavailable
REVO X	GD4-BK	R2B02M01L2 M/T	2026	A376	34	RFS	1	StokMD - 2026-08-06T080446.204.xls	HTML table / 3,496 data rows	2026-08-06 08:04:46	MD source has no aging field; MD aging unavailable
REVO X	GD4-BK	R2B02M01L2 M/T	2026	A376	35	RFS	1	StokMD - 2026-08-06T080446.204.xls	HTML table / 3,496 data rows	2026-08-06 08:04:46	MD source has no aging field; MD aging unavailable
REVO X	GD4-BK	R2B02M01L2 M/T	2026	A376	36	RFS	1	StokMD - 2026-08-06T080446.204.xls	HTML table / 3,496 data rows	2026-08-06 08:04:46	MD source has no aging field; MD aging unavailable
REVO X	GD4-BK	R2B02M01L2 M/T	2026	A376	37	RFS	1	StokMD - 2026-08-06T080446.204.xls	HTML table / 3,496 data rows	2026-08-06 08:04:46	MD source has no aging field; MD aging unavailable
REVO X	GD4-BK	R2B02M01L2 M/T	2026	A376	38	RFS	1	StokMD - 2026-08-06T080446.204.xls	HTML table / 3,496 data rows	2026-08-06 08:04:46	MD source has no aging field; MD aging unavailable
REVO X	GD4-BK	R2B02M01L2 M/T	2026	A376	39	RFS	1	StokMD - 2026-08-06T080446.204.xls	HTML table / 3,496 data rows	2026-08-06 08:04:46	MD source has no aging field; MD aging unavailable
REVO X	GD4-BK	R2B02M01L2 M/T	2026	A376	4	RFS	1	StokMD - 2026-08-06T080446.204.xls	HTML table / 3,496 data rows	2026-08-06 08:04:46	MD source has no aging field; MD aging unavailable
REVO X	GD4-BK	R2B02M01L2 M/T	2026	A376	40	RFS	1	StokMD - 2026-08-06T080446.204.xls	HTML table / 3,496 data rows	2026-08-06 08:04:46	MD source has no aging field; MD aging unavailable
REVO X	GD4-BK	R2B02M01L2 M/T	2026	A376	5	RFS	1	StokMD - 2026-08-06T080446.204.xls	HTML table / 3,496 data rows	2026-08-06 08:04:46	MD source has no aging field; MD aging unavailable
REVO X	GD4-BK	R2B02M01L2 M/T	2026	A376	6	RFS	1	StokMD - 2026-08-06T080446.204.xls	HTML table / 3,496 data rows	2026-08-06 08:04:46	MD source has no aging field; MD aging unavailable
REVO X	GD4-BK	R2B02M01L2 M/T	2026	A376	7	RFS	1	StokMD - 2026-08-06T080446.204.xls	HTML table / 3,496 data rows	2026-08-06 08:04:46	MD source has no aging field; MD aging unavailable
REVO X	GD4-BK	R2B02M01L2 M/T	2026	A376	8	RFS	1	StokMD - 2026-08-06T080446.204.xls	HTML table / 3,496 data rows	2026-08-06 08:04:46	MD source has no aging field; MD aging unavailable
REVO X	GD4-BK	R2B02M01L2 M/T	2026	A376	9	RFS	1	StokMD - 2026-08-06T080446.204.xls	HTML table / 3,496 data rows	2026-08-06 08:04:46	MD source has no aging field; MD aging unavailable
REVO X	GD4-BK	R2B02M01L2 M/T	2026	A411	12	RFS	1	StokMD - 2026-08-06T080446.204.xls	HTML table / 3,496 data rows	2026-08-06 08:04:46	MD source has no aging field; MD aging unavailable
REVO X	GD4-BK	R2B02M01L2 M/T	2026	A411	13	RFS	1	StokMD - 2026-08-06T080446.204.xls	HTML table / 3,496 data rows	2026-08-06 08:04:46	MD source has no aging field; MD aging unavailable
REVO X	GD4-BK	R2B02M01L2 M/T	2026	A411	14	RFS	1	StokMD - 2026-08-06T080446.204.xls	HTML table / 3,496 data rows	2026-08-06 08:04:46	MD source has no aging field; MD aging unavailable
REVO X	GD4-BK	R2B02M01L2 M/T	2026	A411	15	RFS	1	StokMD - 2026-08-06T080446.204.xls	HTML table / 3,496 data rows	2026-08-06 08:04:46	MD source has no aging field; MD aging unavailable
REVO X	GD4-BK	R2B02M01L2 M/T	2026	A411	16	RFS	1	StokMD - 2026-08-06T080446.204.xls	HTML table / 3,496 data rows	2026-08-06 08:04:46	MD source has no aging field; MD aging unavailable
REVO X	GD4-BK	R2B02M01L2 M/T	2026	A411	17	RFS	1	StokMD - 2026-08-06T080446.204.xls	HTML table / 3,496 data rows	2026-08-06 08:04:46	MD source has no aging field; MD aging unavailable
REVO X	GD4-BK	R2B02M01L2 M/T	2026	A411	18	RFS	1	StokMD - 2026-08-06T080446.204.xls	HTML table / 3,496 data rows	2026-08-06 08:04:46	MD source has no aging field; MD aging unavailable
REVO X	GD4-BK	R2B02M01L2 M/T	2026	A411	19	RFS	1	StokMD - 2026-08-06T080446.204.xls	HTML table / 3,496 data rows	2026-08-06 08:04:46	MD source has no aging field; MD aging unavailable
REVO X	GD4-BK	R2B02M01L2 M/T	2026	A411	2	RFS	1	StokMD - 2026-08-06T080446.204.xls	HTML table / 3,496 data rows	2026-08-06 08:04:46	MD source has no aging field; MD aging unavailable
REVO X	GD4-BK	R2B02M01L2 M/T	2026	A411	20	RFS	1	StokMD - 2026-08-06T080446.204.xls	HTML table / 3,496 data rows	2026-08-06 08:04:46	MD source has no aging field; MD aging unavailable
REVO X	GD4-BK	R2B02M01L2 M/T	2026	A411	22	RFS	1	StokMD - 2026-08-06T080446.204.xls	HTML table / 3,496 data rows	2026-08-06 08:04:46	MD source has no aging field; MD aging unavailable
REVO X	GD4-BK	R2B02M01L2 M/T	2026	A411	23	RFS	1	StokMD - 2026-08-06T080446.204.xls	HTML table / 3,496 data rows	2026-08-06 08:04:46	MD source has no aging field; MD aging unavailable
REVO X	GD4-BK	R2B02M01L2 M/T	2026	A411	25	RFS	1	StokMD - 2026-08-06T080446.204.xls	HTML table / 3,496 data rows	2026-08-06 08:04:46	MD source has no aging field; MD aging unavailable
REVO X	GD4-BK	R2B02M01L2 M/T	2026	A411	26	RFS	1	StokMD - 2026-08-06T080446.204.xls	HTML table / 3,496 data rows	2026-08-06 08:04:46	MD source has no aging field; MD aging unavailable
REVO X	GD4-BK	R2B02M01L2 M/T	2026	A411	27	RFS	1	StokMD - 2026-08-06T080446.204.xls	HTML table / 3,496 data rows	2026-08-06 08:04:46	MD source has no aging field; MD aging unavailable
REVO X	GD4-BK	R2B02M01L2 M/T	2026	A411	28	RFS	1	StokMD - 2026-08-06T080446.204.xls	HTML table / 3,496 data rows	2026-08-06 08:04:46	MD source has no aging field; MD aging unavailable
REVO X	GD4-BK	R2B02M01L2 M/T	2026	A411	29	RFS	1	StokMD - 2026-08-06T080446.204.xls	HTML table / 3,496 data rows	2026-08-06 08:04:46	MD source has no aging field; MD aging unavailable
REVO X	GD4-BK	R2B02M01L2 M/T	2026	A411	3	RFS	1	StokMD - 2026-08-06T080446.204.xls	HTML table / 3,496 data rows	2026-08-06 08:04:46	MD source has no aging field; MD aging unavailable
REVO X	GD4-BK	R2B02M01L2 M/T	2026	A411	30	RFS	1	StokMD - 2026-08-06T080446.204.xls	HTML table / 3,496 data rows	2026-08-06 08:04:46	MD source has no aging field; MD aging unavailable
REVO X	GD4-BK	R2B02M01L2 M/T	2026	A411	31	RFS	1	StokMD - 2026-08-06T080446.204.xls	HTML table / 3,496 data rows	2026-08-06 08:04:46	MD source has no aging field; MD aging unavailable
REVO X	GD4-BK	R2B02M01L2 M/T	2026	A411	32	RFS	1	StokMD - 2026-08-06T080446.204.xls	HTML table / 3,496 data rows	2026-08-06 08:04:46	MD source has no aging field; MD aging unavailable
REVO X	GD4-BK	R2B02M01L2 M/T	2026	A411	33	RFS	1	StokMD - 2026-08-06T080446.204.xls	HTML table / 3,496 data rows	2026-08-06 08:04:46	MD source has no aging field; MD aging unavailable
REVO X	GD4-BK	R2B02M01L2 M/T	2026	A411	34	RFS	1	StokMD - 2026-08-06T080446.204.xls	HTML table / 3,496 data rows	2026-08-06 08:04:46	MD source has no aging field; MD aging unavailable
REVO X	GD4-BK	R2B02M01L2 M/T	2026	A411	35	RFS	1	StokMD - 2026-08-06T080446.204.xls	HTML table / 3,496 data rows	2026-08-06 08:04:46	MD source has no aging field; MD aging unavailable
REVO X	GD4-BK	R2B02M01L2 M/T	2026	A411	36	RFS	1	StokMD - 2026-08-06T080446.204.xls	HTML table / 3,496 data rows	2026-08-06 08:04:46	MD source has no aging field; MD aging unavailable
REVO X	GD4-BK	R2B02M01L2 M/T	2026	A411	37	RFS	1	StokMD - 2026-08-06T080446.204.xls	HTML table / 3,496 data rows	2026-08-06 08:04:46	MD source has no aging field; MD aging unavailable
REVO X	GD4-BK	R2B02M01L2 M/T	2026	A411	38	RFS	1	StokMD - 2026-08-06T080446.204.xls	HTML table / 3,496 data rows	2026-08-06 08:04:46	MD source has no aging field; MD aging unavailable
REVO X	GD4-BK	R2B02M01L2 M/T	2026	A411	39	RFS	1	StokMD - 2026-08-06T080446.204.xls	HTML table / 3,496 data rows	2026-08-06 08:04:46	MD source has no aging field; MD aging unavailable
REVO X	GD4-BK	R2B02M01L2 M/T	2026	A411	4	RFS	1	StokMD - 2026-08-06T080446.204.xls	HTML table / 3,496 data rows	2026-08-06 08:04:46	MD source has no aging field; MD aging unavailable
REVO X	GD4-BK	R2B02M01L2 M/T	2026	A411	40	RFS	1	StokMD - 2026-08-06T080446.204.xls	HTML table / 3,496 data rows	2026-08-06 08:04:46	MD source has no aging field; MD aging unavailable
REVO X	GD4-BK	R2B02M01L2 M/T	2026	A411	5	RFS	1	StokMD - 2026-08-06T080446.204.xls	HTML table / 3,496 data rows	2026-08-06 08:04:46	MD source has no aging field; MD aging unavailable
REVO X	GD4-BK	R2B02M01L2 M/T	2026	A411	6	RFS	1	StokMD - 2026-08-06T080446.204.xls	HTML table / 3,496 data rows	2026-08-06 08:04:46	MD source has no aging field; MD aging unavailable
REVO X	GD4-BK	R2B02M01L2 M/T	2026	A411	7	RFS	1	StokMD - 2026-08-06T080446.204.xls	HTML table / 3,496 data rows	2026-08-06 08:04:46	MD source has no aging field; MD aging unavailable
REVO X	GD4-BK	R2B02M01L2 M/T	2026	A411	8	RFS	1	StokMD - 2026-08-06T080446.204.xls	HTML table / 3,496 data rows	2026-08-06 08:04:46	MD source has no aging field; MD aging unavailable
REVO X	GD4-BK	R2B02M01L2 M/T	2026	A411	9	RFS	1	StokMD - 2026-08-06T080446.204.xls	HTML table / 3,496 data rows	2026-08-06 08:04:46	MD source has no aging field; MD aging unavailable
REVO X	GD4-BK	R2B02M01L2 M/T	2026	A412	1	RFS	1	StokMD - 2026-08-06T080446.204.xls	HTML table / 3,496 data rows	2026-08-06 08:04:46	MD source has no aging field; MD aging unavailable
REVO X	GD4-BK	R2B02M01L2 M/T	2026	A412	13	RFS	1	StokMD - 2026-08-06T080446.204.xls	HTML table / 3,496 data rows	2026-08-06 08:04:46	MD source has no aging field; MD aging unavailable
REVO X	GD4-BK	R2B02M01L2 M/T	2026	A412	2	RFS	1	StokMD - 2026-08-06T080446.204.xls	HTML table / 3,496 data rows	2026-08-06 08:04:46	MD source has no aging field; MD aging unavailable
REVO X	GD4-BK	R2B02M01L2 M/T	2026	A412	22	RFS	1	StokMD - 2026-08-06T080446.204.xls	HTML table / 3,496 data rows	2026-08-06 08:04:46	MD source has no aging field; MD aging unavailable
REVO X	GD4-BK	R2B02M01L2 M/T	2026	A412	23	RFS	1	StokMD - 2026-08-06T080446.204.xls	HTML table / 3,496 data rows	2026-08-06 08:04:46	MD source has no aging field; MD aging unavailable
REVO X	GD4-BK	R2B02M01L2 M/T	2026	A412	24	RFS	1	StokMD - 2026-08-06T080446.204.xls	HTML table / 3,496 data rows	2026-08-06 08:04:46	MD source has no aging field; MD aging unavailable
REVO X	GD4-BK	R2B02M01L2 M/T	2026	A412	25	RFS	1	StokMD - 2026-08-06T080446.204.xls	HTML table / 3,496 data rows	2026-08-06 08:04:46	MD source has no aging field; MD aging unavailable
REVO X	GD4-BK	R2B02M01L2 M/T	2026	A412	26	RFS	2	StokMD - 2026-08-06T080446.204.xls	HTML table / 3,496 data rows	2026-08-06 08:04:46	MD source has no aging field; MD aging unavailable
REVO X	GD4-BK	R2B02M01L2 M/T	2026	A412	27	RFS	1	StokMD - 2026-08-06T080446.204.xls	HTML table / 3,496 data rows	2026-08-06 08:04:46	MD source has no aging field; MD aging unavailable
REVO X	GD4-BK	R2B02M01L2 M/T	2026	A412	29	RFS	1	StokMD - 2026-08-06T080446.204.xls	HTML table / 3,496 data rows	2026-08-06 08:04:46	MD source has no aging field; MD aging unavailable
REVO X	GD4-BK	R2B02M01L2 M/T	2026	A412	3	RFS	1	StokMD - 2026-08-06T080446.204.xls	HTML table / 3,496 data rows	2026-08-06 08:04:46	MD source has no aging field; MD aging unavailable
REVO X	GD4-BK	R2B02M01L2 M/T	2026	A412	30	RFS	1	StokMD - 2026-08-06T080446.204.xls	HTML table / 3,496 data rows	2026-08-06 08:04:46	MD source has no aging field; MD aging unavailable
REVO X	GD4-BK	R2B02M01L2 M/T	2026	A412	31	RFS	1	StokMD - 2026-08-06T080446.204.xls	HTML table / 3,496 data rows	2026-08-06 08:04:46	MD source has no aging field; MD aging unavailable
REVO X	GD4-BK	R2B02M01L2 M/T	2026	A412	32	RFS	1	StokMD - 2026-08-06T080446.204.xls	HTML table / 3,496 data rows	2026-08-06 08:04:46	MD source has no aging field; MD aging unavailable
REVO X	GD4-BK	R2B02M01L2 M/T	2026	A412	33	RFS	1	StokMD - 2026-08-06T080446.204.xls	HTML table / 3,496 data rows	2026-08-06 08:04:46	MD source has no aging field; MD aging unavailable
REVO X	GD4-BK	R2B02M01L2 M/T	2026	A412	34	RFS	1	StokMD - 2026-08-06T080446.204.xls	HTML table / 3,496 data rows	2026-08-06 08:04:46	MD source has no aging field; MD aging unavailable
REVO X	GD4-BK	R2B02M01L2 M/T	2026	A412	35	RFS	1	StokMD - 2026-08-06T080446.204.xls	HTML table / 3,496 data rows	2026-08-06 08:04:46	MD source has no aging field; MD aging unavailable
REVO X	GD4-BK	R2B02M01L2 M/T	2026	A412	36	RFS	1	StokMD - 2026-08-06T080446.204.xls	HTML table / 3,496 data rows	2026-08-06 08:04:46	MD source has no aging field; MD aging unavailable
REVO X	GD4-BK	R2B02M01L2 M/T	2026	A412	37	RFS	1	StokMD - 2026-08-06T080446.204.xls	HTML table / 3,496 data rows	2026-08-06 08:04:46	MD source has no aging field; MD aging unavailable
REVO X	GD4-BK	R2B02M01L2 M/T	2026	A412	38	RFS	1	StokMD - 2026-08-06T080446.204.xls	HTML table / 3,496 data rows	2026-08-06 08:04:46	MD source has no aging field; MD aging unavailable
REVO X	GD4-BK	R2B02M01L2 M/T	2026	A412	39	RFS	1	StokMD - 2026-08-06T080446.204.xls	HTML table / 3,496 data rows	2026-08-06 08:04:46	MD source has no aging field; MD aging unavailable
REVO X	GD4-BK	R2B02M01L2 M/T	2026	A412	4	RFS	1	StokMD - 2026-08-06T080446.204.xls	HTML table / 3,496 data rows	2026-08-06 08:04:46	MD source has no aging field; MD aging unavailable
REVO X	GD4-BK	R2B02M01L2 M/T	2026	A412	40	RFS	1	StokMD - 2026-08-06T080446.204.xls	HTML table / 3,496 data rows	2026-08-06 08:04:46	MD source has no aging field; MD aging unavailable
REVO X	GD4-BK	R2B02M01L2 M/T	2026	A412	41	RFS	1	StokMD - 2026-08-06T080446.204.xls	HTML table / 3,496 data rows	2026-08-06 08:04:46	MD source has no aging field; MD aging unavailable
REVO X	GD4-BK	R2B02M01L2 M/T	2026	A412	5	RFS	1	StokMD - 2026-08-06T080446.204.xls	HTML table / 3,496 data rows	2026-08-06 08:04:46	MD source has no aging field; MD aging unavailable
REVO X	GD4-BK	R2B02M01L2 M/T	2026	A412	6	RFS	1	StokMD - 2026-08-06T080446.204.xls	HTML table / 3,496 data rows	2026-08-06 08:04:46	MD source has no aging field; MD aging unavailable
REVO X	GD4-BK	R2B02M01L2 M/T	2026	A412	7	RFS	1	StokMD - 2026-08-06T080446.204.xls	HTML table / 3,496 data rows	2026-08-06 08:04:46	MD source has no aging field; MD aging unavailable
REVO X	GD4-BK	R2B02M01L2 M/T	2026	A416	1	RFS	1	StokMD - 2026-08-06T080446.204.xls	HTML table / 3,496 data rows	2026-08-06 08:04:46	MD source has no aging field; MD aging unavailable
REVO X	GD4-BK	R2B02M01L2 M/T	2026	A416	10	RFS	1	StokMD - 2026-08-06T080446.204.xls	HTML table / 3,496 data rows	2026-08-06 08:04:46	MD source has no aging field; MD aging unavailable
REVO X	GD4-BK	R2B02M01L2 M/T	2026	A416	11	RFS	1	StokMD - 2026-08-06T080446.204.xls	HTML table / 3,496 data rows	2026-08-06 08:04:46	MD source has no aging field; MD aging unavailable
REVO X	GD4-BK	R2B02M01L2 M/T	2026	A416	12	RFS	1	StokMD - 2026-08-06T080446.204.xls	HTML table / 3,496 data rows	2026-08-06 08:04:46	MD source has no aging field; MD aging unavailable
REVO X	GD4-BK	R2B02M01L2 M/T	2026	A416	13	RFS	1	StokMD - 2026-08-06T080446.204.xls	HTML table / 3,496 data rows	2026-08-06 08:04:46	MD source has no aging field; MD aging unavailable
REVO X	GD4-BK	R2B02M01L2 M/T	2026	A416	14	RFS	1	StokMD - 2026-08-06T080446.204.xls	HTML table / 3,496 data rows	2026-08-06 08:04:46	MD source has no aging field; MD aging unavailable
REVO X	GD4-BK	R2B02M01L2 M/T	2026	A416	15	RFS	1	StokMD - 2026-08-06T080446.204.xls	HTML table / 3,496 data rows	2026-08-06 08:04:46	MD source has no aging field; MD aging unavailable
REVO X	GD4-BK	R2B02M01L2 M/T	2026	A416	16	RFS	1	StokMD - 2026-08-06T080446.204.xls	HTML table / 3,496 data rows	2026-08-06 08:04:46	MD source has no aging field; MD aging unavailable
REVO X	GD4-BK	R2B02M01L2 M/T	2026	A416	17	RFS	1	StokMD - 2026-08-06T080446.204.xls	HTML table / 3,496 data rows	2026-08-06 08:04:46	MD source has no aging field; MD aging unavailable
REVO X	GD4-BK	R2B02M01L2 M/T	2026	A416	18	RFS	1	StokMD - 2026-08-06T080446.204.xls	HTML table / 3,496 data rows	2026-08-06 08:04:46	MD source has no aging field; MD aging unavailable
REVO X	GD4-BK	R2B02M01L2 M/T	2026	A416	19	RFS	1	StokMD - 2026-08-06T080446.204.xls	HTML table / 3,496 data rows	2026-08-06 08:04:46	MD source has no aging field; MD aging unavailable
REVO X	GD4-BK	R2B02M01L2 M/T	2026	A416	2	RFS	1	StokMD - 2026-08-06T080446.204.xls	HTML table / 3,496 data rows	2026-08-06 08:04:46	MD source has no aging field; MD aging unavailable
REVO X	GD4-BK	R2B02M01L2 M/T	2026	A416	3	RFS	1	StokMD - 2026-08-06T080446.204.xls	HTML table / 3,496 data rows	2026-08-06 08:04:46	MD source has no aging field; MD aging unavailable
REVO X	GD4-BK	R2B02M01L2 M/T	2026	A416	38	RFS	1	StokMD - 2026-08-06T080446.204.xls	HTML table / 3,496 data rows	2026-08-06 08:04:46	MD source has no aging field; MD aging unavailable
REVO X	GD4-BK	R2B02M01L2 M/T	2026	A416	39	RFS	1	StokMD - 2026-08-06T080446.204.xls	HTML table / 3,496 data rows	2026-08-06 08:04:46	MD source has no aging field; MD aging unavailable
REVO X	GD4-BK	R2B02M01L2 M/T	2026	A416	4	RFS	1	StokMD - 2026-08-06T080446.204.xls	HTML table / 3,496 data rows	2026-08-06 08:04:46	MD source has no aging field; MD aging unavailable
REVO X	GD4-BK	R2B02M01L2 M/T	2026	A416	5	RFS	1	StokMD - 2026-08-06T080446.204.xls	HTML table / 3,496 data rows	2026-08-06 08:04:46	MD source has no aging field; MD aging unavailable
REVO X	GD4-BK	R2B02M01L2 M/T	2026	A416	6	RFS	1	StokMD - 2026-08-06T080446.204.xls	HTML table / 3,496 data rows	2026-08-06 08:04:46	MD source has no aging field; MD aging unavailable
REVO X	GD4-BK	R2B02M01L2 M/T	2026	A416	7	RFS	1	StokMD - 2026-08-06T080446.204.xls	HTML table / 3,496 data rows	2026-08-06 08:04:46	MD source has no aging field; MD aging unavailable
REVO X	GD4-BK	R2B02M01L2 M/T	2026	A416	8	RFS	1	StokMD - 2026-08-06T080446.204.xls	HTML table / 3,496 data rows	2026-08-06 08:04:46	MD source has no aging field; MD aging unavailable
REVO X	GD4-BK	R2B02M01L2 M/T	2026	A416	9	RFS	1	StokMD - 2026-08-06T080446.204.xls	HTML table / 3,496 data rows	2026-08-06 08:04:46	MD source has no aging field; MD aging unavailable
REVO X	GD4-BK	R2B02M01L2 M/T	2026	A421	17	RFS	1	StokMD - 2026-08-06T080446.204.xls	HTML table / 3,496 data rows	2026-08-06 08:04:46	MD source has no aging field; MD aging unavailable
REVO X	GD4-BK	R2B02M01L2 M/T	2026	A421	18	RFS	1	StokMD - 2026-08-06T080446.204.xls	HTML table / 3,496 data rows	2026-08-06 08:04:46	MD source has no aging field; MD aging unavailable
REVO X	GD4-BK	R2B02M01L2 M/T	2026	A421	19	RFS	1	StokMD - 2026-08-06T080446.204.xls	HTML table / 3,496 data rows	2026-08-06 08:04:46	MD source has no aging field; MD aging unavailable
REVO X	GD4-BK	R2B02M01L2 M/T	2026	A421	20	RFS	1	StokMD - 2026-08-06T080446.204.xls	HTML table / 3,496 data rows	2026-08-06 08:04:46	MD source has no aging field; MD aging unavailable
REVO X	GD4-BK	R2B02M01L2 M/T	2026	A421	21	RFS	1	StokMD - 2026-08-06T080446.204.xls	HTML table / 3,496 data rows	2026-08-06 08:04:46	MD source has no aging field; MD aging unavailable
REVO X	GD4-BK	R2B02M01L2 M/T	2026	A421	22	RFS	1	StokMD - 2026-08-06T080446.204.xls	HTML table / 3,496 data rows	2026-08-06 08:04:46	MD source has no aging field; MD aging unavailable
REVO X	GD4-BK	R2B02M01L2 M/T	2026	A421	23	RFS	1	StokMD - 2026-08-06T080446.204.xls	HTML table / 3,496 data rows	2026-08-06 08:04:46	MD source has no aging field; MD aging unavailable
REVO X	GD4-BK	R2B02M01L2 M/T	2026	A421	24	RFS	1	StokMD - 2026-08-06T080446.204.xls	HTML table / 3,496 data rows	2026-08-06 08:04:46	MD source has no aging field; MD aging unavailable
REVO X	GD4-BK	R2B02M01L2 M/T	2026	A421	25	RFS	1	StokMD - 2026-08-06T080446.204.xls	HTML table / 3,496 data rows	2026-08-06 08:04:46	MD source has no aging field; MD aging unavailable
REVO X	GD4-BK	R2B02M01L2 M/T	2026	A421	26	RFS	1	StokMD - 2026-08-06T080446.204.xls	HTML table / 3,496 data rows	2026-08-06 08:04:46	MD source has no aging field; MD aging unavailable
REVO X	GD4-BK	R2B02M01L2 M/T	2026	A421	27	RFS	1	StokMD - 2026-08-06T080446.204.xls	HTML table / 3,496 data rows	2026-08-06 08:04:46	MD source has no aging field; MD aging unavailable
REVO X	GD4-BK	R2B02M01L2 M/T	2026	A421	28	RFS	1	StokMD - 2026-08-06T080446.204.xls	HTML table / 3,496 data rows	2026-08-06 08:04:46	MD source has no aging field; MD aging unavailable
REVO X	GD4-BK	R2B02M01L2 M/T	2026	A421	29	RFS	1	StokMD - 2026-08-06T080446.204.xls	HTML table / 3,496 data rows	2026-08-06 08:04:46	MD source has no aging field; MD aging unavailable
REVO X	GD4-BK	R2B02M01L2 M/T	2026	A421	30	RFS	1	StokMD - 2026-08-06T080446.204.xls	HTML table / 3,496 data rows	2026-08-06 08:04:46	MD source has no aging field; MD aging unavailable
REVO X	GD4-BK	R2B02M01L2 M/T	2026	A421	33	RFS	1	StokMD - 2026-08-06T080446.204.xls	HTML table / 3,496 data rows	2026-08-06 08:04:46	MD source has no aging field; MD aging unavailable
REVO X	GD4-BK	R2B02M01L2 M/T	2026	A421	34	RFS	1	StokMD - 2026-08-06T080446.204.xls	HTML table / 3,496 data rows	2026-08-06 08:04:46	MD source has no aging field; MD aging unavailable
REVO X	GD4-BK	R2B02M01L2 M/T	2026	A421	35	RFS	1	StokMD - 2026-08-06T080446.204.xls	HTML table / 3,496 data rows	2026-08-06 08:04:46	MD source has no aging field; MD aging unavailable
REVO X	GD4-BK	R2B02M01L2 M/T	2026	A421	36	RFS	1	StokMD - 2026-08-06T080446.204.xls	HTML table / 3,496 data rows	2026-08-06 08:04:46	MD source has no aging field; MD aging unavailable
REVO X	GD4-BK	R2B02M01L2 M/T	2026	A421	37	RFS	1	StokMD - 2026-08-06T080446.204.xls	HTML table / 3,496 data rows	2026-08-06 08:04:46	MD source has no aging field; MD aging unavailable
REVO X	GD4-BK	R2B02M01L2 M/T	2026	A421	39	RFS	1	StokMD - 2026-08-06T080446.204.xls	HTML table / 3,496 data rows	2026-08-06 08:04:46	MD source has no aging field; MD aging unavailable
REVO X	GD4-BK	R2B02M01L2 M/T	2026	A421	40	RFS	1	StokMD - 2026-08-06T080446.204.xls	HTML table / 3,496 data rows	2026-08-06 08:04:46	MD source has no aging field; MD aging unavailable
REVO X	GD4-BK	R2B02M01L2 M/T	2026	A421	41	RFS	1	StokMD - 2026-08-06T080446.204.xls	HTML table / 3,496 data rows	2026-08-06 08:04:46	MD source has no aging field; MD aging unavailable
REVO X	GD4-BK	R2B02M01L2 M/T	2026	A421	42	RFS	1	StokMD - 2026-08-06T080446.204.xls	HTML table / 3,496 data rows	2026-08-06 08:04:46	MD source has no aging field; MD aging unavailable
REVO X	GD4-BK	R2B02M01L2 M/T	2026	A421	45	RFS	1	StokMD - 2026-08-06T080446.204.xls	HTML table / 3,496 data rows	2026-08-06 08:04:46	MD source has no aging field; MD aging unavailable
REVO X	GD4-BK	R2B02M01L2 M/T	2026	A421	46	RFS	1	StokMD - 2026-08-06T080446.204.xls	HTML table / 3,496 data rows	2026-08-06 08:04:46	MD source has no aging field; MD aging unavailable
REVO X	GD4-BK	R2B02M01L2 M/T	2026	A421	47	RFS	1	StokMD - 2026-08-06T080446.204.xls	HTML table / 3,496 data rows	2026-08-06 08:04:46	MD source has no aging field; MD aging unavailable
REVO X	GD4-BK	R2B02M01L2 M/T	2026	A421	48	RFS	1	StokMD - 2026-08-06T080446.204.xls	HTML table / 3,496 data rows	2026-08-06 08:04:46	MD source has no aging field; MD aging unavailable
REVO X	GD4-BK	R2B02M01L2 M/T	2026	A421	7	RFS	1	StokMD - 2026-08-06T080446.204.xls	HTML table / 3,496 data rows	2026-08-06 08:04:46	MD source has no aging field; MD aging unavailable
REVO X	GD4-BK	R2B02M01L2 M/T	2026	A426	0	RFS	2	StokMD - 2026-08-06T080446.204.xls	HTML table / 3,496 data rows	2026-08-06 08:04:46	MD source has no aging field; MD aging unavailable
REVO X	GD4-BK	R2B02M01L2 M/T	2026	A426	15	RFS	1	StokMD - 2026-08-06T080446.204.xls	HTML table / 3,496 data rows	2026-08-06 08:04:46	MD source has no aging field; MD aging unavailable
REVO X	GD4-BK	R2B02M01L2 M/T	2026	A426	18	RFS	1	StokMD - 2026-08-06T080446.204.xls	HTML table / 3,496 data rows	2026-08-06 08:04:46	MD source has no aging field; MD aging unavailable
REVO X	GD4-BK	R2B02M01L2 M/T	2026	A426	19	RFS	1	StokMD - 2026-08-06T080446.204.xls	HTML table / 3,496 data rows	2026-08-06 08:04:46	MD source has no aging field; MD aging unavailable
REVO X	GD4-BK	R2B02M01L2 M/T	2026	A426	2	RFS	1	StokMD - 2026-08-06T080446.204.xls	HTML table / 3,496 data rows	2026-08-06 08:04:46	MD source has no aging field; MD aging unavailable
REVO X	GD4-BK	R2B02M01L2 M/T	2026	A426	20	RFS	1	StokMD - 2026-08-06T080446.204.xls	HTML table / 3,496 data rows	2026-08-06 08:04:46	MD source has no aging field; MD aging unavailable
REVO X	GD4-BK	R2B02M01L2 M/T	2026	A426	21	RFS	1	StokMD - 2026-08-06T080446.204.xls	HTML table / 3,496 data rows	2026-08-06 08:04:46	MD source has no aging field; MD aging unavailable
REVO X	GD4-BK	R2B02M01L2 M/T	2026	A426	22	RFS	1	StokMD - 2026-08-06T080446.204.xls	HTML table / 3,496 data rows	2026-08-06 08:04:46	MD source has no aging field; MD aging unavailable
REVO X	GD4-BK	R2B02M01L2 M/T	2026	A426	23	RFS	1	StokMD - 2026-08-06T080446.204.xls	HTML table / 3,496 data rows	2026-08-06 08:04:46	MD source has no aging field; MD aging unavailable
REVO X	GD4-BK	R2B02M01L2 M/T	2026	A426	27	RFS	1	StokMD - 2026-08-06T080446.204.xls	HTML table / 3,496 data rows	2026-08-06 08:04:46	MD source has no aging field; MD aging unavailable
REVO X	GD4-BK	R2B02M01L2 M/T	2026	A426	28	RFS	1	StokMD - 2026-08-06T080446.204.xls	HTML table / 3,496 data rows	2026-08-06 08:04:46	MD source has no aging field; MD aging unavailable
REVO X	GD4-BK	R2B02M01L2 M/T	2026	A426	29	RFS	1	StokMD - 2026-08-06T080446.204.xls	HTML table / 3,496 data rows	2026-08-06 08:04:46	MD source has no aging field; MD aging unavailable
REVO X	GD4-BK	R2B02M01L2 M/T	2026	A426	30	RFS	1	StokMD - 2026-08-06T080446.204.xls	HTML table / 3,496 data rows	2026-08-06 08:04:46	MD source has no aging field; MD aging unavailable
REVO X	GD4-BK	R2B02M01L2 M/T	2026	A426	35	RFS	1	StokMD - 2026-08-06T080446.204.xls	HTML table / 3,496 data rows	2026-08-06 08:04:46	MD source has no aging field; MD aging unavailable
REVO X	GD4-BK	R2B02M01L2 M/T	2026	A426	4	RFS	1	StokMD - 2026-08-06T080446.204.xls	HTML table / 3,496 data rows	2026-08-06 08:04:46	MD source has no aging field; MD aging unavailable
REVO X	GD4-BK	R2B02M01L2 M/T	2026	A426	5	RFS	1	StokMD - 2026-08-06T080446.204.xls	HTML table / 3,496 data rows	2026-08-06 08:04:46	MD source has no aging field; MD aging unavailable
REVO X	GD4-BK	R2B02M01L2 M/T	2026	A426	6	RFS	1	StokMD - 2026-08-06T080446.204.xls	HTML table / 3,496 data rows	2026-08-06 08:04:46	MD source has no aging field; MD aging unavailable
REVO X	GD4-BK	R2B02M01L2 M/T	2026	A426	7	RFS	1	StokMD - 2026-08-06T080446.204.xls	HTML table / 3,496 data rows	2026-08-06 08:04:46	MD source has no aging field; MD aging unavailable
REVO X	GD4-BK	R2B02M01L2 M/T	2026	A426	8	RFS	1	StokMD - 2026-08-06T080446.204.xls	HTML table / 3,496 data rows	2026-08-06 08:04:46	MD source has no aging field; MD aging unavailable
REVO X	GD4-BK	R2B02M01L2 M/T	2026	A426	9	RFS	1	StokMD - 2026-08-06T080446.204.xls	HTML table / 3,496 data rows	2026-08-06 08:04:46	MD source has no aging field; MD aging unavailable
REVO X	GD4-BK	R2B02M01L2 M/T	2026	A433	10	RFS	1	StokMD - 2026-08-06T080446.204.xls	HTML table / 3,496 data rows	2026-08-06 08:04:46	MD source has no aging field; MD aging unavailable
REVO X	GD4-BK	R2B02M01L2 M/T	2026	A433	11	RFS	1	StokMD - 2026-08-06T080446.204.xls	HTML table / 3,496 data rows	2026-08-06 08:04:46	MD source has no aging field; MD aging unavailable
REVO X	GD4-BK	R2B02M01L2 M/T	2026	A433	12	RFS	1	StokMD - 2026-08-06T080446.204.xls	HTML table / 3,496 data rows	2026-08-06 08:04:46	MD source has no aging field; MD aging unavailable
REVO X	GD4-BK	R2B02M01L2 M/T	2026	A433	13	RFS	1	StokMD - 2026-08-06T080446.204.xls	HTML table / 3,496 data rows	2026-08-06 08:04:46	MD source has no aging field; MD aging unavailable
REVO X	GD4-BK	R2B02M01L2 M/T	2026	A433	14	RFS	1	StokMD - 2026-08-06T080446.204.xls	HTML table / 3,496 data rows	2026-08-06 08:04:46	MD source has no aging field; MD aging unavailable
REVO X	GD4-BK	R2B02M01L2 M/T	2026	A433	15	RFS	1	StokMD - 2026-08-06T080446.204.xls	HTML table / 3,496 data rows	2026-08-06 08:04:46	MD source has no aging field; MD aging unavailable
REVO X	GD4-BK	R2B02M01L2 M/T	2026	A433	16	RFS	1	StokMD - 2026-08-06T080446.204.xls	HTML table / 3,496 data rows	2026-08-06 08:04:46	MD source has no aging field; MD aging unavailable
REVO X	GD4-BK	R2B02M01L2 M/T	2026	A433	17	RFS	1	StokMD - 2026-08-06T080446.204.xls	HTML table / 3,496 data rows	2026-08-06 08:04:46	MD source has no aging field; MD aging unavailable
REVO X	GD4-BK	R2B02M01L2 M/T	2026	A433	18	RFS	1	StokMD - 2026-08-06T080446.204.xls	HTML table / 3,496 data rows	2026-08-06 08:04:46	MD source has no aging field; MD aging unavailable
REVO X	GD4-BK	R2B02M01L2 M/T	2026	A433	19	RFS	1	StokMD - 2026-08-06T080446.204.xls	HTML table / 3,496 data rows	2026-08-06 08:04:46	MD source has no aging field; MD aging unavailable
REVO X	GD4-BK	R2B02M01L2 M/T	2026	A433	20	RFS	1	StokMD - 2026-08-06T080446.204.xls	HTML table / 3,496 data rows	2026-08-06 08:04:46	MD source has no aging field; MD aging unavailable
REVO X	GD4-BK	R2B02M01L2 M/T	2026	A433	27	RFS	1	StokMD - 2026-08-06T080446.204.xls	HTML table / 3,496 data rows	2026-08-06 08:04:46	MD source has no aging field; MD aging unavailable
REVO X	GD4-BK	R2B02M01L2 M/T	2026	A433	28	RFS	1	StokMD - 2026-08-06T080446.204.xls	HTML table / 3,496 data rows	2026-08-06 08:04:46	MD source has no aging field; MD aging unavailable
REVO X	GD4-BK	R2B02M01L2 M/T	2026	A433	29	RFS	1	StokMD - 2026-08-06T080446.204.xls	HTML table / 3,496 data rows	2026-08-06 08:04:46	MD source has no aging field; MD aging unavailable
REVO X	GD4-BK	R2B02M01L2 M/T	2026	A433	30	RFS	1	StokMD - 2026-08-06T080446.204.xls	HTML table / 3,496 data rows	2026-08-06 08:04:46	MD source has no aging field; MD aging unavailable
REVO X	GD4-BK	R2B02M01L2 M/T	2026	A433	31	RFS	1	StokMD - 2026-08-06T080446.204.xls	HTML table / 3,496 data rows	2026-08-06 08:04:46	MD source has no aging field; MD aging unavailable
REVO X	GD4-BK	R2B02M01L2 M/T	2026	A433	32	RFS	1	StokMD - 2026-08-06T080446.204.xls	HTML table / 3,496 data rows	2026-08-06 08:04:46	MD source has no aging field; MD aging unavailable
REVO X	GD4-BK	R2B02M01L2 M/T	2026	A433	33	RFS	1	StokMD - 2026-08-06T080446.204.xls	HTML table / 3,496 data rows	2026-08-06 08:04:46	MD source has no aging field; MD aging unavailable
REVO X	GD4-BK	R2B02M01L2 M/T	2026	A433	34	RFS	1	StokMD - 2026-08-06T080446.204.xls	HTML table / 3,496 data rows	2026-08-06 08:04:46	MD source has no aging field; MD aging unavailable
REVO X	GD4-BK	R2B02M01L2 M/T	2026	A433	35	RFS	1	StokMD - 2026-08-06T080446.204.xls	HTML table / 3,496 data rows	2026-08-06 08:04:46	MD source has no aging field; MD aging unavailable
REVO X	GD4-BK	R2B02M01L2 M/T	2026	A433	36	RFS	1	StokMD - 2026-08-06T080446.204.xls	HTML table / 3,496 data rows	2026-08-06 08:04:46	MD source has no aging field; MD aging unavailable
REVO X	GD4-BK	R2B02M01L2 M/T	2026	A433	37	RFS	1	StokMD - 2026-08-06T080446.204.xls	HTML table / 3,496 data rows	2026-08-06 08:04:46	MD source has no aging field; MD aging unavailable
REVO X	GD4-BK	R2B02M01L2 M/T	2026	A433	38	RFS	1	StokMD - 2026-08-06T080446.204.xls	HTML table / 3,496 data rows	2026-08-06 08:04:46	MD source has no aging field; MD aging unavailable
REVO X	GD4-BK	R2B02M01L2 M/T	2026	A433	39	RFS	1	StokMD - 2026-08-06T080446.204.xls	HTML table / 3,496 data rows	2026-08-06 08:04:46	MD source has no aging field; MD aging unavailable
REVO X	GD4-BK	R2B02M01L2 M/T	2026	A433	40	RFS	1	StokMD - 2026-08-06T080446.204.xls	HTML table / 3,496 data rows	2026-08-06 08:04:46	MD source has no aging field; MD aging unavailable
REVO X	GD4-BK	R2B02M01L2 M/T	2026	A433	7	RFS	1	StokMD - 2026-08-06T080446.204.xls	HTML table / 3,496 data rows	2026-08-06 08:04:46	MD source has no aging field; MD aging unavailable
REVO X	GD4-BK	R2B02M01L2 M/T	2026	A433	8	RFS	1	StokMD - 2026-08-06T080446.204.xls	HTML table / 3,496 data rows	2026-08-06 08:04:46	MD source has no aging field; MD aging unavailable
REVO X	GD4-BK	R2B02M01L2 M/T	2026	A433	9	RFS	1	StokMD - 2026-08-06T080446.204.xls	HTML table / 3,496 data rows	2026-08-06 08:04:46	MD source has no aging field; MD aging unavailable
REVO X	GD4-BK	R2B02M01L2 M/T	2026	A441	1	RFS	1	StokMD - 2026-08-06T080446.204.xls	HTML table / 3,496 data rows	2026-08-06 08:04:46	MD source has no aging field; MD aging unavailable
REVO X	GD4-BK	R2B02M01L2 M/T	2026	A441	10	RFS	1	StokMD - 2026-08-06T080446.204.xls	HTML table / 3,496 data rows	2026-08-06 08:04:46	MD source has no aging field; MD aging unavailable
REVO X	GD4-BK	R2B02M01L2 M/T	2026	A441	2	RFS	1	StokMD - 2026-08-06T080446.204.xls	HTML table / 3,496 data rows	2026-08-06 08:04:46	MD source has no aging field; MD aging unavailable
REVO X	GD4-BK	R2B02M01L2 M/T	2026	A441	3	RFS	1	StokMD - 2026-08-06T080446.204.xls	HTML table / 3,496 data rows	2026-08-06 08:04:46	MD source has no aging field; MD aging unavailable
REVO X	GD4-BK	R2B02M01L2 M/T	2026	A441	4	RFS	1	StokMD - 2026-08-06T080446.204.xls	HTML table / 3,496 data rows	2026-08-06 08:04:46	MD source has no aging field; MD aging unavailable
REVO X	GD4-BK	R2B02M01L2 M/T	2026	A441	7	RFS	1	StokMD - 2026-08-06T080446.204.xls	HTML table / 3,496 data rows	2026-08-06 08:04:46	MD source has no aging field; MD aging unavailable
REVO X	GD4-BK	R2B02M01L2 M/T	2026	A441	8	RFS	1	StokMD - 2026-08-06T080446.204.xls	HTML table / 3,496 data rows	2026-08-06 08:04:46	MD source has no aging field; MD aging unavailable
REVO X	GD4-BK	R2B02M01L2 M/T	2026	A441	9	RFS	1	StokMD - 2026-08-06T080446.204.xls	HTML table / 3,496 data rows	2026-08-06 08:04:46	MD source has no aging field; MD aging unavailable
REVO X	GD4-BK	R2B02M01L2 M/T	2026	A442	1	RFS	1	StokMD - 2026-08-06T080446.204.xls	HTML table / 3,496 data rows	2026-08-06 08:04:46	MD source has no aging field; MD aging unavailable
REVO X	GD4-BK	R2B02M01L2 M/T	2026	A442	11	RFS	1	StokMD - 2026-08-06T080446.204.xls	HTML table / 3,496 data rows	2026-08-06 08:04:46	MD source has no aging field; MD aging unavailable
REVO X	GD4-BK	R2B02M01L2 M/T	2026	A442	12	RFS	1	StokMD - 2026-08-06T080446.204.xls	HTML table / 3,496 data rows	2026-08-06 08:04:46	MD source has no aging field; MD aging unavailable
REVO X	GD4-BK	R2B02M01L2 M/T	2026	A442	14	RFS	1	StokMD - 2026-08-06T080446.204.xls	HTML table / 3,496 data rows	2026-08-06 08:04:46	MD source has no aging field; MD aging unavailable
REVO X	GD4-BK	R2B02M01L2 M/T	2026	A442	15	RFS	1	StokMD - 2026-08-06T080446.204.xls	HTML table / 3,496 data rows	2026-08-06 08:04:46	MD source has no aging field; MD aging unavailable
REVO X	GD4-BK	R2B02M01L2 M/T	2026	A442	16	RFS	1	StokMD - 2026-08-06T080446.204.xls	HTML table / 3,496 data rows	2026-08-06 08:04:46	MD source has no aging field; MD aging unavailable
REVO X	GD4-BK	R2B02M01L2 M/T	2026	A442	17	RFS	1	StokMD - 2026-08-06T080446.204.xls	HTML table / 3,496 data rows	2026-08-06 08:04:46	MD source has no aging field; MD aging unavailable
REVO X	GD4-BK	R2B02M01L2 M/T	2026	A442	20	RFS	1	StokMD - 2026-08-06T080446.204.xls	HTML table / 3,496 data rows	2026-08-06 08:04:46	MD source has no aging field; MD aging unavailable
REVO X	GD4-BK	R2B02M01L2 M/T	2026	A442	21	RFS	1	StokMD - 2026-08-06T080446.204.xls	HTML table / 3,496 data rows	2026-08-06 08:04:46	MD source has no aging field; MD aging unavailable
REVO X	GD4-BK	R2B02M01L2 M/T	2026	A442	27	RFS	1	StokMD - 2026-08-06T080446.204.xls	HTML table / 3,496 data rows	2026-08-06 08:04:46	MD source has no aging field; MD aging unavailable
REVO X	GD4-BK	R2B02M01L2 M/T	2026	A442	30	RFS	1	StokMD - 2026-08-06T080446.204.xls	HTML table / 3,496 data rows	2026-08-06 08:04:46	MD source has no aging field; MD aging unavailable
REVO X	GD4-BK	R2B02M01L2 M/T	2026	A442	31	RFS	1	StokMD - 2026-08-06T080446.204.xls	HTML table / 3,496 data rows	2026-08-06 08:04:46	MD source has no aging field; MD aging unavailable
REVO X	GD4-BK	R2B02M01L2 M/T	2026	A442	32	RFS	1	StokMD - 2026-08-06T080446.204.xls	HTML table / 3,496 data rows	2026-08-06 08:04:46	MD source has no aging field; MD aging unavailable
REVO X	GD4-BK	R2B02M01L2 M/T	2026	A442	33	RFS	1	StokMD - 2026-08-06T080446.204.xls	HTML table / 3,496 data rows	2026-08-06 08:04:46	MD source has no aging field; MD aging unavailable
REVO X	GD4-BK	R2B02M01L2 M/T	2026	A442	34	RFS	1	StokMD - 2026-08-06T080446.204.xls	HTML table / 3,496 data rows	2026-08-06 08:04:46	MD source has no aging field; MD aging unavailable
REVO X	GD4-BK	R2B02M01L2 M/T	2026	A442	35	RFS	1	StokMD - 2026-08-06T080446.204.xls	HTML table / 3,496 data rows	2026-08-06 08:04:46	MD source has no aging field; MD aging unavailable
REVO X	GD4-BK	R2B02M01L2 M/T	2026	A442	36	RFS	1	StokMD - 2026-08-06T080446.204.xls	HTML table / 3,496 data rows	2026-08-06 08:04:46	MD source has no aging field; MD aging unavailable
REVO X	GD4-BK	R2B02M01L2 M/T	2026	A443	12	RFS	1	StokMD - 2026-08-06T080446.204.xls	HTML table / 3,496 data rows	2026-08-06 08:04:46	MD source has no aging field; MD aging unavailable
REVO X	GD4-BK	R2B02M01L2 M/T	2026	A443	17	RFS	1	StokMD - 2026-08-06T080446.204.xls	HTML table / 3,496 data rows	2026-08-06 08:04:46	MD source has no aging field; MD aging unavailable
REVO X	GD4-BK	R2B02M01L2 M/T	2026	A443	19	RFS	1	StokMD - 2026-08-06T080446.204.xls	HTML table / 3,496 data rows	2026-08-06 08:04:46	MD source has no aging field; MD aging unavailable
REVO X	GD4-BK	R2B02M01L2 M/T	2026	A443	21	RFS	1	StokMD - 2026-08-06T080446.204.xls	HTML table / 3,496 data rows	2026-08-06 08:04:46	MD source has no aging field; MD aging unavailable
REVO X	GD4-BK	R2B02M01L2 M/T	2026	A443	22	RFS	1	StokMD - 2026-08-06T080446.204.xls	HTML table / 3,496 data rows	2026-08-06 08:04:46	MD source has no aging field; MD aging unavailable
REVO X	GD4-BK	R2B02M01L2 M/T	2026	A443	23	RFS	1	StokMD - 2026-08-06T080446.204.xls	HTML table / 3,496 data rows	2026-08-06 08:04:46	MD source has no aging field; MD aging unavailable
REVO X	GD4-BK	R2B02M01L2 M/T	2026	A443	29	RFS	1	StokMD - 2026-08-06T080446.204.xls	HTML table / 3,496 data rows	2026-08-06 08:04:46	MD source has no aging field; MD aging unavailable
REVO X	GD4-BK	R2B02M01L2 M/T	2026	A443	31	RFS	1	StokMD - 2026-08-06T080446.204.xls	HTML table / 3,496 data rows	2026-08-06 08:04:46	MD source has no aging field; MD aging unavailable
REVO X	GD4-BK	R2B02M01L2 M/T	2026	A443	33	RFS	1	StokMD - 2026-08-06T080446.204.xls	HTML table / 3,496 data rows	2026-08-06 08:04:46	MD source has no aging field; MD aging unavailable
REVO X	GD4-BK	R2B02M01L2 M/T	2026	A443	6	RFS	1	StokMD - 2026-08-06T080446.204.xls	HTML table / 3,496 data rows	2026-08-06 08:04:46	MD source has no aging field; MD aging unavailable
REVO X	GD4-BK	R2B02M01L2 M/T	2026	A443	9	RFS	1	StokMD - 2026-08-06T080446.204.xls	HTML table / 3,496 data rows	2026-08-06 08:04:46	MD source has no aging field; MD aging unavailable
REVO X	GD4-BK	R2B02M01L2 M/T	2026	A444	10	RFS	1	StokMD - 2026-08-06T080446.204.xls	HTML table / 3,496 data rows	2026-08-06 08:04:46	MD source has no aging field; MD aging unavailable
REVO X	GD4-BK	R2B02M01L2 M/T	2026	A444	12	RFS	1	StokMD - 2026-08-06T080446.204.xls	HTML table / 3,496 data rows	2026-08-06 08:04:46	MD source has no aging field; MD aging unavailable
REVO X	GD4-BK	R2B02M01L2 M/T	2026	A444	13	RFS	1	StokMD - 2026-08-06T080446.204.xls	HTML table / 3,496 data rows	2026-08-06 08:04:46	MD source has no aging field; MD aging unavailable
REVO X	GD4-BK	R2B02M01L2 M/T	2026	A444	15	RFS	1	StokMD - 2026-08-06T080446.204.xls	HTML table / 3,496 data rows	2026-08-06 08:04:46	MD source has no aging field; MD aging unavailable
REVO X	GD4-BK	R2B02M01L2 M/T	2026	A444	16	RFS	1	StokMD - 2026-08-06T080446.204.xls	HTML table / 3,496 data rows	2026-08-06 08:04:46	MD source has no aging field; MD aging unavailable
REVO X	GD4-BK	R2B02M01L2 M/T	2026	A444	18	RFS	1	StokMD - 2026-08-06T080446.204.xls	HTML table / 3,496 data rows	2026-08-06 08:04:46	MD source has no aging field; MD aging unavailable
REVO X	GD4-BK	R2B02M01L2 M/T	2026	A444	19	RFS	1	StokMD - 2026-08-06T080446.204.xls	HTML table / 3,496 data rows	2026-08-06 08:04:46	MD source has no aging field; MD aging unavailable
REVO X	GD4-BK	R2B02M01L2 M/T	2026	A444	21	RFS	1	StokMD - 2026-08-06T080446.204.xls	HTML table / 3,496 data rows	2026-08-06 08:04:46	MD source has no aging field; MD aging unavailable
REVO X	GD4-BK	R2B02M01L2 M/T	2026	A444	22	RFS	1	StokMD - 2026-08-06T080446.204.xls	HTML table / 3,496 data rows	2026-08-06 08:04:46	MD source has no aging field; MD aging unavailable
REVO X	GD4-BK	R2B02M01L2 M/T	2026	A444	23	RFS	1	StokMD - 2026-08-06T080446.204.xls	HTML table / 3,496 data rows	2026-08-06 08:04:46	MD source has no aging field; MD aging unavailable
REVO X	GD4-BK	R2B02M01L2 M/T	2026	A444	24	RFS	1	StokMD - 2026-08-06T080446.204.xls	HTML table / 3,496 data rows	2026-08-06 08:04:46	MD source has no aging field; MD aging unavailable
REVO X	GD4-BK	R2B02M01L2 M/T	2026	A444	26	RFS	1	StokMD - 2026-08-06T080446.204.xls	HTML table / 3,496 data rows	2026-08-06 08:04:46	MD source has no aging field; MD aging unavailable
REVO X	GD4-BK	R2B02M01L2 M/T	2026	A444	27	RFS	1	StokMD - 2026-08-06T080446.204.xls	HTML table / 3,496 data rows	2026-08-06 08:04:46	MD source has no aging field; MD aging unavailable
REVO X	GD4-BK	R2B02M01L2 M/T	2026	A444	28	RFS	1	StokMD - 2026-08-06T080446.204.xls	HTML table / 3,496 data rows	2026-08-06 08:04:46	MD source has no aging field; MD aging unavailable
REVO X	GD4-BK	R2B02M01L2 M/T	2026	A444	29	RFS	1	StokMD - 2026-08-06T080446.204.xls	HTML table / 3,496 data rows	2026-08-06 08:04:46	MD source has no aging field; MD aging unavailable
REVO X	GD4-BK	R2B02M01L2 M/T	2026	A444	30	RFS	1	StokMD - 2026-08-06T080446.204.xls	HTML table / 3,496 data rows	2026-08-06 08:04:46	MD source has no aging field; MD aging unavailable
REVO X	GD4-BK	R2B02M01L2 M/T	2026	A444	31	RFS	1	StokMD - 2026-08-06T080446.204.xls	HTML table / 3,496 data rows	2026-08-06 08:04:46	MD source has no aging field; MD aging unavailable
REVO X	GD4-BK	R2B02M01L2 M/T	2026	A444	32	RFS	1	StokMD - 2026-08-06T080446.204.xls	HTML table / 3,496 data rows	2026-08-06 08:04:46	MD source has no aging field; MD aging unavailable
REVO X	GD4-BK	R2B02M01L2 M/T	2026	A444	33	RFS	1	StokMD - 2026-08-06T080446.204.xls	HTML table / 3,496 data rows	2026-08-06 08:04:46	MD source has no aging field; MD aging unavailable
REVO X	GD4-BK	R2B02M01L2 M/T	2026	A444	34	RFS	1	StokMD - 2026-08-06T080446.204.xls	HTML table / 3,496 data rows	2026-08-06 08:04:46	MD source has no aging field; MD aging unavailable
REVO X	GD4-BK	R2B02M01L2 M/T	2026	A444	35	RFS	1	StokMD - 2026-08-06T080446.204.xls	HTML table / 3,496 data rows	2026-08-06 08:04:46	MD source has no aging field; MD aging unavailable
REVO X	GD4-BK	R2B02M01L2 M/T	2026	A444	36	RFS	1	StokMD - 2026-08-06T080446.204.xls	HTML table / 3,496 data rows	2026-08-06 08:04:46	MD source has no aging field; MD aging unavailable
REVO X	GD4-BK	R2B02M01L2 M/T	2026	A444	37	RFS	1	StokMD - 2026-08-06T080446.204.xls	HTML table / 3,496 data rows	2026-08-06 08:04:46	MD source has no aging field; MD aging unavailable
REVO X	GD4-BK	R2B02M01L2 M/T	2026	A444	38	RFS	1	StokMD - 2026-08-06T080446.204.xls	HTML table / 3,496 data rows	2026-08-06 08:04:46	MD source has no aging field; MD aging unavailable
REVO X	GD4-BK	R2B02M01L2 M/T	2026	A444	39	RFS	1	StokMD - 2026-08-06T080446.204.xls	HTML table / 3,496 data rows	2026-08-06 08:04:46	MD source has no aging field; MD aging unavailable
REVO X	GD4-BK	R2B02M01L2 M/T	2026	A444	4	RFS	1	StokMD - 2026-08-06T080446.204.xls	HTML table / 3,496 data rows	2026-08-06 08:04:46	MD source has no aging field; MD aging unavailable
REVO X	GD4-BK	R2B02M01L2 M/T	2026	A444	40	RFS	1	StokMD - 2026-08-06T080446.204.xls	HTML table / 3,496 data rows	2026-08-06 08:04:46	MD source has no aging field; MD aging unavailable
REVO X	GD4-BK	R2B02M01L2 M/T	2026	A444	5	RFS	1	StokMD - 2026-08-06T080446.204.xls	HTML table / 3,496 data rows	2026-08-06 08:04:46	MD source has no aging field; MD aging unavailable
REVO X	GD4-BK	R2B02M01L2 M/T	2026	A444	6	RFS	1	StokMD - 2026-08-06T080446.204.xls	HTML table / 3,496 data rows	2026-08-06 08:04:46	MD source has no aging field; MD aging unavailable
REVO X	GD4-BK	R2B02M01L2 M/T	2026	A444	8	RFS	1	StokMD - 2026-08-06T080446.204.xls	HTML table / 3,496 data rows	2026-08-06 08:04:46	MD source has no aging field; MD aging unavailable
REVO X	GD4-BK	R2B02M01L2 M/T	2026	A444	9	RFS	1	StokMD - 2026-08-06T080446.204.xls	HTML table / 3,496 data rows	2026-08-06 08:04:46	MD source has no aging field; MD aging unavailable
REVO X	GD4-BK	R2B02M01L2 M/T	2026	A446	16	RFS	1	StokMD - 2026-08-06T080446.204.xls	HTML table / 3,496 data rows	2026-08-06 08:04:46	MD source has no aging field; MD aging unavailable
REVO X	GD4-BK	R2B02M01L2 M/T	2026	A446	17	RFS	1	StokMD - 2026-08-06T080446.204.xls	HTML table / 3,496 data rows	2026-08-06 08:04:46	MD source has no aging field; MD aging unavailable
REVO X	GD4-BK	R2B02M01L2 M/T	2026	A446	18	RFS	1	StokMD - 2026-08-06T080446.204.xls	HTML table / 3,496 data rows	2026-08-06 08:04:46	MD source has no aging field; MD aging unavailable
REVO X	GD4-BK	R2B02M01L2 M/T	2026	A446	19	RFS	1	StokMD - 2026-08-06T080446.204.xls	HTML table / 3,496 data rows	2026-08-06 08:04:46	MD source has no aging field; MD aging unavailable
REVO X	GD4-BK	R2B02M01L2 M/T	2026	A446	20	RFS	1	StokMD - 2026-08-06T080446.204.xls	HTML table / 3,496 data rows	2026-08-06 08:04:46	MD source has no aging field; MD aging unavailable
REVO X	GD4-BK	R2B02M01L2 M/T	2026	A446	22	RFS	1	StokMD - 2026-08-06T080446.204.xls	HTML table / 3,496 data rows	2026-08-06 08:04:46	MD source has no aging field; MD aging unavailable
REVO X	GD4-BK	R2B02M01L2 M/T	2026	A446	24	RFS	1	StokMD - 2026-08-06T080446.204.xls	HTML table / 3,496 data rows	2026-08-06 08:04:46	MD source has no aging field; MD aging unavailable
REVO X	GD4-BK	R2B02M01L2 M/T	2026	A446	25	RFS	1	StokMD - 2026-08-06T080446.204.xls	HTML table / 3,496 data rows	2026-08-06 08:04:46	MD source has no aging field; MD aging unavailable
REVO X	GD4-BK	R2B02M01L2 M/T	2026	A446	26	RFS	1	StokMD - 2026-08-06T080446.204.xls	HTML table / 3,496 data rows	2026-08-06 08:04:46	MD source has no aging field; MD aging unavailable
REVO X	GD4-BK	R2B02M01L2 M/T	2026	A446	27	RFS	1	StokMD - 2026-08-06T080446.204.xls	HTML table / 3,496 data rows	2026-08-06 08:04:46	MD source has no aging field; MD aging unavailable
REVO X	GD4-BK	R2B02M01L2 M/T	2026	A446	28	RFS	1	StokMD - 2026-08-06T080446.204.xls	HTML table / 3,496 data rows	2026-08-06 08:04:46	MD source has no aging field; MD aging unavailable
REVO X	GD4-BK	R2B02M01L2 M/T	2026	A446	31	RFS	1	StokMD - 2026-08-06T080446.204.xls	HTML table / 3,496 data rows	2026-08-06 08:04:46	MD source has no aging field; MD aging unavailable
REVO X	GD4-BK	R2B02M01L2 M/T	2026	A446	32	RFS	1	StokMD - 2026-08-06T080446.204.xls	HTML table / 3,496 data rows	2026-08-06 08:04:46	MD source has no aging field; MD aging unavailable
REVO X	GD4-BK	R2B02M01L2 M/T	2026	A446	33	RFS	1	StokMD - 2026-08-06T080446.204.xls	HTML table / 3,496 data rows	2026-08-06 08:04:46	MD source has no aging field; MD aging unavailable
REVO X	GD4-BK	R2B02M01L2 M/T	2026	A446	34	RFS	1	StokMD - 2026-08-06T080446.204.xls	HTML table / 3,496 data rows	2026-08-06 08:04:46	MD source has no aging field; MD aging unavailable
REVO X	GD4-BK	R2B02M01L2 M/T	2026	A446	35	RFS	1	StokMD - 2026-08-06T080446.204.xls	HTML table / 3,496 data rows	2026-08-06 08:04:46	MD source has no aging field; MD aging unavailable
REVO X	GD4-BK	R2B02M01L2 M/T	2026	A446	38	RFS	1	StokMD - 2026-08-06T080446.204.xls	HTML table / 3,496 data rows	2026-08-06 08:04:46	MD source has no aging field; MD aging unavailable
REVO X	GD4-BK	R2B02M01L2 M/T	2026	A446	40	RFS	1	StokMD - 2026-08-06T080446.204.xls	HTML table / 3,496 data rows	2026-08-06 08:04:46	MD source has no aging field; MD aging unavailable
REVO X	GD4-BK	R2B02M01L2 M/T	2026	A453	1	RFS	1	StokMD - 2026-08-06T080446.204.xls	HTML table / 3,496 data rows	2026-08-06 08:04:46	MD source has no aging field; MD aging unavailable
REVO X	GD4-BK	R2B02M01L2 M/T	2026	A453	10	RFS	1	StokMD - 2026-08-06T080446.204.xls	HTML table / 3,496 data rows	2026-08-06 08:04:46	MD source has no aging field; MD aging unavailable
REVO X	GD4-BK	R2B02M01L2 M/T	2026	A453	2	RFS	1	StokMD - 2026-08-06T080446.204.xls	HTML table / 3,496 data rows	2026-08-06 08:04:46	MD source has no aging field; MD aging unavailable
REVO X	GD4-BK	R2B02M01L2 M/T	2026	A453	23	RFS	1	StokMD - 2026-08-06T080446.204.xls	HTML table / 3,496 data rows	2026-08-06 08:04:46	MD source has no aging field; MD aging unavailable
REVO X	GD4-BK	R2B02M01L2 M/T	2026	A453	24	RFS	1	StokMD - 2026-08-06T080446.204.xls	HTML table / 3,496 data rows	2026-08-06 08:04:46	MD source has no aging field; MD aging unavailable
REVO X	GD4-BK	R2B02M01L2 M/T	2026	A453	26	RFS	1	StokMD - 2026-08-06T080446.204.xls	HTML table / 3,496 data rows	2026-08-06 08:04:46	MD source has no aging field; MD aging unavailable
REVO X	GD4-BK	R2B02M01L2 M/T	2026	A453	27	RFS	1	StokMD - 2026-08-06T080446.204.xls	HTML table / 3,496 data rows	2026-08-06 08:04:46	MD source has no aging field; MD aging unavailable
REVO X	GD4-BK	R2B02M01L2 M/T	2026	A453	28	RFS	1	StokMD - 2026-08-06T080446.204.xls	HTML table / 3,496 data rows	2026-08-06 08:04:46	MD source has no aging field; MD aging unavailable
REVO X	GD4-BK	R2B02M01L2 M/T	2026	A453	29	RFS	1	StokMD - 2026-08-06T080446.204.xls	HTML table / 3,496 data rows	2026-08-06 08:04:46	MD source has no aging field; MD aging unavailable
REVO X	GD4-BK	R2B02M01L2 M/T	2026	A453	9	RFS	1	StokMD - 2026-08-06T080446.204.xls	HTML table / 3,496 data rows	2026-08-06 08:04:46	MD source has no aging field; MD aging unavailable
REVO X	GD4-BK	R2B02M01L2 M/T	2026	A454	1	RFS	1	StokMD - 2026-08-06T080446.204.xls	HTML table / 3,496 data rows	2026-08-06 08:04:46	MD source has no aging field; MD aging unavailable
REVO X	GD4-BK	R2B02M01L2 M/T	2026	A454	10	RFS	1	StokMD - 2026-08-06T080446.204.xls	HTML table / 3,496 data rows	2026-08-06 08:04:46	MD source has no aging field; MD aging unavailable
REVO X	GD4-BK	R2B02M01L2 M/T	2026	A454	11	RFS	1	StokMD - 2026-08-06T080446.204.xls	HTML table / 3,496 data rows	2026-08-06 08:04:46	MD source has no aging field; MD aging unavailable
REVO X	GD4-BK	R2B02M01L2 M/T	2026	A454	12	RFS	1	StokMD - 2026-08-06T080446.204.xls	HTML table / 3,496 data rows	2026-08-06 08:04:46	MD source has no aging field; MD aging unavailable
REVO X	GD4-BK	R2B02M01L2 M/T	2026	A454	13	RFS	1	StokMD - 2026-08-06T080446.204.xls	HTML table / 3,496 data rows	2026-08-06 08:04:46	MD source has no aging field; MD aging unavailable
REVO X	GD4-BK	R2B02M01L2 M/T	2026	A454	22	RFS	1	StokMD - 2026-08-06T080446.204.xls	HTML table / 3,496 data rows	2026-08-06 08:04:46	MD source has no aging field; MD aging unavailable
REVO X	GD4-BK	R2B02M01L2 M/T	2026	A454	29	RFS	1	StokMD - 2026-08-06T080446.204.xls	HTML table / 3,496 data rows	2026-08-06 08:04:46	MD source has no aging field; MD aging unavailable
REVO X	GD4-BK	R2B02M01L2 M/T	2026	A454	3	RFS	1	StokMD - 2026-08-06T080446.204.xls	HTML table / 3,496 data rows	2026-08-06 08:04:46	MD source has no aging field; MD aging unavailable
REVO X	GD4-BK	R2B02M01L2 M/T	2026	A454	30	RFS	1	StokMD - 2026-08-06T080446.204.xls	HTML table / 3,496 data rows	2026-08-06 08:04:46	MD source has no aging field; MD aging unavailable
REVO X	GD4-BK	R2B02M01L2 M/T	2026	A454	31	RFS	1	StokMD - 2026-08-06T080446.204.xls	HTML table / 3,496 data rows	2026-08-06 08:04:46	MD source has no aging field; MD aging unavailable
REVO X	GD4-BK	R2B02M01L2 M/T	2026	A454	32	RFS	1	StokMD - 2026-08-06T080446.204.xls	HTML table / 3,496 data rows	2026-08-06 08:04:46	MD source has no aging field; MD aging unavailable
REVO X	GD4-BK	R2B02M01L2 M/T	2026	A454	33	RFS	1	StokMD - 2026-08-06T080446.204.xls	HTML table / 3,496 data rows	2026-08-06 08:04:46	MD source has no aging field; MD aging unavailable
REVO X	GD4-BK	R2B02M01L2 M/T	2026	A454	34	RFS	1	StokMD - 2026-08-06T080446.204.xls	HTML table / 3,496 data rows	2026-08-06 08:04:46	MD source has no aging field; MD aging unavailable
REVO X	GD4-BK	R2B02M01L2 M/T	2026	A454	35	RFS	1	StokMD - 2026-08-06T080446.204.xls	HTML table / 3,496 data rows	2026-08-06 08:04:46	MD source has no aging field; MD aging unavailable
REVO X	GD4-BK	R2B02M01L2 M/T	2026	A454	36	RFS	1	StokMD - 2026-08-06T080446.204.xls	HTML table / 3,496 data rows	2026-08-06 08:04:46	MD source has no aging field; MD aging unavailable
REVO X	GD4-BK	R2B02M01L2 M/T	2026	A454	4	RFS	1	StokMD - 2026-08-06T080446.204.xls	HTML table / 3,496 data rows	2026-08-06 08:04:46	MD source has no aging field; MD aging unavailable
REVO X	GD4-BK	R2B02M01L2 M/T	2026	A454	6	RFS	1	StokMD - 2026-08-06T080446.204.xls	HTML table / 3,496 data rows	2026-08-06 08:04:46	MD source has no aging field; MD aging unavailable
REVO X	GD4-BK	R2B02M01L2 M/T	2026	A454	7	RFS	1	StokMD - 2026-08-06T080446.204.xls	HTML table / 3,496 data rows	2026-08-06 08:04:46	MD source has no aging field; MD aging unavailable
REVO X	GD4-BK	R2B02M01L2 M/T	2026	A454	8	RFS	1	StokMD - 2026-08-06T080446.204.xls	HTML table / 3,496 data rows	2026-08-06 08:04:46	MD source has no aging field; MD aging unavailable
REVO X	GD4-BK	R2B02M01L2 M/T	2026	A454	9	RFS	1	StokMD - 2026-08-06T080446.204.xls	HTML table / 3,496 data rows	2026-08-06 08:04:46	MD source has no aging field; MD aging unavailable
REVO X	GD4-MH	R2B02M01L2 M/T	2026	A185	55	NRFS	1	StokMD - 2026-08-06T080446.204.xls	HTML table / 3,496 data rows	2026-08-06 08:04:46	MD source has no aging field; MD aging unavailable
REVO X	GD4-MH	R2B02M01L2 M/T	2026	A185	58	NRFS	1	StokMD - 2026-08-06T080446.204.xls	HTML table / 3,496 data rows	2026-08-06 08:04:46	MD source has no aging field; MD aging unavailable
REVO X	GD4-MH	R2B02M01L2 M/T	2026	A272	7	RFS	1	StokMD - 2026-08-06T080446.204.xls	HTML table / 3,496 data rows	2026-08-06 08:04:46	MD source has no aging field; MD aging unavailable
REVO X	GD4-MH	R2B02M01L2 M/T	2026	A272	8	RFS	1	StokMD - 2026-08-06T080446.204.xls	HTML table / 3,496 data rows	2026-08-06 08:04:46	MD source has no aging field; MD aging unavailable
REVO X	GD4-MH	R2B02M01L2 M/T	2026	A272	9	RFS	1	StokMD - 2026-08-06T080446.204.xls	HTML table / 3,496 data rows	2026-08-06 08:04:46	MD source has no aging field; MD aging unavailable
REVO X	GD4-MH	R2B02M01L2 M/T	2026	A343	14	RFS	1	StokMD - 2026-08-06T080446.204.xls	HTML table / 3,496 data rows	2026-08-06 08:04:46	MD source has no aging field; MD aging unavailable
REVO X	GD4-MH	R2B02M01L2 M/T	2026	A343	22	RFS	1	StokMD - 2026-08-06T080446.204.xls	HTML table / 3,496 data rows	2026-08-06 08:04:46	MD source has no aging field; MD aging unavailable
REVO X	GD4-MH	R2B02M01L2 M/T	2026	A346	10	RFS	1	StokMD - 2026-08-06T080446.204.xls	HTML table / 3,496 data rows	2026-08-06 08:04:46	MD source has no aging field; MD aging unavailable
REVO X	GD4-MH	R2B02M01L2 M/T	2026	A346	11	RFS	1	StokMD - 2026-08-06T080446.204.xls	HTML table / 3,496 data rows	2026-08-06 08:04:46	MD source has no aging field; MD aging unavailable
REVO X	GD4-MH	R2B02M01L2 M/T	2026	A346	14	RFS	1	StokMD - 2026-08-06T080446.204.xls	HTML table / 3,496 data rows	2026-08-06 08:04:46	MD source has no aging field; MD aging unavailable
REVO X	GD4-MH	R2B02M01L2 M/T	2026	A346	17	RFS	1	StokMD - 2026-08-06T080446.204.xls	HTML table / 3,496 data rows	2026-08-06 08:04:46	MD source has no aging field; MD aging unavailable
REVO X	GD4-MH	R2B02M01L2 M/T	2026	A346	20	RFS	1	StokMD - 2026-08-06T080446.204.xls	HTML table / 3,496 data rows	2026-08-06 08:04:46	MD source has no aging field; MD aging unavailable
REVO X	GD4-MH	R2B02M01L2 M/T	2026	A346	21	RFS	1	StokMD - 2026-08-06T080446.204.xls	HTML table / 3,496 data rows	2026-08-06 08:04:46	MD source has no aging field; MD aging unavailable
REVO X	GD4-MH	R2B02M01L2 M/T	2026	A346	23	RFS	1	StokMD - 2026-08-06T080446.204.xls	HTML table / 3,496 data rows	2026-08-06 08:04:46	MD source has no aging field; MD aging unavailable
REVO X	GD4-MH	R2B02M01L2 M/T	2026	A346	3	RFS	1	StokMD - 2026-08-06T080446.204.xls	HTML table / 3,496 data rows	2026-08-06 08:04:46	MD source has no aging field; MD aging unavailable
REVO X	GD4-MH	R2B02M01L2 M/T	2026	A411	10	RFS	1	StokMD - 2026-08-06T080446.204.xls	HTML table / 3,496 data rows	2026-08-06 08:04:46	MD source has no aging field; MD aging unavailable
REVO X	GD4-MH	R2B02M01L2 M/T	2026	A411	11	RFS	1	StokMD - 2026-08-06T080446.204.xls	HTML table / 3,496 data rows	2026-08-06 08:04:46	MD source has no aging field; MD aging unavailable
REVO X	GD4-MH	R2B02M01L2 M/T	2026	A411	21	RFS	1	StokMD - 2026-08-06T080446.204.xls	HTML table / 3,496 data rows	2026-08-06 08:04:46	MD source has no aging field; MD aging unavailable
REVO X	GD4-MH	R2B02M01L2 M/T	2026	A411	24	RFS	1	StokMD - 2026-08-06T080446.204.xls	HTML table / 3,496 data rows	2026-08-06 08:04:46	MD source has no aging field; MD aging unavailable
REVO X	GD4-MH	R2B02M01L2 M/T	2026	A412	10	RFS	1	StokMD - 2026-08-06T080446.204.xls	HTML table / 3,496 data rows	2026-08-06 08:04:46	MD source has no aging field; MD aging unavailable
REVO X	GD4-MH	R2B02M01L2 M/T	2026	A412	11	RFS	1	StokMD - 2026-08-06T080446.204.xls	HTML table / 3,496 data rows	2026-08-06 08:04:46	MD source has no aging field; MD aging unavailable
REVO X	GD4-MH	R2B02M01L2 M/T	2026	A412	12	RFS	1	StokMD - 2026-08-06T080446.204.xls	HTML table / 3,496 data rows	2026-08-06 08:04:46	MD source has no aging field; MD aging unavailable
REVO X	GD4-MH	R2B02M01L2 M/T	2026	A412	14	RFS	1	StokMD - 2026-08-06T080446.204.xls	HTML table / 3,496 data rows	2026-08-06 08:04:46	MD source has no aging field; MD aging unavailable
REVO X	GD4-MH	R2B02M01L2 M/T	2026	A412	15	RFS	1	StokMD - 2026-08-06T080446.204.xls	HTML table / 3,496 data rows	2026-08-06 08:04:46	MD source has no aging field; MD aging unavailable
REVO X	GD4-MH	R2B02M01L2 M/T	2026	A412	16	RFS	1	StokMD - 2026-08-06T080446.204.xls	HTML table / 3,496 data rows	2026-08-06 08:04:46	MD source has no aging field; MD aging unavailable
REVO X	GD4-MH	R2B02M01L2 M/T	2026	A412	17	RFS	1	StokMD - 2026-08-06T080446.204.xls	HTML table / 3,496 data rows	2026-08-06 08:04:46	MD source has no aging field; MD aging unavailable
REVO X	GD4-MH	R2B02M01L2 M/T	2026	A412	18	RFS	1	StokMD - 2026-08-06T080446.204.xls	HTML table / 3,496 data rows	2026-08-06 08:04:46	MD source has no aging field; MD aging unavailable
REVO X	GD4-MH	R2B02M01L2 M/T	2026	A412	19	RFS	1	StokMD - 2026-08-06T080446.204.xls	HTML table / 3,496 data rows	2026-08-06 08:04:46	MD source has no aging field; MD aging unavailable
REVO X	GD4-MH	R2B02M01L2 M/T	2026	A412	8	RFS	1	StokMD - 2026-08-06T080446.204.xls	HTML table / 3,496 data rows	2026-08-06 08:04:46	MD source has no aging field; MD aging unavailable
REVO X	GD4-MH	R2B02M01L2 M/T	2026	A412	9	RFS	1	StokMD - 2026-08-06T080446.204.xls	HTML table / 3,496 data rows	2026-08-06 08:04:46	MD source has no aging field; MD aging unavailable
REVO X	GD4-MH	R2B02M01L2 M/T	2026	A421	1	RFS	1	StokMD - 2026-08-06T080446.204.xls	HTML table / 3,496 data rows	2026-08-06 08:04:46	MD source has no aging field; MD aging unavailable
REVO X	GD4-MH	R2B02M01L2 M/T	2026	A421	10	RFS	1	StokMD - 2026-08-06T080446.204.xls	HTML table / 3,496 data rows	2026-08-06 08:04:46	MD source has no aging field; MD aging unavailable
REVO X	GD4-MH	R2B02M01L2 M/T	2026	A421	11	RFS	1	StokMD - 2026-08-06T080446.204.xls	HTML table / 3,496 data rows	2026-08-06 08:04:46	MD source has no aging field; MD aging unavailable
REVO X	GD4-MH	R2B02M01L2 M/T	2026	A421	12	RFS	1	StokMD - 2026-08-06T080446.204.xls	HTML table / 3,496 data rows	2026-08-06 08:04:46	MD source has no aging field; MD aging unavailable
REVO X	GD4-MH	R2B02M01L2 M/T	2026	A421	13	RFS	1	StokMD - 2026-08-06T080446.204.xls	HTML table / 3,496 data rows	2026-08-06 08:04:46	MD source has no aging field; MD aging unavailable
REVO X	GD4-MH	R2B02M01L2 M/T	2026	A421	14	RFS	1	StokMD - 2026-08-06T080446.204.xls	HTML table / 3,496 data rows	2026-08-06 08:04:46	MD source has no aging field; MD aging unavailable
REVO X	GD4-MH	R2B02M01L2 M/T	2026	A421	15	RFS	1	StokMD - 2026-08-06T080446.204.xls	HTML table / 3,496 data rows	2026-08-06 08:04:46	MD source has no aging field; MD aging unavailable
REVO X	GD4-MH	R2B02M01L2 M/T	2026	A421	16	RFS	1	StokMD - 2026-08-06T080446.204.xls	HTML table / 3,496 data rows	2026-08-06 08:04:46	MD source has no aging field; MD aging unavailable
REVO X	GD4-MH	R2B02M01L2 M/T	2026	A421	2	RFS	1	StokMD - 2026-08-06T080446.204.xls	HTML table / 3,496 data rows	2026-08-06 08:04:46	MD source has no aging field; MD aging unavailable
REVO X	GD4-MH	R2B02M01L2 M/T	2026	A421	3	RFS	1	StokMD - 2026-08-06T080446.204.xls	HTML table / 3,496 data rows	2026-08-06 08:04:46	MD source has no aging field; MD aging unavailable
REVO X	GD4-MH	R2B02M01L2 M/T	2026	A421	4	RFS	1	StokMD - 2026-08-06T080446.204.xls	HTML table / 3,496 data rows	2026-08-06 08:04:46	MD source has no aging field; MD aging unavailable
REVO X	GD4-MH	R2B02M01L2 M/T	2026	A421	5	RFS	1	StokMD - 2026-08-06T080446.204.xls	HTML table / 3,496 data rows	2026-08-06 08:04:46	MD source has no aging field; MD aging unavailable
REVO X	GD4-MH	R2B02M01L2 M/T	2026	A421	6	RFS	1	StokMD - 2026-08-06T080446.204.xls	HTML table / 3,496 data rows	2026-08-06 08:04:46	MD source has no aging field; MD aging unavailable
REVO X	GD4-MH	R2B02M01L2 M/T	2026	A421	8	RFS	1	StokMD - 2026-08-06T080446.204.xls	HTML table / 3,496 data rows	2026-08-06 08:04:46	MD source has no aging field; MD aging unavailable
REVO X	GD4-MH	R2B02M01L2 M/T	2026	A421	9	RFS	1	StokMD - 2026-08-06T080446.204.xls	HTML table / 3,496 data rows	2026-08-06 08:04:46	MD source has no aging field; MD aging unavailable
REVO X	GD4-MH	R2B02M01L2 M/T	2026	A426	16	RFS	1	StokMD - 2026-08-06T080446.204.xls	HTML table / 3,496 data rows	2026-08-06 08:04:46	MD source has no aging field; MD aging unavailable
REVO X	GD4-MH	R2B02M01L2 M/T	2026	A426	17	RFS	1	StokMD - 2026-08-06T080446.204.xls	HTML table / 3,496 data rows	2026-08-06 08:04:46	MD source has no aging field; MD aging unavailable
REVO X	GD4-MH	R2B02M01L2 M/T	2026	A426	24	RFS	1	StokMD - 2026-08-06T080446.204.xls	HTML table / 3,496 data rows	2026-08-06 08:04:46	MD source has no aging field; MD aging unavailable
REVO X	GD4-MH	R2B02M01L2 M/T	2026	A426	31	RFS	1	StokMD - 2026-08-06T080446.204.xls	HTML table / 3,496 data rows	2026-08-06 08:04:46	MD source has no aging field; MD aging unavailable
REVO X	GD4-MH	R2B02M01L2 M/T	2026	A426	32	RFS	1	StokMD - 2026-08-06T080446.204.xls	HTML table / 3,496 data rows	2026-08-06 08:04:46	MD source has no aging field; MD aging unavailable
REVO X	GD4-MH	R2B02M01L2 M/T	2026	A426	33	RFS	1	StokMD - 2026-08-06T080446.204.xls	HTML table / 3,496 data rows	2026-08-06 08:04:46	MD source has no aging field; MD aging unavailable
REVO X	GD4-MH	R2B02M01L2 M/T	2026	A426	34	RFS	1	StokMD - 2026-08-06T080446.204.xls	HTML table / 3,496 data rows	2026-08-06 08:04:46	MD source has no aging field; MD aging unavailable
REVO X	GD4-MH	R2B02M01L2 M/T	2026	A426	36	RFS	1	StokMD - 2026-08-06T080446.204.xls	HTML table / 3,496 data rows	2026-08-06 08:04:46	MD source has no aging field; MD aging unavailable
REVO X	GD4-MH	R2B02M01L2 M/T	2026	A433	1	RFS	1	StokMD - 2026-08-06T080446.204.xls	HTML table / 3,496 data rows	2026-08-06 08:04:46	MD source has no aging field; MD aging unavailable
REVO X	GD4-MH	R2B02M01L2 M/T	2026	A433	2	RFS	1	StokMD - 2026-08-06T080446.204.xls	HTML table / 3,496 data rows	2026-08-06 08:04:46	MD source has no aging field; MD aging unavailable
REVO X	GD4-MH	R2B02M01L2 M/T	2026	A433	21	RFS	1	StokMD - 2026-08-06T080446.204.xls	HTML table / 3,496 data rows	2026-08-06 08:04:46	MD source has no aging field; MD aging unavailable
REVO X	GD4-MH	R2B02M01L2 M/T	2026	A433	22	RFS	1	StokMD - 2026-08-06T080446.204.xls	HTML table / 3,496 data rows	2026-08-06 08:04:46	MD source has no aging field; MD aging unavailable
REVO X	GD4-MH	R2B02M01L2 M/T	2026	A433	23	RFS	1	StokMD - 2026-08-06T080446.204.xls	HTML table / 3,496 data rows	2026-08-06 08:04:46	MD source has no aging field; MD aging unavailable
REVO X	GD4-MH	R2B02M01L2 M/T	2026	A433	24	RFS	1	StokMD - 2026-08-06T080446.204.xls	HTML table / 3,496 data rows	2026-08-06 08:04:46	MD source has no aging field; MD aging unavailable
REVO X	GD4-MH	R2B02M01L2 M/T	2026	A433	25	RFS	1	StokMD - 2026-08-06T080446.204.xls	HTML table / 3,496 data rows	2026-08-06 08:04:46	MD source has no aging field; MD aging unavailable
REVO X	GD4-MH	R2B02M01L2 M/T	2026	A433	26	RFS	1	StokMD - 2026-08-06T080446.204.xls	HTML table / 3,496 data rows	2026-08-06 08:04:46	MD source has no aging field; MD aging unavailable
REVO X	GD4-MH	R2B02M01L2 M/T	2026	A433	3	RFS	1	StokMD - 2026-08-06T080446.204.xls	HTML table / 3,496 data rows	2026-08-06 08:04:46	MD source has no aging field; MD aging unavailable
REVO X	GD4-MH	R2B02M01L2 M/T	2026	A433	4	RFS	1	StokMD - 2026-08-06T080446.204.xls	HTML table / 3,496 data rows	2026-08-06 08:04:46	MD source has no aging field; MD aging unavailable
REVO X	GD4-MH	R2B02M01L2 M/T	2026	A433	5	RFS	1	StokMD - 2026-08-06T080446.204.xls	HTML table / 3,496 data rows	2026-08-06 08:04:46	MD source has no aging field; MD aging unavailable
REVO X	GD4-MH	R2B02M01L2 M/T	2026	A433	6	RFS	1	StokMD - 2026-08-06T080446.204.xls	HTML table / 3,496 data rows	2026-08-06 08:04:46	MD source has no aging field; MD aging unavailable
REVO X	GD4-MH	R2B02M01L2 M/T	2026	A442	10	RFS	1	StokMD - 2026-08-06T080446.204.xls	HTML table / 3,496 data rows	2026-08-06 08:04:46	MD source has no aging field; MD aging unavailable
REVO X	GD4-MH	R2B02M01L2 M/T	2026	A442	13	RFS	1	StokMD - 2026-08-06T080446.204.xls	HTML table / 3,496 data rows	2026-08-06 08:04:46	MD source has no aging field; MD aging unavailable
REVO X	GD4-MH	R2B02M01L2 M/T	2026	A442	18	RFS	1	StokMD - 2026-08-06T080446.204.xls	HTML table / 3,496 data rows	2026-08-06 08:04:46	MD source has no aging field; MD aging unavailable
REVO X	GD4-MH	R2B02M01L2 M/T	2026	A442	19	RFS	1	StokMD - 2026-08-06T080446.204.xls	HTML table / 3,496 data rows	2026-08-06 08:04:46	MD source has no aging field; MD aging unavailable
REVO X	GD4-MH	R2B02M01L2 M/T	2026	A442	2	RFS	1	StokMD - 2026-08-06T080446.204.xls	HTML table / 3,496 data rows	2026-08-06 08:04:46	MD source has no aging field; MD aging unavailable
REVO X	GD4-MH	R2B02M01L2 M/T	2026	A442	25	RFS	1	StokMD - 2026-08-06T080446.204.xls	HTML table / 3,496 data rows	2026-08-06 08:04:46	MD source has no aging field; MD aging unavailable
REVO X	GD4-MH	R2B02M01L2 M/T	2026	A442	28	RFS	1	StokMD - 2026-08-06T080446.204.xls	HTML table / 3,496 data rows	2026-08-06 08:04:46	MD source has no aging field; MD aging unavailable
REVO X	GD4-MH	R2B02M01L2 M/T	2026	A442	3	RFS	1	StokMD - 2026-08-06T080446.204.xls	HTML table / 3,496 data rows	2026-08-06 08:04:46	MD source has no aging field; MD aging unavailable
REVO X	GD4-MH	R2B02M01L2 M/T	2026	A442	37	RFS	1	StokMD - 2026-08-06T080446.204.xls	HTML table / 3,496 data rows	2026-08-06 08:04:46	MD source has no aging field; MD aging unavailable
REVO X	GD4-MH	R2B02M01L2 M/T	2026	A442	38	RFS	1	StokMD - 2026-08-06T080446.204.xls	HTML table / 3,496 data rows	2026-08-06 08:04:46	MD source has no aging field; MD aging unavailable
REVO X	GD4-MH	R2B02M01L2 M/T	2026	A442	4	RFS	1	StokMD - 2026-08-06T080446.204.xls	HTML table / 3,496 data rows	2026-08-06 08:04:46	MD source has no aging field; MD aging unavailable
REVO X	GD4-MH	R2B02M01L2 M/T	2026	A442	5	RFS	1	StokMD - 2026-08-06T080446.204.xls	HTML table / 3,496 data rows	2026-08-06 08:04:46	MD source has no aging field; MD aging unavailable
REVO X	GD4-MH	R2B02M01L2 M/T	2026	A442	6	RFS	1	StokMD - 2026-08-06T080446.204.xls	HTML table / 3,496 data rows	2026-08-06 08:04:46	MD source has no aging field; MD aging unavailable
REVO X	GD4-MH	R2B02M01L2 M/T	2026	A442	7	RFS	1	StokMD - 2026-08-06T080446.204.xls	HTML table / 3,496 data rows	2026-08-06 08:04:46	MD source has no aging field; MD aging unavailable
REVO X	GD4-MH	R2B02M01L2 M/T	2026	A442	8	RFS	1	StokMD - 2026-08-06T080446.204.xls	HTML table / 3,496 data rows	2026-08-06 08:04:46	MD source has no aging field; MD aging unavailable
REVO X	GD4-MH	R2B02M01L2 M/T	2026	A442	9	RFS	1	StokMD - 2026-08-06T080446.204.xls	HTML table / 3,496 data rows	2026-08-06 08:04:46	MD source has no aging field; MD aging unavailable
REVO X	GD4-MH	R2B02M01L2 M/T	2026	A443	15	RFS	1	StokMD - 2026-08-06T080446.204.xls	HTML table / 3,496 data rows	2026-08-06 08:04:46	MD source has no aging field; MD aging unavailable
REVO X	GD4-MH	R2B02M01L2 M/T	2026	A443	18	RFS	1	StokMD - 2026-08-06T080446.204.xls	HTML table / 3,496 data rows	2026-08-06 08:04:46	MD source has no aging field; MD aging unavailable
REVO X	GD4-MH	R2B02M01L2 M/T	2026	A443	2	RFS	1	StokMD - 2026-08-06T080446.204.xls	HTML table / 3,496 data rows	2026-08-06 08:04:46	MD source has no aging field; MD aging unavailable
REVO X	GD4-MH	R2B02M01L2 M/T	2026	A443	25	RFS	1	StokMD - 2026-08-06T080446.204.xls	HTML table / 3,496 data rows	2026-08-06 08:04:46	MD source has no aging field; MD aging unavailable
REVO X	GD4-MH	R2B02M01L2 M/T	2026	A443	27	RFS	1	StokMD - 2026-08-06T080446.204.xls	HTML table / 3,496 data rows	2026-08-06 08:04:46	MD source has no aging field; MD aging unavailable
REVO X	GD4-MH	R2B02M01L2 M/T	2026	A443	3	RFS	1	StokMD - 2026-08-06T080446.204.xls	HTML table / 3,496 data rows	2026-08-06 08:04:46	MD source has no aging field; MD aging unavailable
REVO X	GD4-MH	R2B02M01L2 M/T	2026	A443	30	RFS	1	StokMD - 2026-08-06T080446.204.xls	HTML table / 3,496 data rows	2026-08-06 08:04:46	MD source has no aging field; MD aging unavailable
REVO X	GD4-MH	R2B02M01L2 M/T	2026	A443	35	RFS	1	StokMD - 2026-08-06T080446.204.xls	HTML table / 3,496 data rows	2026-08-06 08:04:46	MD source has no aging field; MD aging unavailable
REVO X	GD4-MH	R2B02M01L2 M/T	2026	A443	36	RFS	1	StokMD - 2026-08-06T080446.204.xls	HTML table / 3,496 data rows	2026-08-06 08:04:46	MD source has no aging field; MD aging unavailable
REVO X	GD4-MH	R2B02M01L2 M/T	2026	A443	37	RFS	1	StokMD - 2026-08-06T080446.204.xls	HTML table / 3,496 data rows	2026-08-06 08:04:46	MD source has no aging field; MD aging unavailable
REVO X	GD4-MH	R2B02M01L2 M/T	2026	A443	38	RFS	1	StokMD - 2026-08-06T080446.204.xls	HTML table / 3,496 data rows	2026-08-06 08:04:46	MD source has no aging field; MD aging unavailable
REVO X	GD4-MH	R2B02M01L2 M/T	2026	A443	39	RFS	1	StokMD - 2026-08-06T080446.204.xls	HTML table / 3,496 data rows	2026-08-06 08:04:46	MD source has no aging field; MD aging unavailable
REVO X	GD4-MH	R2B02M01L2 M/T	2026	A443	40	RFS	1	StokMD - 2026-08-06T080446.204.xls	HTML table / 3,496 data rows	2026-08-06 08:04:46	MD source has no aging field; MD aging unavailable
REVO X	GD4-MH	R2B02M01L2 M/T	2026	A444	7	RFS	1	StokMD - 2026-08-06T080446.204.xls	HTML table / 3,496 data rows	2026-08-06 08:04:46	MD source has no aging field; MD aging unavailable
REVO X	GD4-MH	R2B02M01L2 M/T	2026	A446	1	RFS	1	StokMD - 2026-08-06T080446.204.xls	HTML table / 3,496 data rows	2026-08-06 08:04:46	MD source has no aging field; MD aging unavailable
REVO X	GD4-MH	R2B02M01L2 M/T	2026	A446	10	RFS	1	StokMD - 2026-08-06T080446.204.xls	HTML table / 3,496 data rows	2026-08-06 08:04:46	MD source has no aging field; MD aging unavailable
REVO X	GD4-MH	R2B02M01L2 M/T	2026	A446	11	RFS	1	StokMD - 2026-08-06T080446.204.xls	HTML table / 3,496 data rows	2026-08-06 08:04:46	MD source has no aging field; MD aging unavailable
REVO X	GD4-MH	R2B02M01L2 M/T	2026	A446	12	RFS	1	StokMD - 2026-08-06T080446.204.xls	HTML table / 3,496 data rows	2026-08-06 08:04:46	MD source has no aging field; MD aging unavailable
REVO X	GD4-MH	R2B02M01L2 M/T	2026	A446	13	RFS	1	StokMD - 2026-08-06T080446.204.xls	HTML table / 3,496 data rows	2026-08-06 08:04:46	MD source has no aging field; MD aging unavailable
REVO X	GD4-MH	R2B02M01L2 M/T	2026	A446	14	RFS	1	StokMD - 2026-08-06T080446.204.xls	HTML table / 3,496 data rows	2026-08-06 08:04:46	MD source has no aging field; MD aging unavailable
REVO X	GD4-MH	R2B02M01L2 M/T	2026	A446	15	RFS	1	StokMD - 2026-08-06T080446.204.xls	HTML table / 3,496 data rows	2026-08-06 08:04:46	MD source has no aging field; MD aging unavailable
REVO X	GD4-MH	R2B02M01L2 M/T	2026	A446	2	RFS	1	StokMD - 2026-08-06T080446.204.xls	HTML table / 3,496 data rows	2026-08-06 08:04:46	MD source has no aging field; MD aging unavailable
REVO X	GD4-MH	R2B02M01L2 M/T	2026	A446	21	RFS	1	StokMD - 2026-08-06T080446.204.xls	HTML table / 3,496 data rows	2026-08-06 08:04:46	MD source has no aging field; MD aging unavailable
REVO X	GD4-MH	R2B02M01L2 M/T	2026	A446	23	RFS	1	StokMD - 2026-08-06T080446.204.xls	HTML table / 3,496 data rows	2026-08-06 08:04:46	MD source has no aging field; MD aging unavailable
REVO X	GD4-MH	R2B02M01L2 M/T	2026	A446	29	RFS	1	StokMD - 2026-08-06T080446.204.xls	HTML table / 3,496 data rows	2026-08-06 08:04:46	MD source has no aging field; MD aging unavailable
REVO X	GD4-MH	R2B02M01L2 M/T	2026	A446	3	RFS	1	StokMD - 2026-08-06T080446.204.xls	HTML table / 3,496 data rows	2026-08-06 08:04:46	MD source has no aging field; MD aging unavailable
REVO X	GD4-MH	R2B02M01L2 M/T	2026	A446	30	RFS	1	StokMD - 2026-08-06T080446.204.xls	HTML table / 3,496 data rows	2026-08-06 08:04:46	MD source has no aging field; MD aging unavailable
REVO X	GD4-MH	R2B02M01L2 M/T	2026	A446	36	RFS	1	StokMD - 2026-08-06T080446.204.xls	HTML table / 3,496 data rows	2026-08-06 08:04:46	MD source has no aging field; MD aging unavailable
REVO X	GD4-MH	R2B02M01L2 M/T	2026	A446	37	RFS	1	StokMD - 2026-08-06T080446.204.xls	HTML table / 3,496 data rows	2026-08-06 08:04:46	MD source has no aging field; MD aging unavailable
REVO X	GD4-MH	R2B02M01L2 M/T	2026	A446	39	RFS	1	StokMD - 2026-08-06T080446.204.xls	HTML table / 3,496 data rows	2026-08-06 08:04:46	MD source has no aging field; MD aging unavailable
REVO X	GD4-MH	R2B02M01L2 M/T	2026	A446	4	RFS	1	StokMD - 2026-08-06T080446.204.xls	HTML table / 3,496 data rows	2026-08-06 08:04:46	MD source has no aging field; MD aging unavailable
REVO X	GD4-MH	R2B02M01L2 M/T	2026	A446	5	RFS	1	StokMD - 2026-08-06T080446.204.xls	HTML table / 3,496 data rows	2026-08-06 08:04:46	MD source has no aging field; MD aging unavailable
REVO X	GD4-MH	R2B02M01L2 M/T	2026	A446	6	RFS	1	StokMD - 2026-08-06T080446.204.xls	HTML table / 3,496 data rows	2026-08-06 08:04:46	MD source has no aging field; MD aging unavailable
REVO X	GD4-MH	R2B02M01L2 M/T	2026	A446	7	RFS	1	StokMD - 2026-08-06T080446.204.xls	HTML table / 3,496 data rows	2026-08-06 08:04:46	MD source has no aging field; MD aging unavailable
REVO X	GD4-MH	R2B02M01L2 M/T	2026	A446	8	RFS	1	StokMD - 2026-08-06T080446.204.xls	HTML table / 3,496 data rows	2026-08-06 08:04:46	MD source has no aging field; MD aging unavailable
REVO X	GD4-MH	R2B02M01L2 M/T	2026	A446	9	RFS	1	StokMD - 2026-08-06T080446.204.xls	HTML table / 3,496 data rows	2026-08-06 08:04:46	MD source has no aging field; MD aging unavailable
REVO X	GD4-MH	R2B02M01L2 M/T	2026	A453	11	RFS	1	StokMD - 2026-08-06T080446.204.xls	HTML table / 3,496 data rows	2026-08-06 08:04:46	MD source has no aging field; MD aging unavailable
REVO X	GD4-MH	R2B02M01L2 M/T	2026	A453	12	RFS	1	StokMD - 2026-08-06T080446.204.xls	HTML table / 3,496 data rows	2026-08-06 08:04:46	MD source has no aging field; MD aging unavailable
REVO X	GD4-MH	R2B02M01L2 M/T	2026	A453	13	RFS	1	StokMD - 2026-08-06T080446.204.xls	HTML table / 3,496 data rows	2026-08-06 08:04:46	MD source has no aging field; MD aging unavailable
REVO X	GD4-MH	R2B02M01L2 M/T	2026	A453	14	RFS	1	StokMD - 2026-08-06T080446.204.xls	HTML table / 3,496 data rows	2026-08-06 08:04:46	MD source has no aging field; MD aging unavailable
REVO X	GD4-MH	R2B02M01L2 M/T	2026	A453	15	RFS	1	StokMD - 2026-08-06T080446.204.xls	HTML table / 3,496 data rows	2026-08-06 08:04:46	MD source has no aging field; MD aging unavailable
REVO X	GD4-MH	R2B02M01L2 M/T	2026	A453	16	RFS	1	StokMD - 2026-08-06T080446.204.xls	HTML table / 3,496 data rows	2026-08-06 08:04:46	MD source has no aging field; MD aging unavailable
REVO X	GD4-MH	R2B02M01L2 M/T	2026	A453	17	RFS	1	StokMD - 2026-08-06T080446.204.xls	HTML table / 3,496 data rows	2026-08-06 08:04:46	MD source has no aging field; MD aging unavailable
REVO X	GD4-MH	R2B02M01L2 M/T	2026	A453	18	RFS	1	StokMD - 2026-08-06T080446.204.xls	HTML table / 3,496 data rows	2026-08-06 08:04:46	MD source has no aging field; MD aging unavailable
REVO X	GD4-MH	R2B02M01L2 M/T	2026	A453	19	RFS	1	StokMD - 2026-08-06T080446.204.xls	HTML table / 3,496 data rows	2026-08-06 08:04:46	MD source has no aging field; MD aging unavailable
REVO X	GD4-MH	R2B02M01L2 M/T	2026	A453	20	RFS	1	StokMD - 2026-08-06T080446.204.xls	HTML table / 3,496 data rows	2026-08-06 08:04:46	MD source has no aging field; MD aging unavailable
REVO X	GD4-MH	R2B02M01L2 M/T	2026	A453	21	RFS	1	StokMD - 2026-08-06T080446.204.xls	HTML table / 3,496 data rows	2026-08-06 08:04:46	MD source has no aging field; MD aging unavailable
REVO X	GD4-MH	R2B02M01L2 M/T	2026	A453	25	RFS	1	StokMD - 2026-08-06T080446.204.xls	HTML table / 3,496 data rows	2026-08-06 08:04:46	MD source has no aging field; MD aging unavailable
REVO X	GD4-MH	R2B02M01L2 M/T	2026	A453	30	RFS	1	StokMD - 2026-08-06T080446.204.xls	HTML table / 3,496 data rows	2026-08-06 08:04:46	MD source has no aging field; MD aging unavailable
REVO X	GD4-MH	R2B02M01L2 M/T	2026	A453	31	RFS	1	StokMD - 2026-08-06T080446.204.xls	HTML table / 3,496 data rows	2026-08-06 08:04:46	MD source has no aging field; MD aging unavailable
REVO X	GD4-MH	R2B02M01L2 M/T	2026	A453	32	RFS	1	StokMD - 2026-08-06T080446.204.xls	HTML table / 3,496 data rows	2026-08-06 08:04:46	MD source has no aging field; MD aging unavailable
REVO X	GD4-MH	R2B02M01L2 M/T	2026	A453	33	RFS	1	StokMD - 2026-08-06T080446.204.xls	HTML table / 3,496 data rows	2026-08-06 08:04:46	MD source has no aging field; MD aging unavailable
REVO X	GD4-MH	R2B02M01L2 M/T	2026	A453	34	RFS	1	StokMD - 2026-08-06T080446.204.xls	HTML table / 3,496 data rows	2026-08-06 08:04:46	MD source has no aging field; MD aging unavailable
REVO X	GD4-MH	R2B02M01L2 M/T	2026	A453	35	RFS	1	StokMD - 2026-08-06T080446.204.xls	HTML table / 3,496 data rows	2026-08-06 08:04:46	MD source has no aging field; MD aging unavailable
REVO X	GD4-MH	R2B02M01L2 M/T	2026	A453	36	RFS	1	StokMD - 2026-08-06T080446.204.xls	HTML table / 3,496 data rows	2026-08-06 08:04:46	MD source has no aging field; MD aging unavailable
REVO X	GD4-MH	R2B02M01L2 M/T	2026	A453	37	RFS	1	StokMD - 2026-08-06T080446.204.xls	HTML table / 3,496 data rows	2026-08-06 08:04:46	MD source has no aging field; MD aging unavailable
REVO X	GD4-MH	R2B02M01L2 M/T	2026	A453	38	RFS	1	StokMD - 2026-08-06T080446.204.xls	HTML table / 3,496 data rows	2026-08-06 08:04:46	MD source has no aging field; MD aging unavailable
REVO X	GD4-MH	R2B02M01L2 M/T	2026	A453	39	RFS	1	StokMD - 2026-08-06T080446.204.xls	HTML table / 3,496 data rows	2026-08-06 08:04:46	MD source has no aging field; MD aging unavailable
REVO X	GD4-MH	R2B02M01L2 M/T	2026	A453	40	RFS	1	StokMD - 2026-08-06T080446.204.xls	HTML table / 3,496 data rows	2026-08-06 08:04:46	MD source has no aging field; MD aging unavailable
REVO X	GD4-MH	R2B02M01L2 M/T	2026	A453	8	RFS	1	StokMD - 2026-08-06T080446.204.xls	HTML table / 3,496 data rows	2026-08-06 08:04:46	MD source has no aging field; MD aging unavailable
REVO X	GD4-MH	R2B02M01L2 M/T	2026	A454	14	RFS	1	StokMD - 2026-08-06T080446.204.xls	HTML table / 3,496 data rows	2026-08-06 08:04:46	MD source has no aging field; MD aging unavailable
REVO X	GD4-MH	R2B02M01L2 M/T	2026	A454	15	RFS	1	StokMD - 2026-08-06T080446.204.xls	HTML table / 3,496 data rows	2026-08-06 08:04:46	MD source has no aging field; MD aging unavailable
REVO X	GD4-MH	R2B02M01L2 M/T	2026	A454	16	RFS	1	StokMD - 2026-08-06T080446.204.xls	HTML table / 3,496 data rows	2026-08-06 08:04:46	MD source has no aging field; MD aging unavailable
REVO X	GD4-MH	R2B02M01L2 M/T	2026	A454	17	RFS	1	StokMD - 2026-08-06T080446.204.xls	HTML table / 3,496 data rows	2026-08-06 08:04:46	MD source has no aging field; MD aging unavailable
REVO X	GD4-MH	R2B02M01L2 M/T	2026	A454	18	RFS	1	StokMD - 2026-08-06T080446.204.xls	HTML table / 3,496 data rows	2026-08-06 08:04:46	MD source has no aging field; MD aging unavailable
REVO X	GD4-MH	R2B02M01L2 M/T	2026	A454	19	RFS	1	StokMD - 2026-08-06T080446.204.xls	HTML table / 3,496 data rows	2026-08-06 08:04:46	MD source has no aging field; MD aging unavailable
REVO X	GD4-MH	R2B02M01L2 M/T	2026	A454	2	RFS	1	StokMD - 2026-08-06T080446.204.xls	HTML table / 3,496 data rows	2026-08-06 08:04:46	MD source has no aging field; MD aging unavailable
REVO X	GD4-MH	R2B02M01L2 M/T	2026	A454	20	RFS	1	StokMD - 2026-08-06T080446.204.xls	HTML table / 3,496 data rows	2026-08-06 08:04:46	MD source has no aging field; MD aging unavailable
REVO X	GD4-MH	R2B02M01L2 M/T	2026	A454	23	RFS	1	StokMD - 2026-08-06T080446.204.xls	HTML table / 3,496 data rows	2026-08-06 08:04:46	MD source has no aging field; MD aging unavailable
REVO X	GD4-MH	R2B02M01L2 M/T	2026	A454	24	RFS	1	StokMD - 2026-08-06T080446.204.xls	HTML table / 3,496 data rows	2026-08-06 08:04:46	MD source has no aging field; MD aging unavailable
REVO X	GD4-MH	R2B02M01L2 M/T	2026	A454	28	RFS	1	StokMD - 2026-08-06T080446.204.xls	HTML table / 3,496 data rows	2026-08-06 08:04:46	MD source has no aging field; MD aging unavailable
REVO X	GD4-MH	R2B02M01L2 M/T	2026	A454	5	RFS	1	StokMD - 2026-08-06T080446.204.xls	HTML table / 3,496 data rows	2026-08-06 08:04:46	MD source has no aging field; MD aging unavailable
SCOOPY FASHION	MRB-4G	F1C02N46S3 A/T	2026	A228	13	RFS	1	StokMD - 2026-08-06T080446.204.xls	HTML table / 3,496 data rows	2026-08-06 08:04:46	MD source has no aging field; MD aging unavailable
SCOOPY FASHION	MRB-4G	F1C02N46S3 A/T	2026	A228	19	RFS	1	StokMD - 2026-08-06T080446.204.xls	HTML table / 3,496 data rows	2026-08-06 08:04:46	MD source has no aging field; MD aging unavailable
SCOOPY FASHION	MRB-4G	F1C02N46S3 A/T	2026	A228	22	RFS	1	StokMD - 2026-08-06T080446.204.xls	HTML table / 3,496 data rows	2026-08-06 08:04:46	MD source has no aging field; MD aging unavailable
SCOOPY FASHION	MRB-4G	F1C02N46S3 A/T	2026	A228	3	RFS	1	StokMD - 2026-08-06T080446.204.xls	HTML table / 3,496 data rows	2026-08-06 08:04:46	MD source has no aging field; MD aging unavailable
SCOOPY FASHION	MRB-6C	F1C02N46S3 A/T	2026	A272	19	RFS	1	StokMD - 2026-08-06T080446.204.xls	HTML table / 3,496 data rows	2026-08-06 08:04:46	MD source has no aging field; MD aging unavailable
SCOOPY FASHION	MRB-CR	F1C02N46S3 A/T	2026	A185	7	NRFS	1	StokMD - 2026-08-06T080446.204.xls	HTML table / 3,496 data rows	2026-08-06 08:04:46	MD source has no aging field; MD aging unavailable
SCOOPY PRESTIGE	MS1-1B	F1C02N47S3A A/T	2026	A338	15	RFS	1	StokMD - 2026-08-06T080446.204.xls	HTML table / 3,496 data rows	2026-08-06 08:04:46	MD source has no aging field; MD aging unavailable
SCOOPY PRESTIGE	MS1-1B	F1C02N47S3A A/T	2026	A338	16	RFS	1	StokMD - 2026-08-06T080446.204.xls	HTML table / 3,496 data rows	2026-08-06 08:04:46	MD source has no aging field; MD aging unavailable
SCOOPY PRESTIGE	MS1-1B	F1C02N47S3A A/T	2026	A338	7	RFS	1	StokMD - 2026-08-06T080446.204.xls	HTML table / 3,496 data rows	2026-08-06 08:04:46	MD source has no aging field; MD aging unavailable
SCOOPY PRESTIGE	MS1-1B	F1C02N47S3A A/T	2026	A341	1	RFS	1	StokMD - 2026-08-06T080446.204.xls	HTML table / 3,496 data rows	2026-08-06 08:04:46	MD source has no aging field; MD aging unavailable
SCOOPY PRESTIGE	MS1-1B	F1C02N47S3A A/T	2026	A341	12	RFS	1	StokMD - 2026-08-06T080446.204.xls	HTML table / 3,496 data rows	2026-08-06 08:04:46	MD source has no aging field; MD aging unavailable
SCOOPY PRESTIGE	MS1-1B	F1C02N47S3A A/T	2026	A341	13	RFS	1	StokMD - 2026-08-06T080446.204.xls	HTML table / 3,496 data rows	2026-08-06 08:04:46	MD source has no aging field; MD aging unavailable
SCOOPY PRESTIGE	MS1-1B	F1C02N47S3A A/T	2026	A341	4	RFS	1	StokMD - 2026-08-06T080446.204.xls	HTML table / 3,496 data rows	2026-08-06 08:04:46	MD source has no aging field; MD aging unavailable
SCOOPY PRESTIGE	MS1-1B	F1C02N47S3A A/T	2026	A341	5	RFS	1	StokMD - 2026-08-06T080446.204.xls	HTML table / 3,496 data rows	2026-08-06 08:04:46	MD source has no aging field; MD aging unavailable
SCOOPY PRESTIGE	MS1-1B	F1C02N47S3A A/T	2026	A341	6	RFS	1	StokMD - 2026-08-06T080446.204.xls	HTML table / 3,496 data rows	2026-08-06 08:04:46	MD source has no aging field; MD aging unavailable
SCOOPY PRESTIGE	MS1-1B	F1C02N47S3A A/T	2026	A341	7	RFS	1	StokMD - 2026-08-06T080446.204.xls	HTML table / 3,496 data rows	2026-08-06 08:04:46	MD source has no aging field; MD aging unavailable
SCOOPY PRESTIGE	MS1-1W	F1C02N47S3A A/T	2026	A338	19	RFS	1	StokMD - 2026-08-06T080446.204.xls	HTML table / 3,496 data rows	2026-08-06 08:04:46	MD source has no aging field; MD aging unavailable
SCOOPY PRESTIGE	MS1-1W	F1C02N47S3A A/T	2026	A338	21	RFS	1	StokMD - 2026-08-06T080446.204.xls	HTML table / 3,496 data rows	2026-08-06 08:04:46	MD source has no aging field; MD aging unavailable
SCOOPY PRESTIGE	MS1-1W	F1C02N47S3A A/T	2026	A338	22	RFS	1	StokMD - 2026-08-06T080446.204.xls	HTML table / 3,496 data rows	2026-08-06 08:04:46	MD source has no aging field; MD aging unavailable
SCOOPY PRESTIGE	MS1-1W	F1C02N47S3A A/T	2026	A339	19	RFS	1	StokMD - 2026-08-06T080446.204.xls	HTML table / 3,496 data rows	2026-08-06 08:04:46	MD source has no aging field; MD aging unavailable
SCOOPY PRESTIGE	MS1-1W	F1C02N47S3A A/T	2026	A339	20	RFS	1	StokMD - 2026-08-06T080446.204.xls	HTML table / 3,496 data rows	2026-08-06 08:04:46	MD source has no aging field; MD aging unavailable
SCOOPY PRESTIGE	MS1-1W	F1C02N47S3A A/T	2026	A339	21	RFS	1	StokMD - 2026-08-06T080446.204.xls	HTML table / 3,496 data rows	2026-08-06 08:04:46	MD source has no aging field; MD aging unavailable
SCOOPY PRESTIGE	MS1-1W	F1C02N47S3A A/T	2026	A339	3	RFS	1	StokMD - 2026-08-06T080446.204.xls	HTML table / 3,496 data rows	2026-08-06 08:04:46	MD source has no aging field; MD aging unavailable
SCOOPY PRESTIGE	MS1-1W	F1C02N47S3A A/T	2026	A341	17	RFS	1	StokMD - 2026-08-06T080446.204.xls	HTML table / 3,496 data rows	2026-08-06 08:04:46	MD source has no aging field; MD aging unavailable
SCOOPY PRESTIGE	MS1-1W	F1C02N47S3A A/T	2026	A341	8	RFS	1	StokMD - 2026-08-06T080446.204.xls	HTML table / 3,496 data rows	2026-08-06 08:04:46	MD source has no aging field; MD aging unavailable
SCOOPY PRESTIGE	MS1-1W	F1C02N47S3A A/T	2026	A341	9	RFS	1	StokMD - 2026-08-06T080446.204.xls	HTML table / 3,496 data rows	2026-08-06 08:04:46	MD source has no aging field; MD aging unavailable
SCOOPY PRESTIGE	MS1-RD	F1C02N47S3A A/T	2026	A339	10	RFS	1	StokMD - 2026-08-06T080446.204.xls	HTML table / 3,496 data rows	2026-08-06 08:04:46	MD source has no aging field; MD aging unavailable
SCOOPY PRESTIGE	MS1-WH	F1C02N47S3A A/T	2026	A342	16	RFS	1	StokMD - 2026-08-06T080446.204.xls	HTML table / 3,496 data rows	2026-08-06 08:04:46	MD source has no aging field; MD aging unavailable
SCOOPY PRESTIGE	MS1-WH	F1C02N47S3A A/T	2026	A342	17	RFS	1	StokMD - 2026-08-06T080446.204.xls	HTML table / 3,496 data rows	2026-08-06 08:04:46	MD source has no aging field; MD aging unavailable
SCOOPY PRESTIGE	MS1-WH	F1C02N47S3A A/T	2026	A342	18	RFS	1	StokMD - 2026-08-06T080446.204.xls	HTML table / 3,496 data rows	2026-08-06 08:04:46	MD source has no aging field; MD aging unavailable
SCOOPY PRESTIGE	MS1-WH	F1C02N47S3A A/T	2026	A342	19	RFS	1	StokMD - 2026-08-06T080446.204.xls	HTML table / 3,496 data rows	2026-08-06 08:04:46	MD source has no aging field; MD aging unavailable
SCOOPY PRESTIGE	MS1-WH	F1C02N47S3A A/T	2026	A342	20	RFS	1	StokMD - 2026-08-06T080446.204.xls	HTML table / 3,496 data rows	2026-08-06 08:04:46	MD source has no aging field; MD aging unavailable
SCOOPY PRESTIGE	MS1-WH	F1C02N47S3A A/T	2026	A342	21	RFS	1	StokMD - 2026-08-06T080446.204.xls	HTML table / 3,496 data rows	2026-08-06 08:04:46	MD source has no aging field; MD aging unavailable
SCOOPY PRESTIGE	MS1-WH	F1C02N47S3A A/T	2026	A342	22	RFS	1	StokMD - 2026-08-06T080446.204.xls	HTML table / 3,496 data rows	2026-08-06 08:04:46	MD source has no aging field; MD aging unavailable
SCOOPY PRESTIGE	MS1-WH	F1C02N47S3A A/T	2026	A342	23	RFS	1	StokMD - 2026-08-06T080446.204.xls	HTML table / 3,496 data rows	2026-08-06 08:04:46	MD source has no aging field; MD aging unavailable
SCOOPY PRESTIGE	MS1-WH	F1C02N47S3A A/T	2026	A342	6	RFS	1	StokMD - 2026-08-06T080446.204.xls	HTML table / 3,496 data rows	2026-08-06 08:04:46	MD source has no aging field; MD aging unavailable
SCOOPY PRESTIGE	MS1-WH	F1C02N47S3A A/T	2026	A342	7	RFS	1	StokMD - 2026-08-06T080446.204.xls	HTML table / 3,496 data rows	2026-08-06 08:04:46	MD source has no aging field; MD aging unavailable
SCOOPY STYLISH	MSB-1G	F1C02N47S3 A/T	2026	A124	33	RFS	1	StokMD - 2026-08-06T080446.204.xls	HTML table / 3,496 data rows	2026-08-06 08:04:46	MD source has no aging field; MD aging unavailable
SCOOPY STYLISH	MSB-1G	F1C02N47S3 A/T	2026	A124	34	RFS	1	StokMD - 2026-08-06T080446.204.xls	HTML table / 3,496 data rows	2026-08-06 08:04:46	MD source has no aging field; MD aging unavailable
SCOOPY STYLISH	MSB-1G	F1C02N47S3 A/T	2026	A124	35	RFS	1	StokMD - 2026-08-06T080446.204.xls	HTML table / 3,496 data rows	2026-08-06 08:04:46	MD source has no aging field; MD aging unavailable
SCOOPY STYLISH	MSB-1G	F1C02N47S3 A/T	2026	A221	25	RFS	1	StokMD - 2026-08-06T080446.204.xls	HTML table / 3,496 data rows	2026-08-06 08:04:46	MD source has no aging field; MD aging unavailable
SCOOPY STYLISH	MSB-1G	F1C02N47S3 A/T	2026	A221	26	RFS	1	StokMD - 2026-08-06T080446.204.xls	HTML table / 3,496 data rows	2026-08-06 08:04:46	MD source has no aging field; MD aging unavailable
SCOOPY STYLISH	MSB-CR	F1C02N47S3 A/T	2026	A185	31	NRFS	1	StokMD - 2026-08-06T080446.204.xls	HTML table / 3,496 data rows	2026-08-06 08:04:46	MD source has no aging field; MD aging unavailable
SCOOPY STYLISH	MSB-GN	F1C02N47S3 A/T	2026	A221	20	RFS	1	StokMD - 2026-08-06T080446.204.xls	HTML table / 3,496 data rows	2026-08-06 08:04:46	MD source has no aging field; MD aging unavailable
SCOOPY STYLISH	MSB-GN	F1C02N47S3 A/T	2026	A221	21	RFS	1	StokMD - 2026-08-06T080446.204.xls	HTML table / 3,496 data rows	2026-08-06 08:04:46	MD source has no aging field; MD aging unavailable
SCOOPY STYLISH	MSB-GN	F1C02N47S3 A/T	2026	A221	24	RFS	1	StokMD - 2026-08-06T080446.204.xls	HTML table / 3,496 data rows	2026-08-06 08:04:46	MD source has no aging field; MD aging unavailable
SCOOPY STYLISH	MSB-GN	F1C02N47S3 A/T	2026	A311	8	RFS	1	StokMD - 2026-08-06T080446.204.xls	HTML table / 3,496 data rows	2026-08-06 08:04:46	MD source has no aging field; MD aging unavailable
SCOOPY STYLISH	MSB-GR	F1C02N47S3 A/T	2026	A185	11	NRFS	1	StokMD - 2026-08-06T080446.204.xls	HTML table / 3,496 data rows	2026-08-06 08:04:46	MD source has no aging field; MD aging unavailable
STYLO 160 ABS	MG1-4G	M1K03Q33S1 A/T	2026	A175	14	RFS	1	StokMD - 2026-08-06T080446.204.xls	HTML table / 3,496 data rows	2026-08-06 08:04:46	MD source has no aging field; MD aging unavailable
STYLO 160 ABS	MG1-4G	M1K03Q33S1 A/T	2026	A175	2	RFS	1	StokMD - 2026-08-06T080446.204.xls	HTML table / 3,496 data rows	2026-08-06 08:04:46	MD source has no aging field; MD aging unavailable
STYLO 160 ABS	MG1-4G	M1K03Q33S1 A/T	2026	A175	3	RFS	1	StokMD - 2026-08-06T080446.204.xls	HTML table / 3,496 data rows	2026-08-06 08:04:46	MD source has no aging field; MD aging unavailable
STYLO 160 ABS	MG1-4G	M1K03Q33S1 A/T	2026	A175	4	RFS	1	StokMD - 2026-08-06T080446.204.xls	HTML table / 3,496 data rows	2026-08-06 08:04:46	MD source has no aging field; MD aging unavailable
STYLO 160 ABS	MG1-4G	M1K03Q33S1 A/T	2026	A175	5	RFS	1	StokMD - 2026-08-06T080446.204.xls	HTML table / 3,496 data rows	2026-08-06 08:04:46	MD source has no aging field; MD aging unavailable
STYLO 160 ABS	MG1-4G	M1K03Q33S1 A/T	2026	A175	9	RFS	1	StokMD - 2026-08-06T080446.204.xls	HTML table / 3,496 data rows	2026-08-06 08:04:46	MD source has no aging field; MD aging unavailable
STYLO 160 CBS	MF1-1W	M1K03M32S1 A/T	2026	A391	3	RFS	1	StokMD - 2026-08-06T080446.204.xls	HTML table / 3,496 data rows	2026-08-06 08:04:46	MD source has no aging field; MD aging unavailable
STYLO 160 CBS	MF1-BK	M1K03M32S1 A/T	2026	A185	12	NRFS	1	StokMD - 2026-08-06T080446.204.xls	HTML table / 3,496 data rows	2026-08-06 08:04:46	MD source has no aging field; MD aging unavailable
STYLO 160 CBS	MF1-BK	M1K03M32S1 A/T	2026	A185	9	NRFS	1	StokMD - 2026-08-06T080446.204.xls	HTML table / 3,496 data rows	2026-08-06 08:04:46	MD source has no aging field; MD aging unavailable
SUPRA X 125 CW	GF5-BK	G2A02Q02L4 M/T	2026	A113	1	RFS	1	StokMD - 2026-08-06T080446.204.xls	HTML table / 3,496 data rows	2026-08-06 08:04:46	MD source has no aging field; MD aging unavailable
SUPRA X 125 CW	GF5-BK	G2A02Q02L4 M/T	2026	A113	13	RFS	1	StokMD - 2026-08-06T080446.204.xls	HTML table / 3,496 data rows	2026-08-06 08:04:46	MD source has no aging field; MD aging unavailable
SUPRA X 125 CW	GF5-BK	G2A02Q02L4 M/T	2026	A113	14	RFS	1	StokMD - 2026-08-06T080446.204.xls	HTML table / 3,496 data rows	2026-08-06 08:04:46	MD source has no aging field; MD aging unavailable
SUPRA X 125 CW	GF5-BK	G2A02Q02L4 M/T	2026	A113	15	RFS	1	StokMD - 2026-08-06T080446.204.xls	HTML table / 3,496 data rows	2026-08-06 08:04:46	MD source has no aging field; MD aging unavailable
SUPRA X 125 CW	GF5-BK	G2A02Q02L4 M/T	2026	A113	16	RFS	1	StokMD - 2026-08-06T080446.204.xls	HTML table / 3,496 data rows	2026-08-06 08:04:46	MD source has no aging field; MD aging unavailable
SUPRA X 125 CW	GF5-BK	G2A02Q02L4 M/T	2026	A113	17	RFS	1	StokMD - 2026-08-06T080446.204.xls	HTML table / 3,496 data rows	2026-08-06 08:04:46	MD source has no aging field; MD aging unavailable
SUPRA X 125 CW	GF5-BK	G2A02Q02L4 M/T	2026	A113	18	RFS	1	StokMD - 2026-08-06T080446.204.xls	HTML table / 3,496 data rows	2026-08-06 08:04:46	MD source has no aging field; MD aging unavailable
SUPRA X 125 CW	GF5-BK	G2A02Q02L4 M/T	2026	A113	19	RFS	1	StokMD - 2026-08-06T080446.204.xls	HTML table / 3,496 data rows	2026-08-06 08:04:46	MD source has no aging field; MD aging unavailable
SUPRA X 125 CW	GF5-BK	G2A02Q02L4 M/T	2026	A113	2	RFS	1	StokMD - 2026-08-06T080446.204.xls	HTML table / 3,496 data rows	2026-08-06 08:04:46	MD source has no aging field; MD aging unavailable
SUPRA X 125 CW	GF5-BK	G2A02Q02L4 M/T	2026	A113	20	RFS	1	StokMD - 2026-08-06T080446.204.xls	HTML table / 3,496 data rows	2026-08-06 08:04:46	MD source has no aging field; MD aging unavailable
SUPRA X 125 CW	GF5-BK	G2A02Q02L4 M/T	2026	A113	21	RFS	1	StokMD - 2026-08-06T080446.204.xls	HTML table / 3,496 data rows	2026-08-06 08:04:46	MD source has no aging field; MD aging unavailable
SUPRA X 125 CW	GF5-BK	G2A02Q02L4 M/T	2026	A113	22	RFS	1	StokMD - 2026-08-06T080446.204.xls	HTML table / 3,496 data rows	2026-08-06 08:04:46	MD source has no aging field; MD aging unavailable
SUPRA X 125 CW	GF5-BK	G2A02Q02L4 M/T	2026	A113	23	RFS	1	StokMD - 2026-08-06T080446.204.xls	HTML table / 3,496 data rows	2026-08-06 08:04:46	MD source has no aging field; MD aging unavailable
SUPRA X 125 CW	GF5-BK	G2A02Q02L4 M/T	2026	A113	24	RFS	1	StokMD - 2026-08-06T080446.204.xls	HTML table / 3,496 data rows	2026-08-06 08:04:46	MD source has no aging field; MD aging unavailable
SUPRA X 125 CW	GF5-BK	G2A02Q02L4 M/T	2026	A113	25	RFS	1	StokMD - 2026-08-06T080446.204.xls	HTML table / 3,496 data rows	2026-08-06 08:04:46	MD source has no aging field; MD aging unavailable
SUPRA X 125 CW	GF5-BK	G2A02Q02L4 M/T	2026	A113	26	RFS	1	StokMD - 2026-08-06T080446.204.xls	HTML table / 3,496 data rows	2026-08-06 08:04:46	MD source has no aging field; MD aging unavailable
SUPRA X 125 CW	GF5-BK	G2A02Q02L4 M/T	2026	A113	29	RFS	1	StokMD - 2026-08-06T080446.204.xls	HTML table / 3,496 data rows	2026-08-06 08:04:46	MD source has no aging field; MD aging unavailable
SUPRA X 125 CW	GF5-BK	G2A02Q02L4 M/T	2026	A113	3	RFS	1	StokMD - 2026-08-06T080446.204.xls	HTML table / 3,496 data rows	2026-08-06 08:04:46	MD source has no aging field; MD aging unavailable
SUPRA X 125 CW	GF5-BK	G2A02Q02L4 M/T	2026	A113	31	RFS	1	StokMD - 2026-08-06T080446.204.xls	HTML table / 3,496 data rows	2026-08-06 08:04:46	MD source has no aging field; MD aging unavailable
SUPRA X 125 CW	GF5-BK	G2A02Q02L4 M/T	2026	A113	35	RFS	1	StokMD - 2026-08-06T080446.204.xls	HTML table / 3,496 data rows	2026-08-06 08:04:46	MD source has no aging field; MD aging unavailable
SUPRA X 125 CW	GF5-BK	G2A02Q02L4 M/T	2026	A113	4	RFS	1	StokMD - 2026-08-06T080446.204.xls	HTML table / 3,496 data rows	2026-08-06 08:04:46	MD source has no aging field; MD aging unavailable
SUPRA X 125 CW	GF5-BK	G2A02Q02L4 M/T	2026	A113	6	RFS	1	StokMD - 2026-08-06T080446.204.xls	HTML table / 3,496 data rows	2026-08-06 08:04:46	MD source has no aging field; MD aging unavailable
SUPRA X 125 CW	GF5-BK	G2A02Q02L4 M/T	2026	A113	7	RFS	1	StokMD - 2026-08-06T080446.204.xls	HTML table / 3,496 data rows	2026-08-06 08:04:46	MD source has no aging field; MD aging unavailable
SUPRA X 125 CW	GF5-BK	G2A02Q02L4 M/T	2026	A113	8	RFS	1	StokMD - 2026-08-06T080446.204.xls	HTML table / 3,496 data rows	2026-08-06 08:04:46	MD source has no aging field; MD aging unavailable
SUPRA X 125 CW	GF5-BK	G2A02Q02L4 M/T	2026	A113	9	RFS	1	StokMD - 2026-08-06T080446.204.xls	HTML table / 3,496 data rows	2026-08-06 08:04:46	MD source has no aging field; MD aging unavailable
SUPRA X 125 CW	GF5-BK	G2A02Q02L4 M/T	2026	A234	16	RFS	1	StokMD - 2026-08-06T080446.204.xls	HTML table / 3,496 data rows	2026-08-06 08:04:46	MD source has no aging field; MD aging unavailable
SUPRA X 125 CW	GF5-BK	G2A02Q02L4 M/T	2026	A234	3	RFS	1	StokMD - 2026-08-06T080446.204.xls	HTML table / 3,496 data rows	2026-08-06 08:04:46	MD source has no aging field; MD aging unavailable
SUPRA X 125 CW	GF5-BK	G2A02Q02L4 M/T	2026	A234	39	RFS	1	StokMD - 2026-08-06T080446.204.xls	HTML table / 3,496 data rows	2026-08-06 08:04:46	MD source has no aging field; MD aging unavailable
SUPRA X 125 CW	GF5-BK	G2A02Q02L4 M/T	2026	A271	1	RFS	1	StokMD - 2026-08-06T080446.204.xls	HTML table / 3,496 data rows	2026-08-06 08:04:46	MD source has no aging field; MD aging unavailable
SUPRA X 125 CW	GF5-BK	G2A02Q02L4 M/T	2026	A271	10	RFS	1	StokMD - 2026-08-06T080446.204.xls	HTML table / 3,496 data rows	2026-08-06 08:04:46	MD source has no aging field; MD aging unavailable
SUPRA X 125 CW	GF5-BK	G2A02Q02L4 M/T	2026	A271	11	RFS	1	StokMD - 2026-08-06T080446.204.xls	HTML table / 3,496 data rows	2026-08-06 08:04:46	MD source has no aging field; MD aging unavailable
SUPRA X 125 CW	GF5-BK	G2A02Q02L4 M/T	2026	A271	12	RFS	1	StokMD - 2026-08-06T080446.204.xls	HTML table / 3,496 data rows	2026-08-06 08:04:46	MD source has no aging field; MD aging unavailable
SUPRA X 125 CW	GF5-BK	G2A02Q02L4 M/T	2026	A271	13	RFS	1	StokMD - 2026-08-06T080446.204.xls	HTML table / 3,496 data rows	2026-08-06 08:04:46	MD source has no aging field; MD aging unavailable
SUPRA X 125 CW	GF5-BK	G2A02Q02L4 M/T	2026	A271	15	RFS	1	StokMD - 2026-08-06T080446.204.xls	HTML table / 3,496 data rows	2026-08-06 08:04:46	MD source has no aging field; MD aging unavailable
SUPRA X 125 CW	GF5-BK	G2A02Q02L4 M/T	2026	A271	16	RFS	1	StokMD - 2026-08-06T080446.204.xls	HTML table / 3,496 data rows	2026-08-06 08:04:46	MD source has no aging field; MD aging unavailable
SUPRA X 125 CW	GF5-BK	G2A02Q02L4 M/T	2026	A271	17	RFS	1	StokMD - 2026-08-06T080446.204.xls	HTML table / 3,496 data rows	2026-08-06 08:04:46	MD source has no aging field; MD aging unavailable
SUPRA X 125 CW	GF5-BK	G2A02Q02L4 M/T	2026	A271	2	RFS	1	StokMD - 2026-08-06T080446.204.xls	HTML table / 3,496 data rows	2026-08-06 08:04:46	MD source has no aging field; MD aging unavailable
SUPRA X 125 CW	GF5-BK	G2A02Q02L4 M/T	2026	A271	21	RFS	1	StokMD - 2026-08-06T080446.204.xls	HTML table / 3,496 data rows	2026-08-06 08:04:46	MD source has no aging field; MD aging unavailable
SUPRA X 125 CW	GF5-BK	G2A02Q02L4 M/T	2026	A271	22	RFS	1	StokMD - 2026-08-06T080446.204.xls	HTML table / 3,496 data rows	2026-08-06 08:04:46	MD source has no aging field; MD aging unavailable
SUPRA X 125 CW	GF5-BK	G2A02Q02L4 M/T	2026	A271	23	RFS	1	StokMD - 2026-08-06T080446.204.xls	HTML table / 3,496 data rows	2026-08-06 08:04:46	MD source has no aging field; MD aging unavailable
SUPRA X 125 CW	GF5-BK	G2A02Q02L4 M/T	2026	A271	3	RFS	1	StokMD - 2026-08-06T080446.204.xls	HTML table / 3,496 data rows	2026-08-06 08:04:46	MD source has no aging field; MD aging unavailable
SUPRA X 125 CW	GF5-BK	G2A02Q02L4 M/T	2026	A271	4	RFS	1	StokMD - 2026-08-06T080446.204.xls	HTML table / 3,496 data rows	2026-08-06 08:04:46	MD source has no aging field; MD aging unavailable
SUPRA X 125 CW	GF5-BK	G2A02Q02L4 M/T	2026	A271	5	RFS	1	StokMD - 2026-08-06T080446.204.xls	HTML table / 3,496 data rows	2026-08-06 08:04:46	MD source has no aging field; MD aging unavailable
SUPRA X 125 CW	GF5-BK	G2A02Q02L4 M/T	2026	A271	6	RFS	1	StokMD - 2026-08-06T080446.204.xls	HTML table / 3,496 data rows	2026-08-06 08:04:46	MD source has no aging field; MD aging unavailable
SUPRA X 125 CW	GF5-BK	G2A02Q02L4 M/T	2026	A271	7	RFS	1	StokMD - 2026-08-06T080446.204.xls	HTML table / 3,496 data rows	2026-08-06 08:04:46	MD source has no aging field; MD aging unavailable
SUPRA X 125 CW	GF5-BK	G2A02Q02L4 M/T	2026	A271	9	RFS	1	StokMD - 2026-08-06T080446.204.xls	HTML table / 3,496 data rows	2026-08-06 08:04:46	MD source has no aging field; MD aging unavailable
SUPRA X 125 CW	GF5-BK	G2A02Q02L4 M/T	2026	A329	1	RFS	1	StokMD - 2026-08-06T080446.204.xls	HTML table / 3,496 data rows	2026-08-06 08:04:46	MD source has no aging field; MD aging unavailable
SUPRA X 125 CW	GF5-BK	G2A02Q02L4 M/T	2026	A329	6	RFS	1	StokMD - 2026-08-06T080446.204.xls	HTML table / 3,496 data rows	2026-08-06 08:04:46	MD source has no aging field; MD aging unavailable
SUPRA X 125 CW	GF5-BK	G2A02Q02L4 M/T	2026	A338	20	RFS	1	StokMD - 2026-08-06T080446.204.xls	HTML table / 3,496 data rows	2026-08-06 08:04:46	MD source has no aging field; MD aging unavailable
SUPRA X 125 CW	GF5-BK	G2A02Q02L4 M/T	2026	A338	24	RFS	1	StokMD - 2026-08-06T080446.204.xls	HTML table / 3,496 data rows	2026-08-06 08:04:46	MD source has no aging field; MD aging unavailable
SUPRA X 125 CW	GF5-BK	G2A02Q02L4 M/T	2026	A339	1	RFS	1	StokMD - 2026-08-06T080446.204.xls	HTML table / 3,496 data rows	2026-08-06 08:04:46	MD source has no aging field; MD aging unavailable
SUPRA X 125 CW	GF5-BK	G2A02Q02L4 M/T	2026	A339	2	RFS	1	StokMD - 2026-08-06T080446.204.xls	HTML table / 3,496 data rows	2026-08-06 08:04:46	MD source has no aging field; MD aging unavailable
SUPRA X 125 CW	GF5-BK	G2A02Q02L4 M/T	2026	A339	24	RFS	1	StokMD - 2026-08-06T080446.204.xls	HTML table / 3,496 data rows	2026-08-06 08:04:46	MD source has no aging field; MD aging unavailable
SUPRA X 125 CW	GF5-BK	G2A02Q02L4 M/T	2026	A339	4	RFS	1	StokMD - 2026-08-06T080446.204.xls	HTML table / 3,496 data rows	2026-08-06 08:04:46	MD source has no aging field; MD aging unavailable
SUPRA X 125 CW	GF5-BK	G2A02Q02L4 M/T	2026	A339	5	RFS	1	StokMD - 2026-08-06T080446.204.xls	HTML table / 3,496 data rows	2026-08-06 08:04:46	MD source has no aging field; MD aging unavailable
SUPRA X 125 CW	GF5-BK	G2A02Q02L4 M/T	2026	A339	6	RFS	1	StokMD - 2026-08-06T080446.204.xls	HTML table / 3,496 data rows	2026-08-06 08:04:46	MD source has no aging field; MD aging unavailable
SUPRA X 125 CW	GF5-BK	G2A02Q02L4 M/T	2026	A339	7	RFS	1	StokMD - 2026-08-06T080446.204.xls	HTML table / 3,496 data rows	2026-08-06 08:04:46	MD source has no aging field; MD aging unavailable
SUPRA X 125 CW	GF5-BK	G2A02Q02L4 M/T	2026	A344	12	RFS	1	StokMD - 2026-08-06T080446.204.xls	HTML table / 3,496 data rows	2026-08-06 08:04:46	MD source has no aging field; MD aging unavailable
SUPRA X 125 CW	GF5-BK	G2A02Q02L4 M/T	2026	A344	13	RFS	1	StokMD - 2026-08-06T080446.204.xls	HTML table / 3,496 data rows	2026-08-06 08:04:46	MD source has no aging field; MD aging unavailable
SUPRA X 125 CW	GF5-BK	G2A02Q02L4 M/T	2026	A344	14	RFS	1	StokMD - 2026-08-06T080446.204.xls	HTML table / 3,496 data rows	2026-08-06 08:04:46	MD source has no aging field; MD aging unavailable
SUPRA X 125 CW	GF5-BK	G2A02Q02L4 M/T	2026	A344	16	RFS	1	StokMD - 2026-08-06T080446.204.xls	HTML table / 3,496 data rows	2026-08-06 08:04:46	MD source has no aging field; MD aging unavailable
SUPRA X 125 CW	GF5-BK	G2A02Q02L4 M/T	2026	A344	17	RFS	1	StokMD - 2026-08-06T080446.204.xls	HTML table / 3,496 data rows	2026-08-06 08:04:46	MD source has no aging field; MD aging unavailable
SUPRA X 125 CW	GF5-BK	G2A02Q02L4 M/T	2026	A344	18	RFS	1	StokMD - 2026-08-06T080446.204.xls	HTML table / 3,496 data rows	2026-08-06 08:04:46	MD source has no aging field; MD aging unavailable
SUPRA X 125 CW	GF5-BK	G2A02Q02L4 M/T	2026	A344	23	RFS	1	StokMD - 2026-08-06T080446.204.xls	HTML table / 3,496 data rows	2026-08-06 08:04:46	MD source has no aging field; MD aging unavailable
SUPRA X 125 CW	GF5-BK	G2A02Q02L4 M/T	2026	A344	26	RFS	1	StokMD - 2026-08-06T080446.204.xls	HTML table / 3,496 data rows	2026-08-06 08:04:46	MD source has no aging field; MD aging unavailable
SUPRA X 125 CW	GF5-BK	G2A02Q02L4 M/T	2026	A344	27	RFS	1	StokMD - 2026-08-06T080446.204.xls	HTML table / 3,496 data rows	2026-08-06 08:04:46	MD source has no aging field; MD aging unavailable
SUPRA X 125 CW	GF5-BK	G2A02Q02L4 M/T	2026	A344	30	RFS	1	StokMD - 2026-08-06T080446.204.xls	HTML table / 3,496 data rows	2026-08-06 08:04:46	MD source has no aging field; MD aging unavailable
SUPRA X 125 CW	GF5-BK	G2A02Q02L4 M/T	2026	A344	31	RFS	1	StokMD - 2026-08-06T080446.204.xls	HTML table / 3,496 data rows	2026-08-06 08:04:46	MD source has no aging field; MD aging unavailable
SUPRA X 125 CW	GF5-BK	G2A02Q02L4 M/T	2026	A344	32	RFS	1	StokMD - 2026-08-06T080446.204.xls	HTML table / 3,496 data rows	2026-08-06 08:04:46	MD source has no aging field; MD aging unavailable
SUPRA X 125 CW	GF5-BK	G2A02Q02L4 M/T	2026	A344	33	RFS	1	StokMD - 2026-08-06T080446.204.xls	HTML table / 3,496 data rows	2026-08-06 08:04:46	MD source has no aging field; MD aging unavailable
SUPRA X 125 CW	GF5-BK	G2A02Q02L4 M/T	2026	A344	34	RFS	1	StokMD - 2026-08-06T080446.204.xls	HTML table / 3,496 data rows	2026-08-06 08:04:46	MD source has no aging field; MD aging unavailable
SUPRA X 125 CW	GF5-BK	G2A02Q02L4 M/T	2026	A344	36	RFS	1	StokMD - 2026-08-06T080446.204.xls	HTML table / 3,496 data rows	2026-08-06 08:04:46	MD source has no aging field; MD aging unavailable
SUPRA X 125 CW	GF5-BK	G2A02Q02L4 M/T	2026	A344	39	RFS	1	StokMD - 2026-08-06T080446.204.xls	HTML table / 3,496 data rows	2026-08-06 08:04:46	MD source has no aging field; MD aging unavailable
SUPRA X 125 CW	GF5-BK	G2A02Q02L4 M/T	2026	A344	8	RFS	1	StokMD - 2026-08-06T080446.204.xls	HTML table / 3,496 data rows	2026-08-06 08:04:46	MD source has no aging field; MD aging unavailable
SUPRA X 125 CW	GF5-BK	G2A02Q02L4 M/T	2026	A382	1	RFS	1	StokMD - 2026-08-06T080446.204.xls	HTML table / 3,496 data rows	2026-08-06 08:04:46	MD source has no aging field; MD aging unavailable
SUPRA X 125 CW	GF5-BK	G2A02Q02L4 M/T	2026	A382	10	RFS	1	StokMD - 2026-08-06T080446.204.xls	HTML table / 3,496 data rows	2026-08-06 08:04:46	MD source has no aging field; MD aging unavailable
SUPRA X 125 CW	GF5-BK	G2A02Q02L4 M/T	2026	A382	11	RFS	1	StokMD - 2026-08-06T080446.204.xls	HTML table / 3,496 data rows	2026-08-06 08:04:46	MD source has no aging field; MD aging unavailable
SUPRA X 125 CW	GF5-BK	G2A02Q02L4 M/T	2026	A382	14	RFS	1	StokMD - 2026-08-06T080446.204.xls	HTML table / 3,496 data rows	2026-08-06 08:04:46	MD source has no aging field; MD aging unavailable
SUPRA X 125 CW	GF5-BK	G2A02Q02L4 M/T	2026	A382	16	RFS	1	StokMD - 2026-08-06T080446.204.xls	HTML table / 3,496 data rows	2026-08-06 08:04:46	MD source has no aging field; MD aging unavailable
SUPRA X 125 CW	GF5-BK	G2A02Q02L4 M/T	2026	A382	2	RFS	1	StokMD - 2026-08-06T080446.204.xls	HTML table / 3,496 data rows	2026-08-06 08:04:46	MD source has no aging field; MD aging unavailable
SUPRA X 125 CW	GF5-BK	G2A02Q02L4 M/T	2026	A382	21	RFS	1	StokMD - 2026-08-06T080446.204.xls	HTML table / 3,496 data rows	2026-08-06 08:04:46	MD source has no aging field; MD aging unavailable
SUPRA X 125 CW	GF5-BK	G2A02Q02L4 M/T	2026	A382	22	RFS	1	StokMD - 2026-08-06T080446.204.xls	HTML table / 3,496 data rows	2026-08-06 08:04:46	MD source has no aging field; MD aging unavailable
SUPRA X 125 CW	GF5-BK	G2A02Q02L4 M/T	2026	A382	23	RFS	1	StokMD - 2026-08-06T080446.204.xls	HTML table / 3,496 data rows	2026-08-06 08:04:46	MD source has no aging field; MD aging unavailable
SUPRA X 125 CW	GF5-BK	G2A02Q02L4 M/T	2026	A382	24	RFS	1	StokMD - 2026-08-06T080446.204.xls	HTML table / 3,496 data rows	2026-08-06 08:04:46	MD source has no aging field; MD aging unavailable
SUPRA X 125 CW	GF5-BK	G2A02Q02L4 M/T	2026	A382	25	RFS	1	StokMD - 2026-08-06T080446.204.xls	HTML table / 3,496 data rows	2026-08-06 08:04:46	MD source has no aging field; MD aging unavailable
SUPRA X 125 CW	GF5-BK	G2A02Q02L4 M/T	2026	A382	27	RFS	1	StokMD - 2026-08-06T080446.204.xls	HTML table / 3,496 data rows	2026-08-06 08:04:46	MD source has no aging field; MD aging unavailable
SUPRA X 125 CW	GF5-BK	G2A02Q02L4 M/T	2026	A382	28	RFS	1	StokMD - 2026-08-06T080446.204.xls	HTML table / 3,496 data rows	2026-08-06 08:04:46	MD source has no aging field; MD aging unavailable
SUPRA X 125 CW	GF5-BK	G2A02Q02L4 M/T	2026	A382	29	RFS	1	StokMD - 2026-08-06T080446.204.xls	HTML table / 3,496 data rows	2026-08-06 08:04:46	MD source has no aging field; MD aging unavailable
SUPRA X 125 CW	GF5-BK	G2A02Q02L4 M/T	2026	A382	3	RFS	1	StokMD - 2026-08-06T080446.204.xls	HTML table / 3,496 data rows	2026-08-06 08:04:46	MD source has no aging field; MD aging unavailable
SUPRA X 125 CW	GF5-BK	G2A02Q02L4 M/T	2026	A382	33	RFS	1	StokMD - 2026-08-06T080446.204.xls	HTML table / 3,496 data rows	2026-08-06 08:04:46	MD source has no aging field; MD aging unavailable
SUPRA X 125 CW	GF5-BK	G2A02Q02L4 M/T	2026	A382	34	RFS	1	StokMD - 2026-08-06T080446.204.xls	HTML table / 3,496 data rows	2026-08-06 08:04:46	MD source has no aging field; MD aging unavailable
SUPRA X 125 CW	GF5-BK	G2A02Q02L4 M/T	2026	A382	35	RFS	1	StokMD - 2026-08-06T080446.204.xls	HTML table / 3,496 data rows	2026-08-06 08:04:46	MD source has no aging field; MD aging unavailable
SUPRA X 125 CW	GF5-BK	G2A02Q02L4 M/T	2026	A382	36	RFS	1	StokMD - 2026-08-06T080446.204.xls	HTML table / 3,496 data rows	2026-08-06 08:04:46	MD source has no aging field; MD aging unavailable
SUPRA X 125 CW	GF5-BK	G2A02Q02L4 M/T	2026	A382	37	RFS	1	StokMD - 2026-08-06T080446.204.xls	HTML table / 3,496 data rows	2026-08-06 08:04:46	MD source has no aging field; MD aging unavailable
SUPRA X 125 CW	GF5-BK	G2A02Q02L4 M/T	2026	A382	38	RFS	1	StokMD - 2026-08-06T080446.204.xls	HTML table / 3,496 data rows	2026-08-06 08:04:46	MD source has no aging field; MD aging unavailable
SUPRA X 125 CW	GF5-BK	G2A02Q02L4 M/T	2026	A382	39	RFS	1	StokMD - 2026-08-06T080446.204.xls	HTML table / 3,496 data rows	2026-08-06 08:04:46	MD source has no aging field; MD aging unavailable
SUPRA X 125 CW	GF5-BK	G2A02Q02L4 M/T	2026	A382	4	RFS	1	StokMD - 2026-08-06T080446.204.xls	HTML table / 3,496 data rows	2026-08-06 08:04:46	MD source has no aging field; MD aging unavailable
SUPRA X 125 CW	GF5-BK	G2A02Q02L4 M/T	2026	A382	40	RFS	1	StokMD - 2026-08-06T080446.204.xls	HTML table / 3,496 data rows	2026-08-06 08:04:46	MD source has no aging field; MD aging unavailable
SUPRA X 125 CW	GF5-BK	G2A02Q02L4 M/T	2026	A382	5	RFS	1	StokMD - 2026-08-06T080446.204.xls	HTML table / 3,496 data rows	2026-08-06 08:04:46	MD source has no aging field; MD aging unavailable
SUPRA X 125 CW	GF5-BK	G2A02Q02L4 M/T	2026	A414	1	RFS	1	StokMD - 2026-08-06T080446.204.xls	HTML table / 3,496 data rows	2026-08-06 08:04:46	MD source has no aging field; MD aging unavailable
SUPRA X 125 CW	GF5-BK	G2A02Q02L4 M/T	2026	A414	12	RFS	1	StokMD - 2026-08-06T080446.204.xls	HTML table / 3,496 data rows	2026-08-06 08:04:46	MD source has no aging field; MD aging unavailable
SUPRA X 125 CW	GF5-BK	G2A02Q02L4 M/T	2026	A414	13	RFS	1	StokMD - 2026-08-06T080446.204.xls	HTML table / 3,496 data rows	2026-08-06 08:04:46	MD source has no aging field; MD aging unavailable
SUPRA X 125 CW	GF5-BK	G2A02Q02L4 M/T	2026	A414	14	RFS	1	StokMD - 2026-08-06T080446.204.xls	HTML table / 3,496 data rows	2026-08-06 08:04:46	MD source has no aging field; MD aging unavailable
SUPRA X 125 CW	GF5-BK	G2A02Q02L4 M/T	2026	A414	15	RFS	1	StokMD - 2026-08-06T080446.204.xls	HTML table / 3,496 data rows	2026-08-06 08:04:46	MD source has no aging field; MD aging unavailable
SUPRA X 125 CW	GF5-BK	G2A02Q02L4 M/T	2026	A414	18	RFS	1	StokMD - 2026-08-06T080446.204.xls	HTML table / 3,496 data rows	2026-08-06 08:04:46	MD source has no aging field; MD aging unavailable
SUPRA X 125 CW	GF5-BK	G2A02Q02L4 M/T	2026	A414	25	RFS	1	StokMD - 2026-08-06T080446.204.xls	HTML table / 3,496 data rows	2026-08-06 08:04:46	MD source has no aging field; MD aging unavailable
SUPRA X 125 CW	GF5-BK	G2A02Q02L4 M/T	2026	A414	26	RFS	1	StokMD - 2026-08-06T080446.204.xls	HTML table / 3,496 data rows	2026-08-06 08:04:46	MD source has no aging field; MD aging unavailable
SUPRA X 125 CW	GF5-BK	G2A02Q02L4 M/T	2026	A414	27	RFS	1	StokMD - 2026-08-06T080446.204.xls	HTML table / 3,496 data rows	2026-08-06 08:04:46	MD source has no aging field; MD aging unavailable
SUPRA X 125 CW	GF5-BK	G2A02Q02L4 M/T	2026	A414	28	RFS	1	StokMD - 2026-08-06T080446.204.xls	HTML table / 3,496 data rows	2026-08-06 08:04:46	MD source has no aging field; MD aging unavailable
SUPRA X 125 CW	GF5-BK	G2A02Q02L4 M/T	2026	A414	29	RFS	1	StokMD - 2026-08-06T080446.204.xls	HTML table / 3,496 data rows	2026-08-06 08:04:46	MD source has no aging field; MD aging unavailable
SUPRA X 125 CW	GF5-BK	G2A02Q02L4 M/T	2026	A414	3	RFS	1	StokMD - 2026-08-06T080446.204.xls	HTML table / 3,496 data rows	2026-08-06 08:04:46	MD source has no aging field; MD aging unavailable
SUPRA X 125 CW	GF5-BK	G2A02Q02L4 M/T	2026	A414	30	RFS	1	StokMD - 2026-08-06T080446.204.xls	HTML table / 3,496 data rows	2026-08-06 08:04:46	MD source has no aging field; MD aging unavailable
SUPRA X 125 CW	GF5-BK	G2A02Q02L4 M/T	2026	A414	31	RFS	1	StokMD - 2026-08-06T080446.204.xls	HTML table / 3,496 data rows	2026-08-06 08:04:46	MD source has no aging field; MD aging unavailable
SUPRA X 125 CW	GF5-BK	G2A02Q02L4 M/T	2026	A414	32	RFS	1	StokMD - 2026-08-06T080446.204.xls	HTML table / 3,496 data rows	2026-08-06 08:04:46	MD source has no aging field; MD aging unavailable
SUPRA X 125 CW	GF5-BK	G2A02Q02L4 M/T	2026	A414	33	RFS	1	StokMD - 2026-08-06T080446.204.xls	HTML table / 3,496 data rows	2026-08-06 08:04:46	MD source has no aging field; MD aging unavailable
SUPRA X 125 CW	GF5-BK	G2A02Q02L4 M/T	2026	A414	34	RFS	1	StokMD - 2026-08-06T080446.204.xls	HTML table / 3,496 data rows	2026-08-06 08:04:46	MD source has no aging field; MD aging unavailable
SUPRA X 125 CW	GF5-BK	G2A02Q02L4 M/T	2026	A414	35	RFS	1	StokMD - 2026-08-06T080446.204.xls	HTML table / 3,496 data rows	2026-08-06 08:04:46	MD source has no aging field; MD aging unavailable
SUPRA X 125 CW	GF5-BK	G2A02Q02L4 M/T	2026	A414	36	RFS	1	StokMD - 2026-08-06T080446.204.xls	HTML table / 3,496 data rows	2026-08-06 08:04:46	MD source has no aging field; MD aging unavailable
SUPRA X 125 CW	GF5-BK	G2A02Q02L4 M/T	2026	A414	37	RFS	1	StokMD - 2026-08-06T080446.204.xls	HTML table / 3,496 data rows	2026-08-06 08:04:46	MD source has no aging field; MD aging unavailable
SUPRA X 125 CW	GF5-BK	G2A02Q02L4 M/T	2026	A414	38	RFS	1	StokMD - 2026-08-06T080446.204.xls	HTML table / 3,496 data rows	2026-08-06 08:04:46	MD source has no aging field; MD aging unavailable
SUPRA X 125 CW	GF5-BK	G2A02Q02L4 M/T	2026	A414	39	RFS	1	StokMD - 2026-08-06T080446.204.xls	HTML table / 3,496 data rows	2026-08-06 08:04:46	MD source has no aging field; MD aging unavailable
SUPRA X 125 CW	GF5-BK	G2A02Q02L4 M/T	2026	A414	4	RFS	1	StokMD - 2026-08-06T080446.204.xls	HTML table / 3,496 data rows	2026-08-06 08:04:46	MD source has no aging field; MD aging unavailable
SUPRA X 125 CW	GF5-BK	G2A02Q02L4 M/T	2026	A414	40	RFS	1	StokMD - 2026-08-06T080446.204.xls	HTML table / 3,496 data rows	2026-08-06 08:04:46	MD source has no aging field; MD aging unavailable
SUPRA X 125 CW	GF5-BK	G2A02Q02L4 M/T	2026	A414	41	RFS	1	StokMD - 2026-08-06T080446.204.xls	HTML table / 3,496 data rows	2026-08-06 08:04:46	MD source has no aging field; MD aging unavailable
SUPRA X 125 CW	GF5-BK	G2A02Q02L4 M/T	2026	A414	42	RFS	1	StokMD - 2026-08-06T080446.204.xls	HTML table / 3,496 data rows	2026-08-06 08:04:46	MD source has no aging field; MD aging unavailable
SUPRA X 125 CW	GF5-BK	G2A02Q02L4 M/T	2026	A414	5	RFS	1	StokMD - 2026-08-06T080446.204.xls	HTML table / 3,496 data rows	2026-08-06 08:04:46	MD source has no aging field; MD aging unavailable
SUPRA X 125 CW	GF5-BK	G2A02Q02L4 M/T	2026	A414	6	RFS	1	StokMD - 2026-08-06T080446.204.xls	HTML table / 3,496 data rows	2026-08-06 08:04:46	MD source has no aging field; MD aging unavailable
SUPRA X 125 CW	GF5-BK	G2A02Q02L4 M/T	2026	A414	7	RFS	1	StokMD - 2026-08-06T080446.204.xls	HTML table / 3,496 data rows	2026-08-06 08:04:46	MD source has no aging field; MD aging unavailable
SUPRA X 125 CW	GF5-BK	G2A02Q02L4 M/T	2026	A414	9	RFS	1	StokMD - 2026-08-06T080446.204.xls	HTML table / 3,496 data rows	2026-08-06 08:04:46	MD source has no aging field; MD aging unavailable
SUPRA X 125 CW	GF5-BK	G2A02Q02L4 M/T	2026	A415	1	RFS	1	StokMD - 2026-08-06T080446.204.xls	HTML table / 3,496 data rows	2026-08-06 08:04:46	MD source has no aging field; MD aging unavailable
SUPRA X 125 CW	GF5-BK	G2A02Q02L4 M/T	2026	A415	10	RFS	1	StokMD - 2026-08-06T080446.204.xls	HTML table / 3,496 data rows	2026-08-06 08:04:46	MD source has no aging field; MD aging unavailable
SUPRA X 125 CW	GF5-BK	G2A02Q02L4 M/T	2026	A415	11	RFS	1	StokMD - 2026-08-06T080446.204.xls	HTML table / 3,496 data rows	2026-08-06 08:04:46	MD source has no aging field; MD aging unavailable
SUPRA X 125 CW	GF5-BK	G2A02Q02L4 M/T	2026	A415	14	RFS	1	StokMD - 2026-08-06T080446.204.xls	HTML table / 3,496 data rows	2026-08-06 08:04:46	MD source has no aging field; MD aging unavailable
SUPRA X 125 CW	GF5-BK	G2A02Q02L4 M/T	2026	A415	16	RFS	1	StokMD - 2026-08-06T080446.204.xls	HTML table / 3,496 data rows	2026-08-06 08:04:46	MD source has no aging field; MD aging unavailable
SUPRA X 125 CW	GF5-BK	G2A02Q02L4 M/T	2026	A415	17	RFS	1	StokMD - 2026-08-06T080446.204.xls	HTML table / 3,496 data rows	2026-08-06 08:04:46	MD source has no aging field; MD aging unavailable
SUPRA X 125 CW	GF5-BK	G2A02Q02L4 M/T	2026	A415	18	RFS	1	StokMD - 2026-08-06T080446.204.xls	HTML table / 3,496 data rows	2026-08-06 08:04:46	MD source has no aging field; MD aging unavailable
SUPRA X 125 CW	GF5-BK	G2A02Q02L4 M/T	2026	A415	19	RFS	1	StokMD - 2026-08-06T080446.204.xls	HTML table / 3,496 data rows	2026-08-06 08:04:46	MD source has no aging field; MD aging unavailable
SUPRA X 125 CW	GF5-BK	G2A02Q02L4 M/T	2026	A415	2	RFS	1	StokMD - 2026-08-06T080446.204.xls	HTML table / 3,496 data rows	2026-08-06 08:04:46	MD source has no aging field; MD aging unavailable
SUPRA X 125 CW	GF5-BK	G2A02Q02L4 M/T	2026	A415	21	RFS	1	StokMD - 2026-08-06T080446.204.xls	HTML table / 3,496 data rows	2026-08-06 08:04:46	MD source has no aging field; MD aging unavailable
SUPRA X 125 CW	GF5-BK	G2A02Q02L4 M/T	2026	A415	23	RFS	1	StokMD - 2026-08-06T080446.204.xls	HTML table / 3,496 data rows	2026-08-06 08:04:46	MD source has no aging field; MD aging unavailable
SUPRA X 125 CW	GF5-BK	G2A02Q02L4 M/T	2026	A415	24	RFS	1	StokMD - 2026-08-06T080446.204.xls	HTML table / 3,496 data rows	2026-08-06 08:04:46	MD source has no aging field; MD aging unavailable
SUPRA X 125 CW	GF5-BK	G2A02Q02L4 M/T	2026	A415	26	RFS	1	StokMD - 2026-08-06T080446.204.xls	HTML table / 3,496 data rows	2026-08-06 08:04:46	MD source has no aging field; MD aging unavailable
SUPRA X 125 CW	GF5-BK	G2A02Q02L4 M/T	2026	A415	27	RFS	1	StokMD - 2026-08-06T080446.204.xls	HTML table / 3,496 data rows	2026-08-06 08:04:46	MD source has no aging field; MD aging unavailable
SUPRA X 125 CW	GF5-BK	G2A02Q02L4 M/T	2026	A415	28	RFS	1	StokMD - 2026-08-06T080446.204.xls	HTML table / 3,496 data rows	2026-08-06 08:04:46	MD source has no aging field; MD aging unavailable
SUPRA X 125 CW	GF5-BK	G2A02Q02L4 M/T	2026	A415	29	RFS	1	StokMD - 2026-08-06T080446.204.xls	HTML table / 3,496 data rows	2026-08-06 08:04:46	MD source has no aging field; MD aging unavailable
SUPRA X 125 CW	GF5-BK	G2A02Q02L4 M/T	2026	A415	30	RFS	1	StokMD - 2026-08-06T080446.204.xls	HTML table / 3,496 data rows	2026-08-06 08:04:46	MD source has no aging field; MD aging unavailable
SUPRA X 125 CW	GF5-BK	G2A02Q02L4 M/T	2026	A415	31	RFS	1	StokMD - 2026-08-06T080446.204.xls	HTML table / 3,496 data rows	2026-08-06 08:04:46	MD source has no aging field; MD aging unavailable
SUPRA X 125 CW	GF5-BK	G2A02Q02L4 M/T	2026	A415	32	RFS	1	StokMD - 2026-08-06T080446.204.xls	HTML table / 3,496 data rows	2026-08-06 08:04:46	MD source has no aging field; MD aging unavailable
SUPRA X 125 CW	GF5-BK	G2A02Q02L4 M/T	2026	A415	34	RFS	1	StokMD - 2026-08-06T080446.204.xls	HTML table / 3,496 data rows	2026-08-06 08:04:46	MD source has no aging field; MD aging unavailable
SUPRA X 125 CW	GF5-BK	G2A02Q02L4 M/T	2026	A415	38	RFS	1	StokMD - 2026-08-06T080446.204.xls	HTML table / 3,496 data rows	2026-08-06 08:04:46	MD source has no aging field; MD aging unavailable
SUPRA X 125 CW	GF5-BK	G2A02Q02L4 M/T	2026	A415	40	RFS	1	StokMD - 2026-08-06T080446.204.xls	HTML table / 3,496 data rows	2026-08-06 08:04:46	MD source has no aging field; MD aging unavailable
SUPRA X 125 CW	GF5-BK	G2A02Q02L4 M/T	2026	A415	5	RFS	1	StokMD - 2026-08-06T080446.204.xls	HTML table / 3,496 data rows	2026-08-06 08:04:46	MD source has no aging field; MD aging unavailable
SUPRA X 125 CW	GF5-BK	G2A02Q02L4 M/T	2026	A415	6	RFS	1	StokMD - 2026-08-06T080446.204.xls	HTML table / 3,496 data rows	2026-08-06 08:04:46	MD source has no aging field; MD aging unavailable
SUPRA X 125 CW	GF5-BK	G2A02Q02L4 M/T	2026	A415	7	RFS	1	StokMD - 2026-08-06T080446.204.xls	HTML table / 3,496 data rows	2026-08-06 08:04:46	MD source has no aging field; MD aging unavailable
SUPRA X 125 CW	GF5-BK	G2A02Q02L4 M/T	2026	A425	10	RFS	1	StokMD - 2026-08-06T080446.204.xls	HTML table / 3,496 data rows	2026-08-06 08:04:46	MD source has no aging field; MD aging unavailable
SUPRA X 125 CW	GF5-BK	G2A02Q02L4 M/T	2026	A425	11	RFS	1	StokMD - 2026-08-06T080446.204.xls	HTML table / 3,496 data rows	2026-08-06 08:04:46	MD source has no aging field; MD aging unavailable
SUPRA X 125 CW	GF5-BK	G2A02Q02L4 M/T	2026	A425	15	RFS	1	StokMD - 2026-08-06T080446.204.xls	HTML table / 3,496 data rows	2026-08-06 08:04:46	MD source has no aging field; MD aging unavailable
SUPRA X 125 CW	GF5-BK	G2A02Q02L4 M/T	2026	A425	18	RFS	1	StokMD - 2026-08-06T080446.204.xls	HTML table / 3,496 data rows	2026-08-06 08:04:46	MD source has no aging field; MD aging unavailable
SUPRA X 125 CW	GF5-BK	G2A02Q02L4 M/T	2026	A425	19	RFS	1	StokMD - 2026-08-06T080446.204.xls	HTML table / 3,496 data rows	2026-08-06 08:04:46	MD source has no aging field; MD aging unavailable
SUPRA X 125 CW	GF5-BK	G2A02Q02L4 M/T	2026	A425	2	RFS	1	StokMD - 2026-08-06T080446.204.xls	HTML table / 3,496 data rows	2026-08-06 08:04:46	MD source has no aging field; MD aging unavailable
SUPRA X 125 CW	GF5-BK	G2A02Q02L4 M/T	2026	A425	20	RFS	1	StokMD - 2026-08-06T080446.204.xls	HTML table / 3,496 data rows	2026-08-06 08:04:46	MD source has no aging field; MD aging unavailable
SUPRA X 125 CW	GF5-BK	G2A02Q02L4 M/T	2026	A425	21	RFS	1	StokMD - 2026-08-06T080446.204.xls	HTML table / 3,496 data rows	2026-08-06 08:04:46	MD source has no aging field; MD aging unavailable
SUPRA X 125 CW	GF5-BK	G2A02Q02L4 M/T	2026	A425	22	RFS	1	StokMD - 2026-08-06T080446.204.xls	HTML table / 3,496 data rows	2026-08-06 08:04:46	MD source has no aging field; MD aging unavailable
SUPRA X 125 CW	GF5-BK	G2A02Q02L4 M/T	2026	A425	23	RFS	1	StokMD - 2026-08-06T080446.204.xls	HTML table / 3,496 data rows	2026-08-06 08:04:46	MD source has no aging field; MD aging unavailable
SUPRA X 125 CW	GF5-BK	G2A02Q02L4 M/T	2026	A425	24	RFS	1	StokMD - 2026-08-06T080446.204.xls	HTML table / 3,496 data rows	2026-08-06 08:04:46	MD source has no aging field; MD aging unavailable
SUPRA X 125 CW	GF5-BK	G2A02Q02L4 M/T	2026	A425	27	RFS	1	StokMD - 2026-08-06T080446.204.xls	HTML table / 3,496 data rows	2026-08-06 08:04:46	MD source has no aging field; MD aging unavailable
SUPRA X 125 CW	GF5-BK	G2A02Q02L4 M/T	2026	A425	29	RFS	1	StokMD - 2026-08-06T080446.204.xls	HTML table / 3,496 data rows	2026-08-06 08:04:46	MD source has no aging field; MD aging unavailable
SUPRA X 125 CW	GF5-BK	G2A02Q02L4 M/T	2026	A425	3	RFS	1	StokMD - 2026-08-06T080446.204.xls	HTML table / 3,496 data rows	2026-08-06 08:04:46	MD source has no aging field; MD aging unavailable
SUPRA X 125 CW	GF5-BK	G2A02Q02L4 M/T	2026	A425	35	RFS	1	StokMD - 2026-08-06T080446.204.xls	HTML table / 3,496 data rows	2026-08-06 08:04:46	MD source has no aging field; MD aging unavailable
SUPRA X 125 CW	GF5-BK	G2A02Q02L4 M/T	2026	A425	36	RFS	1	StokMD - 2026-08-06T080446.204.xls	HTML table / 3,496 data rows	2026-08-06 08:04:46	MD source has no aging field; MD aging unavailable
SUPRA X 125 CW	GF5-BK	G2A02Q02L4 M/T	2026	A425	37	RFS	1	StokMD - 2026-08-06T080446.204.xls	HTML table / 3,496 data rows	2026-08-06 08:04:46	MD source has no aging field; MD aging unavailable
SUPRA X 125 CW	GF5-BK	G2A02Q02L4 M/T	2026	A425	38	RFS	1	StokMD - 2026-08-06T080446.204.xls	HTML table / 3,496 data rows	2026-08-06 08:04:46	MD source has no aging field; MD aging unavailable
SUPRA X 125 CW	GF5-BK	G2A02Q02L4 M/T	2026	A425	39	RFS	1	StokMD - 2026-08-06T080446.204.xls	HTML table / 3,496 data rows	2026-08-06 08:04:46	MD source has no aging field; MD aging unavailable
SUPRA X 125 CW	GF5-BK	G2A02Q02L4 M/T	2026	A425	4	RFS	1	StokMD - 2026-08-06T080446.204.xls	HTML table / 3,496 data rows	2026-08-06 08:04:46	MD source has no aging field; MD aging unavailable
SUPRA X 125 CW	GF5-BK	G2A02Q02L4 M/T	2026	A425	40	RFS	1	StokMD - 2026-08-06T080446.204.xls	HTML table / 3,496 data rows	2026-08-06 08:04:46	MD source has no aging field; MD aging unavailable
SUPRA X 125 CW	GF5-BK	G2A02Q02L4 M/T	2026	A425	5	RFS	1	StokMD - 2026-08-06T080446.204.xls	HTML table / 3,496 data rows	2026-08-06 08:04:46	MD source has no aging field; MD aging unavailable
SUPRA X 125 CW	GF5-BK	G2A02Q02L4 M/T	2026	A425	6	RFS	1	StokMD - 2026-08-06T080446.204.xls	HTML table / 3,496 data rows	2026-08-06 08:04:46	MD source has no aging field; MD aging unavailable
SUPRA X 125 CW	GF5-BK	G2A02Q02L4 M/T	2026	A425	7	RFS	1	StokMD - 2026-08-06T080446.204.xls	HTML table / 3,496 data rows	2026-08-06 08:04:46	MD source has no aging field; MD aging unavailable
SUPRA X 125 CW	GF5-BK	G2A02Q02L4 M/T	2026	A425	8	RFS	1	StokMD - 2026-08-06T080446.204.xls	HTML table / 3,496 data rows	2026-08-06 08:04:46	MD source has no aging field; MD aging unavailable
SUPRA X 125 CW	GF5-BK	G2A02Q02L4 M/T	2026	A425	9	RFS	1	StokMD - 2026-08-06T080446.204.xls	HTML table / 3,496 data rows	2026-08-06 08:04:46	MD source has no aging field; MD aging unavailable
SUPRA X 125 CW	GF5-BK	G2A02Q02L4 M/T	2026	A445	1	RFS	1	StokMD - 2026-08-06T080446.204.xls	HTML table / 3,496 data rows	2026-08-06 08:04:46	MD source has no aging field; MD aging unavailable
SUPRA X 125 CW	GF5-BK	G2A02Q02L4 M/T	2026	A445	10	RFS	1	StokMD - 2026-08-06T080446.204.xls	HTML table / 3,496 data rows	2026-08-06 08:04:46	MD source has no aging field; MD aging unavailable
SUPRA X 125 CW	GF5-BK	G2A02Q02L4 M/T	2026	A445	11	RFS	1	StokMD - 2026-08-06T080446.204.xls	HTML table / 3,496 data rows	2026-08-06 08:04:46	MD source has no aging field; MD aging unavailable
SUPRA X 125 CW	GF5-BK	G2A02Q02L4 M/T	2026	A445	12	RFS	1	StokMD - 2026-08-06T080446.204.xls	HTML table / 3,496 data rows	2026-08-06 08:04:46	MD source has no aging field; MD aging unavailable
SUPRA X 125 CW	GF5-BK	G2A02Q02L4 M/T	2026	A445	13	RFS	1	StokMD - 2026-08-06T080446.204.xls	HTML table / 3,496 data rows	2026-08-06 08:04:46	MD source has no aging field; MD aging unavailable
SUPRA X 125 CW	GF5-BK	G2A02Q02L4 M/T	2026	A445	14	RFS	1	StokMD - 2026-08-06T080446.204.xls	HTML table / 3,496 data rows	2026-08-06 08:04:46	MD source has no aging field; MD aging unavailable
SUPRA X 125 CW	GF5-BK	G2A02Q02L4 M/T	2026	A445	15	RFS	1	StokMD - 2026-08-06T080446.204.xls	HTML table / 3,496 data rows	2026-08-06 08:04:46	MD source has no aging field; MD aging unavailable
SUPRA X 125 CW	GF5-BK	G2A02Q02L4 M/T	2026	A445	16	RFS	1	StokMD - 2026-08-06T080446.204.xls	HTML table / 3,496 data rows	2026-08-06 08:04:46	MD source has no aging field; MD aging unavailable
SUPRA X 125 CW	GF5-BK	G2A02Q02L4 M/T	2026	A445	17	RFS	1	StokMD - 2026-08-06T080446.204.xls	HTML table / 3,496 data rows	2026-08-06 08:04:46	MD source has no aging field; MD aging unavailable
SUPRA X 125 CW	GF5-BK	G2A02Q02L4 M/T	2026	A445	19	RFS	1	StokMD - 2026-08-06T080446.204.xls	HTML table / 3,496 data rows	2026-08-06 08:04:46	MD source has no aging field; MD aging unavailable
SUPRA X 125 CW	GF5-BK	G2A02Q02L4 M/T	2026	A445	2	RFS	1	StokMD - 2026-08-06T080446.204.xls	HTML table / 3,496 data rows	2026-08-06 08:04:46	MD source has no aging field; MD aging unavailable
SUPRA X 125 CW	GF5-BK	G2A02Q02L4 M/T	2026	A445	20	RFS	1	StokMD - 2026-08-06T080446.204.xls	HTML table / 3,496 data rows	2026-08-06 08:04:46	MD source has no aging field; MD aging unavailable
SUPRA X 125 CW	GF5-BK	G2A02Q02L4 M/T	2026	A445	21	RFS	1	StokMD - 2026-08-06T080446.204.xls	HTML table / 3,496 data rows	2026-08-06 08:04:46	MD source has no aging field; MD aging unavailable
SUPRA X 125 CW	GF5-BK	G2A02Q02L4 M/T	2026	A445	22	RFS	1	StokMD - 2026-08-06T080446.204.xls	HTML table / 3,496 data rows	2026-08-06 08:04:46	MD source has no aging field; MD aging unavailable
SUPRA X 125 CW	GF5-BK	G2A02Q02L4 M/T	2026	A445	23	RFS	1	StokMD - 2026-08-06T080446.204.xls	HTML table / 3,496 data rows	2026-08-06 08:04:46	MD source has no aging field; MD aging unavailable
SUPRA X 125 CW	GF5-BK	G2A02Q02L4 M/T	2026	A445	24	RFS	1	StokMD - 2026-08-06T080446.204.xls	HTML table / 3,496 data rows	2026-08-06 08:04:46	MD source has no aging field; MD aging unavailable
SUPRA X 125 CW	GF5-BK	G2A02Q02L4 M/T	2026	A445	25	RFS	1	StokMD - 2026-08-06T080446.204.xls	HTML table / 3,496 data rows	2026-08-06 08:04:46	MD source has no aging field; MD aging unavailable
SUPRA X 125 CW	GF5-BK	G2A02Q02L4 M/T	2026	A445	26	RFS	1	StokMD - 2026-08-06T080446.204.xls	HTML table / 3,496 data rows	2026-08-06 08:04:46	MD source has no aging field; MD aging unavailable
SUPRA X 125 CW	GF5-BK	G2A02Q02L4 M/T	2026	A445	27	RFS	1	StokMD - 2026-08-06T080446.204.xls	HTML table / 3,496 data rows	2026-08-06 08:04:46	MD source has no aging field; MD aging unavailable
SUPRA X 125 CW	GF5-BK	G2A02Q02L4 M/T	2026	A445	28	RFS	1	StokMD - 2026-08-06T080446.204.xls	HTML table / 3,496 data rows	2026-08-06 08:04:46	MD source has no aging field; MD aging unavailable
SUPRA X 125 CW	GF5-BK	G2A02Q02L4 M/T	2026	A445	29	RFS	1	StokMD - 2026-08-06T080446.204.xls	HTML table / 3,496 data rows	2026-08-06 08:04:46	MD source has no aging field; MD aging unavailable
SUPRA X 125 CW	GF5-BK	G2A02Q02L4 M/T	2026	A445	3	RFS	1	StokMD - 2026-08-06T080446.204.xls	HTML table / 3,496 data rows	2026-08-06 08:04:46	MD source has no aging field; MD aging unavailable
SUPRA X 125 CW	GF5-BK	G2A02Q02L4 M/T	2026	A445	30	RFS	1	StokMD - 2026-08-06T080446.204.xls	HTML table / 3,496 data rows	2026-08-06 08:04:46	MD source has no aging field; MD aging unavailable
SUPRA X 125 CW	GF5-BK	G2A02Q02L4 M/T	2026	A445	31	RFS	1	StokMD - 2026-08-06T080446.204.xls	HTML table / 3,496 data rows	2026-08-06 08:04:46	MD source has no aging field; MD aging unavailable
SUPRA X 125 CW	GF5-BK	G2A02Q02L4 M/T	2026	A445	32	RFS	1	StokMD - 2026-08-06T080446.204.xls	HTML table / 3,496 data rows	2026-08-06 08:04:46	MD source has no aging field; MD aging unavailable
SUPRA X 125 CW	GF5-BK	G2A02Q02L4 M/T	2026	A445	33	RFS	1	StokMD - 2026-08-06T080446.204.xls	HTML table / 3,496 data rows	2026-08-06 08:04:46	MD source has no aging field; MD aging unavailable
SUPRA X 125 CW	GF5-BK	G2A02Q02L4 M/T	2026	A445	34	RFS	1	StokMD - 2026-08-06T080446.204.xls	HTML table / 3,496 data rows	2026-08-06 08:04:46	MD source has no aging field; MD aging unavailable
SUPRA X 125 CW	GF5-BK	G2A02Q02L4 M/T	2026	A445	35	RFS	1	StokMD - 2026-08-06T080446.204.xls	HTML table / 3,496 data rows	2026-08-06 08:04:46	MD source has no aging field; MD aging unavailable
SUPRA X 125 CW	GF5-BK	G2A02Q02L4 M/T	2026	A445	36	RFS	1	StokMD - 2026-08-06T080446.204.xls	HTML table / 3,496 data rows	2026-08-06 08:04:46	MD source has no aging field; MD aging unavailable
SUPRA X 125 CW	GF5-BK	G2A02Q02L4 M/T	2026	A445	37	RFS	1	StokMD - 2026-08-06T080446.204.xls	HTML table / 3,496 data rows	2026-08-06 08:04:46	MD source has no aging field; MD aging unavailable
SUPRA X 125 CW	GF5-BK	G2A02Q02L4 M/T	2026	A445	38	RFS	1	StokMD - 2026-08-06T080446.204.xls	HTML table / 3,496 data rows	2026-08-06 08:04:46	MD source has no aging field; MD aging unavailable
SUPRA X 125 CW	GF5-BK	G2A02Q02L4 M/T	2026	A445	39	RFS	1	StokMD - 2026-08-06T080446.204.xls	HTML table / 3,496 data rows	2026-08-06 08:04:46	MD source has no aging field; MD aging unavailable
SUPRA X 125 CW	GF5-BK	G2A02Q02L4 M/T	2026	A445	4	RFS	1	StokMD - 2026-08-06T080446.204.xls	HTML table / 3,496 data rows	2026-08-06 08:04:46	MD source has no aging field; MD aging unavailable
SUPRA X 125 CW	GF5-BK	G2A02Q02L4 M/T	2026	A445	40	RFS	1	StokMD - 2026-08-06T080446.204.xls	HTML table / 3,496 data rows	2026-08-06 08:04:46	MD source has no aging field; MD aging unavailable
SUPRA X 125 CW	GF5-BK	G2A02Q02L4 M/T	2026	A445	5	RFS	1	StokMD - 2026-08-06T080446.204.xls	HTML table / 3,496 data rows	2026-08-06 08:04:46	MD source has no aging field; MD aging unavailable
SUPRA X 125 CW	GF5-BK	G2A02Q02L4 M/T	2026	A445	6	RFS	1	StokMD - 2026-08-06T080446.204.xls	HTML table / 3,496 data rows	2026-08-06 08:04:46	MD source has no aging field; MD aging unavailable
SUPRA X 125 CW	GF5-BK	G2A02Q02L4 M/T	2026	A445	7	RFS	1	StokMD - 2026-08-06T080446.204.xls	HTML table / 3,496 data rows	2026-08-06 08:04:46	MD source has no aging field; MD aging unavailable
SUPRA X 125 CW	GF5-BK	G2A02Q02L4 M/T	2026	A445	8	RFS	1	StokMD - 2026-08-06T080446.204.xls	HTML table / 3,496 data rows	2026-08-06 08:04:46	MD source has no aging field; MD aging unavailable
SUPRA X 125 CW	GF5-BK	G2A02Q02L4 M/T	2026	A445	9	RFS	1	StokMD - 2026-08-06T080446.204.xls	HTML table / 3,496 data rows	2026-08-06 08:04:46	MD source has no aging field; MD aging unavailable
SUPRA X 125 CW	GF5-MH	G2A02Q02L4 M/T	2026	A185	17	NRFS	1	StokMD - 2026-08-06T080446.204.xls	HTML table / 3,496 data rows	2026-08-06 08:04:46	MD source has no aging field; MD aging unavailable
SUPRA X 125 CW	GF5-MH	G2A02Q02L4 M/T	2026	A185	20	NRFS	1	StokMD - 2026-08-06T080446.204.xls	HTML table / 3,496 data rows	2026-08-06 08:04:46	MD source has no aging field; MD aging unavailable
SUPRA X 125 CW	GF5-MH	G2A02Q02L4 M/T	2026	A185	27	NRFS	1	StokMD - 2026-08-06T080446.204.xls	HTML table / 3,496 data rows	2026-08-06 08:04:46	MD source has no aging field; MD aging unavailable
SUPRA X 125 CW	GF5-MH	G2A02Q02L4 M/T	2026	A414	2	RFS	1	StokMD - 2026-08-06T080446.204.xls	HTML table / 3,496 data rows	2026-08-06 08:04:46	MD source has no aging field; MD aging unavailable
SUPRA X 125 CW	GF5-MH	G2A02Q02L4 M/T	2026	A414	23	RFS	1	StokMD - 2026-08-06T080446.204.xls	HTML table / 3,496 data rows	2026-08-06 08:04:46	MD source has no aging field; MD aging unavailable
SUPRA X 125 CW	GF5-MH	G2A02Q02L4 M/T	2026	A414	8	RFS	1	StokMD - 2026-08-06T080446.204.xls	HTML table / 3,496 data rows	2026-08-06 08:04:46	MD source has no aging field; MD aging unavailable
SUPRA X 125 CW	GF5-MH	G2A02Q02L4 M/T	2026	A415	13	RFS	1	StokMD - 2026-08-06T080446.204.xls	HTML table / 3,496 data rows	2026-08-06 08:04:46	MD source has no aging field; MD aging unavailable
SUPRA X 125 CW	GF5-MH	G2A02Q02L4 M/T	2026	A415	3	RFS	1	StokMD - 2026-08-06T080446.204.xls	HTML table / 3,496 data rows	2026-08-06 08:04:46	MD source has no aging field; MD aging unavailable
SUPRA X 125 CW	GF5-MH	G2A02Q02L4 M/T	2026	A415	9	RFS	1	StokMD - 2026-08-06T080446.204.xls	HTML table / 3,496 data rows	2026-08-06 08:04:46	MD source has no aging field; MD aging unavailable
SUPRA X 125 CW	GF5-MH	G2A02Q02L4 M/T	2026	A425	25	RFS	1	StokMD - 2026-08-06T080446.204.xls	HTML table / 3,496 data rows	2026-08-06 08:04:46	MD source has no aging field; MD aging unavailable
SUPRA X 125 CW	GF5-MH	G2A02Q02L4 M/T	2026	A425	28	RFS	1	StokMD - 2026-08-06T080446.204.xls	HTML table / 3,496 data rows	2026-08-06 08:04:46	MD source has no aging field; MD aging unavailable
SUPRA X 125 CW	GF5-MH	G2A02Q02L4 M/T	2026	A425	32	RFS	1	StokMD - 2026-08-06T080446.204.xls	HTML table / 3,496 data rows	2026-08-06 08:04:46	MD source has no aging field; MD aging unavailable
VARIO 125 CBS	ND0-MH	L1F02N36L2 A/T	2026	A185	25	NRFS	1	StokMD - 2026-08-06T080446.204.xls	HTML table / 3,496 data rows	2026-08-06 08:04:46	MD source has no aging field; MD aging unavailable
VARIO 125 CBS ISS	NE0-BK	L1F02N37L2 A/T	2026	A132	1	RFS	1	StokMD - 2026-08-06T080446.204.xls	HTML table / 3,496 data rows	2026-08-06 08:04:46	MD source has no aging field; MD aging unavailable
VARIO 125 CBS ISS	NE0-BK	L1F02N37L2 A/T	2026	A132	13	RFS	1	StokMD - 2026-08-06T080446.204.xls	HTML table / 3,496 data rows	2026-08-06 08:04:46	MD source has no aging field; MD aging unavailable
VARIO 125 CBS ISS	NE0-BK	L1F02N37L2 A/T	2026	A132	14	RFS	1	StokMD - 2026-08-06T080446.204.xls	HTML table / 3,496 data rows	2026-08-06 08:04:46	MD source has no aging field; MD aging unavailable
VARIO 125 CBS ISS	NE0-BK	L1F02N37L2 A/T	2026	A132	15	RFS	1	StokMD - 2026-08-06T080446.204.xls	HTML table / 3,496 data rows	2026-08-06 08:04:46	MD source has no aging field; MD aging unavailable
VARIO 125 CBS ISS	NE0-BK	L1F02N37L2 A/T	2026	A132	2	RFS	1	StokMD - 2026-08-06T080446.204.xls	HTML table / 3,496 data rows	2026-08-06 08:04:46	MD source has no aging field; MD aging unavailable
VARIO 125 CBS ISS	NE0-BK	L1F02N37L2 A/T	2026	A132	3	RFS	1	StokMD - 2026-08-06T080446.204.xls	HTML table / 3,496 data rows	2026-08-06 08:04:46	MD source has no aging field; MD aging unavailable
VARIO 125 CBS ISS	NE0-BK	L1F02N37L2 A/T	2026	A132	4	RFS	1	StokMD - 2026-08-06T080446.204.xls	HTML table / 3,496 data rows	2026-08-06 08:04:46	MD source has no aging field; MD aging unavailable
VARIO 125 CBS ISS	NE0-BK	L1F02N37L2 A/T	2026	A132	5	RFS	1	StokMD - 2026-08-06T080446.204.xls	HTML table / 3,496 data rows	2026-08-06 08:04:46	MD source has no aging field; MD aging unavailable
VARIO 125 CBS ISS	NE0-BK	L1F02N37L2 A/T	2026	A132	9	RFS	1	StokMD - 2026-08-06T080446.204.xls	HTML table / 3,496 data rows	2026-08-06 08:04:46	MD source has no aging field; MD aging unavailable
VARIO 125 CBS ISS	NE0-BL	L1F02N37L2 A/T	2026	A132	10	RFS	1	StokMD - 2026-08-06T080446.204.xls	HTML table / 3,496 data rows	2026-08-06 08:04:46	MD source has no aging field; MD aging unavailable
VARIO 125 CBS ISS	NE0-BL	L1F02N37L2 A/T	2026	A132	11	RFS	1	StokMD - 2026-08-06T080446.204.xls	HTML table / 3,496 data rows	2026-08-06 08:04:46	MD source has no aging field; MD aging unavailable
VARIO 125 CBS ISS	NE0-BL	L1F02N37L2 A/T	2026	A132	6	RFS	1	StokMD - 2026-08-06T080446.204.xls	HTML table / 3,496 data rows	2026-08-06 08:04:46	MD source has no aging field; MD aging unavailable
VARIO 125 CBS ISS	NE0-BL	L1F02N37L2 A/T	2026	A132	7	RFS	1	StokMD - 2026-08-06T080446.204.xls	HTML table / 3,496 data rows	2026-08-06 08:04:46	MD source has no aging field; MD aging unavailable
VARIO 125 CBS ISS	NE0-RD	L1F02N37L2 A/T	2026	A132	12	RFS	1	StokMD - 2026-08-06T080446.204.xls	HTML table / 3,496 data rows	2026-08-06 08:04:46	MD source has no aging field; MD aging unavailable
VARIO 125 CBS ISS	NE0-RD	L1F02N37L2 A/T	2026	A132	8	RFS	1	StokMD - 2026-08-06T080446.204.xls	HTML table / 3,496 data rows	2026-08-06 08:04:46	MD source has no aging field; MD aging unavailable
VARIO 125 STREET	NF0-0A	L1F02N53L2 A/T	2026	A125	21	RFS	1	StokMD - 2026-08-06T080446.204.xls	HTML table / 3,496 data rows	2026-08-06 08:04:46	MD source has no aging field; MD aging unavailable
VARIO 125 STREET	NF0-0A	L1F02N53L2 A/T	2026	A273	23	RFS	1	StokMD - 2026-08-06T080446.204.xls	HTML table / 3,496 data rows	2026-08-06 08:04:46	MD source has no aging field; MD aging unavailable
VARIO 125 STREET	NF0-0A	L1F02N53L2 A/T	2026	A391	14	RFS	1	StokMD - 2026-08-06T080446.204.xls	HTML table / 3,496 data rows	2026-08-06 08:04:46	MD source has no aging field; MD aging unavailable
VARIO 125 STREET	NF0-0A	L1F02N53L2 A/T	2026	A391	18	RFS	1	StokMD - 2026-08-06T080446.204.xls	HTML table / 3,496 data rows	2026-08-06 08:04:46	MD source has no aging field; MD aging unavailable
VARIO 125 STREET	NF0-0A	L1F02N53L2 A/T	2026	A413	39	RFS	1	StokMD - 2026-08-06T080446.204.xls	HTML table / 3,496 data rows	2026-08-06 08:04:46	MD source has no aging field; MD aging unavailable
VARIO 125 STREET	NF0-0A	L1F02N53L2 A/T	2026	A413	41	RFS	1	StokMD - 2026-08-06T080446.204.xls	HTML table / 3,496 data rows	2026-08-06 08:04:46	MD source has no aging field; MD aging unavailable
VARIO 125 STREET	NF0-0R	L1F02N53L2 A/T	2026	A229	9	RFS	1	StokMD - 2026-08-06T080446.204.xls	HTML table / 3,496 data rows	2026-08-06 08:04:46	MD source has no aging field; MD aging unavailable
VARIO 125 STREET	NF0-0R	L1F02N53L2 A/T	2026	A361	24	RFS	1	StokMD - 2026-08-06T080446.204.xls	HTML table / 3,496 data rows	2026-08-06 08:04:46	MD source has no aging field; MD aging unavailable
VARIO 125 STREET	NF0-0R	L1F02N53L2 A/T	2026	A441	17	RFS	1	StokMD - 2026-08-06T080446.204.xls	HTML table / 3,496 data rows	2026-08-06 08:04:46	MD source has no aging field; MD aging unavailable
VARIO 125 STREET	NF0-0R	L1F02N53L2 A/T	2026	A441	39	RFS	1	StokMD - 2026-08-06T080446.204.xls	HTML table / 3,496 data rows	2026-08-06 08:04:46	MD source has no aging field; MD aging unavailable
VARIO 125 STREET	NF0-0R	L1F02N53L2 A/T	2026	A452	12	RFS	1	StokMD - 2026-08-06T080446.204.xls	HTML table / 3,496 data rows	2026-08-06 08:04:46	MD source has no aging field; MD aging unavailable
VARIO 125 STREET	NF0-3A	L1F02N53L2 A/T	2026	A212	11	RFS	1	StokMD - 2026-08-06T080446.204.xls	HTML table / 3,496 data rows	2026-08-06 08:04:46	MD source has no aging field; MD aging unavailable
VARIO 125 STREET	NF0-3A	L1F02N53L2 A/T	2026	A212	13	RFS	1	StokMD - 2026-08-06T080446.204.xls	HTML table / 3,496 data rows	2026-08-06 08:04:46	MD source has no aging field; MD aging unavailable
VARIO 125 STREET	NF0-3A	L1F02N53L2 A/T	2026	A212	15	RFS	1	StokMD - 2026-08-06T080446.204.xls	HTML table / 3,496 data rows	2026-08-06 08:04:46	MD source has no aging field; MD aging unavailable
VARIO 125 STREET	NF0-3A	L1F02N53L2 A/T	2026	A212	18	RFS	1	StokMD - 2026-08-06T080446.204.xls	HTML table / 3,496 data rows	2026-08-06 08:04:46	MD source has no aging field; MD aging unavailable
VARIO 125 STREET	NF0-3A	L1F02N53L2 A/T	2026	A212	20	RFS	1	StokMD - 2026-08-06T080446.204.xls	HTML table / 3,496 data rows	2026-08-06 08:04:46	MD source has no aging field; MD aging unavailable
VARIO 125 STREET	NF0-3A	L1F02N53L2 A/T	2026	A393	16	RFS	1	StokMD - 2026-08-06T080446.204.xls	HTML table / 3,496 data rows	2026-08-06 08:04:46	MD source has no aging field; MD aging unavailable
VARIO 125 STREET	NF0-3A	L1F02N53L2 A/T	2026	A393	17	RFS	1	StokMD - 2026-08-06T080446.204.xls	HTML table / 3,496 data rows	2026-08-06 08:04:46	MD source has no aging field; MD aging unavailable
VARIO 125 STREET	NF0-3A	L1F02N53L2 A/T	2026	A393	18	RFS	1	StokMD - 2026-08-06T080446.204.xls	HTML table / 3,496 data rows	2026-08-06 08:04:46	MD source has no aging field; MD aging unavailable
VARIO 125 STREET	NF0-4R	L1F02N53L2 A/T	2026	A125	10	RFS	1	StokMD - 2026-08-06T080446.204.xls	HTML table / 3,496 data rows	2026-08-06 08:04:46	MD source has no aging field; MD aging unavailable
VARIO 125 STREET	NF0-4R	L1F02N53L2 A/T	2026	A125	23	RFS	1	StokMD - 2026-08-06T080446.204.xls	HTML table / 3,496 data rows	2026-08-06 08:04:46	MD source has no aging field; MD aging unavailable
VARIO 125 STREET	NF0-4R	L1F02N53L2 A/T	2026	A212	10	RFS	1	StokMD - 2026-08-06T080446.204.xls	HTML table / 3,496 data rows	2026-08-06 08:04:46	MD source has no aging field; MD aging unavailable
VARIO 125 STREET	NF0-4R	L1F02N53L2 A/T	2026	A212	14	RFS	1	StokMD - 2026-08-06T080446.204.xls	HTML table / 3,496 data rows	2026-08-06 08:04:46	MD source has no aging field; MD aging unavailable
VARIO 125 STREET	NF0-4R	L1F02N53L2 A/T	2026	A212	24	RFS	1	StokMD - 2026-08-06T080446.204.xls	HTML table / 3,496 data rows	2026-08-06 08:04:46	MD source has no aging field; MD aging unavailable
VARIO 125 STREET	NF0-4R	L1F02N53L2 A/T	2026	A212	26	RFS	1	StokMD - 2026-08-06T080446.204.xls	HTML table / 3,496 data rows	2026-08-06 08:04:46	MD source has no aging field; MD aging unavailable
VARIO 125 STREET	NF0-4R	L1F02N53L2 A/T	2026	A212	27	RFS	1	StokMD - 2026-08-06T080446.204.xls	HTML table / 3,496 data rows	2026-08-06 08:04:46	MD source has no aging field; MD aging unavailable
VARIO 125 STREET	NF0-4R	L1F02N53L2 A/T	2026	A212	28	RFS	1	StokMD - 2026-08-06T080446.204.xls	HTML table / 3,496 data rows	2026-08-06 08:04:46	MD source has no aging field; MD aging unavailable
VARIO 125 STREET	NF0-4R	L1F02N53L2 A/T	2026	A212	30	RFS	1	StokMD - 2026-08-06T080446.204.xls	HTML table / 3,496 data rows	2026-08-06 08:04:46	MD source has no aging field; MD aging unavailable
VARIO 125 STREET	NF0-4R	L1F02N53L2 A/T	2026	A229	17	RFS	1	StokMD - 2026-08-06T080446.204.xls	HTML table / 3,496 data rows	2026-08-06 08:04:46	MD source has no aging field; MD aging unavailable
VARIO 125 STREET	NF0-4R	L1F02N53L2 A/T	2026	A229	18	RFS	1	StokMD - 2026-08-06T080446.204.xls	HTML table / 3,496 data rows	2026-08-06 08:04:46	MD source has no aging field; MD aging unavailable
VARIO 125 STREET	NF0-AE	L1F02N53L2 A/T	2026	A125	1	RFS	1	StokMD - 2026-08-06T080446.204.xls	HTML table / 3,496 data rows	2026-08-06 08:04:46	MD source has no aging field; MD aging unavailable
VARIO 125 STREET	NF0-AE	L1F02N53L2 A/T	2026	A125	25	RFS	1	StokMD - 2026-08-06T080446.204.xls	HTML table / 3,496 data rows	2026-08-06 08:04:46	MD source has no aging field; MD aging unavailable
VARIO 125 STREET	NF0-AE	L1F02N53L2 A/T	2026	A125	3	RFS	1	StokMD - 2026-08-06T080446.204.xls	HTML table / 3,496 data rows	2026-08-06 08:04:46	MD source has no aging field; MD aging unavailable
VARIO 125 STREET	NF0-AE	L1F02N53L2 A/T	2026	A125	32	RFS	1	StokMD - 2026-08-06T080446.204.xls	HTML table / 3,496 data rows	2026-08-06 08:04:46	MD source has no aging field; MD aging unavailable
VARIO 125 STREET	NF0-AE	L1F02N53L2 A/T	2026	A142	10	RFS	1	StokMD - 2026-08-06T080446.204.xls	HTML table / 3,496 data rows	2026-08-06 08:04:46	MD source has no aging field; MD aging unavailable
VARIO 125 STREET	NF0-AE	L1F02N53L2 A/T	2026	A142	11	RFS	1	StokMD - 2026-08-06T080446.204.xls	HTML table / 3,496 data rows	2026-08-06 08:04:46	MD source has no aging field; MD aging unavailable
VARIO 125 STREET	NF0-AE	L1F02N53L2 A/T	2026	A142	12	RFS	1	StokMD - 2026-08-06T080446.204.xls	HTML table / 3,496 data rows	2026-08-06 08:04:46	MD source has no aging field; MD aging unavailable
VARIO 125 STREET	NF0-AE	L1F02N53L2 A/T	2026	A142	13	RFS	1	StokMD - 2026-08-06T080446.204.xls	HTML table / 3,496 data rows	2026-08-06 08:04:46	MD source has no aging field; MD aging unavailable
VARIO 125 STREET	NF0-AE	L1F02N53L2 A/T	2026	A142	14	RFS	1	StokMD - 2026-08-06T080446.204.xls	HTML table / 3,496 data rows	2026-08-06 08:04:46	MD source has no aging field; MD aging unavailable
VARIO 125 STREET	NF0-AE	L1F02N53L2 A/T	2026	A142	15	RFS	1	StokMD - 2026-08-06T080446.204.xls	HTML table / 3,496 data rows	2026-08-06 08:04:46	MD source has no aging field; MD aging unavailable
VARIO 125 STREET	NF0-AE	L1F02N53L2 A/T	2026	A142	16	RFS	1	StokMD - 2026-08-06T080446.204.xls	HTML table / 3,496 data rows	2026-08-06 08:04:46	MD source has no aging field; MD aging unavailable
VARIO 125 STREET	NF0-AE	L1F02N53L2 A/T	2026	A142	17	RFS	1	StokMD - 2026-08-06T080446.204.xls	HTML table / 3,496 data rows	2026-08-06 08:04:46	MD source has no aging field; MD aging unavailable
VARIO 125 STREET	NF0-AE	L1F02N53L2 A/T	2026	A142	18	RFS	1	StokMD - 2026-08-06T080446.204.xls	HTML table / 3,496 data rows	2026-08-06 08:04:46	MD source has no aging field; MD aging unavailable
VARIO 125 STREET	NF0-AE	L1F02N53L2 A/T	2026	A142	19	RFS	1	StokMD - 2026-08-06T080446.204.xls	HTML table / 3,496 data rows	2026-08-06 08:04:46	MD source has no aging field; MD aging unavailable
VARIO 125 STREET	NF0-AE	L1F02N53L2 A/T	2026	A142	20	RFS	1	StokMD - 2026-08-06T080446.204.xls	HTML table / 3,496 data rows	2026-08-06 08:04:46	MD source has no aging field; MD aging unavailable
VARIO 125 STREET	NF0-AE	L1F02N53L2 A/T	2026	A142	21	RFS	1	StokMD - 2026-08-06T080446.204.xls	HTML table / 3,496 data rows	2026-08-06 08:04:46	MD source has no aging field; MD aging unavailable
VARIO 125 STREET	NF0-AE	L1F02N53L2 A/T	2026	A142	23	RFS	1	StokMD - 2026-08-06T080446.204.xls	HTML table / 3,496 data rows	2026-08-06 08:04:46	MD source has no aging field; MD aging unavailable
VARIO 125 STREET	NF0-AE	L1F02N53L2 A/T	2026	A142	24	RFS	1	StokMD - 2026-08-06T080446.204.xls	HTML table / 3,496 data rows	2026-08-06 08:04:46	MD source has no aging field; MD aging unavailable
VARIO 125 STREET	NF0-AE	L1F02N53L2 A/T	2026	A142	25	RFS	1	StokMD - 2026-08-06T080446.204.xls	HTML table / 3,496 data rows	2026-08-06 08:04:46	MD source has no aging field; MD aging unavailable
VARIO 125 STREET	NF0-AE	L1F02N53L2 A/T	2026	A142	27	RFS	1	StokMD - 2026-08-06T080446.204.xls	HTML table / 3,496 data rows	2026-08-06 08:04:46	MD source has no aging field; MD aging unavailable
VARIO 125 STREET	NF0-AE	L1F02N53L2 A/T	2026	A142	3	RFS	1	StokMD - 2026-08-06T080446.204.xls	HTML table / 3,496 data rows	2026-08-06 08:04:46	MD source has no aging field; MD aging unavailable
VARIO 125 STREET	NF0-AE	L1F02N53L2 A/T	2026	A142	4	RFS	1	StokMD - 2026-08-06T080446.204.xls	HTML table / 3,496 data rows	2026-08-06 08:04:46	MD source has no aging field; MD aging unavailable
VARIO 125 STREET	NF0-AE	L1F02N53L2 A/T	2026	A142	5	RFS	1	StokMD - 2026-08-06T080446.204.xls	HTML table / 3,496 data rows	2026-08-06 08:04:46	MD source has no aging field; MD aging unavailable
VARIO 125 STREET	NF0-AE	L1F02N53L2 A/T	2026	A142	7	RFS	1	StokMD - 2026-08-06T080446.204.xls	HTML table / 3,496 data rows	2026-08-06 08:04:46	MD source has no aging field; MD aging unavailable
VARIO 125 STREET	NF0-AE	L1F02N53L2 A/T	2026	A153	11	RFS	1	StokMD - 2026-08-06T080446.204.xls	HTML table / 3,496 data rows	2026-08-06 08:04:46	MD source has no aging field; MD aging unavailable
VARIO 125 STREET	NF0-AE	L1F02N53L2 A/T	2026	A153	12	RFS	1	StokMD - 2026-08-06T080446.204.xls	HTML table / 3,496 data rows	2026-08-06 08:04:46	MD source has no aging field; MD aging unavailable
VARIO 125 STREET	NF0-AE	L1F02N53L2 A/T	2026	A153	14	RFS	1	StokMD - 2026-08-06T080446.204.xls	HTML table / 3,496 data rows	2026-08-06 08:04:46	MD source has no aging field; MD aging unavailable
VARIO 125 STREET	NF0-AE	L1F02N53L2 A/T	2026	A153	20	RFS	1	StokMD - 2026-08-06T080446.204.xls	HTML table / 3,496 data rows	2026-08-06 08:04:46	MD source has no aging field; MD aging unavailable
VARIO 125 STREET	NF0-AE	L1F02N53L2 A/T	2026	A153	22	RFS	1	StokMD - 2026-08-06T080446.204.xls	HTML table / 3,496 data rows	2026-08-06 08:04:46	MD source has no aging field; MD aging unavailable
VARIO 125 STREET	NF0-AE	L1F02N53L2 A/T	2026	A153	28	RFS	1	StokMD - 2026-08-06T080446.204.xls	HTML table / 3,496 data rows	2026-08-06 08:04:46	MD source has no aging field; MD aging unavailable
VARIO 125 STREET	NF0-AE	L1F02N53L2 A/T	2026	A153	34	RFS	1	StokMD - 2026-08-06T080446.204.xls	HTML table / 3,496 data rows	2026-08-06 08:04:46	MD source has no aging field; MD aging unavailable
VARIO 125 STREET	NF0-AE	L1F02N53L2 A/T	2026	A162	1	RFS	1	StokMD - 2026-08-06T080446.204.xls	HTML table / 3,496 data rows	2026-08-06 08:04:46	MD source has no aging field; MD aging unavailable
VARIO 125 STREET	NF0-AE	L1F02N53L2 A/T	2026	A162	12	RFS	1	StokMD - 2026-08-06T080446.204.xls	HTML table / 3,496 data rows	2026-08-06 08:04:46	MD source has no aging field; MD aging unavailable
VARIO 125 STREET	NF0-AE	L1F02N53L2 A/T	2026	A162	15	RFS	1	StokMD - 2026-08-06T080446.204.xls	HTML table / 3,496 data rows	2026-08-06 08:04:46	MD source has no aging field; MD aging unavailable
VARIO 125 STREET	NF0-AE	L1F02N53L2 A/T	2026	A162	22	RFS	1	StokMD - 2026-08-06T080446.204.xls	HTML table / 3,496 data rows	2026-08-06 08:04:46	MD source has no aging field; MD aging unavailable
VARIO 125 STREET	NF0-AE	L1F02N53L2 A/T	2026	A162	34	RFS	1	StokMD - 2026-08-06T080446.204.xls	HTML table / 3,496 data rows	2026-08-06 08:04:46	MD source has no aging field; MD aging unavailable
VARIO 125 STREET	NF0-AE	L1F02N53L2 A/T	2026	A162	8	RFS	1	StokMD - 2026-08-06T080446.204.xls	HTML table / 3,496 data rows	2026-08-06 08:04:46	MD source has no aging field; MD aging unavailable
VARIO 125 STREET	NF0-AE	L1F02N53L2 A/T	2026	A165	34	RFS	1	StokMD - 2026-08-06T080446.204.xls	HTML table / 3,496 data rows	2026-08-06 08:04:46	MD source has no aging field; MD aging unavailable
VARIO 125 STREET	NF0-AE	L1F02N53L2 A/T	2026	A165	7	RFS	1	StokMD - 2026-08-06T080446.204.xls	HTML table / 3,496 data rows	2026-08-06 08:04:46	MD source has no aging field; MD aging unavailable
VARIO 125 STREET	NF0-AE	L1F02N53L2 A/T	2026	A212	1	RFS	1	StokMD - 2026-08-06T080446.204.xls	HTML table / 3,496 data rows	2026-08-06 08:04:46	MD source has no aging field; MD aging unavailable
VARIO 125 STREET	NF0-AE	L1F02N53L2 A/T	2026	A212	16	RFS	1	StokMD - 2026-08-06T080446.204.xls	HTML table / 3,496 data rows	2026-08-06 08:04:46	MD source has no aging field; MD aging unavailable
VARIO 125 STREET	NF0-AE	L1F02N53L2 A/T	2026	A212	21	RFS	1	StokMD - 2026-08-06T080446.204.xls	HTML table / 3,496 data rows	2026-08-06 08:04:46	MD source has no aging field; MD aging unavailable
VARIO 125 STREET	NF0-AE	L1F02N53L2 A/T	2026	A212	22	RFS	1	StokMD - 2026-08-06T080446.204.xls	HTML table / 3,496 data rows	2026-08-06 08:04:46	MD source has no aging field; MD aging unavailable
VARIO 125 STREET	NF0-AE	L1F02N53L2 A/T	2026	A212	23	RFS	1	StokMD - 2026-08-06T080446.204.xls	HTML table / 3,496 data rows	2026-08-06 08:04:46	MD source has no aging field; MD aging unavailable
VARIO 125 STREET	NF0-AE	L1F02N53L2 A/T	2026	A212	25	RFS	1	StokMD - 2026-08-06T080446.204.xls	HTML table / 3,496 data rows	2026-08-06 08:04:46	MD source has no aging field; MD aging unavailable
VARIO 125 STREET	NF0-AE	L1F02N53L2 A/T	2026	A212	29	RFS	1	StokMD - 2026-08-06T080446.204.xls	HTML table / 3,496 data rows	2026-08-06 08:04:46	MD source has no aging field; MD aging unavailable
VARIO 125 STREET	NF0-AE	L1F02N53L2 A/T	2026	A212	31	RFS	1	StokMD - 2026-08-06T080446.204.xls	HTML table / 3,496 data rows	2026-08-06 08:04:46	MD source has no aging field; MD aging unavailable
VARIO 125 STREET	NF0-AE	L1F02N53L2 A/T	2026	A212	32	RFS	1	StokMD - 2026-08-06T080446.204.xls	HTML table / 3,496 data rows	2026-08-06 08:04:46	MD source has no aging field; MD aging unavailable
VARIO 125 STREET	NF0-AE	L1F02N53L2 A/T	2026	A212	35	RFS	1	StokMD - 2026-08-06T080446.204.xls	HTML table / 3,496 data rows	2026-08-06 08:04:46	MD source has no aging field; MD aging unavailable
VARIO 125 STREET	NF0-AE	L1F02N53L2 A/T	2026	A212	4	RFS	1	StokMD - 2026-08-06T080446.204.xls	HTML table / 3,496 data rows	2026-08-06 08:04:46	MD source has no aging field; MD aging unavailable
VARIO 125 STREET	NF0-AE	L1F02N53L2 A/T	2026	A212	6	RFS	1	StokMD - 2026-08-06T080446.204.xls	HTML table / 3,496 data rows	2026-08-06 08:04:46	MD source has no aging field; MD aging unavailable
VARIO 125 STREET	NF0-AE	L1F02N53L2 A/T	2026	A212	7	RFS	1	StokMD - 2026-08-06T080446.204.xls	HTML table / 3,496 data rows	2026-08-06 08:04:46	MD source has no aging field; MD aging unavailable
VARIO 125 STREET	NF0-AE	L1F02N53L2 A/T	2026	A214	17	RFS	1	StokMD - 2026-08-06T080446.204.xls	HTML table / 3,496 data rows	2026-08-06 08:04:46	MD source has no aging field; MD aging unavailable
VARIO 125 STREET	NF0-AE	L1F02N53L2 A/T	2026	A214	20	RFS	1	StokMD - 2026-08-06T080446.204.xls	HTML table / 3,496 data rows	2026-08-06 08:04:46	MD source has no aging field; MD aging unavailable
VARIO 125 STREET	NF0-AE	L1F02N53L2 A/T	2026	A214	30	RFS	1	StokMD - 2026-08-06T080446.204.xls	HTML table / 3,496 data rows	2026-08-06 08:04:46	MD source has no aging field; MD aging unavailable
VARIO 125 STREET	NF0-AE	L1F02N53L2 A/T	2026	A214	31	RFS	1	StokMD - 2026-08-06T080446.204.xls	HTML table / 3,496 data rows	2026-08-06 08:04:46	MD source has no aging field; MD aging unavailable
VARIO 125 STREET	NF0-AE	L1F02N53L2 A/T	2026	A214	6	RFS	1	StokMD - 2026-08-06T080446.204.xls	HTML table / 3,496 data rows	2026-08-06 08:04:46	MD source has no aging field; MD aging unavailable
VARIO 125 STREET	NF0-AE	L1F02N53L2 A/T	2026	A214	7	RFS	1	StokMD - 2026-08-06T080446.204.xls	HTML table / 3,496 data rows	2026-08-06 08:04:46	MD source has no aging field; MD aging unavailable
VARIO 125 STREET	NF0-AE	L1F02N53L2 A/T	2026	A215	17	RFS	1	StokMD - 2026-08-06T080446.204.xls	HTML table / 3,496 data rows	2026-08-06 08:04:46	MD source has no aging field; MD aging unavailable
VARIO 125 STREET	NF0-AE	L1F02N53L2 A/T	2026	A222	25	RFS	1	StokMD - 2026-08-06T080446.204.xls	HTML table / 3,496 data rows	2026-08-06 08:04:46	MD source has no aging field; MD aging unavailable
VARIO 125 STREET	NF0-AE	L1F02N53L2 A/T	2026	A223	1	RFS	1	StokMD - 2026-08-06T080446.204.xls	HTML table / 3,496 data rows	2026-08-06 08:04:46	MD source has no aging field; MD aging unavailable
VARIO 125 STREET	NF0-AE	L1F02N53L2 A/T	2026	A223	10	RFS	1	StokMD - 2026-08-06T080446.204.xls	HTML table / 3,496 data rows	2026-08-06 08:04:46	MD source has no aging field; MD aging unavailable
VARIO 125 STREET	NF0-AE	L1F02N53L2 A/T	2026	A223	13	RFS	1	StokMD - 2026-08-06T080446.204.xls	HTML table / 3,496 data rows	2026-08-06 08:04:46	MD source has no aging field; MD aging unavailable
VARIO 125 STREET	NF0-AE	L1F02N53L2 A/T	2026	A223	15	RFS	1	StokMD - 2026-08-06T080446.204.xls	HTML table / 3,496 data rows	2026-08-06 08:04:46	MD source has no aging field; MD aging unavailable
VARIO 125 STREET	NF0-AE	L1F02N53L2 A/T	2026	A223	2	RFS	1	StokMD - 2026-08-06T080446.204.xls	HTML table / 3,496 data rows	2026-08-06 08:04:46	MD source has no aging field; MD aging unavailable
VARIO 125 STREET	NF0-AE	L1F02N53L2 A/T	2026	A223	21	RFS	1	StokMD - 2026-08-06T080446.204.xls	HTML table / 3,496 data rows	2026-08-06 08:04:46	MD source has no aging field; MD aging unavailable
VARIO 125 STREET	NF0-AE	L1F02N53L2 A/T	2026	A223	22	RFS	1	StokMD - 2026-08-06T080446.204.xls	HTML table / 3,496 data rows	2026-08-06 08:04:46	MD source has no aging field; MD aging unavailable
VARIO 125 STREET	NF0-AE	L1F02N53L2 A/T	2026	A223	4	RFS	1	StokMD - 2026-08-06T080446.204.xls	HTML table / 3,496 data rows	2026-08-06 08:04:46	MD source has no aging field; MD aging unavailable
VARIO 125 STREET	NF0-AE	L1F02N53L2 A/T	2026	A223	9	RFS	1	StokMD - 2026-08-06T080446.204.xls	HTML table / 3,496 data rows	2026-08-06 08:04:46	MD source has no aging field; MD aging unavailable
VARIO 125 STREET	NF0-AE	L1F02N53L2 A/T	2026	A229	10	RFS	1	StokMD - 2026-08-06T080446.204.xls	HTML table / 3,496 data rows	2026-08-06 08:04:46	MD source has no aging field; MD aging unavailable
VARIO 125 STREET	NF0-AE	L1F02N53L2 A/T	2026	A229	11	RFS	1	StokMD - 2026-08-06T080446.204.xls	HTML table / 3,496 data rows	2026-08-06 08:04:46	MD source has no aging field; MD aging unavailable
VARIO 125 STREET	NF0-AE	L1F02N53L2 A/T	2026	A229	12	RFS	1	StokMD - 2026-08-06T080446.204.xls	HTML table / 3,496 data rows	2026-08-06 08:04:46	MD source has no aging field; MD aging unavailable
VARIO 125 STREET	NF0-AE	L1F02N53L2 A/T	2026	A229	13	RFS	1	StokMD - 2026-08-06T080446.204.xls	HTML table / 3,496 data rows	2026-08-06 08:04:46	MD source has no aging field; MD aging unavailable
VARIO 125 STREET	NF0-AE	L1F02N53L2 A/T	2026	A229	14	RFS	1	StokMD - 2026-08-06T080446.204.xls	HTML table / 3,496 data rows	2026-08-06 08:04:46	MD source has no aging field; MD aging unavailable
VARIO 125 STREET	NF0-AE	L1F02N53L2 A/T	2026	A229	19	RFS	1	StokMD - 2026-08-06T080446.204.xls	HTML table / 3,496 data rows	2026-08-06 08:04:46	MD source has no aging field; MD aging unavailable
VARIO 125 STREET	NF0-AE	L1F02N53L2 A/T	2026	A229	21	RFS	1	StokMD - 2026-08-06T080446.204.xls	HTML table / 3,496 data rows	2026-08-06 08:04:46	MD source has no aging field; MD aging unavailable
VARIO 125 STREET	NF0-AE	L1F02N53L2 A/T	2026	A229	22	RFS	1	StokMD - 2026-08-06T080446.204.xls	HTML table / 3,496 data rows	2026-08-06 08:04:46	MD source has no aging field; MD aging unavailable
VARIO 125 STREET	NF0-AE	L1F02N53L2 A/T	2026	A229	24	RFS	1	StokMD - 2026-08-06T080446.204.xls	HTML table / 3,496 data rows	2026-08-06 08:04:46	MD source has no aging field; MD aging unavailable
VARIO 125 STREET	NF0-AE	L1F02N53L2 A/T	2026	A229	3	RFS	1	StokMD - 2026-08-06T080446.204.xls	HTML table / 3,496 data rows	2026-08-06 08:04:46	MD source has no aging field; MD aging unavailable
VARIO 125 STREET	NF0-AE	L1F02N53L2 A/T	2026	A229	5	RFS	1	StokMD - 2026-08-06T080446.204.xls	HTML table / 3,496 data rows	2026-08-06 08:04:46	MD source has no aging field; MD aging unavailable
VARIO 125 STREET	NF0-AE	L1F02N53L2 A/T	2026	A229	6	RFS	1	StokMD - 2026-08-06T080446.204.xls	HTML table / 3,496 data rows	2026-08-06 08:04:46	MD source has no aging field; MD aging unavailable
VARIO 125 STREET	NF0-AE	L1F02N53L2 A/T	2026	A229	7	RFS	1	StokMD - 2026-08-06T080446.204.xls	HTML table / 3,496 data rows	2026-08-06 08:04:46	MD source has no aging field; MD aging unavailable
VARIO 125 STREET	NF0-AE	L1F02N53L2 A/T	2026	A273	21	RFS	1	StokMD - 2026-08-06T080446.204.xls	HTML table / 3,496 data rows	2026-08-06 08:04:46	MD source has no aging field; MD aging unavailable
VARIO 125 STREET	NF0-AE	L1F02N53L2 A/T	2026	A273	25	RFS	1	StokMD - 2026-08-06T080446.204.xls	HTML table / 3,496 data rows	2026-08-06 08:04:46	MD source has no aging field; MD aging unavailable
VARIO 125 STREET	NF0-AE	L1F02N53L2 A/T	2026	A273	26	RFS	1	StokMD - 2026-08-06T080446.204.xls	HTML table / 3,496 data rows	2026-08-06 08:04:46	MD source has no aging field; MD aging unavailable
VARIO 125 STREET	NF0-AE	L1F02N53L2 A/T	2026	A273	27	RFS	1	StokMD - 2026-08-06T080446.204.xls	HTML table / 3,496 data rows	2026-08-06 08:04:46	MD source has no aging field; MD aging unavailable
VARIO 125 STREET	NF0-AE	L1F02N53L2 A/T	2026	A273	29	RFS	1	StokMD - 2026-08-06T080446.204.xls	HTML table / 3,496 data rows	2026-08-06 08:04:46	MD source has no aging field; MD aging unavailable
VARIO 125 STREET	NF0-AE	L1F02N53L2 A/T	2026	A273	30	RFS	1	StokMD - 2026-08-06T080446.204.xls	HTML table / 3,496 data rows	2026-08-06 08:04:46	MD source has no aging field; MD aging unavailable
VARIO 125 STREET	NF0-AE	L1F02N53L2 A/T	2026	A273	4	RFS	1	StokMD - 2026-08-06T080446.204.xls	HTML table / 3,496 data rows	2026-08-06 08:04:46	MD source has no aging field; MD aging unavailable
VARIO 125 STREET	NF0-AE	L1F02N53L2 A/T	2026	A273	5	RFS	1	StokMD - 2026-08-06T080446.204.xls	HTML table / 3,496 data rows	2026-08-06 08:04:46	MD source has no aging field; MD aging unavailable
VARIO 125 STREET	NF0-AE	L1F02N53L2 A/T	2026	A295	2	RFS	1	StokMD - 2026-08-06T080446.204.xls	HTML table / 3,496 data rows	2026-08-06 08:04:46	MD source has no aging field; MD aging unavailable
VARIO 125 STREET	NF0-AE	L1F02N53L2 A/T	2026	A31B	18	RFS	1	StokMD - 2026-08-06T080446.204.xls	HTML table / 3,496 data rows	2026-08-06 08:04:46	MD source has no aging field; MD aging unavailable
VARIO 125 STREET	NF0-AE	L1F02N53L2 A/T	2026	A361	10	RFS	1	StokMD - 2026-08-06T080446.204.xls	HTML table / 3,496 data rows	2026-08-06 08:04:46	MD source has no aging field; MD aging unavailable
VARIO 125 STREET	NF0-AE	L1F02N53L2 A/T	2026	A361	25	RFS	1	StokMD - 2026-08-06T080446.204.xls	HTML table / 3,496 data rows	2026-08-06 08:04:46	MD source has no aging field; MD aging unavailable
VARIO 125 STREET	NF0-AE	L1F02N53L2 A/T	2026	A361	29	RFS	1	StokMD - 2026-08-06T080446.204.xls	HTML table / 3,496 data rows	2026-08-06 08:04:46	MD source has no aging field; MD aging unavailable
VARIO 125 STREET	NF0-AE	L1F02N53L2 A/T	2026	A361	4	RFS	1	StokMD - 2026-08-06T080446.204.xls	HTML table / 3,496 data rows	2026-08-06 08:04:46	MD source has no aging field; MD aging unavailable
VARIO 125 STREET	NF0-AE	L1F02N53L2 A/T	2026	A366	11	RFS	1	StokMD - 2026-08-06T080446.204.xls	HTML table / 3,496 data rows	2026-08-06 08:04:46	MD source has no aging field; MD aging unavailable
VARIO 125 STREET	NF0-AE	L1F02N53L2 A/T	2026	A366	14	RFS	1	StokMD - 2026-08-06T080446.204.xls	HTML table / 3,496 data rows	2026-08-06 08:04:46	MD source has no aging field; MD aging unavailable
VARIO 125 STREET	NF0-AE	L1F02N53L2 A/T	2026	A366	17	RFS	1	StokMD - 2026-08-06T080446.204.xls	HTML table / 3,496 data rows	2026-08-06 08:04:46	MD source has no aging field; MD aging unavailable
VARIO 125 STREET	NF0-AE	L1F02N53L2 A/T	2026	A366	18	RFS	1	StokMD - 2026-08-06T080446.204.xls	HTML table / 3,496 data rows	2026-08-06 08:04:46	MD source has no aging field; MD aging unavailable
VARIO 125 STREET	NF0-AE	L1F02N53L2 A/T	2026	A366	19	RFS	1	StokMD - 2026-08-06T080446.204.xls	HTML table / 3,496 data rows	2026-08-06 08:04:46	MD source has no aging field; MD aging unavailable
VARIO 125 STREET	NF0-AE	L1F02N53L2 A/T	2026	A366	20	RFS	1	StokMD - 2026-08-06T080446.204.xls	HTML table / 3,496 data rows	2026-08-06 08:04:46	MD source has no aging field; MD aging unavailable
VARIO 125 STREET	NF0-AE	L1F02N53L2 A/T	2026	A366	21	RFS	1	StokMD - 2026-08-06T080446.204.xls	HTML table / 3,496 data rows	2026-08-06 08:04:46	MD source has no aging field; MD aging unavailable
VARIO 125 STREET	NF0-AE	L1F02N53L2 A/T	2026	A366	23	RFS	1	StokMD - 2026-08-06T080446.204.xls	HTML table / 3,496 data rows	2026-08-06 08:04:46	MD source has no aging field; MD aging unavailable
VARIO 125 STREET	NF0-AE	L1F02N53L2 A/T	2026	A366	24	RFS	1	StokMD - 2026-08-06T080446.204.xls	HTML table / 3,496 data rows	2026-08-06 08:04:46	MD source has no aging field; MD aging unavailable
VARIO 125 STREET	NF0-AE	L1F02N53L2 A/T	2026	A366	25	RFS	1	StokMD - 2026-08-06T080446.204.xls	HTML table / 3,496 data rows	2026-08-06 08:04:46	MD source has no aging field; MD aging unavailable
VARIO 125 STREET	NF0-AE	L1F02N53L2 A/T	2026	A366	26	RFS	1	StokMD - 2026-08-06T080446.204.xls	HTML table / 3,496 data rows	2026-08-06 08:04:46	MD source has no aging field; MD aging unavailable
VARIO 125 STREET	NF0-AE	L1F02N53L2 A/T	2026	A366	27	RFS	1	StokMD - 2026-08-06T080446.204.xls	HTML table / 3,496 data rows	2026-08-06 08:04:46	MD source has no aging field; MD aging unavailable
VARIO 125 STREET	NF0-AE	L1F02N53L2 A/T	2026	A366	28	RFS	1	StokMD - 2026-08-06T080446.204.xls	HTML table / 3,496 data rows	2026-08-06 08:04:46	MD source has no aging field; MD aging unavailable
VARIO 125 STREET	NF0-AE	L1F02N53L2 A/T	2026	A366	30	RFS	1	StokMD - 2026-08-06T080446.204.xls	HTML table / 3,496 data rows	2026-08-06 08:04:46	MD source has no aging field; MD aging unavailable
VARIO 125 STREET	NF0-AE	L1F02N53L2 A/T	2026	A366	36	RFS	1	StokMD - 2026-08-06T080446.204.xls	HTML table / 3,496 data rows	2026-08-06 08:04:46	MD source has no aging field; MD aging unavailable
VARIO 125 STREET	NF0-AE	L1F02N53L2 A/T	2026	A366	37	RFS	1	StokMD - 2026-08-06T080446.204.xls	HTML table / 3,496 data rows	2026-08-06 08:04:46	MD source has no aging field; MD aging unavailable
VARIO 125 STREET	NF0-AE	L1F02N53L2 A/T	2026	A366	40	RFS	1	StokMD - 2026-08-06T080446.204.xls	HTML table / 3,496 data rows	2026-08-06 08:04:46	MD source has no aging field; MD aging unavailable
VARIO 125 STREET	NF0-AE	L1F02N53L2 A/T	2026	A393	15	RFS	1	StokMD - 2026-08-06T080446.204.xls	HTML table / 3,496 data rows	2026-08-06 08:04:46	MD source has no aging field; MD aging unavailable
VARIO 125 STREET	NF0-AE	L1F02N53L2 A/T	2026	A393	20	RFS	1	StokMD - 2026-08-06T080446.204.xls	HTML table / 3,496 data rows	2026-08-06 08:04:46	MD source has no aging field; MD aging unavailable
VARIO 125 STREET	NF0-AE	L1F02N53L2 A/T	2026	A393	29	RFS	1	StokMD - 2026-08-06T080446.204.xls	HTML table / 3,496 data rows	2026-08-06 08:04:46	MD source has no aging field; MD aging unavailable
VARIO 125 STREET	NF0-AE	L1F02N53L2 A/T	2026	A393	31	RFS	1	StokMD - 2026-08-06T080446.204.xls	HTML table / 3,496 data rows	2026-08-06 08:04:46	MD source has no aging field; MD aging unavailable
VARIO 125 STREET	NF0-AE	L1F02N53L2 A/T	2026	A393	32	RFS	1	StokMD - 2026-08-06T080446.204.xls	HTML table / 3,496 data rows	2026-08-06 08:04:46	MD source has no aging field; MD aging unavailable
VARIO 125 STREET	NF0-AE	L1F02N53L2 A/T	2026	A393	33	RFS	1	StokMD - 2026-08-06T080446.204.xls	HTML table / 3,496 data rows	2026-08-06 08:04:46	MD source has no aging field; MD aging unavailable
VARIO 125 STREET	NF0-AE	L1F02N53L2 A/T	2026	A393	34	RFS	1	StokMD - 2026-08-06T080446.204.xls	HTML table / 3,496 data rows	2026-08-06 08:04:46	MD source has no aging field; MD aging unavailable
VARIO 125 STREET	NF0-AE	L1F02N53L2 A/T	2026	A393	35	RFS	1	StokMD - 2026-08-06T080446.204.xls	HTML table / 3,496 data rows	2026-08-06 08:04:46	MD source has no aging field; MD aging unavailable
VARIO 125 STREET	NF0-AE	L1F02N53L2 A/T	2026	A393	36	RFS	1	StokMD - 2026-08-06T080446.204.xls	HTML table / 3,496 data rows	2026-08-06 08:04:46	MD source has no aging field; MD aging unavailable
VARIO 125 STREET	NF0-AE	L1F02N53L2 A/T	2026	A393	38	RFS	1	StokMD - 2026-08-06T080446.204.xls	HTML table / 3,496 data rows	2026-08-06 08:04:46	MD source has no aging field; MD aging unavailable
VARIO 125 STREET	NF0-AE	L1F02N53L2 A/T	2026	A393	8	RFS	1	StokMD - 2026-08-06T080446.204.xls	HTML table / 3,496 data rows	2026-08-06 08:04:46	MD source has no aging field; MD aging unavailable
VARIO 125 STREET	NF0-AE	L1F02N53L2 A/T	2026	A396	16	RFS	1	StokMD - 2026-08-06T080446.204.xls	HTML table / 3,496 data rows	2026-08-06 08:04:46	MD source has no aging field; MD aging unavailable
VARIO 125 STREET	NF0-AE	L1F02N53L2 A/T	2026	A396	17	RFS	1	StokMD - 2026-08-06T080446.204.xls	HTML table / 3,496 data rows	2026-08-06 08:04:46	MD source has no aging field; MD aging unavailable
VARIO 125 STREET	NF0-AE	L1F02N53L2 A/T	2026	A396	31	RFS	1	StokMD - 2026-08-06T080446.204.xls	HTML table / 3,496 data rows	2026-08-06 08:04:46	MD source has no aging field; MD aging unavailable
VARIO 125 STREET	NF0-AE	L1F02N53L2 A/T	2026	A441	13	RFS	1	StokMD - 2026-08-06T080446.204.xls	HTML table / 3,496 data rows	2026-08-06 08:04:46	MD source has no aging field; MD aging unavailable
VARIO 125 STREET	NF0-AE	L1F02N53L2 A/T	2026	A441	29	RFS	1	StokMD - 2026-08-06T080446.204.xls	HTML table / 3,496 data rows	2026-08-06 08:04:46	MD source has no aging field; MD aging unavailable
VARIO 125 STREET	NF0-AE	L1F02N53L2 A/T	2026	A441	33	RFS	1	StokMD - 2026-08-06T080446.204.xls	HTML table / 3,496 data rows	2026-08-06 08:04:46	MD source has no aging field; MD aging unavailable
VARIO 125 STREET	NF0-AE	L1F02N53L2 A/T	2026	A443	10	RFS	1	StokMD - 2026-08-06T080446.204.xls	HTML table / 3,496 data rows	2026-08-06 08:04:46	MD source has no aging field; MD aging unavailable
VARIO 125 STREET	NF0-AE	L1F02N53L2 A/T	2026	A443	11	RFS	1	StokMD - 2026-08-06T080446.204.xls	HTML table / 3,496 data rows	2026-08-06 08:04:46	MD source has no aging field; MD aging unavailable
VARIO 125 STREET	NF0-AE	L1F02N53L2 A/T	2026	A443	7	RFS	1	StokMD - 2026-08-06T080446.204.xls	HTML table / 3,496 data rows	2026-08-06 08:04:46	MD source has no aging field; MD aging unavailable
VARIO 125 STREET	NF0-AE	L1F02N53L2 A/T	2026	A452	10	RFS	1	StokMD - 2026-08-06T080446.204.xls	HTML table / 3,496 data rows	2026-08-06 08:04:46	MD source has no aging field; MD aging unavailable
VARIO 125 STREET	NF0-AE	L1F02N53L2 A/T	2026	A452	11	RFS	1	StokMD - 2026-08-06T080446.204.xls	HTML table / 3,496 data rows	2026-08-06 08:04:46	MD source has no aging field; MD aging unavailable
VARIO 125 STREET	NF0-AE	L1F02N53L2 A/T	2026	A452	13	RFS	1	StokMD - 2026-08-06T080446.204.xls	HTML table / 3,496 data rows	2026-08-06 08:04:46	MD source has no aging field; MD aging unavailable
VARIO 125 STREET	NF0-AE	L1F02N53L2 A/T	2026	A452	17	RFS	1	StokMD - 2026-08-06T080446.204.xls	HTML table / 3,496 data rows	2026-08-06 08:04:46	MD source has no aging field; MD aging unavailable
VARIO 125 STREET	NF0-AE	L1F02N53L2 A/T	2026	A452	18	RFS	1	StokMD - 2026-08-06T080446.204.xls	HTML table / 3,496 data rows	2026-08-06 08:04:46	MD source has no aging field; MD aging unavailable
VARIO 125 STREET	NF0-AE	L1F02N53L2 A/T	2026	A452	2	RFS	1	StokMD - 2026-08-06T080446.204.xls	HTML table / 3,496 data rows	2026-08-06 08:04:46	MD source has no aging field; MD aging unavailable
VARIO 125 STREET	NF0-AE	L1F02N53L2 A/T	2026	A452	20	RFS	1	StokMD - 2026-08-06T080446.204.xls	HTML table / 3,496 data rows	2026-08-06 08:04:46	MD source has no aging field; MD aging unavailable
VARIO 125 STREET	NF0-AE	L1F02N53L2 A/T	2026	A452	24	RFS	1	StokMD - 2026-08-06T080446.204.xls	HTML table / 3,496 data rows	2026-08-06 08:04:46	MD source has no aging field; MD aging unavailable
VARIO 125 STREET	NF0-AE	L1F02N53L2 A/T	2026	A452	29	RFS	1	StokMD - 2026-08-06T080446.204.xls	HTML table / 3,496 data rows	2026-08-06 08:04:46	MD source has no aging field; MD aging unavailable
VARIO 125 STREET	NF0-AE	L1F02N53L2 A/T	2026	A452	7	RFS	1	StokMD - 2026-08-06T080446.204.xls	HTML table / 3,496 data rows	2026-08-06 08:04:46	MD source has no aging field; MD aging unavailable
VARIO 125 STREET	NF0-BR	L1F02N53L2 A/T	2026	A123	1	RFS	1	StokMD - 2026-08-06T080446.204.xls	HTML table / 3,496 data rows	2026-08-06 08:04:46	MD source has no aging field; MD aging unavailable
VARIO 125 STREET	NF0-BR	L1F02N53L2 A/T	2026	A123	12	RFS	1	StokMD - 2026-08-06T080446.204.xls	HTML table / 3,496 data rows	2026-08-06 08:04:46	MD source has no aging field; MD aging unavailable
VARIO 125 STREET	NF0-BR	L1F02N53L2 A/T	2026	A123	18	RFS	1	StokMD - 2026-08-06T080446.204.xls	HTML table / 3,496 data rows	2026-08-06 08:04:46	MD source has no aging field; MD aging unavailable
VARIO 125 STREET	NF0-BR	L1F02N53L2 A/T	2026	A123	22	RFS	1	StokMD - 2026-08-06T080446.204.xls	HTML table / 3,496 data rows	2026-08-06 08:04:46	MD source has no aging field; MD aging unavailable
VARIO 125 STREET	NF0-BR	L1F02N53L2 A/T	2026	A123	24	RFS	1	StokMD - 2026-08-06T080446.204.xls	HTML table / 3,496 data rows	2026-08-06 08:04:46	MD source has no aging field; MD aging unavailable
VARIO 125 STREET	NF0-BR	L1F02N53L2 A/T	2026	A123	25	RFS	1	StokMD - 2026-08-06T080446.204.xls	HTML table / 3,496 data rows	2026-08-06 08:04:46	MD source has no aging field; MD aging unavailable
VARIO 125 STREET	NF0-BR	L1F02N53L2 A/T	2026	A123	31	RFS	1	StokMD - 2026-08-06T080446.204.xls	HTML table / 3,496 data rows	2026-08-06 08:04:46	MD source has no aging field; MD aging unavailable
VARIO 125 STREET	NF0-BR	L1F02N53L2 A/T	2026	A123	33	RFS	1	StokMD - 2026-08-06T080446.204.xls	HTML table / 3,496 data rows	2026-08-06 08:04:46	MD source has no aging field; MD aging unavailable
VARIO 125 STREET	NF0-BR	L1F02N53L2 A/T	2026	A123	4	RFS	1	StokMD - 2026-08-06T080446.204.xls	HTML table / 3,496 data rows	2026-08-06 08:04:46	MD source has no aging field; MD aging unavailable
VARIO 125 STREET	NF0-BR	L1F02N53L2 A/T	2026	A123	5	RFS	1	StokMD - 2026-08-06T080446.204.xls	HTML table / 3,496 data rows	2026-08-06 08:04:46	MD source has no aging field; MD aging unavailable
VARIO 125 STREET	NF0-BR	L1F02N53L2 A/T	2026	A123	8	RFS	1	StokMD - 2026-08-06T080446.204.xls	HTML table / 3,496 data rows	2026-08-06 08:04:46	MD source has no aging field; MD aging unavailable
VARIO 125 STREET	NF0-BR	L1F02N53L2 A/T	2026	A123	9	RFS	1	StokMD - 2026-08-06T080446.204.xls	HTML table / 3,496 data rows	2026-08-06 08:04:46	MD source has no aging field; MD aging unavailable
VARIO 125 STREET	NF0-BR	L1F02N53L2 A/T	2026	A125	16	RFS	1	StokMD - 2026-08-06T080446.204.xls	HTML table / 3,496 data rows	2026-08-06 08:04:46	MD source has no aging field; MD aging unavailable
VARIO 125 STREET	NF0-BR	L1F02N53L2 A/T	2026	A125	17	RFS	1	StokMD - 2026-08-06T080446.204.xls	HTML table / 3,496 data rows	2026-08-06 08:04:46	MD source has no aging field; MD aging unavailable
VARIO 125 STREET	NF0-BR	L1F02N53L2 A/T	2026	A125	6	RFS	1	StokMD - 2026-08-06T080446.204.xls	HTML table / 3,496 data rows	2026-08-06 08:04:46	MD source has no aging field; MD aging unavailable
VARIO 125 STREET	NF0-BR	L1F02N53L2 A/T	2026	A153	17	RFS	1	StokMD - 2026-08-06T080446.204.xls	HTML table / 3,496 data rows	2026-08-06 08:04:46	MD source has no aging field; MD aging unavailable
VARIO 125 STREET	NF0-BR	L1F02N53L2 A/T	2026	A153	25	RFS	1	StokMD - 2026-08-06T080446.204.xls	HTML table / 3,496 data rows	2026-08-06 08:04:46	MD source has no aging field; MD aging unavailable
VARIO 125 STREET	NF0-BR	L1F02N53L2 A/T	2026	A153	29	RFS	1	StokMD - 2026-08-06T080446.204.xls	HTML table / 3,496 data rows	2026-08-06 08:04:46	MD source has no aging field; MD aging unavailable
VARIO 125 STREET	NF0-BR	L1F02N53L2 A/T	2026	A153	3	RFS	1	StokMD - 2026-08-06T080446.204.xls	HTML table / 3,496 data rows	2026-08-06 08:04:46	MD source has no aging field; MD aging unavailable
VARIO 125 STREET	NF0-BR	L1F02N53L2 A/T	2026	A153	35	RFS	1	StokMD - 2026-08-06T080446.204.xls	HTML table / 3,496 data rows	2026-08-06 08:04:46	MD source has no aging field; MD aging unavailable
VARIO 125 STREET	NF0-BR	L1F02N53L2 A/T	2026	A153	4	RFS	1	StokMD - 2026-08-06T080446.204.xls	HTML table / 3,496 data rows	2026-08-06 08:04:46	MD source has no aging field; MD aging unavailable
VARIO 125 STREET	NF0-BR	L1F02N53L2 A/T	2026	A153	6	RFS	1	StokMD - 2026-08-06T080446.204.xls	HTML table / 3,496 data rows	2026-08-06 08:04:46	MD source has no aging field; MD aging unavailable
VARIO 125 STREET	NF0-BR	L1F02N53L2 A/T	2026	A165	1	RFS	1	StokMD - 2026-08-06T080446.204.xls	HTML table / 3,496 data rows	2026-08-06 08:04:46	MD source has no aging field; MD aging unavailable
VARIO 125 STREET	NF0-BR	L1F02N53L2 A/T	2026	A165	10	RFS	1	StokMD - 2026-08-06T080446.204.xls	HTML table / 3,496 data rows	2026-08-06 08:04:46	MD source has no aging field; MD aging unavailable
VARIO 125 STREET	NF0-BR	L1F02N53L2 A/T	2026	A165	11	RFS	1	StokMD - 2026-08-06T080446.204.xls	HTML table / 3,496 data rows	2026-08-06 08:04:46	MD source has no aging field; MD aging unavailable
VARIO 125 STREET	NF0-BR	L1F02N53L2 A/T	2026	A165	12	RFS	1	StokMD - 2026-08-06T080446.204.xls	HTML table / 3,496 data rows	2026-08-06 08:04:46	MD source has no aging field; MD aging unavailable
VARIO 125 STREET	NF0-BR	L1F02N53L2 A/T	2026	A165	14	RFS	1	StokMD - 2026-08-06T080446.204.xls	HTML table / 3,496 data rows	2026-08-06 08:04:46	MD source has no aging field; MD aging unavailable
VARIO 125 STREET	NF0-BR	L1F02N53L2 A/T	2026	A165	15	RFS	1	StokMD - 2026-08-06T080446.204.xls	HTML table / 3,496 data rows	2026-08-06 08:04:46	MD source has no aging field; MD aging unavailable
VARIO 125 STREET	NF0-BR	L1F02N53L2 A/T	2026	A165	16	RFS	1	StokMD - 2026-08-06T080446.204.xls	HTML table / 3,496 data rows	2026-08-06 08:04:46	MD source has no aging field; MD aging unavailable
VARIO 125 STREET	NF0-BR	L1F02N53L2 A/T	2026	A165	18	RFS	1	StokMD - 2026-08-06T080446.204.xls	HTML table / 3,496 data rows	2026-08-06 08:04:46	MD source has no aging field; MD aging unavailable
VARIO 125 STREET	NF0-BR	L1F02N53L2 A/T	2026	A165	19	RFS	1	StokMD - 2026-08-06T080446.204.xls	HTML table / 3,496 data rows	2026-08-06 08:04:46	MD source has no aging field; MD aging unavailable
VARIO 125 STREET	NF0-BR	L1F02N53L2 A/T	2026	A165	2	RFS	1	StokMD - 2026-08-06T080446.204.xls	HTML table / 3,496 data rows	2026-08-06 08:04:46	MD source has no aging field; MD aging unavailable
VARIO 125 STREET	NF0-BR	L1F02N53L2 A/T	2026	A165	20	RFS	1	StokMD - 2026-08-06T080446.204.xls	HTML table / 3,496 data rows	2026-08-06 08:04:46	MD source has no aging field; MD aging unavailable
VARIO 125 STREET	NF0-BR	L1F02N53L2 A/T	2026	A165	23	RFS	1	StokMD - 2026-08-06T080446.204.xls	HTML table / 3,496 data rows	2026-08-06 08:04:46	MD source has no aging field; MD aging unavailable
VARIO 125 STREET	NF0-BR	L1F02N53L2 A/T	2026	A165	24	RFS	1	StokMD - 2026-08-06T080446.204.xls	HTML table / 3,496 data rows	2026-08-06 08:04:46	MD source has no aging field; MD aging unavailable
VARIO 125 STREET	NF0-BR	L1F02N53L2 A/T	2026	A165	27	RFS	1	StokMD - 2026-08-06T080446.204.xls	HTML table / 3,496 data rows	2026-08-06 08:04:46	MD source has no aging field; MD aging unavailable
VARIO 125 STREET	NF0-BR	L1F02N53L2 A/T	2026	A165	28	RFS	1	StokMD - 2026-08-06T080446.204.xls	HTML table / 3,496 data rows	2026-08-06 08:04:46	MD source has no aging field; MD aging unavailable
VARIO 125 STREET	NF0-BR	L1F02N53L2 A/T	2026	A165	29	RFS	1	StokMD - 2026-08-06T080446.204.xls	HTML table / 3,496 data rows	2026-08-06 08:04:46	MD source has no aging field; MD aging unavailable
VARIO 125 STREET	NF0-BR	L1F02N53L2 A/T	2026	A165	31	RFS	1	StokMD - 2026-08-06T080446.204.xls	HTML table / 3,496 data rows	2026-08-06 08:04:46	MD source has no aging field; MD aging unavailable
VARIO 125 STREET	NF0-BR	L1F02N53L2 A/T	2026	A165	4	RFS	1	StokMD - 2026-08-06T080446.204.xls	HTML table / 3,496 data rows	2026-08-06 08:04:46	MD source has no aging field; MD aging unavailable
VARIO 125 STREET	NF0-BR	L1F02N53L2 A/T	2026	A165	5	RFS	1	StokMD - 2026-08-06T080446.204.xls	HTML table / 3,496 data rows	2026-08-06 08:04:46	MD source has no aging field; MD aging unavailable
VARIO 125 STREET	NF0-BR	L1F02N53L2 A/T	2026	A165	6	RFS	1	StokMD - 2026-08-06T080446.204.xls	HTML table / 3,496 data rows	2026-08-06 08:04:46	MD source has no aging field; MD aging unavailable
VARIO 125 STREET	NF0-BR	L1F02N53L2 A/T	2026	A165	8	RFS	1	StokMD - 2026-08-06T080446.204.xls	HTML table / 3,496 data rows	2026-08-06 08:04:46	MD source has no aging field; MD aging unavailable
VARIO 125 STREET	NF0-BR	L1F02N53L2 A/T	2026	A165	9	RFS	1	StokMD - 2026-08-06T080446.204.xls	HTML table / 3,496 data rows	2026-08-06 08:04:46	MD source has no aging field; MD aging unavailable
VARIO 125 STREET	NF0-BR	L1F02N53L2 A/T	2026	A212	12	RFS	1	StokMD - 2026-08-06T080446.204.xls	HTML table / 3,496 data rows	2026-08-06 08:04:46	MD source has no aging field; MD aging unavailable
VARIO 125 STREET	NF0-BR	L1F02N53L2 A/T	2026	A212	17	RFS	1	StokMD - 2026-08-06T080446.204.xls	HTML table / 3,496 data rows	2026-08-06 08:04:46	MD source has no aging field; MD aging unavailable
VARIO 125 STREET	NF0-BR	L1F02N53L2 A/T	2026	A212	3	RFS	1	StokMD - 2026-08-06T080446.204.xls	HTML table / 3,496 data rows	2026-08-06 08:04:46	MD source has no aging field; MD aging unavailable
VARIO 125 STREET	NF0-BR	L1F02N53L2 A/T	2026	A212	33	RFS	1	StokMD - 2026-08-06T080446.204.xls	HTML table / 3,496 data rows	2026-08-06 08:04:46	MD source has no aging field; MD aging unavailable
VARIO 125 STREET	NF0-BR	L1F02N53L2 A/T	2026	A212	5	RFS	1	StokMD - 2026-08-06T080446.204.xls	HTML table / 3,496 data rows	2026-08-06 08:04:46	MD source has no aging field; MD aging unavailable
VARIO 125 STREET	NF0-BR	L1F02N53L2 A/T	2026	A214	1	RFS	1	StokMD - 2026-08-06T080446.204.xls	HTML table / 3,496 data rows	2026-08-06 08:04:46	MD source has no aging field; MD aging unavailable
VARIO 125 STREET	NF0-BR	L1F02N53L2 A/T	2026	A214	10	RFS	1	StokMD - 2026-08-06T080446.204.xls	HTML table / 3,496 data rows	2026-08-06 08:04:46	MD source has no aging field; MD aging unavailable
VARIO 125 STREET	NF0-BR	L1F02N53L2 A/T	2026	A214	11	RFS	1	StokMD - 2026-08-06T080446.204.xls	HTML table / 3,496 data rows	2026-08-06 08:04:46	MD source has no aging field; MD aging unavailable
VARIO 125 STREET	NF0-BR	L1F02N53L2 A/T	2026	A214	12	RFS	1	StokMD - 2026-08-06T080446.204.xls	HTML table / 3,496 data rows	2026-08-06 08:04:46	MD source has no aging field; MD aging unavailable
VARIO 125 STREET	NF0-BR	L1F02N53L2 A/T	2026	A214	13	RFS	1	StokMD - 2026-08-06T080446.204.xls	HTML table / 3,496 data rows	2026-08-06 08:04:46	MD source has no aging field; MD aging unavailable
VARIO 125 STREET	NF0-BR	L1F02N53L2 A/T	2026	A214	14	RFS	1	StokMD - 2026-08-06T080446.204.xls	HTML table / 3,496 data rows	2026-08-06 08:04:46	MD source has no aging field; MD aging unavailable
VARIO 125 STREET	NF0-BR	L1F02N53L2 A/T	2026	A214	15	RFS	1	StokMD - 2026-08-06T080446.204.xls	HTML table / 3,496 data rows	2026-08-06 08:04:46	MD source has no aging field; MD aging unavailable
VARIO 125 STREET	NF0-BR	L1F02N53L2 A/T	2026	A214	16	RFS	1	StokMD - 2026-08-06T080446.204.xls	HTML table / 3,496 data rows	2026-08-06 08:04:46	MD source has no aging field; MD aging unavailable
VARIO 125 STREET	NF0-BR	L1F02N53L2 A/T	2026	A214	18	RFS	1	StokMD - 2026-08-06T080446.204.xls	HTML table / 3,496 data rows	2026-08-06 08:04:46	MD source has no aging field; MD aging unavailable
VARIO 125 STREET	NF0-BR	L1F02N53L2 A/T	2026	A214	19	RFS	1	StokMD - 2026-08-06T080446.204.xls	HTML table / 3,496 data rows	2026-08-06 08:04:46	MD source has no aging field; MD aging unavailable
VARIO 125 STREET	NF0-BR	L1F02N53L2 A/T	2026	A214	2	RFS	1	StokMD - 2026-08-06T080446.204.xls	HTML table / 3,496 data rows	2026-08-06 08:04:46	MD source has no aging field; MD aging unavailable
VARIO 125 STREET	NF0-BR	L1F02N53L2 A/T	2026	A214	21	RFS	1	StokMD - 2026-08-06T080446.204.xls	HTML table / 3,496 data rows	2026-08-06 08:04:46	MD source has no aging field; MD aging unavailable
VARIO 125 STREET	NF0-BR	L1F02N53L2 A/T	2026	A214	22	RFS	1	StokMD - 2026-08-06T080446.204.xls	HTML table / 3,496 data rows	2026-08-06 08:04:46	MD source has no aging field; MD aging unavailable
VARIO 125 STREET	NF0-BR	L1F02N53L2 A/T	2026	A214	23	RFS	1	StokMD - 2026-08-06T080446.204.xls	HTML table / 3,496 data rows	2026-08-06 08:04:46	MD source has no aging field; MD aging unavailable
VARIO 125 STREET	NF0-BR	L1F02N53L2 A/T	2026	A214	26	RFS	1	StokMD - 2026-08-06T080446.204.xls	HTML table / 3,496 data rows	2026-08-06 08:04:46	MD source has no aging field; MD aging unavailable
VARIO 125 STREET	NF0-BR	L1F02N53L2 A/T	2026	A214	3	RFS	1	StokMD - 2026-08-06T080446.204.xls	HTML table / 3,496 data rows	2026-08-06 08:04:46	MD source has no aging field; MD aging unavailable
VARIO 125 STREET	NF0-BR	L1F02N53L2 A/T	2026	A214	32	RFS	1	StokMD - 2026-08-06T080446.204.xls	HTML table / 3,496 data rows	2026-08-06 08:04:46	MD source has no aging field; MD aging unavailable
VARIO 125 STREET	NF0-BR	L1F02N53L2 A/T	2026	A214	33	RFS	1	StokMD - 2026-08-06T080446.204.xls	HTML table / 3,496 data rows	2026-08-06 08:04:46	MD source has no aging field; MD aging unavailable
VARIO 125 STREET	NF0-BR	L1F02N53L2 A/T	2026	A214	34	RFS	1	StokMD - 2026-08-06T080446.204.xls	HTML table / 3,496 data rows	2026-08-06 08:04:46	MD source has no aging field; MD aging unavailable
VARIO 125 STREET	NF0-BR	L1F02N53L2 A/T	2026	A214	35	RFS	1	StokMD - 2026-08-06T080446.204.xls	HTML table / 3,496 data rows	2026-08-06 08:04:46	MD source has no aging field; MD aging unavailable
VARIO 125 STREET	NF0-BR	L1F02N53L2 A/T	2026	A214	36	RFS	1	StokMD - 2026-08-06T080446.204.xls	HTML table / 3,496 data rows	2026-08-06 08:04:46	MD source has no aging field; MD aging unavailable
VARIO 125 STREET	NF0-BR	L1F02N53L2 A/T	2026	A214	37	RFS	1	StokMD - 2026-08-06T080446.204.xls	HTML table / 3,496 data rows	2026-08-06 08:04:46	MD source has no aging field; MD aging unavailable
VARIO 125 STREET	NF0-BR	L1F02N53L2 A/T	2026	A214	39	RFS	1	StokMD - 2026-08-06T080446.204.xls	HTML table / 3,496 data rows	2026-08-06 08:04:46	MD source has no aging field; MD aging unavailable
VARIO 125 STREET	NF0-BR	L1F02N53L2 A/T	2026	A214	40	RFS	1	StokMD - 2026-08-06T080446.204.xls	HTML table / 3,496 data rows	2026-08-06 08:04:46	MD source has no aging field; MD aging unavailable
VARIO 125 STREET	NF0-BR	L1F02N53L2 A/T	2026	A214	5	RFS	1	StokMD - 2026-08-06T080446.204.xls	HTML table / 3,496 data rows	2026-08-06 08:04:46	MD source has no aging field; MD aging unavailable
VARIO 125 STREET	NF0-BR	L1F02N53L2 A/T	2026	A214	9	RFS	1	StokMD - 2026-08-06T080446.204.xls	HTML table / 3,496 data rows	2026-08-06 08:04:46	MD source has no aging field; MD aging unavailable
VARIO 125 STREET	NF0-BR	L1F02N53L2 A/T	2026	A222	1	RFS	1	StokMD - 2026-08-06T080446.204.xls	HTML table / 3,496 data rows	2026-08-06 08:04:46	MD source has no aging field; MD aging unavailable
VARIO 125 STREET	NF0-BR	L1F02N53L2 A/T	2026	A222	26	RFS	1	StokMD - 2026-08-06T080446.204.xls	HTML table / 3,496 data rows	2026-08-06 08:04:46	MD source has no aging field; MD aging unavailable
VARIO 125 STREET	NF0-BR	L1F02N53L2 A/T	2026	A222	4	RFS	1	StokMD - 2026-08-06T080446.204.xls	HTML table / 3,496 data rows	2026-08-06 08:04:46	MD source has no aging field; MD aging unavailable
VARIO 125 STREET	NF0-BR	L1F02N53L2 A/T	2026	A223	12	RFS	1	StokMD - 2026-08-06T080446.204.xls	HTML table / 3,496 data rows	2026-08-06 08:04:46	MD source has no aging field; MD aging unavailable
VARIO 125 STREET	NF0-BR	L1F02N53L2 A/T	2026	A223	14	RFS	1	StokMD - 2026-08-06T080446.204.xls	HTML table / 3,496 data rows	2026-08-06 08:04:46	MD source has no aging field; MD aging unavailable
VARIO 125 STREET	NF0-BR	L1F02N53L2 A/T	2026	A223	19	RFS	1	StokMD - 2026-08-06T080446.204.xls	HTML table / 3,496 data rows	2026-08-06 08:04:46	MD source has no aging field; MD aging unavailable
VARIO 125 STREET	NF0-BR	L1F02N53L2 A/T	2026	A229	15	RFS	1	StokMD - 2026-08-06T080446.204.xls	HTML table / 3,496 data rows	2026-08-06 08:04:46	MD source has no aging field; MD aging unavailable
VARIO 125 STREET	NF0-BR	L1F02N53L2 A/T	2026	A229	16	RFS	1	StokMD - 2026-08-06T080446.204.xls	HTML table / 3,496 data rows	2026-08-06 08:04:46	MD source has no aging field; MD aging unavailable
VARIO 125 STREET	NF0-BR	L1F02N53L2 A/T	2026	A229	20	RFS	1	StokMD - 2026-08-06T080446.204.xls	HTML table / 3,496 data rows	2026-08-06 08:04:46	MD source has no aging field; MD aging unavailable
VARIO 125 STREET	NF0-BR	L1F02N53L2 A/T	2026	A229	23	RFS	1	StokMD - 2026-08-06T080446.204.xls	HTML table / 3,496 data rows	2026-08-06 08:04:46	MD source has no aging field; MD aging unavailable
VARIO 125 STREET	NF0-BR	L1F02N53L2 A/T	2026	A229	25	RFS	1	StokMD - 2026-08-06T080446.204.xls	HTML table / 3,496 data rows	2026-08-06 08:04:46	MD source has no aging field; MD aging unavailable
VARIO 125 STREET	NF0-BR	L1F02N53L2 A/T	2026	A229	26	RFS	1	StokMD - 2026-08-06T080446.204.xls	HTML table / 3,496 data rows	2026-08-06 08:04:46	MD source has no aging field; MD aging unavailable
VARIO 125 STREET	NF0-BR	L1F02N53L2 A/T	2026	A263	12	RFS	1	StokMD - 2026-08-06T080446.204.xls	HTML table / 3,496 data rows	2026-08-06 08:04:46	MD source has no aging field; MD aging unavailable
VARIO 125 STREET	NF0-BR	L1F02N53L2 A/T	2026	A263	25	RFS	1	StokMD - 2026-08-06T080446.204.xls	HTML table / 3,496 data rows	2026-08-06 08:04:46	MD source has no aging field; MD aging unavailable
VARIO 125 STREET	NF0-BR	L1F02N53L2 A/T	2026	A263	26	RFS	1	StokMD - 2026-08-06T080446.204.xls	HTML table / 3,496 data rows	2026-08-06 08:04:46	MD source has no aging field; MD aging unavailable
VARIO 125 STREET	NF0-BR	L1F02N53L2 A/T	2026	A263	27	RFS	1	StokMD - 2026-08-06T080446.204.xls	HTML table / 3,496 data rows	2026-08-06 08:04:46	MD source has no aging field; MD aging unavailable
VARIO 125 STREET	NF0-BR	L1F02N53L2 A/T	2026	A263	28	RFS	1	StokMD - 2026-08-06T080446.204.xls	HTML table / 3,496 data rows	2026-08-06 08:04:46	MD source has no aging field; MD aging unavailable
VARIO 125 STREET	NF0-BR	L1F02N53L2 A/T	2026	A263	3	RFS	1	StokMD - 2026-08-06T080446.204.xls	HTML table / 3,496 data rows	2026-08-06 08:04:46	MD source has no aging field; MD aging unavailable
VARIO 125 STREET	NF0-BR	L1F02N53L2 A/T	2026	A263	4	RFS	1	StokMD - 2026-08-06T080446.204.xls	HTML table / 3,496 data rows	2026-08-06 08:04:46	MD source has no aging field; MD aging unavailable
VARIO 125 STREET	NF0-BR	L1F02N53L2 A/T	2026	A263	5	RFS	1	StokMD - 2026-08-06T080446.204.xls	HTML table / 3,496 data rows	2026-08-06 08:04:46	MD source has no aging field; MD aging unavailable
VARIO 125 STREET	NF0-BR	L1F02N53L2 A/T	2026	A263	6	RFS	1	StokMD - 2026-08-06T080446.204.xls	HTML table / 3,496 data rows	2026-08-06 08:04:46	MD source has no aging field; MD aging unavailable
VARIO 125 STREET	NF0-BR	L1F02N53L2 A/T	2026	A263	9	RFS	1	StokMD - 2026-08-06T080446.204.xls	HTML table / 3,496 data rows	2026-08-06 08:04:46	MD source has no aging field; MD aging unavailable
VARIO 125 STREET	NF0-BR	L1F02N53L2 A/T	2026	A265	16	RFS	1	StokMD - 2026-08-06T080446.204.xls	HTML table / 3,496 data rows	2026-08-06 08:04:46	MD source has no aging field; MD aging unavailable
VARIO 125 STREET	NF0-BR	L1F02N53L2 A/T	2026	A265	19	RFS	1	StokMD - 2026-08-06T080446.204.xls	HTML table / 3,496 data rows	2026-08-06 08:04:46	MD source has no aging field; MD aging unavailable
VARIO 125 STREET	NF0-BR	L1F02N53L2 A/T	2026	A265	21	RFS	1	StokMD - 2026-08-06T080446.204.xls	HTML table / 3,496 data rows	2026-08-06 08:04:46	MD source has no aging field; MD aging unavailable
VARIO 125 STREET	NF0-BR	L1F02N53L2 A/T	2026	A275	1	RFS	1	StokMD - 2026-08-06T080446.204.xls	HTML table / 3,496 data rows	2026-08-06 08:04:46	MD source has no aging field; MD aging unavailable
VARIO 125 STREET	NF0-BR	L1F02N53L2 A/T	2026	A275	10	RFS	1	StokMD - 2026-08-06T080446.204.xls	HTML table / 3,496 data rows	2026-08-06 08:04:46	MD source has no aging field; MD aging unavailable
VARIO 125 STREET	NF0-BR	L1F02N53L2 A/T	2026	A275	11	RFS	1	StokMD - 2026-08-06T080446.204.xls	HTML table / 3,496 data rows	2026-08-06 08:04:46	MD source has no aging field; MD aging unavailable
VARIO 125 STREET	NF0-BR	L1F02N53L2 A/T	2026	A275	13	RFS	1	StokMD - 2026-08-06T080446.204.xls	HTML table / 3,496 data rows	2026-08-06 08:04:46	MD source has no aging field; MD aging unavailable
VARIO 125 STREET	NF0-BR	L1F02N53L2 A/T	2026	A275	14	RFS	1	StokMD - 2026-08-06T080446.204.xls	HTML table / 3,496 data rows	2026-08-06 08:04:46	MD source has no aging field; MD aging unavailable
VARIO 125 STREET	NF0-BR	L1F02N53L2 A/T	2026	A275	16	RFS	1	StokMD - 2026-08-06T080446.204.xls	HTML table / 3,496 data rows	2026-08-06 08:04:46	MD source has no aging field; MD aging unavailable
VARIO 125 STREET	NF0-BR	L1F02N53L2 A/T	2026	A275	17	RFS	1	StokMD - 2026-08-06T080446.204.xls	HTML table / 3,496 data rows	2026-08-06 08:04:46	MD source has no aging field; MD aging unavailable
VARIO 125 STREET	NF0-BR	L1F02N53L2 A/T	2026	A275	18	RFS	1	StokMD - 2026-08-06T080446.204.xls	HTML table / 3,496 data rows	2026-08-06 08:04:46	MD source has no aging field; MD aging unavailable
VARIO 125 STREET	NF0-BR	L1F02N53L2 A/T	2026	A275	19	RFS	1	StokMD - 2026-08-06T080446.204.xls	HTML table / 3,496 data rows	2026-08-06 08:04:46	MD source has no aging field; MD aging unavailable
VARIO 125 STREET	NF0-BR	L1F02N53L2 A/T	2026	A275	20	RFS	1	StokMD - 2026-08-06T080446.204.xls	HTML table / 3,496 data rows	2026-08-06 08:04:46	MD source has no aging field; MD aging unavailable
VARIO 125 STREET	NF0-BR	L1F02N53L2 A/T	2026	A275	21	RFS	1	StokMD - 2026-08-06T080446.204.xls	HTML table / 3,496 data rows	2026-08-06 08:04:46	MD source has no aging field; MD aging unavailable
VARIO 125 STREET	NF0-BR	L1F02N53L2 A/T	2026	A275	22	RFS	1	StokMD - 2026-08-06T080446.204.xls	HTML table / 3,496 data rows	2026-08-06 08:04:46	MD source has no aging field; MD aging unavailable
VARIO 125 STREET	NF0-BR	L1F02N53L2 A/T	2026	A275	23	RFS	1	StokMD - 2026-08-06T080446.204.xls	HTML table / 3,496 data rows	2026-08-06 08:04:46	MD source has no aging field; MD aging unavailable
VARIO 125 STREET	NF0-BR	L1F02N53L2 A/T	2026	A275	3	RFS	1	StokMD - 2026-08-06T080446.204.xls	HTML table / 3,496 data rows	2026-08-06 08:04:46	MD source has no aging field; MD aging unavailable
VARIO 125 STREET	NF0-BR	L1F02N53L2 A/T	2026	A275	30	RFS	1	StokMD - 2026-08-06T080446.204.xls	HTML table / 3,496 data rows	2026-08-06 08:04:46	MD source has no aging field; MD aging unavailable
VARIO 125 STREET	NF0-BR	L1F02N53L2 A/T	2026	A275	31	RFS	1	StokMD - 2026-08-06T080446.204.xls	HTML table / 3,496 data rows	2026-08-06 08:04:46	MD source has no aging field; MD aging unavailable
VARIO 125 STREET	NF0-BR	L1F02N53L2 A/T	2026	A275	4	RFS	1	StokMD - 2026-08-06T080446.204.xls	HTML table / 3,496 data rows	2026-08-06 08:04:46	MD source has no aging field; MD aging unavailable
VARIO 125 STREET	NF0-BR	L1F02N53L2 A/T	2026	A275	5	RFS	1	StokMD - 2026-08-06T080446.204.xls	HTML table / 3,496 data rows	2026-08-06 08:04:46	MD source has no aging field; MD aging unavailable
VARIO 125 STREET	NF0-BR	L1F02N53L2 A/T	2026	A275	6	RFS	1	StokMD - 2026-08-06T080446.204.xls	HTML table / 3,496 data rows	2026-08-06 08:04:46	MD source has no aging field; MD aging unavailable
VARIO 125 STREET	NF0-BR	L1F02N53L2 A/T	2026	A275	7	RFS	1	StokMD - 2026-08-06T080446.204.xls	HTML table / 3,496 data rows	2026-08-06 08:04:46	MD source has no aging field; MD aging unavailable
VARIO 125 STREET	NF0-BR	L1F02N53L2 A/T	2026	A275	8	RFS	1	StokMD - 2026-08-06T080446.204.xls	HTML table / 3,496 data rows	2026-08-06 08:04:46	MD source has no aging field; MD aging unavailable
VARIO 125 STREET	NF0-BR	L1F02N53L2 A/T	2026	A361	11	RFS	1	StokMD - 2026-08-06T080446.204.xls	HTML table / 3,496 data rows	2026-08-06 08:04:46	MD source has no aging field; MD aging unavailable
VARIO 125 STREET	NF0-BR	L1F02N53L2 A/T	2026	A361	12	RFS	1	StokMD - 2026-08-06T080446.204.xls	HTML table / 3,496 data rows	2026-08-06 08:04:46	MD source has no aging field; MD aging unavailable
VARIO 125 STREET	NF0-BR	L1F02N53L2 A/T	2026	A361	16	RFS	1	StokMD - 2026-08-06T080446.204.xls	HTML table / 3,496 data rows	2026-08-06 08:04:46	MD source has no aging field; MD aging unavailable
VARIO 125 STREET	NF0-BR	L1F02N53L2 A/T	2026	A361	17	RFS	1	StokMD - 2026-08-06T080446.204.xls	HTML table / 3,496 data rows	2026-08-06 08:04:46	MD source has no aging field; MD aging unavailable
VARIO 125 STREET	NF0-BR	L1F02N53L2 A/T	2026	A361	2	RFS	1	StokMD - 2026-08-06T080446.204.xls	HTML table / 3,496 data rows	2026-08-06 08:04:46	MD source has no aging field; MD aging unavailable
VARIO 125 STREET	NF0-BR	L1F02N53L2 A/T	2026	A361	20	RFS	1	StokMD - 2026-08-06T080446.204.xls	HTML table / 3,496 data rows	2026-08-06 08:04:46	MD source has no aging field; MD aging unavailable
VARIO 125 STREET	NF0-BR	L1F02N53L2 A/T	2026	A361	22	RFS	1	StokMD - 2026-08-06T080446.204.xls	HTML table / 3,496 data rows	2026-08-06 08:04:46	MD source has no aging field; MD aging unavailable
VARIO 125 STREET	NF0-BR	L1F02N53L2 A/T	2026	A361	23	RFS	1	StokMD - 2026-08-06T080446.204.xls	HTML table / 3,496 data rows	2026-08-06 08:04:46	MD source has no aging field; MD aging unavailable
VARIO 125 STREET	NF0-BR	L1F02N53L2 A/T	2026	A361	26	RFS	1	StokMD - 2026-08-06T080446.204.xls	HTML table / 3,496 data rows	2026-08-06 08:04:46	MD source has no aging field; MD aging unavailable
VARIO 125 STREET	NF0-BR	L1F02N53L2 A/T	2026	A361	27	RFS	1	StokMD - 2026-08-06T080446.204.xls	HTML table / 3,496 data rows	2026-08-06 08:04:46	MD source has no aging field; MD aging unavailable
VARIO 125 STREET	NF0-BR	L1F02N53L2 A/T	2026	A361	28	RFS	1	StokMD - 2026-08-06T080446.204.xls	HTML table / 3,496 data rows	2026-08-06 08:04:46	MD source has no aging field; MD aging unavailable
VARIO 125 STREET	NF0-BR	L1F02N53L2 A/T	2026	A361	30	RFS	1	StokMD - 2026-08-06T080446.204.xls	HTML table / 3,496 data rows	2026-08-06 08:04:46	MD source has no aging field; MD aging unavailable
VARIO 125 STREET	NF0-BR	L1F02N53L2 A/T	2026	A361	31	RFS	1	StokMD - 2026-08-06T080446.204.xls	HTML table / 3,496 data rows	2026-08-06 08:04:46	MD source has no aging field; MD aging unavailable
VARIO 125 STREET	NF0-BR	L1F02N53L2 A/T	2026	A361	7	RFS	1	StokMD - 2026-08-06T080446.204.xls	HTML table / 3,496 data rows	2026-08-06 08:04:46	MD source has no aging field; MD aging unavailable
VARIO 125 STREET	NF0-BR	L1F02N53L2 A/T	2026	A366	1	RFS	1	StokMD - 2026-08-06T080446.204.xls	HTML table / 3,496 data rows	2026-08-06 08:04:46	MD source has no aging field; MD aging unavailable
VARIO 125 STREET	NF0-BR	L1F02N53L2 A/T	2026	A366	2	RFS	1	StokMD - 2026-08-06T080446.204.xls	HTML table / 3,496 data rows	2026-08-06 08:04:46	MD source has no aging field; MD aging unavailable
VARIO 125 STREET	NF0-BR	L1F02N53L2 A/T	2026	A366	3	RFS	1	StokMD - 2026-08-06T080446.204.xls	HTML table / 3,496 data rows	2026-08-06 08:04:46	MD source has no aging field; MD aging unavailable
VARIO 125 STREET	NF0-BR	L1F02N53L2 A/T	2026	A366	4	RFS	1	StokMD - 2026-08-06T080446.204.xls	HTML table / 3,496 data rows	2026-08-06 08:04:46	MD source has no aging field; MD aging unavailable
VARIO 125 STREET	NF0-BR	L1F02N53L2 A/T	2026	A366	5	RFS	1	StokMD - 2026-08-06T080446.204.xls	HTML table / 3,496 data rows	2026-08-06 08:04:46	MD source has no aging field; MD aging unavailable
VARIO 125 STREET	NF0-BR	L1F02N53L2 A/T	2026	A366	6	RFS	1	StokMD - 2026-08-06T080446.204.xls	HTML table / 3,496 data rows	2026-08-06 08:04:46	MD source has no aging field; MD aging unavailable
VARIO 125 STREET	NF0-BR	L1F02N53L2 A/T	2026	A366	7	RFS	1	StokMD - 2026-08-06T080446.204.xls	HTML table / 3,496 data rows	2026-08-06 08:04:46	MD source has no aging field; MD aging unavailable
VARIO 125 STREET	NF0-BR	L1F02N53L2 A/T	2026	A366	8	RFS	1	StokMD - 2026-08-06T080446.204.xls	HTML table / 3,496 data rows	2026-08-06 08:04:46	MD source has no aging field; MD aging unavailable
VARIO 125 STREET	NF0-BR	L1F02N53L2 A/T	2026	A366	9	RFS	1	StokMD - 2026-08-06T080446.204.xls	HTML table / 3,496 data rows	2026-08-06 08:04:46	MD source has no aging field; MD aging unavailable
VARIO 125 STREET	NF0-BR	L1F02N53L2 A/T	2026	A393	1	RFS	1	StokMD - 2026-08-06T080446.204.xls	HTML table / 3,496 data rows	2026-08-06 08:04:46	MD source has no aging field; MD aging unavailable
VARIO 125 STREET	NF0-BR	L1F02N53L2 A/T	2026	A393	2	RFS	1	StokMD - 2026-08-06T080446.204.xls	HTML table / 3,496 data rows	2026-08-06 08:04:46	MD source has no aging field; MD aging unavailable
VARIO 125 STREET	NF0-BR	L1F02N53L2 A/T	2026	A393	3	RFS	1	StokMD - 2026-08-06T080446.204.xls	HTML table / 3,496 data rows	2026-08-06 08:04:46	MD source has no aging field; MD aging unavailable
VARIO 125 STREET	NF0-BR	L1F02N53L2 A/T	2026	A393	5	RFS	1	StokMD - 2026-08-06T080446.204.xls	HTML table / 3,496 data rows	2026-08-06 08:04:46	MD source has no aging field; MD aging unavailable
VARIO 125 STREET	NF0-BR	L1F02N53L2 A/T	2026	A393	7	RFS	1	StokMD - 2026-08-06T080446.204.xls	HTML table / 3,496 data rows	2026-08-06 08:04:46	MD source has no aging field; MD aging unavailable
VARIO 125 STREET	NF0-BR	L1F02N53L2 A/T	2026	A396	32	RFS	1	StokMD - 2026-08-06T080446.204.xls	HTML table / 3,496 data rows	2026-08-06 08:04:46	MD source has no aging field; MD aging unavailable
VARIO 125 STREET	NF0-BR	L1F02N53L2 A/T	2026	A413	1	RFS	1	StokMD - 2026-08-06T080446.204.xls	HTML table / 3,496 data rows	2026-08-06 08:04:46	MD source has no aging field; MD aging unavailable
VARIO 125 STREET	NF0-BR	L1F02N53L2 A/T	2026	A413	2	RFS	1	StokMD - 2026-08-06T080446.204.xls	HTML table / 3,496 data rows	2026-08-06 08:04:46	MD source has no aging field; MD aging unavailable
VARIO 125 STREET	NF0-BR	L1F02N53L2 A/T	2026	A413	3	RFS	1	StokMD - 2026-08-06T080446.204.xls	HTML table / 3,496 data rows	2026-08-06 08:04:46	MD source has no aging field; MD aging unavailable
VARIO 125 STREET	NF0-BR	L1F02N53L2 A/T	2026	A441	6	RFS	1	StokMD - 2026-08-06T080446.204.xls	HTML table / 3,496 data rows	2026-08-06 08:04:46	MD source has no aging field; MD aging unavailable
VARIO 125 STREET	NF0-BR	L1F02N53L2 A/T	2026	A452	19	RFS	1	StokMD - 2026-08-06T080446.204.xls	HTML table / 3,496 data rows	2026-08-06 08:04:46	MD source has no aging field; MD aging unavailable
VARIO 125 STREET	NF0-BR	L1F02N53L2 A/T	2026	A452	22	RFS	1	StokMD - 2026-08-06T080446.204.xls	HTML table / 3,496 data rows	2026-08-06 08:04:46	MD source has no aging field; MD aging unavailable
VARIO 125 STREET	NF0-BR	L1F02N53L2 A/T	2026	A452	23	RFS	1	StokMD - 2026-08-06T080446.204.xls	HTML table / 3,496 data rows	2026-08-06 08:04:46	MD source has no aging field; MD aging unavailable
VARIO 125 STREET	NF0-BR	L1F02N53L2 A/T	2026	A452	25	RFS	1	StokMD - 2026-08-06T080446.204.xls	HTML table / 3,496 data rows	2026-08-06 08:04:46	MD source has no aging field; MD aging unavailable
VARIO 125 STREET	NF0-BR	L1F02N53L2 A/T	2026	A452	27	RFS	1	StokMD - 2026-08-06T080446.204.xls	HTML table / 3,496 data rows	2026-08-06 08:04:46	MD source has no aging field; MD aging unavailable
VARIO 125 STREET	NF0-BR	L1F02N53L2 A/T	2026	A452	32	RFS	1	StokMD - 2026-08-06T080446.204.xls	HTML table / 3,496 data rows	2026-08-06 08:04:46	MD source has no aging field; MD aging unavailable
VARIO 125 STREET	NF0-BR	L1F02N53L2 A/T	2026	A452	33	RFS	1	StokMD - 2026-08-06T080446.204.xls	HTML table / 3,496 data rows	2026-08-06 08:04:46	MD source has no aging field; MD aging unavailable
VARIO 125 STREET	NF0-BR	L1F02N53L2 A/T	2026	A452	9	RFS	1	StokMD - 2026-08-06T080446.204.xls	HTML table / 3,496 data rows	2026-08-06 08:04:46	MD source has no aging field; MD aging unavailable
VARIO 125 STREET	NF0-HV	L1F02N53L2 A/T	2026	A165	35	RFS	1	StokMD - 2026-08-06T080446.204.xls	HTML table / 3,496 data rows	2026-08-06 08:04:46	MD source has no aging field; MD aging unavailable
VARIO 125 STREET	NF0-HV	L1F02N53L2 A/T	2026	A212	34	RFS	1	StokMD - 2026-08-06T080446.204.xls	HTML table / 3,496 data rows	2026-08-06 08:04:46	MD source has no aging field; MD aging unavailable
VARIO 125 STREET	NF0-HV	L1F02N53L2 A/T	2026	A361	9	RFS	1	StokMD - 2026-08-06T080446.204.xls	HTML table / 3,496 data rows	2026-08-06 08:04:46	MD source has no aging field; MD aging unavailable
VARIO EVO 160 ABS	MZ0-BK	X1H02Q33L3 A/T	2026	A273	11	RFS	1	StokMD - 2026-08-06T080446.204.xls	HTML table / 3,496 data rows	2026-08-06 08:04:46	MD source has no aging field; MD aging unavailable
VARIO EVO 160 ABS	MZ0-BK	X1H02Q33L3 A/T	2026	A273	12	RFS	1	StokMD - 2026-08-06T080446.204.xls	HTML table / 3,496 data rows	2026-08-06 08:04:46	MD source has no aging field; MD aging unavailable
VARIO EVO 160 ABS	MZ0-RD	X1H02Q33L3 A/T	2026	A273	9	RFS	1	StokMD - 2026-08-06T080446.204.xls	HTML table / 3,496 data rows	2026-08-06 08:04:46	MD source has no aging field; MD aging unavailable
VARIO EVO 160 ABS	MZ0-WH	X1H02Q33L3 A/T	2026	A273	16	RFS	1	StokMD - 2026-08-06T080446.204.xls	HTML table / 3,496 data rows	2026-08-06 08:04:46	MD source has no aging field; MD aging unavailable
VARIO EVO 160 CBS	MYA-2W	X1H02N32L3A A/T	2026	A154	31	RFS	1	StokMD - 2026-08-06T080446.204.xls	HTML table / 3,496 data rows	2026-08-06 08:04:46	MD source has no aging field; MD aging unavailable
VARIO EVO 160 CBS	MYA-PM	X1H02N32L3A A/T	2026	A154	1	RFS	1	StokMD - 2026-08-06T080446.204.xls	HTML table / 3,496 data rows	2026-08-06 08:04:46	MD source has no aging field; MD aging unavailable
VARIO EVO 160 CBS	MYA-PM	X1H02N32L3A A/T	2026	A154	12	RFS	1	StokMD - 2026-08-06T080446.204.xls	HTML table / 3,496 data rows	2026-08-06 08:04:46	MD source has no aging field; MD aging unavailable
VARIO EVO 160 CBS	MYA-PM	X1H02N32L3A A/T	2026	A154	13	RFS	1	StokMD - 2026-08-06T080446.204.xls	HTML table / 3,496 data rows	2026-08-06 08:04:46	MD source has no aging field; MD aging unavailable
VARIO EVO 160 CBS	MYA-PM	X1H02N32L3A A/T	2026	A154	14	RFS	1	StokMD - 2026-08-06T080446.204.xls	HTML table / 3,496 data rows	2026-08-06 08:04:46	MD source has no aging field; MD aging unavailable
VARIO EVO 160 CBS	MYA-PM	X1H02N32L3A A/T	2026	A154	18	RFS	1	StokMD - 2026-08-06T080446.204.xls	HTML table / 3,496 data rows	2026-08-06 08:04:46	MD source has no aging field; MD aging unavailable
VARIO EVO 160 CBS	MYA-PM	X1H02N32L3A A/T	2026	A154	20	RFS	1	StokMD - 2026-08-06T080446.204.xls	HTML table / 3,496 data rows	2026-08-06 08:04:46	MD source has no aging field; MD aging unavailable
VARIO EVO 160 CBS	MYA-PM	X1H02N32L3A A/T	2026	A154	21	RFS	1	StokMD - 2026-08-06T080446.204.xls	HTML table / 3,496 data rows	2026-08-06 08:04:46	MD source has no aging field; MD aging unavailable
VARIO EVO 160 CBS	MYA-PM	X1H02N32L3A A/T	2026	A154	22	RFS	1	StokMD - 2026-08-06T080446.204.xls	HTML table / 3,496 data rows	2026-08-06 08:04:46	MD source has no aging field; MD aging unavailable
VARIO EVO 160 CBS	MYA-PM	X1H02N32L3A A/T	2026	A154	23	RFS	1	StokMD - 2026-08-06T080446.204.xls	HTML table / 3,496 data rows	2026-08-06 08:04:46	MD source has no aging field; MD aging unavailable
VARIO EVO 160 CBS	MYA-PM	X1H02N32L3A A/T	2026	A154	24	RFS	1	StokMD - 2026-08-06T080446.204.xls	HTML table / 3,496 data rows	2026-08-06 08:04:46	MD source has no aging field; MD aging unavailable
VARIO EVO 160 CBS	MYA-PM	X1H02N32L3A A/T	2026	A154	25	RFS	1	StokMD - 2026-08-06T080446.204.xls	HTML table / 3,496 data rows	2026-08-06 08:04:46	MD source has no aging field; MD aging unavailable
VARIO EVO 160 CBS	MYA-PM	X1H02N32L3A A/T	2026	A154	26	RFS	1	StokMD - 2026-08-06T080446.204.xls	HTML table / 3,496 data rows	2026-08-06 08:04:46	MD source has no aging field; MD aging unavailable
VARIO EVO 160 CBS	MYA-PM	X1H02N32L3A A/T	2026	A154	27	RFS	1	StokMD - 2026-08-06T080446.204.xls	HTML table / 3,496 data rows	2026-08-06 08:04:46	MD source has no aging field; MD aging unavailable
VARIO EVO 160 CBS	MYA-PM	X1H02N32L3A A/T	2026	A154	28	RFS	1	StokMD - 2026-08-06T080446.204.xls	HTML table / 3,496 data rows	2026-08-06 08:04:46	MD source has no aging field; MD aging unavailable
VARIO EVO 160 CBS	MYA-PM	X1H02N32L3A A/T	2026	A154	29	RFS	1	StokMD - 2026-08-06T080446.204.xls	HTML table / 3,496 data rows	2026-08-06 08:04:46	MD source has no aging field; MD aging unavailable
VARIO EVO 160 CBS	MYA-PM	X1H02N32L3A A/T	2026	A154	30	RFS	1	StokMD - 2026-08-06T080446.204.xls	HTML table / 3,496 data rows	2026-08-06 08:04:46	MD source has no aging field; MD aging unavailable
VARIO EVO 160 CBS	MYA-PM	X1H02N32L3A A/T	2026	A154	32	RFS	1	StokMD - 2026-08-06T080446.204.xls	HTML table / 3,496 data rows	2026-08-06 08:04:46	MD source has no aging field; MD aging unavailable
VARIO EVO 160 CBS	MYA-PM	X1H02N32L3A A/T	2026	A154	33	RFS	1	StokMD - 2026-08-06T080446.204.xls	HTML table / 3,496 data rows	2026-08-06 08:04:46	MD source has no aging field; MD aging unavailable
VARIO EVO 160 CBS	MYA-PM	X1H02N32L3A A/T	2026	A154	34	RFS	1	StokMD - 2026-08-06T080446.204.xls	HTML table / 3,496 data rows	2026-08-06 08:04:46	MD source has no aging field; MD aging unavailable
VARIO EVO 160 CBS	MYA-PM	X1H02N32L3A A/T	2026	A154	35	RFS	1	StokMD - 2026-08-06T080446.204.xls	HTML table / 3,496 data rows	2026-08-06 08:04:46	MD source has no aging field; MD aging unavailable
VARIO EVO 160 CBS	MYA-PM	X1H02N32L3A A/T	2026	A154	4	RFS	1	StokMD - 2026-08-06T080446.204.xls	HTML table / 3,496 data rows	2026-08-06 08:04:46	MD source has no aging field; MD aging unavailable
VARIO EVO 160 CBS	MYA-PM	X1H02N32L3A A/T	2026	A154	7	RFS	1	StokMD - 2026-08-06T080446.204.xls	HTML table / 3,496 data rows	2026-08-06 08:04:46	MD source has no aging field; MD aging unavailable
VARIO EVO 160 CBS	MYA-PM	X1H02N32L3A A/T	2026	A154	8	RFS	1	StokMD - 2026-08-06T080446.204.xls	HTML table / 3,496 data rows	2026-08-06 08:04:46	MD source has no aging field; MD aging unavailable
VARIO EVO 160 CBS	MYA-PM	X1H02N32L3A A/T	2026	A154	9	RFS	1	StokMD - 2026-08-06T080446.204.xls	HTML table / 3,496 data rows	2026-08-06 08:04:46	MD source has no aging field; MD aging unavailable
VARIO EVO 160 CBS	MYA-PM	X1H02N32L3A A/T	2026	A185	8	NRFS	1	StokMD - 2026-08-06T080446.204.xls	HTML table / 3,496 data rows	2026-08-06 08:04:46	MD source has no aging field; MD aging unavailable
VARIO EVO 160 CBS	MYA-PM	X1H02N32L3A A/T	2026	A281	10	RFS	1	StokMD - 2026-08-06T080446.204.xls	HTML table / 3,496 data rows	2026-08-06 08:04:46	MD source has no aging field; MD aging unavailable
VARIO EVO 160 CBS	MYA-PM	X1H02N32L3A A/T	2026	A281	11	RFS	1	StokMD - 2026-08-06T080446.204.xls	HTML table / 3,496 data rows	2026-08-06 08:04:46	MD source has no aging field; MD aging unavailable
VARIO EVO 160 CBS	MYA-PM	X1H02N32L3A A/T	2026	A281	14	RFS	1	StokMD - 2026-08-06T080446.204.xls	HTML table / 3,496 data rows	2026-08-06 08:04:46	MD source has no aging field; MD aging unavailable
VARIO EVO 160 CBS	MYA-PM	X1H02N32L3A A/T	2026	A281	15	RFS	1	StokMD - 2026-08-06T080446.204.xls	HTML table / 3,496 data rows	2026-08-06 08:04:46	MD source has no aging field; MD aging unavailable
VARIO EVO 160 CBS	MYA-PM	X1H02N32L3A A/T	2026	A281	16	RFS	1	StokMD - 2026-08-06T080446.204.xls	HTML table / 3,496 data rows	2026-08-06 08:04:46	MD source has no aging field; MD aging unavailable
VARIO EVO 160 CBS	MYA-PM	X1H02N32L3A A/T	2026	A281	17	RFS	1	StokMD - 2026-08-06T080446.204.xls	HTML table / 3,496 data rows	2026-08-06 08:04:46	MD source has no aging field; MD aging unavailable
VARIO EVO 160 CBS	MYA-PM	X1H02N32L3A A/T	2026	A281	18	RFS	1	StokMD - 2026-08-06T080446.204.xls	HTML table / 3,496 data rows	2026-08-06 08:04:46	MD source has no aging field; MD aging unavailable
VARIO EVO 160 CBS	MYA-PM	X1H02N32L3A A/T	2026	A281	19	RFS	1	StokMD - 2026-08-06T080446.204.xls	HTML table / 3,496 data rows	2026-08-06 08:04:46	MD source has no aging field; MD aging unavailable
VARIO EVO 160 CBS	MYA-PM	X1H02N32L3A A/T	2026	A281	20	RFS	1	StokMD - 2026-08-06T080446.204.xls	HTML table / 3,496 data rows	2026-08-06 08:04:46	MD source has no aging field; MD aging unavailable
VARIO EVO 160 CBS	MYA-PM	X1H02N32L3A A/T	2026	A281	21	RFS	1	StokMD - 2026-08-06T080446.204.xls	HTML table / 3,496 data rows	2026-08-06 08:04:46	MD source has no aging field; MD aging unavailable
VARIO EVO 160 CBS	MYA-PM	X1H02N32L3A A/T	2026	A281	22	RFS	1	StokMD - 2026-08-06T080446.204.xls	HTML table / 3,496 data rows	2026-08-06 08:04:46	MD source has no aging field; MD aging unavailable
VARIO EVO 160 CBS	MYA-PM	X1H02N32L3A A/T	2026	A281	4	RFS	1	StokMD - 2026-08-06T080446.204.xls	HTML table / 3,496 data rows	2026-08-06 08:04:46	MD source has no aging field; MD aging unavailable
VARIO EVO 160 CBS	MYA-PM	X1H02N32L3A A/T	2026	A281	5	RFS	1	StokMD - 2026-08-06T080446.204.xls	HTML table / 3,496 data rows	2026-08-06 08:04:46	MD source has no aging field; MD aging unavailable
VARIO EVO 160 CBS	MYA-PM	X1H02N32L3A A/T	2026	A281	6	RFS	1	StokMD - 2026-08-06T080446.204.xls	HTML table / 3,496 data rows	2026-08-06 08:04:46	MD source has no aging field; MD aging unavailable
VARIO EVO 160 CBS	MYA-PM	X1H02N32L3A A/T	2026	A281	7	RFS	1	StokMD - 2026-08-06T080446.204.xls	HTML table / 3,496 data rows	2026-08-06 08:04:46	MD source has no aging field; MD aging unavailable
VARIO EVO 160 CBS	MYA-PM	X1H02N32L3A A/T	2026	A281	8	RFS	1	StokMD - 2026-08-06T080446.204.xls	HTML table / 3,496 data rows	2026-08-06 08:04:46	MD source has no aging field; MD aging unavailable
VARIO EVO 160 CBS	MYA-PM	X1H02N32L3A A/T	2026	A281	9	RFS	1	StokMD - 2026-08-06T080446.204.xls	HTML table / 3,496 data rows	2026-08-06 08:04:46	MD source has no aging field; MD aging unavailable
VARIO EVO 160 CBS	MYA-UK	X1H02N32L3A A/T	2026	A154	10	RFS	1	StokMD - 2026-08-06T080446.204.xls	HTML table / 3,496 data rows	2026-08-06 08:04:46	MD source has no aging field; MD aging unavailable
VARIO EVO 160 CBS	MYA-UK	X1H02N32L3A A/T	2026	A154	11	RFS	1	StokMD - 2026-08-06T080446.204.xls	HTML table / 3,496 data rows	2026-08-06 08:04:46	MD source has no aging field; MD aging unavailable
VARIO EVO 160 CBS	MYA-UK	X1H02N32L3A A/T	2026	A154	15	RFS	1	StokMD - 2026-08-06T080446.204.xls	HTML table / 3,496 data rows	2026-08-06 08:04:46	MD source has no aging field; MD aging unavailable
VARIO EVO 160 CBS	MYA-UK	X1H02N32L3A A/T	2026	A154	17	RFS	1	StokMD - 2026-08-06T080446.204.xls	HTML table / 3,496 data rows	2026-08-06 08:04:46	MD source has no aging field; MD aging unavailable
VARIO EVO 160 CBS	MYA-UK	X1H02N32L3A A/T	2026	A154	2	RFS	1	StokMD - 2026-08-06T080446.204.xls	HTML table / 3,496 data rows	2026-08-06 08:04:46	MD source has no aging field; MD aging unavailable
VARIO EVO 160 CBS	MYA-UK	X1H02N32L3A A/T	2026	A154	5	RFS	1	StokMD - 2026-08-06T080446.204.xls	HTML table / 3,496 data rows	2026-08-06 08:04:46	MD source has no aging field; MD aging unavailable
VARIO EVO 160 CBS	MYA-UK	X1H02N32L3A A/T	2026	A154	6	RFS	1	StokMD - 2026-08-06T080446.204.xls	HTML table / 3,496 data rows	2026-08-06 08:04:46	MD source has no aging field; MD aging unavailable
VARIO EVO 160 CBS	MYA-UK	X1H02N32L3A A/T	2026	A281	1	RFS	1	StokMD - 2026-08-06T080446.204.xls	HTML table / 3,496 data rows	2026-08-06 08:04:46	MD source has no aging field; MD aging unavailable
VARIO EVO 160 CBS Nitro	MY0-GK	X1H02N32L3 A/T	2026	A282	16	RFS	1	StokMD - 2026-08-06T080446.204.xls	HTML table / 3,496 data rows	2026-08-06 08:04:46	MD source has no aging field; MD aging unavailable
VARIO EVO 160 CBS Nitro	MY0-GK	X1H02N32L3 A/T	2026	A282	17	RFS	1	StokMD - 2026-08-06T080446.204.xls	HTML table / 3,496 data rows	2026-08-06 08:04:46	MD source has no aging field; MD aging unavailable
VARIO EVO 160 CBS Nitro	MY0-HM	X1H02N32L3 A/T	2026	A185	1	NRFS	1	StokMD - 2026-08-06T080446.204.xls	HTML table / 3,496 data rows	2026-08-06 08:04:46	MD source has no aging field; MD aging unavailable
VARIO EVO 160 CBS Nitro	MY0-HM	X1H02N32L3 A/T	2026	A185	10	NRFS	1	StokMD - 2026-08-06T080446.204.xls	HTML table / 3,496 data rows	2026-08-06 08:04:46	MD source has no aging field; MD aging unavailable
VARIO EVO 160 CBS Nitro	MY0-HM	X1H02N32L3 A/T	2026	A282	10	RFS	1	StokMD - 2026-08-06T080446.204.xls	HTML table / 3,496 data rows	2026-08-06 08:04:46	MD source has no aging field; MD aging unavailable
VARIO EVO 160 CBS Nitro	MY0-HM	X1H02N32L3 A/T	2026	A282	11	RFS	1	StokMD - 2026-08-06T080446.204.xls	HTML table / 3,496 data rows	2026-08-06 08:04:46	MD source has no aging field; MD aging unavailable
VARIO EVO 160 CBS Nitro	MY0-HM	X1H02N32L3 A/T	2026	A282	18	RFS	1	StokMD - 2026-08-06T080446.204.xls	HTML table / 3,496 data rows	2026-08-06 08:04:46	MD source has no aging field; MD aging unavailable
VARIO EVO 160 CBS Nitro	MY0-HM	X1H02N32L3 A/T	2026	A282	19	RFS	1	StokMD - 2026-08-06T080446.204.xls	HTML table / 3,496 data rows	2026-08-06 08:04:46	MD source has no aging field; MD aging unavailable
VARIO EVO 160 CBS Nitro	MY0-HM	X1H02N32L3 A/T	2026	A282	20	RFS	1	StokMD - 2026-08-06T080446.204.xls	HTML table / 3,496 data rows	2026-08-06 08:04:46	MD source has no aging field; MD aging unavailable
VARIO EVO 160 CBS Nitro	MY0-HM	X1H02N32L3 A/T	2026	A282	21	RFS	1	StokMD - 2026-08-06T080446.204.xls	HTML table / 3,496 data rows	2026-08-06 08:04:46	MD source has no aging field; MD aging unavailable
VARIO EVO 160 CBS Nitro	MY0-HM	X1H02N32L3 A/T	2026	A282	22	RFS	1	StokMD - 2026-08-06T080446.204.xls	HTML table / 3,496 data rows	2026-08-06 08:04:46	MD source has no aging field; MD aging unavailable
VARIO EVO 160 CBS Nitro	MY0-HM	X1H02N32L3 A/T	2026	A282	3	RFS	1	StokMD - 2026-08-06T080446.204.xls	HTML table / 3,496 data rows	2026-08-06 08:04:46	MD source has no aging field; MD aging unavailable
VARIO EVO 160 CBS Nitro	MY0-HM	X1H02N32L3 A/T	2026	A282	4	RFS	1	StokMD - 2026-08-06T080446.204.xls	HTML table / 3,496 data rows	2026-08-06 08:04:46	MD source has no aging field; MD aging unavailable
VARIO EVO 160 CBS Nitro	MY0-HM	X1H02N32L3 A/T	2026	A282	5	RFS	1	StokMD - 2026-08-06T080446.204.xls	HTML table / 3,496 data rows	2026-08-06 08:04:46	MD source has no aging field; MD aging unavailable
VARIO EVO 160 CBS Nitro	MY0-HM	X1H02N32L3 A/T	2026	A282	6	RFS	1	StokMD - 2026-08-06T080446.204.xls	HTML table / 3,496 data rows	2026-08-06 08:04:46	MD source has no aging field; MD aging unavailable
VARIO EVO 160 CBS Nitro	MY0-HM	X1H02N32L3 A/T	2026	A282	7	RFS	1	StokMD - 2026-08-06T080446.204.xls	HTML table / 3,496 data rows	2026-08-06 08:04:46	MD source has no aging field; MD aging unavailable
