section	kabupaten_source	kecamatan	dealer_or_pos	ring_status	source_file	sheet	source_cell	currentness
Kota Jambi	JAMBI	ALAM BARAJO	CKIS I	Ring 2	MAPPING RING 2022/Summary Pembagian Ring.xlsx	Ring	C6	HISTORICAL_2022_CURRENT_AUTHORITY_UNCONFIRMED
Kota Jambi	JAMBI	ALAM BARAJO	CKIS II	Ring 2	MAPPING RING 2022/Summary Pembagian Ring.xlsx	Ring	D6	HISTORICAL_2022_CURRENT_AUTHORITY_UNCONFIRMED
Kota Jambi	JAMBI	ALAM BARAJO	DAM Jambi	Other	MAPPING RING 2022/Summary Pembagian Ring.xlsx	Ring	E6	HISTORICAL_2022_CURRENT_AUTHORITY_UNCONFIRMED
Kota Jambi	JAMBI	ALAM BARAJO	HSO Jambi	Ring 3	MAPPING RING 2022/Summary Pembagian Ring.xlsx	Ring	F6	HISTORICAL_2022_CURRENT_AUTHORITY_UNCONFIRMED
Kota Jambi	JAMBI	ALAM BARAJO	MWP Rimbo	Lokasi	MAPPING RING 2022/Summary Pembagian Ring.xlsx	Ring	G6	HISTORICAL_2022_CURRENT_AUTHORITY_UNCONFIRMED
Kota Jambi	JAMBI	ALAM BARAJO	NSS Jambi	Ring 3	MAPPING RING 2022/Summary Pembagian Ring.xlsx	Ring	H6	HISTORICAL_2022_CURRENT_AUTHORITY_UNCONFIRMED
Kota Jambi	JAMBI	ALAM BARAJO	PAS JAMBI	Ring 3	MAPPING RING 2022/Summary Pembagian Ring.xlsx	Ring	I6	HISTORICAL_2022_CURRENT_AUTHORITY_UNCONFIRMED
Kota Jambi	JAMBI	ALAM BARAJO	POS DAM Chandra	Other	MAPPING RING 2022/Summary Pembagian Ring.xlsx	Ring	J6	HISTORICAL_2022_CURRENT_AUTHORITY_UNCONFIRMED
Kota Jambi	JAMBI	ALAM BARAJO	POS DAM Mayang	Lokasi	MAPPING RING 2022/Summary Pembagian Ring.xlsx	Ring	K6	HISTORICAL_2022_CURRENT_AUTHORITY_UNCONFIRMED
Kota Jambi	JAMBI	ALAM BARAJO	POS HSO Liverpool	Other	MAPPING RING 2022/Summary Pembagian Ring.xlsx	Ring	L6	HISTORICAL_2022_CURRENT_AUTHORITY_UNCONFIRMED
Kota Jambi	JAMBI	ALAM BARAJO	POS SSM Mayang	Lokasi	MAPPING RING 2022/Summary Pembagian Ring.xlsx	Ring	M6	HISTORICAL_2022_CURRENT_AUTHORITY_UNCONFIRMED
Kota Jambi	JAMBI	ALAM BARAJO	POS TDM Buluran	Ring 3	MAPPING RING 2022/Summary Pembagian Ring.xlsx	Ring	N6	HISTORICAL_2022_CURRENT_AUTHORITY_UNCONFIRMED
Kota Jambi	JAMBI	ALAM BARAJO	SM Talang Bakung	Other	MAPPING RING 2022/Summary Pembagian Ring.xlsx	Ring	O6	HISTORICAL_2022_CURRENT_AUTHORITY_UNCONFIRMED
Kota Jambi	JAMBI	ALAM BARAJO	SSM Rawasari	Ring 3	MAPPING RING 2022/Summary Pembagian Ring.xlsx	Ring	P6	HISTORICAL_2022_CURRENT_AUTHORITY_UNCONFIRMED
Kota Jambi	JAMBI	ALAM BARAJO	SSM The Hok	Ring 3	MAPPING RING 2022/Summary Pembagian Ring.xlsx	Ring	Q6	HISTORICAL_2022_CURRENT_AUTHORITY_UNCONFIRMED
Kota Jambi	JAMBI	ALAM BARAJO	SSP Abunjani	Ring 1	MAPPING RING 2022/Summary Pembagian Ring.xlsx	Ring	R6	HISTORICAL_2022_CURRENT_AUTHORITY_UNCONFIRMED
Kota Jambi	JAMBI	ALAM BARAJO	SSP Handil	Ring 2	MAPPING RING 2022/Summary Pembagian Ring.xlsx	Ring	S6	HISTORICAL_2022_CURRENT_AUTHORITY_UNCONFIRMED
Kota Jambi	JAMBI	ALAM BARAJO	SSP Paal VI	Ring 2	MAPPING RING 2022/Summary Pembagian Ring.xlsx	Ring	T6	HISTORICAL_2022_CURRENT_AUTHORITY_UNCONFIRMED
Kota Jambi	JAMBI	ALAM BARAJO	SSP Wahidin	Ring 3	MAPPING RING 2022/Summary Pembagian Ring.xlsx	Ring	U6	HISTORICAL_2022_CURRENT_AUTHORITY_UNCONFIRMED
Kota Jambi	JAMBI	ALAM BARAJO	TDM Jambi	Lokasi	MAPPING RING 2022/Summary Pembagian Ring.xlsx	Ring	V6	HISTORICAL_2022_CURRENT_AUTHORITY_UNCONFIRMED
Kota Jambi	JAMBI	DANAU SIPIN	CKIS I	Ring 2	MAPPING RING 2022/Summary Pembagian Ring.xlsx	Ring	C7	HISTORICAL_2022_CURRENT_AUTHORITY_UNCONFIRMED
Kota Jambi	JAMBI	DANAU SIPIN	CKIS II	Ring 1	MAPPING RING 2022/Summary Pembagian Ring.xlsx	Ring	D7	HISTORICAL_2022_CURRENT_AUTHORITY_UNCONFIRMED
Kota Jambi	JAMBI	DANAU SIPIN	DAM Jambi	Other	MAPPING RING 2022/Summary Pembagian Ring.xlsx	Ring	E7	HISTORICAL_2022_CURRENT_AUTHORITY_UNCONFIRMED
Kota Jambi	JAMBI	DANAU SIPIN	HSO Jambi	Ring 1	MAPPING RING 2022/Summary Pembagian Ring.xlsx	Ring	F7	HISTORICAL_2022_CURRENT_AUTHORITY_UNCONFIRMED
Kota Jambi	JAMBI	DANAU SIPIN	MWP Rimbo	Ring 2	MAPPING RING 2022/Summary Pembagian Ring.xlsx	Ring	G7	HISTORICAL_2022_CURRENT_AUTHORITY_UNCONFIRMED
Kota Jambi	JAMBI	DANAU SIPIN	NSS Jambi	Ring 2	MAPPING RING 2022/Summary Pembagian Ring.xlsx	Ring	H7	HISTORICAL_2022_CURRENT_AUTHORITY_UNCONFIRMED
Kota Jambi	JAMBI	DANAU SIPIN	PAS JAMBI	Ring 3	MAPPING RING 2022/Summary Pembagian Ring.xlsx	Ring	I7	HISTORICAL_2022_CURRENT_AUTHORITY_UNCONFIRMED
Kota Jambi	JAMBI	DANAU SIPIN	POS DAM Chandra	Other	MAPPING RING 2022/Summary Pembagian Ring.xlsx	Ring	J7	HISTORICAL_2022_CURRENT_AUTHORITY_UNCONFIRMED
Kota Jambi	JAMBI	DANAU SIPIN	POS DAM Mayang	Ring 3	MAPPING RING 2022/Summary Pembagian Ring.xlsx	Ring	K7	HISTORICAL_2022_CURRENT_AUTHORITY_UNCONFIRMED
Kota Jambi	JAMBI	DANAU SIPIN	POS HSO Liverpool	Other	MAPPING RING 2022/Summary Pembagian Ring.xlsx	Ring	L7	HISTORICAL_2022_CURRENT_AUTHORITY_UNCONFIRMED
Kota Jambi	JAMBI	DANAU SIPIN	POS SSM Mayang	Ring 2	MAPPING RING 2022/Summary Pembagian Ring.xlsx	Ring	M7	HISTORICAL_2022_CURRENT_AUTHORITY_UNCONFIRMED
Kota Jambi	JAMBI	DANAU SIPIN	POS TDM Buluran	Lokasi	MAPPING RING 2022/Summary Pembagian Ring.xlsx	Ring	N7	HISTORICAL_2022_CURRENT_AUTHORITY_UNCONFIRMED
Kota Jambi	JAMBI	DANAU SIPIN	SM Talang Bakung	Other	MAPPING RING 2022/Summary Pembagian Ring.xlsx	Ring	O7	HISTORICAL_2022_CURRENT_AUTHORITY_UNCONFIRMED
Kota Jambi	JAMBI	DANAU SIPIN	SSM Rawasari	Ring 2	MAPPING RING 2022/Summary Pembagian Ring.xlsx	Ring	P7	HISTORICAL_2022_CURRENT_AUTHORITY_UNCONFIRMED
Kota Jambi	JAMBI	DANAU SIPIN	SSM The Hok	Ring 2	MAPPING RING 2022/Summary Pembagian Ring.xlsx	Ring	Q7	HISTORICAL_2022_CURRENT_AUTHORITY_UNCONFIRMED
Kota Jambi	JAMBI	DANAU SIPIN	SSP Abunjani	Ring 1	MAPPING RING 2022/Summary Pembagian Ring.xlsx	Ring	R7	HISTORICAL_2022_CURRENT_AUTHORITY_UNCONFIRMED
Kota Jambi	JAMBI	DANAU SIPIN	SSP Handil	Ring 2	MAPPING RING 2022/Summary Pembagian Ring.xlsx	Ring	S7	HISTORICAL_2022_CURRENT_AUTHORITY_UNCONFIRMED
Kota Jambi	JAMBI	DANAU SIPIN	SSP Paal VI	Other	MAPPING RING 2022/Summary Pembagian Ring.xlsx	Ring	T7	HISTORICAL_2022_CURRENT_AUTHORITY_UNCONFIRMED
Kota Jambi	JAMBI	DANAU SIPIN	SSP Wahidin	Ring 1	MAPPING RING 2022/Summary Pembagian Ring.xlsx	Ring	U7	HISTORICAL_2022_CURRENT_AUTHORITY_UNCONFIRMED
Kota Jambi	JAMBI	DANAU SIPIN	TDM Jambi	Ring 2	MAPPING RING 2022/Summary Pembagian Ring.xlsx	Ring	V7	HISTORICAL_2022_CURRENT_AUTHORITY_UNCONFIRMED
Kota Jambi	JAMBI	DANAU TELUK	CKIS I	Ring 3	MAPPING RING 2022/Summary Pembagian Ring.xlsx	Ring	C8	HISTORICAL_2022_CURRENT_AUTHORITY_UNCONFIRMED
Kota Jambi	JAMBI	DANAU TELUK	CKIS II	Ring 2	MAPPING RING 2022/Summary Pembagian Ring.xlsx	Ring	D8	HISTORICAL_2022_CURRENT_AUTHORITY_UNCONFIRMED
Kota Jambi	JAMBI	DANAU TELUK	DAM Jambi	Other	MAPPING RING 2022/Summary Pembagian Ring.xlsx	Ring	E8	HISTORICAL_2022_CURRENT_AUTHORITY_UNCONFIRMED
Kota Jambi	JAMBI	DANAU TELUK	HSO Jambi	Ring 2	MAPPING RING 2022/Summary Pembagian Ring.xlsx	Ring	F8	HISTORICAL_2022_CURRENT_AUTHORITY_UNCONFIRMED
Kota Jambi	JAMBI	DANAU TELUK	MWP Rimbo	Other	MAPPING RING 2022/Summary Pembagian Ring.xlsx	Ring	G8	HISTORICAL_2022_CURRENT_AUTHORITY_UNCONFIRMED
Kota Jambi	JAMBI	DANAU TELUK	NSS Jambi	Ring 3	MAPPING RING 2022/Summary Pembagian Ring.xlsx	Ring	H8	HISTORICAL_2022_CURRENT_AUTHORITY_UNCONFIRMED
Kota Jambi	JAMBI	DANAU TELUK	PAS JAMBI	Other	MAPPING RING 2022/Summary Pembagian Ring.xlsx	Ring	I8	HISTORICAL_2022_CURRENT_AUTHORITY_UNCONFIRMED
Kota Jambi	JAMBI	DANAU TELUK	POS DAM Chandra	Other	MAPPING RING 2022/Summary Pembagian Ring.xlsx	Ring	J8	HISTORICAL_2022_CURRENT_AUTHORITY_UNCONFIRMED
Kota Jambi	JAMBI	DANAU TELUK	POS DAM Mayang	Other	MAPPING RING 2022/Summary Pembagian Ring.xlsx	Ring	K8	HISTORICAL_2022_CURRENT_AUTHORITY_UNCONFIRMED
Kota Jambi	JAMBI	DANAU TELUK	POS HSO Liverpool	Other	MAPPING RING 2022/Summary Pembagian Ring.xlsx	Ring	L8	HISTORICAL_2022_CURRENT_AUTHORITY_UNCONFIRMED
Kota Jambi	JAMBI	DANAU TELUK	POS SSM Mayang	Ring 3	MAPPING RING 2022/Summary Pembagian Ring.xlsx	Ring	M8	HISTORICAL_2022_CURRENT_AUTHORITY_UNCONFIRMED
Kota Jambi	JAMBI	DANAU TELUK	POS TDM Buluran	Ring 1	MAPPING RING 2022/Summary Pembagian Ring.xlsx	Ring	N8	HISTORICAL_2022_CURRENT_AUTHORITY_UNCONFIRMED
Kota Jambi	JAMBI	DANAU TELUK	SM Talang Bakung	Other	MAPPING RING 2022/Summary Pembagian Ring.xlsx	Ring	O8	HISTORICAL_2022_CURRENT_AUTHORITY_UNCONFIRMED
Kota Jambi	JAMBI	DANAU TELUK	SSM Rawasari	Ring 2	MAPPING RING 2022/Summary Pembagian Ring.xlsx	Ring	P8	HISTORICAL_2022_CURRENT_AUTHORITY_UNCONFIRMED
Kota Jambi	JAMBI	DANAU TELUK	SSM The Hok	Ring 3	MAPPING RING 2022/Summary Pembagian Ring.xlsx	Ring	Q8	HISTORICAL_2022_CURRENT_AUTHORITY_UNCONFIRMED
Kota Jambi	JAMBI	DANAU TELUK	SSP Abunjani	Ring 2	MAPPING RING 2022/Summary Pembagian Ring.xlsx	Ring	R8	HISTORICAL_2022_CURRENT_AUTHORITY_UNCONFIRMED
Kota Jambi	JAMBI	DANAU TELUK	SSP Handil	Ring 3	MAPPING RING 2022/Summary Pembagian Ring.xlsx	Ring	S8	HISTORICAL_2022_CURRENT_AUTHORITY_UNCONFIRMED
Kota Jambi	JAMBI	DANAU TELUK	SSP Paal VI	Other	MAPPING RING 2022/Summary Pembagian Ring.xlsx	Ring	T8	HISTORICAL_2022_CURRENT_AUTHORITY_UNCONFIRMED
Kota Jambi	JAMBI	DANAU TELUK	SSP Wahidin	Ring 2	MAPPING RING 2022/Summary Pembagian Ring.xlsx	Ring	U8	HISTORICAL_2022_CURRENT_AUTHORITY_UNCONFIRMED
Kota Jambi	JAMBI	DANAU TELUK	TDM Jambi	Ring 3	MAPPING RING 2022/Summary Pembagian Ring.xlsx	Ring	V8	HISTORICAL_2022_CURRENT_AUTHORITY_UNCONFIRMED
Kota Jambi	JAMBI	JAMBI SELATAN	CKIS I	Ring 1	MAPPING RING 2022/Summary Pembagian Ring.xlsx	Ring	C9	HISTORICAL_2022_CURRENT_AUTHORITY_UNCONFIRMED
Kota Jambi	JAMBI	JAMBI SELATAN	CKIS II	Ring 2	MAPPING RING 2022/Summary Pembagian Ring.xlsx	Ring	D9	HISTORICAL_2022_CURRENT_AUTHORITY_UNCONFIRMED
Kota Jambi	JAMBI	JAMBI SELATAN	DAM Jambi	Ring 1	MAPPING RING 2022/Summary Pembagian Ring.xlsx	Ring	E9	HISTORICAL_2022_CURRENT_AUTHORITY_UNCONFIRMED
Kota Jambi	JAMBI	JAMBI SELATAN	HSO Jambi	Ring 2	MAPPING RING 2022/Summary Pembagian Ring.xlsx	Ring	F9	HISTORICAL_2022_CURRENT_AUTHORITY_UNCONFIRMED
Kota Jambi	JAMBI	JAMBI SELATAN	MWP Rimbo	Other	MAPPING RING 2022/Summary Pembagian Ring.xlsx	Ring	G9	HISTORICAL_2022_CURRENT_AUTHORITY_UNCONFIRMED
Kota Jambi	JAMBI	JAMBI SELATAN	NSS Jambi	Ring 1	MAPPING RING 2022/Summary Pembagian Ring.xlsx	Ring	H9	HISTORICAL_2022_CURRENT_AUTHORITY_UNCONFIRMED
Kota Jambi	JAMBI	JAMBI SELATAN	PAS JAMBI	Lokasi	MAPPING RING 2022/Summary Pembagian Ring.xlsx	Ring	I9	HISTORICAL_2022_CURRENT_AUTHORITY_UNCONFIRMED
Kota Jambi	JAMBI	JAMBI SELATAN	POS DAM Chandra	Lokasi	MAPPING RING 2022/Summary Pembagian Ring.xlsx	Ring	J9	HISTORICAL_2022_CURRENT_AUTHORITY_UNCONFIRMED
Kota Jambi	JAMBI	JAMBI SELATAN	POS DAM Mayang	Ring 3	MAPPING RING 2022/Summary Pembagian Ring.xlsx	Ring	K9	HISTORICAL_2022_CURRENT_AUTHORITY_UNCONFIRMED
Kota Jambi	JAMBI	JAMBI SELATAN	POS HSO Liverpool	Ring 1	MAPPING RING 2022/Summary Pembagian Ring.xlsx	Ring	L9	HISTORICAL_2022_CURRENT_AUTHORITY_UNCONFIRMED
Kota Jambi	JAMBI	JAMBI SELATAN	POS SSM Mayang	Ring 3	MAPPING RING 2022/Summary Pembagian Ring.xlsx	Ring	M9	HISTORICAL_2022_CURRENT_AUTHORITY_UNCONFIRMED
Kota Jambi	JAMBI	JAMBI SELATAN	POS TDM Buluran	Other	MAPPING RING 2022/Summary Pembagian Ring.xlsx	Ring	N9	HISTORICAL_2022_CURRENT_AUTHORITY_UNCONFIRMED
Kota Jambi	JAMBI	JAMBI SELATAN	SM Talang Bakung	Ring 1	MAPPING RING 2022/Summary Pembagian Ring.xlsx	Ring	O9	HISTORICAL_2022_CURRENT_AUTHORITY_UNCONFIRMED
Kota Jambi	JAMBI	JAMBI SELATAN	SSM Rawasari	Ring 1	MAPPING RING 2022/Summary Pembagian Ring.xlsx	Ring	P9	HISTORICAL_2022_CURRENT_AUTHORITY_UNCONFIRMED
Kota Jambi	JAMBI	JAMBI SELATAN	SSM The Hok	Lokasi	MAPPING RING 2022/Summary Pembagian Ring.xlsx	Ring	Q9	HISTORICAL_2022_CURRENT_AUTHORITY_UNCONFIRMED
Kota Jambi	JAMBI	JAMBI SELATAN	SSP Abunjani	Ring 3	MAPPING RING 2022/Summary Pembagian Ring.xlsx	Ring	R9	HISTORICAL_2022_CURRENT_AUTHORITY_UNCONFIRMED
Kota Jambi	JAMBI	JAMBI SELATAN	SSP Handil	Ring 1	MAPPING RING 2022/Summary Pembagian Ring.xlsx	Ring	S9	HISTORICAL_2022_CURRENT_AUTHORITY_UNCONFIRMED
Kota Jambi	JAMBI	JAMBI SELATAN	SSP Paal VI	Ring 2	MAPPING RING 2022/Summary Pembagian Ring.xlsx	Ring	T9	HISTORICAL_2022_CURRENT_AUTHORITY_UNCONFIRMED
Kota Jambi	JAMBI	JAMBI SELATAN	SSP Wahidin	Ring 2	MAPPING RING 2022/Summary Pembagian Ring.xlsx	Ring	U9	HISTORICAL_2022_CURRENT_AUTHORITY_UNCONFIRMED
Kota Jambi	JAMBI	JAMBI SELATAN	TDM Jambi	Other	MAPPING RING 2022/Summary Pembagian Ring.xlsx	Ring	V9	HISTORICAL_2022_CURRENT_AUTHORITY_UNCONFIRMED
Kota Jambi	JAMBI	JAMBI TIMUR	CKIS I	Ring 2	MAPPING RING 2022/Summary Pembagian Ring.xlsx	Ring	C10	HISTORICAL_2022_CURRENT_AUTHORITY_UNCONFIRMED
Kota Jambi	JAMBI	JAMBI TIMUR	CKIS II	Ring 2	MAPPING RING 2022/Summary Pembagian Ring.xlsx	Ring	D10	HISTORICAL_2022_CURRENT_AUTHORITY_UNCONFIRMED
Kota Jambi	JAMBI	JAMBI TIMUR	DAM Jambi	Ring 1	MAPPING RING 2022/Summary Pembagian Ring.xlsx	Ring	E10	HISTORICAL_2022_CURRENT_AUTHORITY_UNCONFIRMED
Kota Jambi	JAMBI	JAMBI TIMUR	HSO Jambi	Ring 2	MAPPING RING 2022/Summary Pembagian Ring.xlsx	Ring	F10	HISTORICAL_2022_CURRENT_AUTHORITY_UNCONFIRMED
Kota Jambi	JAMBI	JAMBI TIMUR	MWP Rimbo	Other	MAPPING RING 2022/Summary Pembagian Ring.xlsx	Ring	G10	HISTORICAL_2022_CURRENT_AUTHORITY_UNCONFIRMED
Kota Jambi	JAMBI	JAMBI TIMUR	NSS Jambi	Lokasi	MAPPING RING 2022/Summary Pembagian Ring.xlsx	Ring	H10	HISTORICAL_2022_CURRENT_AUTHORITY_UNCONFIRMED
Kota Jambi	JAMBI	JAMBI TIMUR	PAS JAMBI	Ring 2	MAPPING RING 2022/Summary Pembagian Ring.xlsx	Ring	I10	HISTORICAL_2022_CURRENT_AUTHORITY_UNCONFIRMED
Kota Jambi	JAMBI	JAMBI TIMUR	POS DAM Chandra	Ring 2	MAPPING RING 2022/Summary Pembagian Ring.xlsx	Ring	J10	HISTORICAL_2022_CURRENT_AUTHORITY_UNCONFIRMED
Kota Jambi	JAMBI	JAMBI TIMUR	POS DAM Mayang	Other	MAPPING RING 2022/Summary Pembagian Ring.xlsx	Ring	K10	HISTORICAL_2022_CURRENT_AUTHORITY_UNCONFIRMED
Kota Jambi	JAMBI	JAMBI TIMUR	POS HSO Liverpool	Ring 3	MAPPING RING 2022/Summary Pembagian Ring.xlsx	Ring	L10	HISTORICAL_2022_CURRENT_AUTHORITY_UNCONFIRMED
Kota Jambi	JAMBI	JAMBI TIMUR	POS SSM Mayang	Other	MAPPING RING 2022/Summary Pembagian Ring.xlsx	Ring	M10	HISTORICAL_2022_CURRENT_AUTHORITY_UNCONFIRMED
Kota Jambi	JAMBI	JAMBI TIMUR	POS TDM Buluran	Other	MAPPING RING 2022/Summary Pembagian Ring.xlsx	Ring	N10	HISTORICAL_2022_CURRENT_AUTHORITY_UNCONFIRMED
Kota Jambi	JAMBI	JAMBI TIMUR	SM Talang Bakung	Ring 2	MAPPING RING 2022/Summary Pembagian Ring.xlsx	Ring	O10	HISTORICAL_2022_CURRENT_AUTHORITY_UNCONFIRMED
Kota Jambi	JAMBI	JAMBI TIMUR	SSM Rawasari	Ring 1	MAPPING RING 2022/Summary Pembagian Ring.xlsx	Ring	P10	HISTORICAL_2022_CURRENT_AUTHORITY_UNCONFIRMED
Kota Jambi	JAMBI	JAMBI TIMUR	SSM The Hok	Ring 1	MAPPING RING 2022/Summary Pembagian Ring.xlsx	Ring	Q10	HISTORICAL_2022_CURRENT_AUTHORITY_UNCONFIRMED
Kota Jambi	JAMBI	JAMBI TIMUR	SSP Abunjani	Ring 3	MAPPING RING 2022/Summary Pembagian Ring.xlsx	Ring	R10	HISTORICAL_2022_CURRENT_AUTHORITY_UNCONFIRMED
Kota Jambi	JAMBI	JAMBI TIMUR	SSP Handil	Ring 2	MAPPING RING 2022/Summary Pembagian Ring.xlsx	Ring	S10	HISTORICAL_2022_CURRENT_AUTHORITY_UNCONFIRMED
Kota Jambi	JAMBI	JAMBI TIMUR	SSP Paal VI	Other	MAPPING RING 2022/Summary Pembagian Ring.xlsx	Ring	T10	HISTORICAL_2022_CURRENT_AUTHORITY_UNCONFIRMED
Kota Jambi	JAMBI	JAMBI TIMUR	SSP Wahidin	Ring 1	MAPPING RING 2022/Summary Pembagian Ring.xlsx	Ring	U10	HISTORICAL_2022_CURRENT_AUTHORITY_UNCONFIRMED
Kota Jambi	JAMBI	JAMBI TIMUR	TDM Jambi	Other	MAPPING RING 2022/Summary Pembagian Ring.xlsx	Ring	V10	HISTORICAL_2022_CURRENT_AUTHORITY_UNCONFIRMED
Kota Jambi	JAMBI	JELUTUNG	CKIS I	Lokasi	MAPPING RING 2022/Summary Pembagian Ring.xlsx	Ring	C11	HISTORICAL_2022_CURRENT_AUTHORITY_UNCONFIRMED
Kota Jambi	JAMBI	JELUTUNG	CKIS II	Lokasi	MAPPING RING 2022/Summary Pembagian Ring.xlsx	Ring	D11	HISTORICAL_2022_CURRENT_AUTHORITY_UNCONFIRMED
Kota Jambi	JAMBI	JELUTUNG	DAM Jambi	Ring 2	MAPPING RING 2022/Summary Pembagian Ring.xlsx	Ring	E11	HISTORICAL_2022_CURRENT_AUTHORITY_UNCONFIRMED
Kota Jambi	JAMBI	JELUTUNG	HSO Jambi	Lokasi	MAPPING RING 2022/Summary Pembagian Ring.xlsx	Ring	F11	HISTORICAL_2022_CURRENT_AUTHORITY_UNCONFIRMED
Kota Jambi	JAMBI	JELUTUNG	MWP Rimbo	Ring 3	MAPPING RING 2022/Summary Pembagian Ring.xlsx	Ring	G11	HISTORICAL_2022_CURRENT_AUTHORITY_UNCONFIRMED
Kota Jambi	JAMBI	JELUTUNG	NSS Jambi	Ring 1	MAPPING RING 2022/Summary Pembagian Ring.xlsx	Ring	H11	HISTORICAL_2022_CURRENT_AUTHORITY_UNCONFIRMED
Kota Jambi	JAMBI	JELUTUNG	PAS JAMBI	Ring 1	MAPPING RING 2022/Summary Pembagian Ring.xlsx	Ring	I11	HISTORICAL_2022_CURRENT_AUTHORITY_UNCONFIRMED
Kota Jambi	JAMBI	JELUTUNG	POS DAM Chandra	Ring 2	MAPPING RING 2022/Summary Pembagian Ring.xlsx	Ring	J11	HISTORICAL_2022_CURRENT_AUTHORITY_UNCONFIRMED
Kota Jambi	JAMBI	JELUTUNG	POS DAM Mayang	Ring 3	MAPPING RING 2022/Summary Pembagian Ring.xlsx	Ring	K11	HISTORICAL_2022_CURRENT_AUTHORITY_UNCONFIRMED
Kota Jambi	JAMBI	JELUTUNG	POS HSO Liverpool	Ring 2	MAPPING RING 2022/Summary Pembagian Ring.xlsx	Ring	L11	HISTORICAL_2022_CURRENT_AUTHORITY_UNCONFIRMED
Kota Jambi	JAMBI	JELUTUNG	POS SSM Mayang	Ring 2	MAPPING RING 2022/Summary Pembagian Ring.xlsx	Ring	M11	HISTORICAL_2022_CURRENT_AUTHORITY_UNCONFIRMED
Kota Jambi	JAMBI	JELUTUNG	POS TDM Buluran	Ring 3	MAPPING RING 2022/Summary Pembagian Ring.xlsx	Ring	N11	HISTORICAL_2022_CURRENT_AUTHORITY_UNCONFIRMED
Kota Jambi	JAMBI	JELUTUNG	SM Talang Bakung	Ring 2	MAPPING RING 2022/Summary Pembagian Ring.xlsx	Ring	O11	HISTORICAL_2022_CURRENT_AUTHORITY_UNCONFIRMED
Kota Jambi	JAMBI	JELUTUNG	SSM Rawasari	Ring 1	MAPPING RING 2022/Summary Pembagian Ring.xlsx	Ring	P11	HISTORICAL_2022_CURRENT_AUTHORITY_UNCONFIRMED
Kota Jambi	JAMBI	JELUTUNG	SSM The Hok	Ring 1	MAPPING RING 2022/Summary Pembagian Ring.xlsx	Ring	Q11	HISTORICAL_2022_CURRENT_AUTHORITY_UNCONFIRMED
Kota Jambi	JAMBI	JELUTUNG	SSP Abunjani	Ring 1	MAPPING RING 2022/Summary Pembagian Ring.xlsx	Ring	R11	HISTORICAL_2022_CURRENT_AUTHORITY_UNCONFIRMED
Kota Jambi	JAMBI	JELUTUNG	SSP Handil	Lokasi	MAPPING RING 2022/Summary Pembagian Ring.xlsx	Ring	S11	HISTORICAL_2022_CURRENT_AUTHORITY_UNCONFIRMED
Kota Jambi	JAMBI	JELUTUNG	SSP Paal VI	Ring 1	MAPPING RING 2022/Summary Pembagian Ring.xlsx	Ring	T11	HISTORICAL_2022_CURRENT_AUTHORITY_UNCONFIRMED
Kota Jambi	JAMBI	JELUTUNG	SSP Wahidin	Ring 1	MAPPING RING 2022/Summary Pembagian Ring.xlsx	Ring	U11	HISTORICAL_2022_CURRENT_AUTHORITY_UNCONFIRMED
Kota Jambi	JAMBI	JELUTUNG	TDM Jambi	Ring 3	MAPPING RING 2022/Summary Pembagian Ring.xlsx	Ring	V11	HISTORICAL_2022_CURRENT_AUTHORITY_UNCONFIRMED
Kota Jambi	JAMBI	KOTA BARU	CKIS I	Ring 2	MAPPING RING 2022/Summary Pembagian Ring.xlsx	Ring	C12	HISTORICAL_2022_CURRENT_AUTHORITY_UNCONFIRMED
Kota Jambi	JAMBI	KOTA BARU	CKIS II	Ring 2	MAPPING RING 2022/Summary Pembagian Ring.xlsx	Ring	D12	HISTORICAL_2022_CURRENT_AUTHORITY_UNCONFIRMED
Kota Jambi	JAMBI	KOTA BARU	DAM Jambi	Other	MAPPING RING 2022/Summary Pembagian Ring.xlsx	Ring	E12	HISTORICAL_2022_CURRENT_AUTHORITY_UNCONFIRMED
Kota Jambi	JAMBI	KOTA BARU	HSO Jambi	Ring 2	MAPPING RING 2022/Summary Pembagian Ring.xlsx	Ring	F12	HISTORICAL_2022_CURRENT_AUTHORITY_UNCONFIRMED
Kota Jambi	JAMBI	KOTA BARU	MWP Rimbo	Ring 3	MAPPING RING 2022/Summary Pembagian Ring.xlsx	Ring	G12	HISTORICAL_2022_CURRENT_AUTHORITY_UNCONFIRMED
Kota Jambi	JAMBI	KOTA BARU	NSS Jambi	Ring 3	MAPPING RING 2022/Summary Pembagian Ring.xlsx	Ring	H12	HISTORICAL_2022_CURRENT_AUTHORITY_UNCONFIRMED
Kota Jambi	JAMBI	KOTA BARU	PAS JAMBI	Ring 1	MAPPING RING 2022/Summary Pembagian Ring.xlsx	Ring	I12	HISTORICAL_2022_CURRENT_AUTHORITY_UNCONFIRMED
Kota Jambi	JAMBI	KOTA BARU	POS DAM Chandra	Ring 2	MAPPING RING 2022/Summary Pembagian Ring.xlsx	Ring	J12	HISTORICAL_2022_CURRENT_AUTHORITY_UNCONFIRMED
Kota Jambi	JAMBI	KOTA BARU	POS DAM Mayang	Ring 1	MAPPING RING 2022/Summary Pembagian Ring.xlsx	Ring	K12	HISTORICAL_2022_CURRENT_AUTHORITY_UNCONFIRMED
Kota Jambi	JAMBI	KOTA BARU	POS HSO Liverpool	Ring 2	MAPPING RING 2022/Summary Pembagian Ring.xlsx	Ring	L12	HISTORICAL_2022_CURRENT_AUTHORITY_UNCONFIRMED
Kota Jambi	JAMBI	KOTA BARU	POS SSM Mayang	Ring 1	MAPPING RING 2022/Summary Pembagian Ring.xlsx	Ring	M12	HISTORICAL_2022_CURRENT_AUTHORITY_UNCONFIRMED
Kota Jambi	JAMBI	KOTA BARU	POS TDM Buluran	Other	MAPPING RING 2022/Summary Pembagian Ring.xlsx	Ring	N12	HISTORICAL_2022_CURRENT_AUTHORITY_UNCONFIRMED
Kota Jambi	JAMBI	KOTA BARU	SM Talang Bakung	Ring 3	MAPPING RING 2022/Summary Pembagian Ring.xlsx	Ring	O12	HISTORICAL_2022_CURRENT_AUTHORITY_UNCONFIRMED
Kota Jambi	JAMBI	KOTA BARU	SSM Rawasari	Ring 3	MAPPING RING 2022/Summary Pembagian Ring.xlsx	Ring	P12	HISTORICAL_2022_CURRENT_AUTHORITY_UNCONFIRMED
Kota Jambi	JAMBI	KOTA BARU	SSM The Hok	Ring 2	MAPPING RING 2022/Summary Pembagian Ring.xlsx	Ring	Q12	HISTORICAL_2022_CURRENT_AUTHORITY_UNCONFIRMED
Kota Jambi	JAMBI	KOTA BARU	SSP Abunjani	Ring 1	MAPPING RING 2022/Summary Pembagian Ring.xlsx	Ring	R12	HISTORICAL_2022_CURRENT_AUTHORITY_UNCONFIRMED
Kota Jambi	JAMBI	KOTA BARU	SSP Handil	Ring 2	MAPPING RING 2022/Summary Pembagian Ring.xlsx	Ring	S12	HISTORICAL_2022_CURRENT_AUTHORITY_UNCONFIRMED
Kota Jambi	JAMBI	KOTA BARU	SSP Paal VI	Lokasi	MAPPING RING 2022/Summary Pembagian Ring.xlsx	Ring	T12	HISTORICAL_2022_CURRENT_AUTHORITY_UNCONFIRMED
Kota Jambi	JAMBI	KOTA BARU	SSP Wahidin	Ring 3	MAPPING RING 2022/Summary Pembagian Ring.xlsx	Ring	U12	HISTORICAL_2022_CURRENT_AUTHORITY_UNCONFIRMED
Kota Jambi	JAMBI	KOTA BARU	TDM Jambi	Ring 2	MAPPING RING 2022/Summary Pembagian Ring.xlsx	Ring	V12	HISTORICAL_2022_CURRENT_AUTHORITY_UNCONFIRMED
Kota Jambi	JAMBI	PAAL MERAH	CKIS I	Ring 3	MAPPING RING 2022/Summary Pembagian Ring.xlsx	Ring	C13	HISTORICAL_2022_CURRENT_AUTHORITY_UNCONFIRMED
Kota Jambi	JAMBI	PAAL MERAH	CKIS II	Ring 3	MAPPING RING 2022/Summary Pembagian Ring.xlsx	Ring	D13	HISTORICAL_2022_CURRENT_AUTHORITY_UNCONFIRMED
Kota Jambi	JAMBI	PAAL MERAH	DAM Jambi	Lokasi	MAPPING RING 2022/Summary Pembagian Ring.xlsx	Ring	E13	HISTORICAL_2022_CURRENT_AUTHORITY_UNCONFIRMED
Kota Jambi	JAMBI	PAAL MERAH	HSO Jambi	Other	MAPPING RING 2022/Summary Pembagian Ring.xlsx	Ring	F13	HISTORICAL_2022_CURRENT_AUTHORITY_UNCONFIRMED
Kota Jambi	JAMBI	PAAL MERAH	MWP Rimbo	Other	MAPPING RING 2022/Summary Pembagian Ring.xlsx	Ring	G13	HISTORICAL_2022_CURRENT_AUTHORITY_UNCONFIRMED
Kota Jambi	JAMBI	PAAL MERAH	NSS Jambi	Ring 3	MAPPING RING 2022/Summary Pembagian Ring.xlsx	Ring	H13	HISTORICAL_2022_CURRENT_AUTHORITY_UNCONFIRMED
Kota Jambi	JAMBI	PAAL MERAH	PAS JAMBI	Ring 1	MAPPING RING 2022/Summary Pembagian Ring.xlsx	Ring	I13	HISTORICAL_2022_CURRENT_AUTHORITY_UNCONFIRMED
Kota Jambi	JAMBI	PAAL MERAH	POS DAM Chandra	Ring 1	MAPPING RING 2022/Summary Pembagian Ring.xlsx	Ring	J13	HISTORICAL_2022_CURRENT_AUTHORITY_UNCONFIRMED
Kota Jambi	JAMBI	PAAL MERAH	POS DAM Mayang	Other	MAPPING RING 2022/Summary Pembagian Ring.xlsx	Ring	K13	HISTORICAL_2022_CURRENT_AUTHORITY_UNCONFIRMED
Kota Jambi	JAMBI	PAAL MERAH	POS HSO Liverpool	Lokasi	MAPPING RING 2022/Summary Pembagian Ring.xlsx	Ring	L13	HISTORICAL_2022_CURRENT_AUTHORITY_UNCONFIRMED
Kota Jambi	JAMBI	PAAL MERAH	POS SSM Mayang	Other	MAPPING RING 2022/Summary Pembagian Ring.xlsx	Ring	M13	HISTORICAL_2022_CURRENT_AUTHORITY_UNCONFIRMED
Kota Jambi	JAMBI	PAAL MERAH	POS TDM Buluran	Other	MAPPING RING 2022/Summary Pembagian Ring.xlsx	Ring	N13	HISTORICAL_2022_CURRENT_AUTHORITY_UNCONFIRMED
Kota Jambi	JAMBI	PAAL MERAH	SM Talang Bakung	Lokasi	MAPPING RING 2022/Summary Pembagian Ring.xlsx	Ring	O13	HISTORICAL_2022_CURRENT_AUTHORITY_UNCONFIRMED
Kota Jambi	JAMBI	PAAL MERAH	SSM Rawasari	Ring 3	MAPPING RING 2022/Summary Pembagian Ring.xlsx	Ring	P13	HISTORICAL_2022_CURRENT_AUTHORITY_UNCONFIRMED
Kota Jambi	JAMBI	PAAL MERAH	SSM The Hok	Ring 2	MAPPING RING 2022/Summary Pembagian Ring.xlsx	Ring	Q13	HISTORICAL_2022_CURRENT_AUTHORITY_UNCONFIRMED
Kota Jambi	JAMBI	PAAL MERAH	SSP Abunjani	Other	MAPPING RING 2022/Summary Pembagian Ring.xlsx	Ring	R13	HISTORICAL_2022_CURRENT_AUTHORITY_UNCONFIRMED
Kota Jambi	JAMBI	PAAL MERAH	SSP Handil	Ring 2	MAPPING RING 2022/Summary Pembagian Ring.xlsx	Ring	S13	HISTORICAL_2022_CURRENT_AUTHORITY_UNCONFIRMED
Kota Jambi	JAMBI	PAAL MERAH	SSP Paal VI	Ring 3	MAPPING RING 2022/Summary Pembagian Ring.xlsx	Ring	T13	HISTORICAL_2022_CURRENT_AUTHORITY_UNCONFIRMED
Kota Jambi	JAMBI	PAAL MERAH	SSP Wahidin	Other	MAPPING RING 2022/Summary Pembagian Ring.xlsx	Ring	U13	HISTORICAL_2022_CURRENT_AUTHORITY_UNCONFIRMED
Kota Jambi	JAMBI	PAAL MERAH	TDM Jambi	Other	MAPPING RING 2022/Summary Pembagian Ring.xlsx	Ring	V13	HISTORICAL_2022_CURRENT_AUTHORITY_UNCONFIRMED
Kota Jambi	JAMBI	PASAR JAMBI	CKIS I	Ring 1	MAPPING RING 2022/Summary Pembagian Ring.xlsx	Ring	C14	HISTORICAL_2022_CURRENT_AUTHORITY_UNCONFIRMED
Kota Jambi	JAMBI	PASAR JAMBI	CKIS II	Ring 1	MAPPING RING 2022/Summary Pembagian Ring.xlsx	Ring	D14	HISTORICAL_2022_CURRENT_AUTHORITY_UNCONFIRMED
Kota Jambi	JAMBI	PASAR JAMBI	DAM Jambi	Ring 2	MAPPING RING 2022/Summary Pembagian Ring.xlsx	Ring	E14	HISTORICAL_2022_CURRENT_AUTHORITY_UNCONFIRMED
Kota Jambi	JAMBI	PASAR JAMBI	HSO Jambi	Ring 1	MAPPING RING 2022/Summary Pembagian Ring.xlsx	Ring	F14	HISTORICAL_2022_CURRENT_AUTHORITY_UNCONFIRMED
Kota Jambi	JAMBI	PASAR JAMBI	MWP Rimbo	Other	MAPPING RING 2022/Summary Pembagian Ring.xlsx	Ring	G14	HISTORICAL_2022_CURRENT_AUTHORITY_UNCONFIRMED
Kota Jambi	JAMBI	PASAR JAMBI	NSS Jambi	Ring 1	MAPPING RING 2022/Summary Pembagian Ring.xlsx	Ring	H14	HISTORICAL_2022_CURRENT_AUTHORITY_UNCONFIRMED
Kota Jambi	JAMBI	PASAR JAMBI	PAS JAMBI	Ring 2	MAPPING RING 2022/Summary Pembagian Ring.xlsx	Ring	I14	HISTORICAL_2022_CURRENT_AUTHORITY_UNCONFIRMED
Kota Jambi	JAMBI	PASAR JAMBI	POS DAM Chandra	Ring 2	MAPPING RING 2022/Summary Pembagian Ring.xlsx	Ring	J14	HISTORICAL_2022_CURRENT_AUTHORITY_UNCONFIRMED
Kota Jambi	JAMBI	PASAR JAMBI	POS DAM Mayang	Other	MAPPING RING 2022/Summary Pembagian Ring.xlsx	Ring	K14	HISTORICAL_2022_CURRENT_AUTHORITY_UNCONFIRMED
Kota Jambi	JAMBI	PASAR JAMBI	POS HSO Liverpool	Other	MAPPING RING 2022/Summary Pembagian Ring.xlsx	Ring	L14	HISTORICAL_2022_CURRENT_AUTHORITY_UNCONFIRMED
Kota Jambi	JAMBI	PASAR JAMBI	POS SSM Mayang	Ring 2	MAPPING RING 2022/Summary Pembagian Ring.xlsx	Ring	M14	HISTORICAL_2022_CURRENT_AUTHORITY_UNCONFIRMED
Kota Jambi	JAMBI	PASAR JAMBI	POS TDM Buluran	Ring 3	MAPPING RING 2022/Summary Pembagian Ring.xlsx	Ring	N14	HISTORICAL_2022_CURRENT_AUTHORITY_UNCONFIRMED
Kota Jambi	JAMBI	PASAR JAMBI	SM Talang Bakung	Ring 3	MAPPING RING 2022/Summary Pembagian Ring.xlsx	Ring	O14	HISTORICAL_2022_CURRENT_AUTHORITY_UNCONFIRMED
Kota Jambi	JAMBI	PASAR JAMBI	SSM Rawasari	Lokasi	MAPPING RING 2022/Summary Pembagian Ring.xlsx	Ring	P14	HISTORICAL_2022_CURRENT_AUTHORITY_UNCONFIRMED
Kota Jambi	JAMBI	PASAR JAMBI	SSM The Hok	Ring 1	MAPPING RING 2022/Summary Pembagian Ring.xlsx	Ring	Q14	HISTORICAL_2022_CURRENT_AUTHORITY_UNCONFIRMED
Kota Jambi	JAMBI	PASAR JAMBI	SSP Abunjani	Ring 1	MAPPING RING 2022/Summary Pembagian Ring.xlsx	Ring	R14	HISTORICAL_2022_CURRENT_AUTHORITY_UNCONFIRMED
Kota Jambi	JAMBI	PASAR JAMBI	SSP Handil	Ring 1	MAPPING RING 2022/Summary Pembagian Ring.xlsx	Ring	S14	HISTORICAL_2022_CURRENT_AUTHORITY_UNCONFIRMED
Kota Jambi	JAMBI	PASAR JAMBI	SSP Paal VI	Ring 3	MAPPING RING 2022/Summary Pembagian Ring.xlsx	Ring	T14	HISTORICAL_2022_CURRENT_AUTHORITY_UNCONFIRMED
Kota Jambi	JAMBI	PASAR JAMBI	SSP Wahidin	Lokasi	MAPPING RING 2022/Summary Pembagian Ring.xlsx	Ring	U14	HISTORICAL_2022_CURRENT_AUTHORITY_UNCONFIRMED
Kota Jambi	JAMBI	PASAR JAMBI	TDM Jambi	Ring 3	MAPPING RING 2022/Summary Pembagian Ring.xlsx	Ring	V14	HISTORICAL_2022_CURRENT_AUTHORITY_UNCONFIRMED
Kota Jambi	JAMBI	PELAYANGAN	CKIS I	Ring 2	MAPPING RING 2022/Summary Pembagian Ring.xlsx	Ring	C15	HISTORICAL_2022_CURRENT_AUTHORITY_UNCONFIRMED
Kota Jambi	JAMBI	PELAYANGAN	CKIS II	Ring 2	MAPPING RING 2022/Summary Pembagian Ring.xlsx	Ring	D15	HISTORICAL_2022_CURRENT_AUTHORITY_UNCONFIRMED
Kota Jambi	JAMBI	PELAYANGAN	DAM Jambi	Ring 3	MAPPING RING 2022/Summary Pembagian Ring.xlsx	Ring	E15	HISTORICAL_2022_CURRENT_AUTHORITY_UNCONFIRMED
Kota Jambi	JAMBI	PELAYANGAN	HSO Jambi	Ring 2	MAPPING RING 2022/Summary Pembagian Ring.xlsx	Ring	F15	HISTORICAL_2022_CURRENT_AUTHORITY_UNCONFIRMED
Kota Jambi	JAMBI	PELAYANGAN	MWP Rimbo	Other	MAPPING RING 2022/Summary Pembagian Ring.xlsx	Ring	G15	HISTORICAL_2022_CURRENT_AUTHORITY_UNCONFIRMED
Kota Jambi	JAMBI	PELAYANGAN	NSS Jambi	Ring 2	MAPPING RING 2022/Summary Pembagian Ring.xlsx	Ring	H15	HISTORICAL_2022_CURRENT_AUTHORITY_UNCONFIRMED
Kota Jambi	JAMBI	PELAYANGAN	PAS JAMBI	Other	MAPPING RING 2022/Summary Pembagian Ring.xlsx	Ring	I15	HISTORICAL_2022_CURRENT_AUTHORITY_UNCONFIRMED
Kota Jambi	JAMBI	PELAYANGAN	POS DAM Chandra	Other	MAPPING RING 2022/Summary Pembagian Ring.xlsx	Ring	J15	HISTORICAL_2022_CURRENT_AUTHORITY_UNCONFIRMED
Kota Jambi	JAMBI	PELAYANGAN	POS DAM Mayang	Other	MAPPING RING 2022/Summary Pembagian Ring.xlsx	Ring	K15	HISTORICAL_2022_CURRENT_AUTHORITY_UNCONFIRMED
Kota Jambi	JAMBI	PELAYANGAN	POS HSO Liverpool	Other	MAPPING RING 2022/Summary Pembagian Ring.xlsx	Ring	L15	HISTORICAL_2022_CURRENT_AUTHORITY_UNCONFIRMED
Kota Jambi	JAMBI	PELAYANGAN	POS SSM Mayang	Other	MAPPING RING 2022/Summary Pembagian Ring.xlsx	Ring	M15	HISTORICAL_2022_CURRENT_AUTHORITY_UNCONFIRMED
Kota Jambi	JAMBI	PELAYANGAN	POS TDM Buluran	Ring 3	MAPPING RING 2022/Summary Pembagian Ring.xlsx	Ring	N15	HISTORICAL_2022_CURRENT_AUTHORITY_UNCONFIRMED
Kota Jambi	JAMBI	PELAYANGAN	SM Talang Bakung	Other	MAPPING RING 2022/Summary Pembagian Ring.xlsx	Ring	O15	HISTORICAL_2022_CURRENT_AUTHORITY_UNCONFIRMED
Kota Jambi	JAMBI	PELAYANGAN	SSM Rawasari	Ring 1	MAPPING RING 2022/Summary Pembagian Ring.xlsx	Ring	P15	HISTORICAL_2022_CURRENT_AUTHORITY_UNCONFIRMED
Kota Jambi	JAMBI	PELAYANGAN	SSM The Hok	Ring 3	MAPPING RING 2022/Summary Pembagian Ring.xlsx	Ring	Q15	HISTORICAL_2022_CURRENT_AUTHORITY_UNCONFIRMED
Kota Jambi	JAMBI	PELAYANGAN	SSP Abunjani	Ring 3	MAPPING RING 2022/Summary Pembagian Ring.xlsx	Ring	R15	HISTORICAL_2022_CURRENT_AUTHORITY_UNCONFIRMED
Kota Jambi	JAMBI	PELAYANGAN	SSP Handil	Ring 3	MAPPING RING 2022/Summary Pembagian Ring.xlsx	Ring	S15	HISTORICAL_2022_CURRENT_AUTHORITY_UNCONFIRMED
Kota Jambi	JAMBI	PELAYANGAN	SSP Paal VI	Other	MAPPING RING 2022/Summary Pembagian Ring.xlsx	Ring	T15	HISTORICAL_2022_CURRENT_AUTHORITY_UNCONFIRMED
Kota Jambi	JAMBI	PELAYANGAN	SSP Wahidin	Ring 1	MAPPING RING 2022/Summary Pembagian Ring.xlsx	Ring	U15	HISTORICAL_2022_CURRENT_AUTHORITY_UNCONFIRMED
Kota Jambi	JAMBI	PELAYANGAN	TDM Jambi	Other	MAPPING RING 2022/Summary Pembagian Ring.xlsx	Ring	V15	HISTORICAL_2022_CURRENT_AUTHORITY_UNCONFIRMED
Kota Jambi	JAMBI	TELANAIPURA	CKIS I	Ring 2	MAPPING RING 2022/Summary Pembagian Ring.xlsx	Ring	C16	HISTORICAL_2022_CURRENT_AUTHORITY_UNCONFIRMED
Kota Jambi	JAMBI	TELANAIPURA	CKIS II	Ring 1	MAPPING RING 2022/Summary Pembagian Ring.xlsx	Ring	D16	HISTORICAL_2022_CURRENT_AUTHORITY_UNCONFIRMED
Kota Jambi	JAMBI	TELANAIPURA	DAM Jambi	Other	MAPPING RING 2022/Summary Pembagian Ring.xlsx	Ring	E16	HISTORICAL_2022_CURRENT_AUTHORITY_UNCONFIRMED
Kota Jambi	JAMBI	TELANAIPURA	HSO Jambi	Ring 1	MAPPING RING 2022/Summary Pembagian Ring.xlsx	Ring	F16	HISTORICAL_2022_CURRENT_AUTHORITY_UNCONFIRMED
Kota Jambi	JAMBI	TELANAIPURA	MWP Rimbo	Ring 1	MAPPING RING 2022/Summary Pembagian Ring.xlsx	Ring	G16	HISTORICAL_2022_CURRENT_AUTHORITY_UNCONFIRMED
Kota Jambi	JAMBI	TELANAIPURA	NSS Jambi	Ring 3	MAPPING RING 2022/Summary Pembagian Ring.xlsx	Ring	H16	HISTORICAL_2022_CURRENT_AUTHORITY_UNCONFIRMED
Kota Jambi	JAMBI	TELANAIPURA	PAS JAMBI	Ring 3	MAPPING RING 2022/Summary Pembagian Ring.xlsx	Ring	I16	HISTORICAL_2022_CURRENT_AUTHORITY_UNCONFIRMED
Kota Jambi	JAMBI	TELANAIPURA	POS DAM Chandra	Other	MAPPING RING 2022/Summary Pembagian Ring.xlsx	Ring	J16	HISTORICAL_2022_CURRENT_AUTHORITY_UNCONFIRMED
Kota Jambi	JAMBI	TELANAIPURA	POS DAM Mayang	Ring 2	MAPPING RING 2022/Summary Pembagian Ring.xlsx	Ring	K16	HISTORICAL_2022_CURRENT_AUTHORITY_UNCONFIRMED
Kota Jambi	JAMBI	TELANAIPURA	POS HSO Liverpool	Other	MAPPING RING 2022/Summary Pembagian Ring.xlsx	Ring	L16	HISTORICAL_2022_CURRENT_AUTHORITY_UNCONFIRMED
Kota Jambi	JAMBI	TELANAIPURA	POS SSM Mayang	Ring 1	MAPPING RING 2022/Summary Pembagian Ring.xlsx	Ring	M16	HISTORICAL_2022_CURRENT_AUTHORITY_UNCONFIRMED
Kota Jambi	JAMBI	TELANAIPURA	POS TDM Buluran	Ring 1	MAPPING RING 2022/Summary Pembagian Ring.xlsx	Ring	N16	HISTORICAL_2022_CURRENT_AUTHORITY_UNCONFIRMED
Kota Jambi	JAMBI	TELANAIPURA	SM Talang Bakung	Other	MAPPING RING 2022/Summary Pembagian Ring.xlsx	Ring	O16	HISTORICAL_2022_CURRENT_AUTHORITY_UNCONFIRMED
Kota Jambi	JAMBI	TELANAIPURA	SSM Rawasari	Ring 2	MAPPING RING 2022/Summary Pembagian Ring.xlsx	Ring	P16	HISTORICAL_2022_CURRENT_AUTHORITY_UNCONFIRMED
Kota Jambi	JAMBI	TELANAIPURA	SSM The Hok	Ring 3	MAPPING RING 2022/Summary Pembagian Ring.xlsx	Ring	Q16	HISTORICAL_2022_CURRENT_AUTHORITY_UNCONFIRMED
Kota Jambi	JAMBI	TELANAIPURA	SSP Abunjani	Lokasi	MAPPING RING 2022/Summary Pembagian Ring.xlsx	Ring	R16	HISTORICAL_2022_CURRENT_AUTHORITY_UNCONFIRMED
Kota Jambi	JAMBI	TELANAIPURA	SSP Handil	Ring 2	MAPPING RING 2022/Summary Pembagian Ring.xlsx	Ring	S16	HISTORICAL_2022_CURRENT_AUTHORITY_UNCONFIRMED
Kota Jambi	JAMBI	TELANAIPURA	SSP Paal VI	Ring 2	MAPPING RING 2022/Summary Pembagian Ring.xlsx	Ring	T16	HISTORICAL_2022_CURRENT_AUTHORITY_UNCONFIRMED
Kota Jambi	JAMBI	TELANAIPURA	SSP Wahidin	Ring 2	MAPPING RING 2022/Summary Pembagian Ring.xlsx	Ring	U16	HISTORICAL_2022_CURRENT_AUTHORITY_UNCONFIRMED
Kota Jambi	JAMBI	TELANAIPURA	TDM Jambi	Ring 1	MAPPING RING 2022/Summary Pembagian Ring.xlsx	Ring	V16	HISTORICAL_2022_CURRENT_AUTHORITY_UNCONFIRMED
Batanghari	BATANGHARI	BAJUBANG	SSP Bulian	Ring 1	MAPPING RING 2022/Summary Pembagian Ring.xlsx	Ring	C22	HISTORICAL_2022_CURRENT_AUTHORITY_UNCONFIRMED
Batanghari	BATANGHARI	BAJUBANG	TJS	Ring 2	MAPPING RING 2022/Summary Pembagian Ring.xlsx	Ring	D22	HISTORICAL_2022_CURRENT_AUTHORITY_UNCONFIRMED
Batanghari	BATANGHARI	BAJUBANG	TJS Rengas	Other	MAPPING RING 2022/Summary Pembagian Ring.xlsx	Ring	E22	HISTORICAL_2022_CURRENT_AUTHORITY_UNCONFIRMED
Batanghari	BATANGHARI	BAJUBANG	POS TDM JeMas	Ring 2	MAPPING RING 2022/Summary Pembagian Ring.xlsx	Ring	F22	HISTORICAL_2022_CURRENT_AUTHORITY_UNCONFIRMED
Batanghari	BATANGHARI	BAJUBANG	Argo Motor	Ring 1	MAPPING RING 2022/Summary Pembagian Ring.xlsx	Ring	G22	HISTORICAL_2022_CURRENT_AUTHORITY_UNCONFIRMED
Batanghari	BATANGHARI	BATIN XXIV	SSP Bulian	Ring 3	MAPPING RING 2022/Summary Pembagian Ring.xlsx	Ring	C23	HISTORICAL_2022_CURRENT_AUTHORITY_UNCONFIRMED
Batanghari	BATANGHARI	BATIN XXIV	TJS	Ring 2	MAPPING RING 2022/Summary Pembagian Ring.xlsx	Ring	D23	HISTORICAL_2022_CURRENT_AUTHORITY_UNCONFIRMED
Batanghari	BATANGHARI	BATIN XXIV	TJS Rengas	Ring 2	MAPPING RING 2022/Summary Pembagian Ring.xlsx	Ring	E23	HISTORICAL_2022_CURRENT_AUTHORITY_UNCONFIRMED
Batanghari	BATANGHARI	BATIN XXIV	POS TDM JeMas	Other	MAPPING RING 2022/Summary Pembagian Ring.xlsx	Ring	F23	HISTORICAL_2022_CURRENT_AUTHORITY_UNCONFIRMED
Batanghari	BATANGHARI	BATIN XXIV	Argo Motor	Ring 2	MAPPING RING 2022/Summary Pembagian Ring.xlsx	Ring	G23	HISTORICAL_2022_CURRENT_AUTHORITY_UNCONFIRMED
Batanghari	BATANGHARI	MARO SEBO ILIR	SSP Bulian	Ring 1	MAPPING RING 2022/Summary Pembagian Ring.xlsx	Ring	C24	HISTORICAL_2022_CURRENT_AUTHORITY_UNCONFIRMED
Batanghari	BATANGHARI	MARO SEBO ILIR	TJS	Ring 1	MAPPING RING 2022/Summary Pembagian Ring.xlsx	Ring	D24	HISTORICAL_2022_CURRENT_AUTHORITY_UNCONFIRMED
Batanghari	BATANGHARI	MARO SEBO ILIR	TJS Rengas	Ring 3	MAPPING RING 2022/Summary Pembagian Ring.xlsx	Ring	E24	HISTORICAL_2022_CURRENT_AUTHORITY_UNCONFIRMED
Batanghari	BATANGHARI	MARO SEBO ILIR	POS TDM JeMas	Ring 2	MAPPING RING 2022/Summary Pembagian Ring.xlsx	Ring	F24	HISTORICAL_2022_CURRENT_AUTHORITY_UNCONFIRMED
Batanghari	BATANGHARI	MARO SEBO ILIR	Argo Motor	Ring 1	MAPPING RING 2022/Summary Pembagian Ring.xlsx	Ring	G24	HISTORICAL_2022_CURRENT_AUTHORITY_UNCONFIRMED
Batanghari	BATANGHARI	MARO SEBO ULU	SSP Bulian	Other	MAPPING RING 2022/Summary Pembagian Ring.xlsx	Ring	C25	HISTORICAL_2022_CURRENT_AUTHORITY_UNCONFIRMED
Batanghari	BATANGHARI	MARO SEBO ULU	TJS	Ring 3	MAPPING RING 2022/Summary Pembagian Ring.xlsx	Ring	D25	HISTORICAL_2022_CURRENT_AUTHORITY_UNCONFIRMED
Batanghari	BATANGHARI	MARO SEBO ULU	TJS Rengas	Ring 1	MAPPING RING 2022/Summary Pembagian Ring.xlsx	Ring	E25	HISTORICAL_2022_CURRENT_AUTHORITY_UNCONFIRMED
Batanghari	BATANGHARI	MARO SEBO ULU	POS TDM JeMas	Other	MAPPING RING 2022/Summary Pembagian Ring.xlsx	Ring	F25	HISTORICAL_2022_CURRENT_AUTHORITY_UNCONFIRMED
Batanghari	BATANGHARI	MARO SEBO ULU	Argo Motor	Other	MAPPING RING 2022/Summary Pembagian Ring.xlsx	Ring	G25	HISTORICAL_2022_CURRENT_AUTHORITY_UNCONFIRMED
Batanghari	BATANGHARI	MERSAM	SSP Bulian	Ring 3	MAPPING RING 2022/Summary Pembagian Ring.xlsx	Ring	C26	HISTORICAL_2022_CURRENT_AUTHORITY_UNCONFIRMED
Batanghari	BATANGHARI	MERSAM	TJS	Ring 2	MAPPING RING 2022/Summary Pembagian Ring.xlsx	Ring	D26	HISTORICAL_2022_CURRENT_AUTHORITY_UNCONFIRMED
Batanghari	BATANGHARI	MERSAM	TJS Rengas	Lokasi	MAPPING RING 2022/Summary Pembagian Ring.xlsx	Ring	E26	HISTORICAL_2022_CURRENT_AUTHORITY_UNCONFIRMED
Batanghari	BATANGHARI	MERSAM	POS TDM JeMas	Other	MAPPING RING 2022/Summary Pembagian Ring.xlsx	Ring	F26	HISTORICAL_2022_CURRENT_AUTHORITY_UNCONFIRMED
Batanghari	BATANGHARI	MERSAM	Argo Motor	Ring 3	MAPPING RING 2022/Summary Pembagian Ring.xlsx	Ring	G26	HISTORICAL_2022_CURRENT_AUTHORITY_UNCONFIRMED
Batanghari	BATANGHARI	MUARA BULIAN	SSP Bulian	Lokasi	MAPPING RING 2022/Summary Pembagian Ring.xlsx	Ring	C27	HISTORICAL_2022_CURRENT_AUTHORITY_UNCONFIRMED
Batanghari	BATANGHARI	MUARA BULIAN	TJS	Ring 1	MAPPING RING 2022/Summary Pembagian Ring.xlsx	Ring	D27	HISTORICAL_2022_CURRENT_AUTHORITY_UNCONFIRMED
Batanghari	BATANGHARI	MUARA BULIAN	TJS Rengas	Ring 3	MAPPING RING 2022/Summary Pembagian Ring.xlsx	Ring	E27	HISTORICAL_2022_CURRENT_AUTHORITY_UNCONFIRMED
Batanghari	BATANGHARI	MUARA BULIAN	POS TDM JeMas	Ring 1	MAPPING RING 2022/Summary Pembagian Ring.xlsx	Ring	F27	HISTORICAL_2022_CURRENT_AUTHORITY_UNCONFIRMED
Batanghari	BATANGHARI	MUARA BULIAN	Argo Motor	Lokasi	MAPPING RING 2022/Summary Pembagian Ring.xlsx	Ring	G27	HISTORICAL_2022_CURRENT_AUTHORITY_UNCONFIRMED
Batanghari	BATANGHARI	MUARA TEMBESI	SSP Bulian	Ring 2	MAPPING RING 2022/Summary Pembagian Ring.xlsx	Ring	C28	HISTORICAL_2022_CURRENT_AUTHORITY_UNCONFIRMED
Batanghari	BATANGHARI	MUARA TEMBESI	TJS	Lokasi	MAPPING RING 2022/Summary Pembagian Ring.xlsx	Ring	D28	HISTORICAL_2022_CURRENT_AUTHORITY_UNCONFIRMED
Batanghari	BATANGHARI	MUARA TEMBESI	TJS Rengas	Ring 2	MAPPING RING 2022/Summary Pembagian Ring.xlsx	Ring	E28	HISTORICAL_2022_CURRENT_AUTHORITY_UNCONFIRMED
Batanghari	BATANGHARI	MUARA TEMBESI	POS TDM JeMas	Ring 3	MAPPING RING 2022/Summary Pembagian Ring.xlsx	Ring	F28	HISTORICAL_2022_CURRENT_AUTHORITY_UNCONFIRMED
Batanghari	BATANGHARI	MUARA TEMBESI	Argo Motor	Ring 1	MAPPING RING 2022/Summary Pembagian Ring.xlsx	Ring	G28	HISTORICAL_2022_CURRENT_AUTHORITY_UNCONFIRMED
Batanghari	BATANGHARI	PEMAYUNG	SSP Bulian	Ring 1	MAPPING RING 2022/Summary Pembagian Ring.xlsx	Ring	C29	HISTORICAL_2022_CURRENT_AUTHORITY_UNCONFIRMED
Batanghari	BATANGHARI	PEMAYUNG	TJS	Ring 2	MAPPING RING 2022/Summary Pembagian Ring.xlsx	Ring	D29	HISTORICAL_2022_CURRENT_AUTHORITY_UNCONFIRMED
Batanghari	BATANGHARI	PEMAYUNG	TJS Rengas	Ring 3	MAPPING RING 2022/Summary Pembagian Ring.xlsx	Ring	E29	HISTORICAL_2022_CURRENT_AUTHORITY_UNCONFIRMED
Batanghari	BATANGHARI	PEMAYUNG	POS TDM JeMas	Lokasi	MAPPING RING 2022/Summary Pembagian Ring.xlsx	Ring	F29	HISTORICAL_2022_CURRENT_AUTHORITY_UNCONFIRMED
Batanghari	BATANGHARI	PEMAYUNG	Argo Motor	Ring 1	MAPPING RING 2022/Summary Pembagian Ring.xlsx	Ring	G29	HISTORICAL_2022_CURRENT_AUTHORITY_UNCONFIRMED
Bungo	BUNGO	BATHIN II BABEKO	Badoray Kuamang	Ring 2	MAPPING RING 2022/Summary Pembagian Ring.xlsx	Ring	C34	HISTORICAL_2022_CURRENT_AUTHORITY_UNCONFIRMED
Bungo	BUNGO	BATHIN II BABEKO	Badoray Lintas	Ring 1	MAPPING RING 2022/Summary Pembagian Ring.xlsx	Ring	D34	HISTORICAL_2022_CURRENT_AUTHORITY_UNCONFIRMED
Bungo	BUNGO	BATHIN II BABEKO	Bobby Racing Shop	Ring 2	MAPPING RING 2022/Summary Pembagian Ring.xlsx	Ring	E34	HISTORICAL_2022_CURRENT_AUTHORITY_UNCONFIRMED
Bungo	BUNGO	BATHIN II BABEKO	Makmur Sentosa Motor	Ring 1	MAPPING RING 2022/Summary Pembagian Ring.xlsx	Ring	F34	HISTORICAL_2022_CURRENT_AUTHORITY_UNCONFIRMED
Bungo	BUNGO	BATHIN II BABEKO	TDM Bungo	Ring 1	MAPPING RING 2022/Summary Pembagian Ring.xlsx	Ring	G34	HISTORICAL_2022_CURRENT_AUTHORITY_UNCONFIRMED
Bungo	BUNGO	BATHIN II BABEKO	POS PAS Bungo	Ring 1	MAPPING RING 2022/Summary Pembagian Ring.xlsx	Ring	H34	HISTORICAL_2022_CURRENT_AUTHORITY_UNCONFIRMED
Bungo	BUNGO	BATHIN II PELAYANG	Badoray Kuamang	Other	MAPPING RING 2022/Summary Pembagian Ring.xlsx	Ring	C35	HISTORICAL_2022_CURRENT_AUTHORITY_UNCONFIRMED
Bungo	BUNGO	BATHIN II PELAYANG	Badoray Lintas	Other	MAPPING RING 2022/Summary Pembagian Ring.xlsx	Ring	D35	HISTORICAL_2022_CURRENT_AUTHORITY_UNCONFIRMED
Bungo	BUNGO	BATHIN II PELAYANG	Bobby Racing Shop	Other	MAPPING RING 2022/Summary Pembagian Ring.xlsx	Ring	E35	HISTORICAL_2022_CURRENT_AUTHORITY_UNCONFIRMED
Bungo	BUNGO	BATHIN II PELAYANG	Makmur Sentosa Motor	Other	MAPPING RING 2022/Summary Pembagian Ring.xlsx	Ring	F35	HISTORICAL_2022_CURRENT_AUTHORITY_UNCONFIRMED
Bungo	BUNGO	BATHIN II PELAYANG	TDM Bungo	Other	MAPPING RING 2022/Summary Pembagian Ring.xlsx	Ring	G35	HISTORICAL_2022_CURRENT_AUTHORITY_UNCONFIRMED
Bungo	BUNGO	BATHIN II PELAYANG	POS PAS Bungo	Other	MAPPING RING 2022/Summary Pembagian Ring.xlsx	Ring	H35	HISTORICAL_2022_CURRENT_AUTHORITY_UNCONFIRMED
Bungo	BUNGO	BATHIN III	Badoray Kuamang	Other	MAPPING RING 2022/Summary Pembagian Ring.xlsx	Ring	C36	HISTORICAL_2022_CURRENT_AUTHORITY_UNCONFIRMED
Bungo	BUNGO	BATHIN III	Badoray Lintas	Ring 1	MAPPING RING 2022/Summary Pembagian Ring.xlsx	Ring	D36	HISTORICAL_2022_CURRENT_AUTHORITY_UNCONFIRMED
Bungo	BUNGO	BATHIN III	Bobby Racing Shop	Other	MAPPING RING 2022/Summary Pembagian Ring.xlsx	Ring	E36	HISTORICAL_2022_CURRENT_AUTHORITY_UNCONFIRMED
Bungo	BUNGO	BATHIN III	Makmur Sentosa Motor	Ring 1	MAPPING RING 2022/Summary Pembagian Ring.xlsx	Ring	F36	HISTORICAL_2022_CURRENT_AUTHORITY_UNCONFIRMED
Bungo	BUNGO	BATHIN III	TDM Bungo	Lokasi	MAPPING RING 2022/Summary Pembagian Ring.xlsx	Ring	G36	HISTORICAL_2022_CURRENT_AUTHORITY_UNCONFIRMED
Bungo	BUNGO	BATHIN III	POS PAS Bungo	Ring 1	MAPPING RING 2022/Summary Pembagian Ring.xlsx	Ring	H36	HISTORICAL_2022_CURRENT_AUTHORITY_UNCONFIRMED
Bungo	BUNGO	BATHIN III ULU	Badoray Kuamang	Other	MAPPING RING 2022/Summary Pembagian Ring.xlsx	Ring	C37	HISTORICAL_2022_CURRENT_AUTHORITY_UNCONFIRMED
Bungo	BUNGO	BATHIN III ULU	Badoray Lintas	Other	MAPPING RING 2022/Summary Pembagian Ring.xlsx	Ring	D37	HISTORICAL_2022_CURRENT_AUTHORITY_UNCONFIRMED
Bungo	BUNGO	BATHIN III ULU	Bobby Racing Shop	Other	MAPPING RING 2022/Summary Pembagian Ring.xlsx	Ring	E37	HISTORICAL_2022_CURRENT_AUTHORITY_UNCONFIRMED
Bungo	BUNGO	BATHIN III ULU	Makmur Sentosa Motor	Other	MAPPING RING 2022/Summary Pembagian Ring.xlsx	Ring	F37	HISTORICAL_2022_CURRENT_AUTHORITY_UNCONFIRMED
Bungo	BUNGO	BATHIN III ULU	TDM Bungo	Other	MAPPING RING 2022/Summary Pembagian Ring.xlsx	Ring	G37	HISTORICAL_2022_CURRENT_AUTHORITY_UNCONFIRMED
Bungo	BUNGO	BATHIN III ULU	POS PAS Bungo	Other	MAPPING RING 2022/Summary Pembagian Ring.xlsx	Ring	H37	HISTORICAL_2022_CURRENT_AUTHORITY_UNCONFIRMED
Bungo	BUNGO	BUNGO DANI	Badoray Kuamang	Other	MAPPING RING 2022/Summary Pembagian Ring.xlsx	Ring	C38	HISTORICAL_2022_CURRENT_AUTHORITY_UNCONFIRMED
Bungo	BUNGO	BUNGO DANI	Badoray Lintas	Ring 1	MAPPING RING 2022/Summary Pembagian Ring.xlsx	Ring	D38	HISTORICAL_2022_CURRENT_AUTHORITY_UNCONFIRMED
Bungo	BUNGO	BUNGO DANI	Bobby Racing Shop	Other	MAPPING RING 2022/Summary Pembagian Ring.xlsx	Ring	E38	HISTORICAL_2022_CURRENT_AUTHORITY_UNCONFIRMED
Bungo	BUNGO	BUNGO DANI	Makmur Sentosa Motor	Ring 1	MAPPING RING 2022/Summary Pembagian Ring.xlsx	Ring	F38	HISTORICAL_2022_CURRENT_AUTHORITY_UNCONFIRMED
Bungo	BUNGO	BUNGO DANI	TDM Bungo	Ring 1	MAPPING RING 2022/Summary Pembagian Ring.xlsx	Ring	G38	HISTORICAL_2022_CURRENT_AUTHORITY_UNCONFIRMED
Bungo	BUNGO	BUNGO DANI	POS PAS Bungo	Ring 1	MAPPING RING 2022/Summary Pembagian Ring.xlsx	Ring	H38	HISTORICAL_2022_CURRENT_AUTHORITY_UNCONFIRMED
Bungo	BUNGO	JUJUHAN	Badoray Kuamang	Other	MAPPING RING 2022/Summary Pembagian Ring.xlsx	Ring	C39	HISTORICAL_2022_CURRENT_AUTHORITY_UNCONFIRMED
Bungo	BUNGO	JUJUHAN	Badoray Lintas	Other	MAPPING RING 2022/Summary Pembagian Ring.xlsx	Ring	D39	HISTORICAL_2022_CURRENT_AUTHORITY_UNCONFIRMED
Bungo	BUNGO	JUJUHAN	Bobby Racing Shop	Other	MAPPING RING 2022/Summary Pembagian Ring.xlsx	Ring	E39	HISTORICAL_2022_CURRENT_AUTHORITY_UNCONFIRMED
Bungo	BUNGO	JUJUHAN	Makmur Sentosa Motor	Other	MAPPING RING 2022/Summary Pembagian Ring.xlsx	Ring	F39	HISTORICAL_2022_CURRENT_AUTHORITY_UNCONFIRMED
Bungo	BUNGO	JUJUHAN	TDM Bungo	Other	MAPPING RING 2022/Summary Pembagian Ring.xlsx	Ring	G39	HISTORICAL_2022_CURRENT_AUTHORITY_UNCONFIRMED
Bungo	BUNGO	JUJUHAN	POS PAS Bungo	Other	MAPPING RING 2022/Summary Pembagian Ring.xlsx	Ring	H39	HISTORICAL_2022_CURRENT_AUTHORITY_UNCONFIRMED
Bungo	BUNGO	JUJUHAN ILIR	Badoray Kuamang	Other	MAPPING RING 2022/Summary Pembagian Ring.xlsx	Ring	C40	HISTORICAL_2022_CURRENT_AUTHORITY_UNCONFIRMED
Bungo	BUNGO	JUJUHAN ILIR	Badoray Lintas	Other	MAPPING RING 2022/Summary Pembagian Ring.xlsx	Ring	D40	HISTORICAL_2022_CURRENT_AUTHORITY_UNCONFIRMED
Bungo	BUNGO	JUJUHAN ILIR	Bobby Racing Shop	Other	MAPPING RING 2022/Summary Pembagian Ring.xlsx	Ring	E40	HISTORICAL_2022_CURRENT_AUTHORITY_UNCONFIRMED
Bungo	BUNGO	JUJUHAN ILIR	Makmur Sentosa Motor	Other	MAPPING RING 2022/Summary Pembagian Ring.xlsx	Ring	F40	HISTORICAL_2022_CURRENT_AUTHORITY_UNCONFIRMED
Bungo	BUNGO	JUJUHAN ILIR	TDM Bungo	Other	MAPPING RING 2022/Summary Pembagian Ring.xlsx	Ring	G40	HISTORICAL_2022_CURRENT_AUTHORITY_UNCONFIRMED
Bungo	BUNGO	JUJUHAN ILIR	POS PAS Bungo	Other	MAPPING RING 2022/Summary Pembagian Ring.xlsx	Ring	H40	HISTORICAL_2022_CURRENT_AUTHORITY_UNCONFIRMED
Bungo	BUNGO	LIMBUR LUBUK MENGKUANG	Badoray Kuamang	Other	MAPPING RING 2022/Summary Pembagian Ring.xlsx	Ring	C41	HISTORICAL_2022_CURRENT_AUTHORITY_UNCONFIRMED
Bungo	BUNGO	LIMBUR LUBUK MENGKUANG	Badoray Lintas	Other	MAPPING RING 2022/Summary Pembagian Ring.xlsx	Ring	D41	HISTORICAL_2022_CURRENT_AUTHORITY_UNCONFIRMED
Bungo	BUNGO	LIMBUR LUBUK MENGKUANG	Bobby Racing Shop	Other	MAPPING RING 2022/Summary Pembagian Ring.xlsx	Ring	E41	HISTORICAL_2022_CURRENT_AUTHORITY_UNCONFIRMED
Bungo	BUNGO	LIMBUR LUBUK MENGKUANG	Makmur Sentosa Motor	Other	MAPPING RING 2022/Summary Pembagian Ring.xlsx	Ring	F41	HISTORICAL_2022_CURRENT_AUTHORITY_UNCONFIRMED
Bungo	BUNGO	LIMBUR LUBUK MENGKUANG	TDM Bungo	Other	MAPPING RING 2022/Summary Pembagian Ring.xlsx	Ring	G41	HISTORICAL_2022_CURRENT_AUTHORITY_UNCONFIRMED
Bungo	BUNGO	LIMBUR LUBUK MENGKUANG	POS PAS Bungo	Other	MAPPING RING 2022/Summary Pembagian Ring.xlsx	Ring	H41	HISTORICAL_2022_CURRENT_AUTHORITY_UNCONFIRMED
Bungo	BUNGO	MUKO-MUKO BATHIN VII	Badoray Kuamang	Other	MAPPING RING 2022/Summary Pembagian Ring.xlsx	Ring	C42	HISTORICAL_2022_CURRENT_AUTHORITY_UNCONFIRMED
Bungo	BUNGO	MUKO-MUKO BATHIN VII	Badoray Lintas	Ring 1	MAPPING RING 2022/Summary Pembagian Ring.xlsx	Ring	D42	HISTORICAL_2022_CURRENT_AUTHORITY_UNCONFIRMED
Bungo	BUNGO	MUKO-MUKO BATHIN VII	Bobby Racing Shop	Other	MAPPING RING 2022/Summary Pembagian Ring.xlsx	Ring	E42	HISTORICAL_2022_CURRENT_AUTHORITY_UNCONFIRMED
Bungo	BUNGO	MUKO-MUKO BATHIN VII	Makmur Sentosa Motor	Ring 1	MAPPING RING 2022/Summary Pembagian Ring.xlsx	Ring	F42	HISTORICAL_2022_CURRENT_AUTHORITY_UNCONFIRMED
Bungo	BUNGO	MUKO-MUKO BATHIN VII	TDM Bungo	Ring 1	MAPPING RING 2022/Summary Pembagian Ring.xlsx	Ring	G42	HISTORICAL_2022_CURRENT_AUTHORITY_UNCONFIRMED
Bungo	BUNGO	MUKO-MUKO BATHIN VII	POS PAS Bungo	Ring 1	MAPPING RING 2022/Summary Pembagian Ring.xlsx	Ring	H42	HISTORICAL_2022_CURRENT_AUTHORITY_UNCONFIRMED
Bungo	BUNGO	PASAR MUARA BUNGO	Badoray Kuamang	Other	MAPPING RING 2022/Summary Pembagian Ring.xlsx	Ring	C43	HISTORICAL_2022_CURRENT_AUTHORITY_UNCONFIRMED
Bungo	BUNGO	PASAR MUARA BUNGO	Badoray Lintas	Lokasi	MAPPING RING 2022/Summary Pembagian Ring.xlsx	Ring	D43	HISTORICAL_2022_CURRENT_AUTHORITY_UNCONFIRMED
Bungo	BUNGO	PASAR MUARA BUNGO	Bobby Racing Shop	Other	MAPPING RING 2022/Summary Pembagian Ring.xlsx	Ring	E43	HISTORICAL_2022_CURRENT_AUTHORITY_UNCONFIRMED
Bungo	BUNGO	PASAR MUARA BUNGO	Makmur Sentosa Motor	Lokasi	MAPPING RING 2022/Summary Pembagian Ring.xlsx	Ring	F43	HISTORICAL_2022_CURRENT_AUTHORITY_UNCONFIRMED
Bungo	BUNGO	PASAR MUARA BUNGO	TDM Bungo	Ring 1	MAPPING RING 2022/Summary Pembagian Ring.xlsx	Ring	G43	HISTORICAL_2022_CURRENT_AUTHORITY_UNCONFIRMED
Bungo	BUNGO	PASAR MUARA BUNGO	POS PAS Bungo	Lokasi	MAPPING RING 2022/Summary Pembagian Ring.xlsx	Ring	H43	HISTORICAL_2022_CURRENT_AUTHORITY_UNCONFIRMED
Bungo	BUNGO	PELEPAT	Badoray Kuamang	Ring 1	MAPPING RING 2022/Summary Pembagian Ring.xlsx	Ring	C44	HISTORICAL_2022_CURRENT_AUTHORITY_UNCONFIRMED
Bungo	BUNGO	PELEPAT	Badoray Lintas	Ring 2	MAPPING RING 2022/Summary Pembagian Ring.xlsx	Ring	D44	HISTORICAL_2022_CURRENT_AUTHORITY_UNCONFIRMED
Bungo	BUNGO	PELEPAT	Bobby Racing Shop	Ring 1	MAPPING RING 2022/Summary Pembagian Ring.xlsx	Ring	E44	HISTORICAL_2022_CURRENT_AUTHORITY_UNCONFIRMED
Bungo	BUNGO	PELEPAT	Makmur Sentosa Motor	Ring 3	MAPPING RING 2022/Summary Pembagian Ring.xlsx	Ring	F44	HISTORICAL_2022_CURRENT_AUTHORITY_UNCONFIRMED
Bungo	BUNGO	PELEPAT	TDM Bungo	Ring 3	MAPPING RING 2022/Summary Pembagian Ring.xlsx	Ring	G44	HISTORICAL_2022_CURRENT_AUTHORITY_UNCONFIRMED
Bungo	BUNGO	PELEPAT	POS PAS Bungo	Ring 2	MAPPING RING 2022/Summary Pembagian Ring.xlsx	Ring	H44	HISTORICAL_2022_CURRENT_AUTHORITY_UNCONFIRMED
Bungo	BUNGO	PELEPAT ILIR	Badoray Kuamang	Lokasi	MAPPING RING 2022/Summary Pembagian Ring.xlsx	Ring	C45	HISTORICAL_2022_CURRENT_AUTHORITY_UNCONFIRMED
Bungo	BUNGO	PELEPAT ILIR	Badoray Lintas	Ring 3	MAPPING RING 2022/Summary Pembagian Ring.xlsx	Ring	D45	HISTORICAL_2022_CURRENT_AUTHORITY_UNCONFIRMED
Bungo	BUNGO	PELEPAT ILIR	Bobby Racing Shop	Lokasi	MAPPING RING 2022/Summary Pembagian Ring.xlsx	Ring	E45	HISTORICAL_2022_CURRENT_AUTHORITY_UNCONFIRMED
Bungo	BUNGO	PELEPAT ILIR	Makmur Sentosa Motor	Ring 3	MAPPING RING 2022/Summary Pembagian Ring.xlsx	Ring	F45	HISTORICAL_2022_CURRENT_AUTHORITY_UNCONFIRMED
Bungo	BUNGO	PELEPAT ILIR	TDM Bungo	Ring 3	MAPPING RING 2022/Summary Pembagian Ring.xlsx	Ring	G45	HISTORICAL_2022_CURRENT_AUTHORITY_UNCONFIRMED
Bungo	BUNGO	PELEPAT ILIR	POS PAS Bungo	Ring 3	MAPPING RING 2022/Summary Pembagian Ring.xlsx	Ring	H45	HISTORICAL_2022_CURRENT_AUTHORITY_UNCONFIRMED
Bungo	BUNGO	RANTAU PANDAN	Badoray Kuamang	Other	MAPPING RING 2022/Summary Pembagian Ring.xlsx	Ring	C46	HISTORICAL_2022_CURRENT_AUTHORITY_UNCONFIRMED
Bungo	BUNGO	RANTAU PANDAN	Badoray Lintas	Other	MAPPING RING 2022/Summary Pembagian Ring.xlsx	Ring	D46	HISTORICAL_2022_CURRENT_AUTHORITY_UNCONFIRMED
Bungo	BUNGO	RANTAU PANDAN	Bobby Racing Shop	Other	MAPPING RING 2022/Summary Pembagian Ring.xlsx	Ring	E46	HISTORICAL_2022_CURRENT_AUTHORITY_UNCONFIRMED
Bungo	BUNGO	RANTAU PANDAN	Makmur Sentosa Motor	Other	MAPPING RING 2022/Summary Pembagian Ring.xlsx	Ring	F46	HISTORICAL_2022_CURRENT_AUTHORITY_UNCONFIRMED
Bungo	BUNGO	RANTAU PANDAN	TDM Bungo	Other	MAPPING RING 2022/Summary Pembagian Ring.xlsx	Ring	G46	HISTORICAL_2022_CURRENT_AUTHORITY_UNCONFIRMED
Bungo	BUNGO	RANTAU PANDAN	POS PAS Bungo	Other	MAPPING RING 2022/Summary Pembagian Ring.xlsx	Ring	H46	HISTORICAL_2022_CURRENT_AUTHORITY_UNCONFIRMED
Bungo	BUNGO	RIMBO TENGAH	Badoray Kuamang	Other	MAPPING RING 2022/Summary Pembagian Ring.xlsx	Ring	C47	HISTORICAL_2022_CURRENT_AUTHORITY_UNCONFIRMED
Bungo	BUNGO	RIMBO TENGAH	Badoray Lintas	Ring 1	MAPPING RING 2022/Summary Pembagian Ring.xlsx	Ring	D47	HISTORICAL_2022_CURRENT_AUTHORITY_UNCONFIRMED
Bungo	BUNGO	RIMBO TENGAH	Bobby Racing Shop	Other	MAPPING RING 2022/Summary Pembagian Ring.xlsx	Ring	E47	HISTORICAL_2022_CURRENT_AUTHORITY_UNCONFIRMED
Bungo	BUNGO	RIMBO TENGAH	Makmur Sentosa Motor	Ring 1	MAPPING RING 2022/Summary Pembagian Ring.xlsx	Ring	F47	HISTORICAL_2022_CURRENT_AUTHORITY_UNCONFIRMED
Bungo	BUNGO	RIMBO TENGAH	TDM Bungo	Ring 1	MAPPING RING 2022/Summary Pembagian Ring.xlsx	Ring	G47	HISTORICAL_2022_CURRENT_AUTHORITY_UNCONFIRMED
Bungo	BUNGO	RIMBO TENGAH	POS PAS Bungo	Ring 1	MAPPING RING 2022/Summary Pembagian Ring.xlsx	Ring	H47	HISTORICAL_2022_CURRENT_AUTHORITY_UNCONFIRMED
Bungo	BUNGO	TANAH SEPENGGAL	Badoray Kuamang	Other	MAPPING RING 2022/Summary Pembagian Ring.xlsx	Ring	C48	HISTORICAL_2022_CURRENT_AUTHORITY_UNCONFIRMED
Bungo	BUNGO	TANAH SEPENGGAL	Badoray Lintas	Ring 2	MAPPING RING 2022/Summary Pembagian Ring.xlsx	Ring	D48	HISTORICAL_2022_CURRENT_AUTHORITY_UNCONFIRMED
Bungo	BUNGO	TANAH SEPENGGAL	Bobby Racing Shop	Other	MAPPING RING 2022/Summary Pembagian Ring.xlsx	Ring	E48	HISTORICAL_2022_CURRENT_AUTHORITY_UNCONFIRMED
Bungo	BUNGO	TANAH SEPENGGAL	Makmur Sentosa Motor	Ring 2	MAPPING RING 2022/Summary Pembagian Ring.xlsx	Ring	F48	HISTORICAL_2022_CURRENT_AUTHORITY_UNCONFIRMED
Bungo	BUNGO	TANAH SEPENGGAL	TDM Bungo	Ring 2	MAPPING RING 2022/Summary Pembagian Ring.xlsx	Ring	G48	HISTORICAL_2022_CURRENT_AUTHORITY_UNCONFIRMED
Bungo	BUNGO	TANAH SEPENGGAL	POS PAS Bungo	Ring 2	MAPPING RING 2022/Summary Pembagian Ring.xlsx	Ring	H48	HISTORICAL_2022_CURRENT_AUTHORITY_UNCONFIRMED
Bungo	BUNGO	TANAH SEPENGGAL LINTAS	Badoray Kuamang	Other	MAPPING RING 2022/Summary Pembagian Ring.xlsx	Ring	C49	HISTORICAL_2022_CURRENT_AUTHORITY_UNCONFIRMED
Bungo	BUNGO	TANAH SEPENGGAL LINTAS	Badoray Lintas	Ring 2	MAPPING RING 2022/Summary Pembagian Ring.xlsx	Ring	D49	HISTORICAL_2022_CURRENT_AUTHORITY_UNCONFIRMED
Bungo	BUNGO	TANAH SEPENGGAL LINTAS	Bobby Racing Shop	Other	MAPPING RING 2022/Summary Pembagian Ring.xlsx	Ring	E49	HISTORICAL_2022_CURRENT_AUTHORITY_UNCONFIRMED
Bungo	BUNGO	TANAH SEPENGGAL LINTAS	Makmur Sentosa Motor	Ring 2	MAPPING RING 2022/Summary Pembagian Ring.xlsx	Ring	F49	HISTORICAL_2022_CURRENT_AUTHORITY_UNCONFIRMED
Bungo	BUNGO	TANAH SEPENGGAL LINTAS	TDM Bungo	Ring 2	MAPPING RING 2022/Summary Pembagian Ring.xlsx	Ring	G49	HISTORICAL_2022_CURRENT_AUTHORITY_UNCONFIRMED
Bungo	BUNGO	TANAH SEPENGGAL LINTAS	POS PAS Bungo	Ring 2	MAPPING RING 2022/Summary Pembagian Ring.xlsx	Ring	H49	HISTORICAL_2022_CURRENT_AUTHORITY_UNCONFIRMED
Bungo	BUNGO	TANAH TUMBUH	Badoray Kuamang	Other	MAPPING RING 2022/Summary Pembagian Ring.xlsx	Ring	C50	HISTORICAL_2022_CURRENT_AUTHORITY_UNCONFIRMED
Bungo	BUNGO	TANAH TUMBUH	Badoray Lintas	Other	MAPPING RING 2022/Summary Pembagian Ring.xlsx	Ring	D50	HISTORICAL_2022_CURRENT_AUTHORITY_UNCONFIRMED
Bungo	BUNGO	TANAH TUMBUH	Bobby Racing Shop	Other	MAPPING RING 2022/Summary Pembagian Ring.xlsx	Ring	E50	HISTORICAL_2022_CURRENT_AUTHORITY_UNCONFIRMED
Bungo	BUNGO	TANAH TUMBUH	Makmur Sentosa Motor	Other	MAPPING RING 2022/Summary Pembagian Ring.xlsx	Ring	F50	HISTORICAL_2022_CURRENT_AUTHORITY_UNCONFIRMED
Bungo	BUNGO	TANAH TUMBUH	TDM Bungo	Other	MAPPING RING 2022/Summary Pembagian Ring.xlsx	Ring	G50	HISTORICAL_2022_CURRENT_AUTHORITY_UNCONFIRMED
Bungo	BUNGO	TANAH TUMBUH	POS PAS Bungo	Other	MAPPING RING 2022/Summary Pembagian Ring.xlsx	Ring	H50	HISTORICAL_2022_CURRENT_AUTHORITY_UNCONFIRMED
Merangin	MERANGIN	BANGKO	Anugrah Honda Motor	Lokasi	MAPPING RING 2022/Summary Pembagian Ring.xlsx	Ring	C55	HISTORICAL_2022_CURRENT_AUTHORITY_UNCONFIRMED
Merangin	MERANGIN	BANGKO	CLS Bangko	Lokasi	MAPPING RING 2022/Summary Pembagian Ring.xlsx	Ring	D55	HISTORICAL_2022_CURRENT_AUTHORITY_UNCONFIRMED
Merangin	MERANGIN	BANGKO	CLS Pamenang	Other	MAPPING RING 2022/Summary Pembagian Ring.xlsx	Ring	E55	HISTORICAL_2022_CURRENT_AUTHORITY_UNCONFIRMED
Merangin	MERANGIN	BANGKO	Mitra Sentosa Mas	Ring 2	MAPPING RING 2022/Summary Pembagian Ring.xlsx	Ring	F55	HISTORICAL_2022_CURRENT_AUTHORITY_UNCONFIRMED
Merangin	MERANGIN	BANGKO	TDM Bangko	Lokasi	MAPPING RING 2022/Summary Pembagian Ring.xlsx	Ring	G55	HISTORICAL_2022_CURRENT_AUTHORITY_UNCONFIRMED
Merangin	MERANGIN	BANGKO	POS TDM Pamenang	Ring 2	MAPPING RING 2022/Summary Pembagian Ring.xlsx	Ring	H55	HISTORICAL_2022_CURRENT_AUTHORITY_UNCONFIRMED
Merangin	MERANGIN	BANGKO BARAT	Anugrah Honda Motor	Ring 2	MAPPING RING 2022/Summary Pembagian Ring.xlsx	Ring	C56	HISTORICAL_2022_CURRENT_AUTHORITY_UNCONFIRMED
Merangin	MERANGIN	BANGKO BARAT	CLS Bangko	Ring 2	MAPPING RING 2022/Summary Pembagian Ring.xlsx	Ring	D56	HISTORICAL_2022_CURRENT_AUTHORITY_UNCONFIRMED
Merangin	MERANGIN	BANGKO BARAT	CLS Pamenang	Other	MAPPING RING 2022/Summary Pembagian Ring.xlsx	Ring	E56	HISTORICAL_2022_CURRENT_AUTHORITY_UNCONFIRMED
Merangin	MERANGIN	BANGKO BARAT	Mitra Sentosa Mas	Other	MAPPING RING 2022/Summary Pembagian Ring.xlsx	Ring	F56	HISTORICAL_2022_CURRENT_AUTHORITY_UNCONFIRMED
Merangin	MERANGIN	BANGKO BARAT	TDM Bangko	Ring 2	MAPPING RING 2022/Summary Pembagian Ring.xlsx	Ring	G56	HISTORICAL_2022_CURRENT_AUTHORITY_UNCONFIRMED
Merangin	MERANGIN	BANGKO BARAT	POS TDM Pamenang	Other	MAPPING RING 2022/Summary Pembagian Ring.xlsx	Ring	H56	HISTORICAL_2022_CURRENT_AUTHORITY_UNCONFIRMED
Merangin	MERANGIN	BATANG MASUMAI	Anugrah Honda Motor	Ring 1	MAPPING RING 2022/Summary Pembagian Ring.xlsx	Ring	C57	HISTORICAL_2022_CURRENT_AUTHORITY_UNCONFIRMED
Merangin	MERANGIN	BATANG MASUMAI	CLS Bangko	Ring 1	MAPPING RING 2022/Summary Pembagian Ring.xlsx	Ring	D57	HISTORICAL_2022_CURRENT_AUTHORITY_UNCONFIRMED
Merangin	MERANGIN	BATANG MASUMAI	CLS Pamenang	Other	MAPPING RING 2022/Summary Pembagian Ring.xlsx	Ring	E57	HISTORICAL_2022_CURRENT_AUTHORITY_UNCONFIRMED
Merangin	MERANGIN	BATANG MASUMAI	Mitra Sentosa Mas	Other	MAPPING RING 2022/Summary Pembagian Ring.xlsx	Ring	F57	HISTORICAL_2022_CURRENT_AUTHORITY_UNCONFIRMED
Merangin	MERANGIN	BATANG MASUMAI	TDM Bangko	Ring 1	MAPPING RING 2022/Summary Pembagian Ring.xlsx	Ring	G57	HISTORICAL_2022_CURRENT_AUTHORITY_UNCONFIRMED
Merangin	MERANGIN	BATANG MASUMAI	POS TDM Pamenang	Other	MAPPING RING 2022/Summary Pembagian Ring.xlsx	Ring	H57	HISTORICAL_2022_CURRENT_AUTHORITY_UNCONFIRMED
Merangin	MERANGIN	JANGKAT	Anugrah Honda Motor	Other	MAPPING RING 2022/Summary Pembagian Ring.xlsx	Ring	C58	HISTORICAL_2022_CURRENT_AUTHORITY_UNCONFIRMED
Merangin	MERANGIN	JANGKAT	CLS Bangko	Other	MAPPING RING 2022/Summary Pembagian Ring.xlsx	Ring	D58	HISTORICAL_2022_CURRENT_AUTHORITY_UNCONFIRMED
Merangin	MERANGIN	JANGKAT	CLS Pamenang	Other	MAPPING RING 2022/Summary Pembagian Ring.xlsx	Ring	E58	HISTORICAL_2022_CURRENT_AUTHORITY_UNCONFIRMED
Merangin	MERANGIN	JANGKAT	Mitra Sentosa Mas	Other	MAPPING RING 2022/Summary Pembagian Ring.xlsx	Ring	F58	HISTORICAL_2022_CURRENT_AUTHORITY_UNCONFIRMED
Merangin	MERANGIN	JANGKAT	TDM Bangko	Other	MAPPING RING 2022/Summary Pembagian Ring.xlsx	Ring	G58	HISTORICAL_2022_CURRENT_AUTHORITY_UNCONFIRMED
Merangin	MERANGIN	JANGKAT	POS TDM Pamenang	Other	MAPPING RING 2022/Summary Pembagian Ring.xlsx	Ring	H58	HISTORICAL_2022_CURRENT_AUTHORITY_UNCONFIRMED
Merangin	MERANGIN	LEMBAH MASURAI	Anugrah Honda Motor	Other	MAPPING RING 2022/Summary Pembagian Ring.xlsx	Ring	C59	HISTORICAL_2022_CURRENT_AUTHORITY_UNCONFIRMED
Merangin	MERANGIN	LEMBAH MASURAI	CLS Bangko	Other	MAPPING RING 2022/Summary Pembagian Ring.xlsx	Ring	D59	HISTORICAL_2022_CURRENT_AUTHORITY_UNCONFIRMED
Merangin	MERANGIN	LEMBAH MASURAI	CLS Pamenang	Other	MAPPING RING 2022/Summary Pembagian Ring.xlsx	Ring	E59	HISTORICAL_2022_CURRENT_AUTHORITY_UNCONFIRMED
Merangin	MERANGIN	LEMBAH MASURAI	Mitra Sentosa Mas	Other	MAPPING RING 2022/Summary Pembagian Ring.xlsx	Ring	F59	HISTORICAL_2022_CURRENT_AUTHORITY_UNCONFIRMED
Merangin	MERANGIN	LEMBAH MASURAI	TDM Bangko	Other	MAPPING RING 2022/Summary Pembagian Ring.xlsx	Ring	G59	HISTORICAL_2022_CURRENT_AUTHORITY_UNCONFIRMED
Merangin	MERANGIN	LEMBAH MASURAI	POS TDM Pamenang	Other	MAPPING RING 2022/Summary Pembagian Ring.xlsx	Ring	H59	HISTORICAL_2022_CURRENT_AUTHORITY_UNCONFIRMED
Merangin	MERANGIN	MARGO TABIR	Anugrah Honda Motor	Other	MAPPING RING 2022/Summary Pembagian Ring.xlsx	Ring	C60	HISTORICAL_2022_CURRENT_AUTHORITY_UNCONFIRMED
Merangin	MERANGIN	MARGO TABIR	CLS Bangko	Other	MAPPING RING 2022/Summary Pembagian Ring.xlsx	Ring	D60	HISTORICAL_2022_CURRENT_AUTHORITY_UNCONFIRMED
Merangin	MERANGIN	MARGO TABIR	CLS Pamenang	Other	MAPPING RING 2022/Summary Pembagian Ring.xlsx	Ring	E60	HISTORICAL_2022_CURRENT_AUTHORITY_UNCONFIRMED
Merangin	MERANGIN	MARGO TABIR	Mitra Sentosa Mas	Ring 2	MAPPING RING 2022/Summary Pembagian Ring.xlsx	Ring	F60	HISTORICAL_2022_CURRENT_AUTHORITY_UNCONFIRMED
Merangin	MERANGIN	MARGO TABIR	TDM Bangko	Other	MAPPING RING 2022/Summary Pembagian Ring.xlsx	Ring	G60	HISTORICAL_2022_CURRENT_AUTHORITY_UNCONFIRMED
Merangin	MERANGIN	MARGO TABIR	POS TDM Pamenang	Other	MAPPING RING 2022/Summary Pembagian Ring.xlsx	Ring	H60	HISTORICAL_2022_CURRENT_AUTHORITY_UNCONFIRMED
Merangin	MERANGIN	MARGO SIAU	Anugrah Honda Motor	Other	MAPPING RING 2022/Summary Pembagian Ring.xlsx	Ring	C61	HISTORICAL_2022_CURRENT_AUTHORITY_UNCONFIRMED
Merangin	MERANGIN	MARGO SIAU	CLS Bangko	Other	MAPPING RING 2022/Summary Pembagian Ring.xlsx	Ring	D61	HISTORICAL_2022_CURRENT_AUTHORITY_UNCONFIRMED
Merangin	MERANGIN	MARGO SIAU	CLS Pamenang	Other	MAPPING RING 2022/Summary Pembagian Ring.xlsx	Ring	E61	HISTORICAL_2022_CURRENT_AUTHORITY_UNCONFIRMED
Merangin	MERANGIN	MARGO SIAU	Mitra Sentosa Mas	Other	MAPPING RING 2022/Summary Pembagian Ring.xlsx	Ring	F61	HISTORICAL_2022_CURRENT_AUTHORITY_UNCONFIRMED
Merangin	MERANGIN	MARGO SIAU	TDM Bangko	Other	MAPPING RING 2022/Summary Pembagian Ring.xlsx	Ring	G61	HISTORICAL_2022_CURRENT_AUTHORITY_UNCONFIRMED
Merangin	MERANGIN	MARGO SIAU	POS TDM Pamenang	Other	MAPPING RING 2022/Summary Pembagian Ring.xlsx	Ring	H61	HISTORICAL_2022_CURRENT_AUTHORITY_UNCONFIRMED
Merangin	MERANGIN	NALO TANTAN	Anugrah Honda Motor	Ring 1	MAPPING RING 2022/Summary Pembagian Ring.xlsx	Ring	C62	HISTORICAL_2022_CURRENT_AUTHORITY_UNCONFIRMED
Merangin	MERANGIN	NALO TANTAN	CLS Bangko	Ring 1	MAPPING RING 2022/Summary Pembagian Ring.xlsx	Ring	D62	HISTORICAL_2022_CURRENT_AUTHORITY_UNCONFIRMED
Merangin	MERANGIN	NALO TANTAN	CLS Pamenang	Other	MAPPING RING 2022/Summary Pembagian Ring.xlsx	Ring	E62	HISTORICAL_2022_CURRENT_AUTHORITY_UNCONFIRMED
Merangin	MERANGIN	NALO TANTAN	Mitra Sentosa Mas	Ring 3	MAPPING RING 2022/Summary Pembagian Ring.xlsx	Ring	F62	HISTORICAL_2022_CURRENT_AUTHORITY_UNCONFIRMED
Merangin	MERANGIN	NALO TANTAN	TDM Bangko	Ring 1	MAPPING RING 2022/Summary Pembagian Ring.xlsx	Ring	G62	HISTORICAL_2022_CURRENT_AUTHORITY_UNCONFIRMED
Merangin	MERANGIN	NALO TANTAN	POS TDM Pamenang	Ring 3	MAPPING RING 2022/Summary Pembagian Ring.xlsx	Ring	H62	HISTORICAL_2022_CURRENT_AUTHORITY_UNCONFIRMED
Merangin	MERANGIN	PAMENANG	Anugrah Honda Motor	Other	MAPPING RING 2022/Summary Pembagian Ring.xlsx	Ring	C63	HISTORICAL_2022_CURRENT_AUTHORITY_UNCONFIRMED
Merangin	MERANGIN	PAMENANG	CLS Bangko	Other	MAPPING RING 2022/Summary Pembagian Ring.xlsx	Ring	D63	HISTORICAL_2022_CURRENT_AUTHORITY_UNCONFIRMED
Merangin	MERANGIN	PAMENANG	CLS Pamenang	Lokasi	MAPPING RING 2022/Summary Pembagian Ring.xlsx	Ring	E63	HISTORICAL_2022_CURRENT_AUTHORITY_UNCONFIRMED
Merangin	MERANGIN	PAMENANG	Mitra Sentosa Mas	Ring 3	MAPPING RING 2022/Summary Pembagian Ring.xlsx	Ring	F63	HISTORICAL_2022_CURRENT_AUTHORITY_UNCONFIRMED
Merangin	MERANGIN	PAMENANG	TDM Bangko	Other	MAPPING RING 2022/Summary Pembagian Ring.xlsx	Ring	G63	HISTORICAL_2022_CURRENT_AUTHORITY_UNCONFIRMED
Merangin	MERANGIN	PAMENANG	POS TDM Pamenang	Ring 2	MAPPING RING 2022/Summary Pembagian Ring.xlsx	Ring	H63	HISTORICAL_2022_CURRENT_AUTHORITY_UNCONFIRMED
Merangin	MERANGIN	PAMENANG BARAT	Anugrah Honda Motor	Ring 2	MAPPING RING 2022/Summary Pembagian Ring.xlsx	Ring	C64	HISTORICAL_2022_CURRENT_AUTHORITY_UNCONFIRMED
Merangin	MERANGIN	PAMENANG BARAT	CLS Bangko	Ring 2	MAPPING RING 2022/Summary Pembagian Ring.xlsx	Ring	D64	HISTORICAL_2022_CURRENT_AUTHORITY_UNCONFIRMED
Merangin	MERANGIN	PAMENANG BARAT	CLS Pamenang	Ring 2	MAPPING RING 2022/Summary Pembagian Ring.xlsx	Ring	E64	HISTORICAL_2022_CURRENT_AUTHORITY_UNCONFIRMED
Merangin	MERANGIN	PAMENANG BARAT	Mitra Sentosa Mas	Ring 1	MAPPING RING 2022/Summary Pembagian Ring.xlsx	Ring	F64	HISTORICAL_2022_CURRENT_AUTHORITY_UNCONFIRMED
Merangin	MERANGIN	PAMENANG BARAT	TDM Bangko	Ring 2	MAPPING RING 2022/Summary Pembagian Ring.xlsx	Ring	G64	HISTORICAL_2022_CURRENT_AUTHORITY_UNCONFIRMED
Merangin	MERANGIN	PAMENANG BARAT	POS TDM Pamenang	Lokasi	MAPPING RING 2022/Summary Pembagian Ring.xlsx	Ring	H64	HISTORICAL_2022_CURRENT_AUTHORITY_UNCONFIRMED
Merangin	MERANGIN	PAMENANG SELATAN	Anugrah Honda Motor	Other	MAPPING RING 2022/Summary Pembagian Ring.xlsx	Ring	C65	HISTORICAL_2022_CURRENT_AUTHORITY_UNCONFIRMED
Merangin	MERANGIN	PAMENANG SELATAN	CLS Bangko	Other	MAPPING RING 2022/Summary Pembagian Ring.xlsx	Ring	D65	HISTORICAL_2022_CURRENT_AUTHORITY_UNCONFIRMED
Merangin	MERANGIN	PAMENANG SELATAN	CLS Pamenang	Other	MAPPING RING 2022/Summary Pembagian Ring.xlsx	Ring	E65	HISTORICAL_2022_CURRENT_AUTHORITY_UNCONFIRMED
Merangin	MERANGIN	PAMENANG SELATAN	Mitra Sentosa Mas	Other	MAPPING RING 2022/Summary Pembagian Ring.xlsx	Ring	F65	HISTORICAL_2022_CURRENT_AUTHORITY_UNCONFIRMED
Merangin	MERANGIN	PAMENANG SELATAN	TDM Bangko	Other	MAPPING RING 2022/Summary Pembagian Ring.xlsx	Ring	G65	HISTORICAL_2022_CURRENT_AUTHORITY_UNCONFIRMED
Merangin	MERANGIN	PAMENANG SELATAN	POS TDM Pamenang	Other	MAPPING RING 2022/Summary Pembagian Ring.xlsx	Ring	H65	HISTORICAL_2022_CURRENT_AUTHORITY_UNCONFIRMED
Merangin	MERANGIN	PANGKALAN JAMBU	Anugrah Honda Motor	Other	MAPPING RING 2022/Summary Pembagian Ring.xlsx	Ring	C66	HISTORICAL_2022_CURRENT_AUTHORITY_UNCONFIRMED
Merangin	MERANGIN	PANGKALAN JAMBU	CLS Bangko	Other	MAPPING RING 2022/Summary Pembagian Ring.xlsx	Ring	D66	HISTORICAL_2022_CURRENT_AUTHORITY_UNCONFIRMED
Merangin	MERANGIN	PANGKALAN JAMBU	CLS Pamenang	Other	MAPPING RING 2022/Summary Pembagian Ring.xlsx	Ring	E66	HISTORICAL_2022_CURRENT_AUTHORITY_UNCONFIRMED
Merangin	MERANGIN	PANGKALAN JAMBU	Mitra Sentosa Mas	Other	MAPPING RING 2022/Summary Pembagian Ring.xlsx	Ring	F66	HISTORICAL_2022_CURRENT_AUTHORITY_UNCONFIRMED
Merangin	MERANGIN	PANGKALAN JAMBU	TDM Bangko	Other	MAPPING RING 2022/Summary Pembagian Ring.xlsx	Ring	G66	HISTORICAL_2022_CURRENT_AUTHORITY_UNCONFIRMED
Merangin	MERANGIN	PANGKALAN JAMBU	POS TDM Pamenang	Other	MAPPING RING 2022/Summary Pembagian Ring.xlsx	Ring	H66	HISTORICAL_2022_CURRENT_AUTHORITY_UNCONFIRMED
Merangin	MERANGIN	RENAH PAMENANG	Anugrah Honda Motor	Ring 3	MAPPING RING 2022/Summary Pembagian Ring.xlsx	Ring	C67	HISTORICAL_2022_CURRENT_AUTHORITY_UNCONFIRMED
Merangin	MERANGIN	RENAH PAMENANG	CLS Bangko	Ring 3	MAPPING RING 2022/Summary Pembagian Ring.xlsx	Ring	D67	HISTORICAL_2022_CURRENT_AUTHORITY_UNCONFIRMED
Merangin	MERANGIN	RENAH PAMENANG	CLS Pamenang	Ring 2	MAPPING RING 2022/Summary Pembagian Ring.xlsx	Ring	E67	HISTORICAL_2022_CURRENT_AUTHORITY_UNCONFIRMED
Merangin	MERANGIN	RENAH PAMENANG	Mitra Sentosa Mas	Other	MAPPING RING 2022/Summary Pembagian Ring.xlsx	Ring	F67	HISTORICAL_2022_CURRENT_AUTHORITY_UNCONFIRMED
Merangin	MERANGIN	RENAH PAMENANG	TDM Bangko	Ring 3	MAPPING RING 2022/Summary Pembagian Ring.xlsx	Ring	G67	HISTORICAL_2022_CURRENT_AUTHORITY_UNCONFIRMED
Merangin	MERANGIN	RENAH PAMENANG	POS TDM Pamenang	Ring 2	MAPPING RING 2022/Summary Pembagian Ring.xlsx	Ring	H67	HISTORICAL_2022_CURRENT_AUTHORITY_UNCONFIRMED
Merangin	MERANGIN	RENAH PEMBARAP	Anugrah Honda Motor	Ring 3	MAPPING RING 2022/Summary Pembagian Ring.xlsx	Ring	C68	HISTORICAL_2022_CURRENT_AUTHORITY_UNCONFIRMED
Merangin	MERANGIN	RENAH PEMBARAP	CLS Bangko	Ring 3	MAPPING RING 2022/Summary Pembagian Ring.xlsx	Ring	D68	HISTORICAL_2022_CURRENT_AUTHORITY_UNCONFIRMED
Merangin	MERANGIN	RENAH PEMBARAP	CLS Pamenang	Other	MAPPING RING 2022/Summary Pembagian Ring.xlsx	Ring	E68	HISTORICAL_2022_CURRENT_AUTHORITY_UNCONFIRMED
Merangin	MERANGIN	RENAH PEMBARAP	Mitra Sentosa Mas	Other	MAPPING RING 2022/Summary Pembagian Ring.xlsx	Ring	F68	HISTORICAL_2022_CURRENT_AUTHORITY_UNCONFIRMED
Merangin	MERANGIN	RENAH PEMBARAP	TDM Bangko	Ring 3	MAPPING RING 2022/Summary Pembagian Ring.xlsx	Ring	G68	HISTORICAL_2022_CURRENT_AUTHORITY_UNCONFIRMED
Merangin	MERANGIN	RENAH PEMBARAP	POS TDM Pamenang	Other	MAPPING RING 2022/Summary Pembagian Ring.xlsx	Ring	H68	HISTORICAL_2022_CURRENT_AUTHORITY_UNCONFIRMED
Merangin	MERANGIN	SUNGAI MANAU	Anugrah Honda Motor	Other	MAPPING RING 2022/Summary Pembagian Ring.xlsx	Ring	C69	HISTORICAL_2022_CURRENT_AUTHORITY_UNCONFIRMED
Merangin	MERANGIN	SUNGAI MANAU	CLS Bangko	Other	MAPPING RING 2022/Summary Pembagian Ring.xlsx	Ring	D69	HISTORICAL_2022_CURRENT_AUTHORITY_UNCONFIRMED
Merangin	MERANGIN	SUNGAI MANAU	CLS Pamenang	Other	MAPPING RING 2022/Summary Pembagian Ring.xlsx	Ring	E69	HISTORICAL_2022_CURRENT_AUTHORITY_UNCONFIRMED
Merangin	MERANGIN	SUNGAI MANAU	Mitra Sentosa Mas	Other	MAPPING RING 2022/Summary Pembagian Ring.xlsx	Ring	F69	HISTORICAL_2022_CURRENT_AUTHORITY_UNCONFIRMED
Merangin	MERANGIN	SUNGAI MANAU	TDM Bangko	Other	MAPPING RING 2022/Summary Pembagian Ring.xlsx	Ring	G69	HISTORICAL_2022_CURRENT_AUTHORITY_UNCONFIRMED
Merangin	MERANGIN	SUNGAI MANAU	POS TDM Pamenang	Other	MAPPING RING 2022/Summary Pembagian Ring.xlsx	Ring	H69	HISTORICAL_2022_CURRENT_AUTHORITY_UNCONFIRMED
Merangin	MERANGIN	SUNGAI TENANG	Anugrah Honda Motor	Other	MAPPING RING 2022/Summary Pembagian Ring.xlsx	Ring	C70	HISTORICAL_2022_CURRENT_AUTHORITY_UNCONFIRMED
Merangin	MERANGIN	SUNGAI TENANG	CLS Bangko	Other	MAPPING RING 2022/Summary Pembagian Ring.xlsx	Ring	D70	HISTORICAL_2022_CURRENT_AUTHORITY_UNCONFIRMED
Merangin	MERANGIN	SUNGAI TENANG	CLS Pamenang	Other	MAPPING RING 2022/Summary Pembagian Ring.xlsx	Ring	E70	HISTORICAL_2022_CURRENT_AUTHORITY_UNCONFIRMED
Merangin	MERANGIN	SUNGAI TENANG	Mitra Sentosa Mas	Other	MAPPING RING 2022/Summary Pembagian Ring.xlsx	Ring	F70	HISTORICAL_2022_CURRENT_AUTHORITY_UNCONFIRMED
Merangin	MERANGIN	SUNGAI TENANG	TDM Bangko	Other	MAPPING RING 2022/Summary Pembagian Ring.xlsx	Ring	G70	HISTORICAL_2022_CURRENT_AUTHORITY_UNCONFIRMED
Merangin	MERANGIN	SUNGAI TENANG	POS TDM Pamenang	Other	MAPPING RING 2022/Summary Pembagian Ring.xlsx	Ring	H70	HISTORICAL_2022_CURRENT_AUTHORITY_UNCONFIRMED
Merangin	MERANGIN	TABIR	Anugrah Honda Motor	Other	MAPPING RING 2022/Summary Pembagian Ring.xlsx	Ring	C71	HISTORICAL_2022_CURRENT_AUTHORITY_UNCONFIRMED
Merangin	MERANGIN	TABIR	CLS Bangko	Other	MAPPING RING 2022/Summary Pembagian Ring.xlsx	Ring	D71	HISTORICAL_2022_CURRENT_AUTHORITY_UNCONFIRMED
Merangin	MERANGIN	TABIR	CLS Pamenang	Other	MAPPING RING 2022/Summary Pembagian Ring.xlsx	Ring	E71	HISTORICAL_2022_CURRENT_AUTHORITY_UNCONFIRMED
Merangin	MERANGIN	TABIR	Mitra Sentosa Mas	Ring 3	MAPPING RING 2022/Summary Pembagian Ring.xlsx	Ring	F71	HISTORICAL_2022_CURRENT_AUTHORITY_UNCONFIRMED
Merangin	MERANGIN	TABIR	TDM Bangko	Other	MAPPING RING 2022/Summary Pembagian Ring.xlsx	Ring	G71	HISTORICAL_2022_CURRENT_AUTHORITY_UNCONFIRMED
Merangin	MERANGIN	TABIR	POS TDM Pamenang	Other	MAPPING RING 2022/Summary Pembagian Ring.xlsx	Ring	H71	HISTORICAL_2022_CURRENT_AUTHORITY_UNCONFIRMED
Merangin	MERANGIN	TABIR BARAT	Anugrah Honda Motor	Other	MAPPING RING 2022/Summary Pembagian Ring.xlsx	Ring	C72	HISTORICAL_2022_CURRENT_AUTHORITY_UNCONFIRMED
Merangin	MERANGIN	TABIR BARAT	CLS Bangko	Other	MAPPING RING 2022/Summary Pembagian Ring.xlsx	Ring	D72	HISTORICAL_2022_CURRENT_AUTHORITY_UNCONFIRMED
Merangin	MERANGIN	TABIR BARAT	CLS Pamenang	Other	MAPPING RING 2022/Summary Pembagian Ring.xlsx	Ring	E72	HISTORICAL_2022_CURRENT_AUTHORITY_UNCONFIRMED
Merangin	MERANGIN	TABIR BARAT	Mitra Sentosa Mas	Other	MAPPING RING 2022/Summary Pembagian Ring.xlsx	Ring	F72	HISTORICAL_2022_CURRENT_AUTHORITY_UNCONFIRMED
Merangin	MERANGIN	TABIR BARAT	TDM Bangko	Other	MAPPING RING 2022/Summary Pembagian Ring.xlsx	Ring	G72	HISTORICAL_2022_CURRENT_AUTHORITY_UNCONFIRMED
Merangin	MERANGIN	TABIR BARAT	POS TDM Pamenang	Other	MAPPING RING 2022/Summary Pembagian Ring.xlsx	Ring	H72	HISTORICAL_2022_CURRENT_AUTHORITY_UNCONFIRMED
Merangin	MERANGIN	TABIR ILIR	Anugrah Honda Motor	Other	MAPPING RING 2022/Summary Pembagian Ring.xlsx	Ring	C73	HISTORICAL_2022_CURRENT_AUTHORITY_UNCONFIRMED
Merangin	MERANGIN	TABIR ILIR	CLS Bangko	Other	MAPPING RING 2022/Summary Pembagian Ring.xlsx	Ring	D73	HISTORICAL_2022_CURRENT_AUTHORITY_UNCONFIRMED
Merangin	MERANGIN	TABIR ILIR	CLS Pamenang	Other	MAPPING RING 2022/Summary Pembagian Ring.xlsx	Ring	E73	HISTORICAL_2022_CURRENT_AUTHORITY_UNCONFIRMED
Merangin	MERANGIN	TABIR ILIR	Mitra Sentosa Mas	Other	MAPPING RING 2022/Summary Pembagian Ring.xlsx	Ring	F73	HISTORICAL_2022_CURRENT_AUTHORITY_UNCONFIRMED
Merangin	MERANGIN	TABIR ILIR	TDM Bangko	Other	MAPPING RING 2022/Summary Pembagian Ring.xlsx	Ring	G73	HISTORICAL_2022_CURRENT_AUTHORITY_UNCONFIRMED
Merangin	MERANGIN	TABIR ILIR	POS TDM Pamenang	Other	MAPPING RING 2022/Summary Pembagian Ring.xlsx	Ring	H73	HISTORICAL_2022_CURRENT_AUTHORITY_UNCONFIRMED
Merangin	MERANGIN	TABIR LINTAS	Anugrah Honda Motor	Ring 2	MAPPING RING 2022/Summary Pembagian Ring.xlsx	Ring	C74	HISTORICAL_2022_CURRENT_AUTHORITY_UNCONFIRMED
Merangin	MERANGIN	TABIR LINTAS	CLS Bangko	Ring 2	MAPPING RING 2022/Summary Pembagian Ring.xlsx	Ring	D74	HISTORICAL_2022_CURRENT_AUTHORITY_UNCONFIRMED
Merangin	MERANGIN	TABIR LINTAS	CLS Pamenang	Other	MAPPING RING 2022/Summary Pembagian Ring.xlsx	Ring	E74	HISTORICAL_2022_CURRENT_AUTHORITY_UNCONFIRMED
Merangin	MERANGIN	TABIR LINTAS	Mitra Sentosa Mas	Ring 2	MAPPING RING 2022/Summary Pembagian Ring.xlsx	Ring	F74	HISTORICAL_2022_CURRENT_AUTHORITY_UNCONFIRMED
Merangin	MERANGIN	TABIR LINTAS	TDM Bangko	Ring 2	MAPPING RING 2022/Summary Pembagian Ring.xlsx	Ring	G74	HISTORICAL_2022_CURRENT_AUTHORITY_UNCONFIRMED
Merangin	MERANGIN	TABIR LINTAS	POS TDM Pamenang	Ring 3	MAPPING RING 2022/Summary Pembagian Ring.xlsx	Ring	H74	HISTORICAL_2022_CURRENT_AUTHORITY_UNCONFIRMED
Merangin	MERANGIN	TABIR SELATAN	Anugrah Honda Motor	Ring 2	MAPPING RING 2022/Summary Pembagian Ring.xlsx	Ring	C75	HISTORICAL_2022_CURRENT_AUTHORITY_UNCONFIRMED
Merangin	MERANGIN	TABIR SELATAN	CLS Bangko	Ring 2	MAPPING RING 2022/Summary Pembagian Ring.xlsx	Ring	D75	HISTORICAL_2022_CURRENT_AUTHORITY_UNCONFIRMED
Merangin	MERANGIN	TABIR SELATAN	CLS Pamenang	Ring 3	MAPPING RING 2022/Summary Pembagian Ring.xlsx	Ring	E75	HISTORICAL_2022_CURRENT_AUTHORITY_UNCONFIRMED
Merangin	MERANGIN	TABIR SELATAN	Mitra Sentosa Mas	Lokasi	MAPPING RING 2022/Summary Pembagian Ring.xlsx	Ring	F75	HISTORICAL_2022_CURRENT_AUTHORITY_UNCONFIRMED
Merangin	MERANGIN	TABIR SELATAN	TDM Bangko	Ring 2	MAPPING RING 2022/Summary Pembagian Ring.xlsx	Ring	G75	HISTORICAL_2022_CURRENT_AUTHORITY_UNCONFIRMED
Merangin	MERANGIN	TABIR SELATAN	POS TDM Pamenang	Ring 2	MAPPING RING 2022/Summary Pembagian Ring.xlsx	Ring	H75	HISTORICAL_2022_CURRENT_AUTHORITY_UNCONFIRMED
Merangin	MERANGIN	TABIR TIMUR	Anugrah Honda Motor	Other	MAPPING RING 2022/Summary Pembagian Ring.xlsx	Ring	C76	HISTORICAL_2022_CURRENT_AUTHORITY_UNCONFIRMED
Merangin	MERANGIN	TABIR TIMUR	CLS Bangko	Other	MAPPING RING 2022/Summary Pembagian Ring.xlsx	Ring	D76	HISTORICAL_2022_CURRENT_AUTHORITY_UNCONFIRMED
Merangin	MERANGIN	TABIR TIMUR	CLS Pamenang	Other	MAPPING RING 2022/Summary Pembagian Ring.xlsx	Ring	E76	HISTORICAL_2022_CURRENT_AUTHORITY_UNCONFIRMED
Merangin	MERANGIN	TABIR TIMUR	Mitra Sentosa Mas	Other	MAPPING RING 2022/Summary Pembagian Ring.xlsx	Ring	F76	HISTORICAL_2022_CURRENT_AUTHORITY_UNCONFIRMED
Merangin	MERANGIN	TABIR TIMUR	TDM Bangko	Other	MAPPING RING 2022/Summary Pembagian Ring.xlsx	Ring	G76	HISTORICAL_2022_CURRENT_AUTHORITY_UNCONFIRMED
Merangin	MERANGIN	TABIR TIMUR	POS TDM Pamenang	Other	MAPPING RING 2022/Summary Pembagian Ring.xlsx	Ring	H76	HISTORICAL_2022_CURRENT_AUTHORITY_UNCONFIRMED
Merangin	MERANGIN	TABIR ULU	Anugrah Honda Motor	Ring 2	MAPPING RING 2022/Summary Pembagian Ring.xlsx	Ring	C77	HISTORICAL_2022_CURRENT_AUTHORITY_UNCONFIRMED
Merangin	MERANGIN	TABIR ULU	CLS Bangko	Ring 2	MAPPING RING 2022/Summary Pembagian Ring.xlsx	Ring	D77	HISTORICAL_2022_CURRENT_AUTHORITY_UNCONFIRMED
Merangin	MERANGIN	TABIR ULU	CLS Pamenang	Other	MAPPING RING 2022/Summary Pembagian Ring.xlsx	Ring	E77	HISTORICAL_2022_CURRENT_AUTHORITY_UNCONFIRMED
Merangin	MERANGIN	TABIR ULU	Mitra Sentosa Mas	Ring 3	MAPPING RING 2022/Summary Pembagian Ring.xlsx	Ring	F77	HISTORICAL_2022_CURRENT_AUTHORITY_UNCONFIRMED
Merangin	MERANGIN	TABIR ULU	TDM Bangko	Ring 2	MAPPING RING 2022/Summary Pembagian Ring.xlsx	Ring	G77	HISTORICAL_2022_CURRENT_AUTHORITY_UNCONFIRMED
Merangin	MERANGIN	TABIR ULU	POS TDM Pamenang	Other	MAPPING RING 2022/Summary Pembagian Ring.xlsx	Ring	H77	HISTORICAL_2022_CURRENT_AUTHORITY_UNCONFIRMED
Merangin	MERANGIN	TIANG PUMPUNG	Anugrah Honda Motor	Other	MAPPING RING 2022/Summary Pembagian Ring.xlsx	Ring	C78	HISTORICAL_2022_CURRENT_AUTHORITY_UNCONFIRMED
Merangin	MERANGIN	TIANG PUMPUNG	CLS Bangko	Other	MAPPING RING 2022/Summary Pembagian Ring.xlsx	Ring	D78	HISTORICAL_2022_CURRENT_AUTHORITY_UNCONFIRMED
Merangin	MERANGIN	TIANG PUMPUNG	CLS Pamenang	Other	MAPPING RING 2022/Summary Pembagian Ring.xlsx	Ring	E78	HISTORICAL_2022_CURRENT_AUTHORITY_UNCONFIRMED
Merangin	MERANGIN	TIANG PUMPUNG	Mitra Sentosa Mas	Other	MAPPING RING 2022/Summary Pembagian Ring.xlsx	Ring	F78	HISTORICAL_2022_CURRENT_AUTHORITY_UNCONFIRMED
Merangin	MERANGIN	TIANG PUMPUNG	TDM Bangko	Other	MAPPING RING 2022/Summary Pembagian Ring.xlsx	Ring	G78	HISTORICAL_2022_CURRENT_AUTHORITY_UNCONFIRMED
Merangin	MERANGIN	TIANG PUMPUNG	POS TDM Pamenang	Other	MAPPING RING 2022/Summary Pembagian Ring.xlsx	Ring	H78	HISTORICAL_2022_CURRENT_AUTHORITY_UNCONFIRMED
Muaro Jambi	MUARO JAMBI	BAHAR SELATAN	DAM Bahar	Ring 1	MAPPING RING 2022/Summary Pembagian Ring.xlsx	Ring	C83	HISTORICAL_2022_CURRENT_AUTHORITY_UNCONFIRMED
Muaro Jambi	MUARO JAMBI	BAHAR SELATAN	MWP Sengeti	Other	MAPPING RING 2022/Summary Pembagian Ring.xlsx	Ring	D83	HISTORICAL_2022_CURRENT_AUTHORITY_UNCONFIRMED
Muaro Jambi	MUARO JAMBI	BAHAR SELATAN	POS PAS Mendalo	Other	MAPPING RING 2022/Summary Pembagian Ring.xlsx	Ring	E83	HISTORICAL_2022_CURRENT_AUTHORITY_UNCONFIRMED
Muaro Jambi	MUARO JAMBI	BAHAR SELATAN	POS PAS Sei Gelam	Other	MAPPING RING 2022/Summary Pembagian Ring.xlsx	Ring	F83	HISTORICAL_2022_CURRENT_AUTHORITY_UNCONFIRMED
Muaro Jambi	MUARO JAMBI	BAHAR SELATAN	SSP Bahar	Ring 1	MAPPING RING 2022/Summary Pembagian Ring.xlsx	Ring	G83	HISTORICAL_2022_CURRENT_AUTHORITY_UNCONFIRMED
Muaro Jambi	MUARO JAMBI	BAHAR SELATAN	SM Tempino	Other	MAPPING RING 2022/Summary Pembagian Ring.xlsx	Ring	H83	HISTORICAL_2022_CURRENT_AUTHORITY_UNCONFIRMED
Muaro Jambi	MUARO JAMBI	BAHAR UTARA	DAM Bahar	Ring 1	MAPPING RING 2022/Summary Pembagian Ring.xlsx	Ring	C84	HISTORICAL_2022_CURRENT_AUTHORITY_UNCONFIRMED
Muaro Jambi	MUARO JAMBI	BAHAR UTARA	MWP Sengeti	Other	MAPPING RING 2022/Summary Pembagian Ring.xlsx	Ring	D84	HISTORICAL_2022_CURRENT_AUTHORITY_UNCONFIRMED
Muaro Jambi	MUARO JAMBI	BAHAR UTARA	POS PAS Mendalo	Other	MAPPING RING 2022/Summary Pembagian Ring.xlsx	Ring	E84	HISTORICAL_2022_CURRENT_AUTHORITY_UNCONFIRMED
Muaro Jambi	MUARO JAMBI	BAHAR UTARA	POS PAS Sei Gelam	Other	MAPPING RING 2022/Summary Pembagian Ring.xlsx	Ring	F84	HISTORICAL_2022_CURRENT_AUTHORITY_UNCONFIRMED
Muaro Jambi	MUARO JAMBI	BAHAR UTARA	SSP Bahar	Ring 1	MAPPING RING 2022/Summary Pembagian Ring.xlsx	Ring	G84	HISTORICAL_2022_CURRENT_AUTHORITY_UNCONFIRMED
Muaro Jambi	MUARO JAMBI	BAHAR UTARA	SM Tempino	Other	MAPPING RING 2022/Summary Pembagian Ring.xlsx	Ring	H84	HISTORICAL_2022_CURRENT_AUTHORITY_UNCONFIRMED
Muaro Jambi	MUARO JAMBI	JAMBI LUAR KOTA	DAM Bahar	Other	MAPPING RING 2022/Summary Pembagian Ring.xlsx	Ring	C85	HISTORICAL_2022_CURRENT_AUTHORITY_UNCONFIRMED
Muaro Jambi	MUARO JAMBI	JAMBI LUAR KOTA	MWP Sengeti	Ring 2	MAPPING RING 2022/Summary Pembagian Ring.xlsx	Ring	D85	HISTORICAL_2022_CURRENT_AUTHORITY_UNCONFIRMED
Muaro Jambi	MUARO JAMBI	JAMBI LUAR KOTA	POS PAS Mendalo	Lokasi	MAPPING RING 2022/Summary Pembagian Ring.xlsx	Ring	E85	HISTORICAL_2022_CURRENT_AUTHORITY_UNCONFIRMED
Muaro Jambi	MUARO JAMBI	JAMBI LUAR KOTA	POS PAS Sei Gelam	Ring 3	MAPPING RING 2022/Summary Pembagian Ring.xlsx	Ring	F85	HISTORICAL_2022_CURRENT_AUTHORITY_UNCONFIRMED
Muaro Jambi	MUARO JAMBI	JAMBI LUAR KOTA	SSP Bahar	Other	MAPPING RING 2022/Summary Pembagian Ring.xlsx	Ring	G85	HISTORICAL_2022_CURRENT_AUTHORITY_UNCONFIRMED
Muaro Jambi	MUARO JAMBI	JAMBI LUAR KOTA	SM Tempino	Ring 1	MAPPING RING 2022/Summary Pembagian Ring.xlsx	Ring	H85	HISTORICAL_2022_CURRENT_AUTHORITY_UNCONFIRMED
Muaro Jambi	MUARO JAMBI	KUMPEH	DAM Bahar	Other	MAPPING RING 2022/Summary Pembagian Ring.xlsx	Ring	C86	HISTORICAL_2022_CURRENT_AUTHORITY_UNCONFIRMED
Muaro Jambi	MUARO JAMBI	KUMPEH	MWP Sengeti	Other	MAPPING RING 2022/Summary Pembagian Ring.xlsx	Ring	D86	HISTORICAL_2022_CURRENT_AUTHORITY_UNCONFIRMED
Muaro Jambi	MUARO JAMBI	KUMPEH	POS PAS Mendalo	Other	MAPPING RING 2022/Summary Pembagian Ring.xlsx	Ring	E86	HISTORICAL_2022_CURRENT_AUTHORITY_UNCONFIRMED
Muaro Jambi	MUARO JAMBI	KUMPEH	POS PAS Sei Gelam	Ring 3	MAPPING RING 2022/Summary Pembagian Ring.xlsx	Ring	F86	HISTORICAL_2022_CURRENT_AUTHORITY_UNCONFIRMED
Muaro Jambi	MUARO JAMBI	KUMPEH	SSP Bahar	Other	MAPPING RING 2022/Summary Pembagian Ring.xlsx	Ring	G86	HISTORICAL_2022_CURRENT_AUTHORITY_UNCONFIRMED
Muaro Jambi	MUARO JAMBI	KUMPEH	SM Tempino	Other	MAPPING RING 2022/Summary Pembagian Ring.xlsx	Ring	H86	HISTORICAL_2022_CURRENT_AUTHORITY_UNCONFIRMED
Muaro Jambi	MUARO JAMBI	KUMPEH ULU	DAM Bahar	Other	MAPPING RING 2022/Summary Pembagian Ring.xlsx	Ring	C87	HISTORICAL_2022_CURRENT_AUTHORITY_UNCONFIRMED
Muaro Jambi	MUARO JAMBI	KUMPEH ULU	MWP Sengeti	Ring 3	MAPPING RING 2022/Summary Pembagian Ring.xlsx	Ring	D87	HISTORICAL_2022_CURRENT_AUTHORITY_UNCONFIRMED
Muaro Jambi	MUARO JAMBI	KUMPEH ULU	POS PAS Mendalo	Ring 3	MAPPING RING 2022/Summary Pembagian Ring.xlsx	Ring	E87	HISTORICAL_2022_CURRENT_AUTHORITY_UNCONFIRMED
Muaro Jambi	MUARO JAMBI	KUMPEH ULU	POS PAS Sei Gelam	Ring 2	MAPPING RING 2022/Summary Pembagian Ring.xlsx	Ring	F87	HISTORICAL_2022_CURRENT_AUTHORITY_UNCONFIRMED
Muaro Jambi	MUARO JAMBI	KUMPEH ULU	SSP Bahar	Other	MAPPING RING 2022/Summary Pembagian Ring.xlsx	Ring	G87	HISTORICAL_2022_CURRENT_AUTHORITY_UNCONFIRMED
Muaro Jambi	MUARO JAMBI	KUMPEH ULU	SM Tempino	Ring 2	MAPPING RING 2022/Summary Pembagian Ring.xlsx	Ring	H87	HISTORICAL_2022_CURRENT_AUTHORITY_UNCONFIRMED
Muaro Jambi	MUARO JAMBI	MARO SEBO	DAM Bahar	Other	MAPPING RING 2022/Summary Pembagian Ring.xlsx	Ring	C88	HISTORICAL_2022_CURRENT_AUTHORITY_UNCONFIRMED
Muaro Jambi	MUARO JAMBI	MARO SEBO	MWP Sengeti	Ring 2	MAPPING RING 2022/Summary Pembagian Ring.xlsx	Ring	D88	HISTORICAL_2022_CURRENT_AUTHORITY_UNCONFIRMED
Muaro Jambi	MUARO JAMBI	MARO SEBO	POS PAS Mendalo	Ring 2	MAPPING RING 2022/Summary Pembagian Ring.xlsx	Ring	E88	HISTORICAL_2022_CURRENT_AUTHORITY_UNCONFIRMED
Muaro Jambi	MUARO JAMBI	MARO SEBO	POS PAS Sei Gelam	Other	MAPPING RING 2022/Summary Pembagian Ring.xlsx	Ring	F88	HISTORICAL_2022_CURRENT_AUTHORITY_UNCONFIRMED
Muaro Jambi	MUARO JAMBI	MARO SEBO	SSP Bahar	Other	MAPPING RING 2022/Summary Pembagian Ring.xlsx	Ring	G88	HISTORICAL_2022_CURRENT_AUTHORITY_UNCONFIRMED
Muaro Jambi	MUARO JAMBI	MARO SEBO	SM Tempino	Ring 3	MAPPING RING 2022/Summary Pembagian Ring.xlsx	Ring	H88	HISTORICAL_2022_CURRENT_AUTHORITY_UNCONFIRMED
Muaro Jambi	MUARO JAMBI	MESTONG	DAM Bahar	Ring 3	MAPPING RING 2022/Summary Pembagian Ring.xlsx	Ring	C89	HISTORICAL_2022_CURRENT_AUTHORITY_UNCONFIRMED
Muaro Jambi	MUARO JAMBI	MESTONG	MWP Sengeti	Other	MAPPING RING 2022/Summary Pembagian Ring.xlsx	Ring	D89	HISTORICAL_2022_CURRENT_AUTHORITY_UNCONFIRMED
Muaro Jambi	MUARO JAMBI	MESTONG	POS PAS Mendalo	Ring 2	MAPPING RING 2022/Summary Pembagian Ring.xlsx	Ring	E89	HISTORICAL_2022_CURRENT_AUTHORITY_UNCONFIRMED
Muaro Jambi	MUARO JAMBI	MESTONG	POS PAS Sei Gelam	Ring 2	MAPPING RING 2022/Summary Pembagian Ring.xlsx	Ring	F89	HISTORICAL_2022_CURRENT_AUTHORITY_UNCONFIRMED
Muaro Jambi	MUARO JAMBI	MESTONG	SSP Bahar	Ring 2	MAPPING RING 2022/Summary Pembagian Ring.xlsx	Ring	G89	HISTORICAL_2022_CURRENT_AUTHORITY_UNCONFIRMED
Muaro Jambi	MUARO JAMBI	MESTONG	SM Tempino	Lokasi	MAPPING RING 2022/Summary Pembagian Ring.xlsx	Ring	H89	HISTORICAL_2022_CURRENT_AUTHORITY_UNCONFIRMED
Muaro Jambi	MUARO JAMBI	SEKERNAN	DAM Bahar	Other	MAPPING RING 2022/Summary Pembagian Ring.xlsx	Ring	C90	HISTORICAL_2022_CURRENT_AUTHORITY_UNCONFIRMED
Muaro Jambi	MUARO JAMBI	SEKERNAN	MWP Sengeti	Lokasi	MAPPING RING 2022/Summary Pembagian Ring.xlsx	Ring	D90	HISTORICAL_2022_CURRENT_AUTHORITY_UNCONFIRMED
Muaro Jambi	MUARO JAMBI	SEKERNAN	POS PAS Mendalo	Ring 1	MAPPING RING 2022/Summary Pembagian Ring.xlsx	Ring	E90	HISTORICAL_2022_CURRENT_AUTHORITY_UNCONFIRMED
Muaro Jambi	MUARO JAMBI	SEKERNAN	POS PAS Sei Gelam	Other	MAPPING RING 2022/Summary Pembagian Ring.xlsx	Ring	F90	HISTORICAL_2022_CURRENT_AUTHORITY_UNCONFIRMED
Muaro Jambi	MUARO JAMBI	SEKERNAN	SSP Bahar	Other	MAPPING RING 2022/Summary Pembagian Ring.xlsx	Ring	G90	HISTORICAL_2022_CURRENT_AUTHORITY_UNCONFIRMED
Muaro Jambi	MUARO JAMBI	SEKERNAN	SM Tempino	Ring 3	MAPPING RING 2022/Summary Pembagian Ring.xlsx	Ring	H90	HISTORICAL_2022_CURRENT_AUTHORITY_UNCONFIRMED
Muaro Jambi	MUARO JAMBI	SUNGAI BAHAR	DAM Bahar	Lokasi	MAPPING RING 2022/Summary Pembagian Ring.xlsx	Ring	C91	HISTORICAL_2022_CURRENT_AUTHORITY_UNCONFIRMED
Muaro Jambi	MUARO JAMBI	SUNGAI BAHAR	MWP Sengeti	Other	MAPPING RING 2022/Summary Pembagian Ring.xlsx	Ring	D91	HISTORICAL_2022_CURRENT_AUTHORITY_UNCONFIRMED
Muaro Jambi	MUARO JAMBI	SUNGAI BAHAR	POS PAS Mendalo	Other	MAPPING RING 2022/Summary Pembagian Ring.xlsx	Ring	E91	HISTORICAL_2022_CURRENT_AUTHORITY_UNCONFIRMED
Muaro Jambi	MUARO JAMBI	SUNGAI BAHAR	POS PAS Sei Gelam	Other	MAPPING RING 2022/Summary Pembagian Ring.xlsx	Ring	F91	HISTORICAL_2022_CURRENT_AUTHORITY_UNCONFIRMED
Muaro Jambi	MUARO JAMBI	SUNGAI BAHAR	SSP Bahar	Lokasi	MAPPING RING 2022/Summary Pembagian Ring.xlsx	Ring	G91	HISTORICAL_2022_CURRENT_AUTHORITY_UNCONFIRMED
Muaro Jambi	MUARO JAMBI	SUNGAI BAHAR	SM Tempino	Other	MAPPING RING 2022/Summary Pembagian Ring.xlsx	Ring	H91	HISTORICAL_2022_CURRENT_AUTHORITY_UNCONFIRMED
Muaro Jambi	MUARO JAMBI	SUNGAI GELAM	DAM Bahar	Other	MAPPING RING 2022/Summary Pembagian Ring.xlsx	Ring	C92	HISTORICAL_2022_CURRENT_AUTHORITY_UNCONFIRMED
Muaro Jambi	MUARO JAMBI	SUNGAI GELAM	MWP Sengeti	Other	MAPPING RING 2022/Summary Pembagian Ring.xlsx	Ring	D92	HISTORICAL_2022_CURRENT_AUTHORITY_UNCONFIRMED
Muaro Jambi	MUARO JAMBI	SUNGAI GELAM	POS PAS Mendalo	Ring 2	MAPPING RING 2022/Summary Pembagian Ring.xlsx	Ring	E92	HISTORICAL_2022_CURRENT_AUTHORITY_UNCONFIRMED
Muaro Jambi	MUARO JAMBI	SUNGAI GELAM	POS PAS Sei Gelam	Lokasi	MAPPING RING 2022/Summary Pembagian Ring.xlsx	Ring	F92	HISTORICAL_2022_CURRENT_AUTHORITY_UNCONFIRMED
Muaro Jambi	MUARO JAMBI	SUNGAI GELAM	SSP Bahar	Other	MAPPING RING 2022/Summary Pembagian Ring.xlsx	Ring	G92	HISTORICAL_2022_CURRENT_AUTHORITY_UNCONFIRMED
Muaro Jambi	MUARO JAMBI	SUNGAI GELAM	SM Tempino	Ring 1	MAPPING RING 2022/Summary Pembagian Ring.xlsx	Ring	H92	HISTORICAL_2022_CURRENT_AUTHORITY_UNCONFIRMED
Muaro Jambi	MUARO JAMBI	TAMAN RAJO	DAM Bahar	Other	MAPPING RING 2022/Summary Pembagian Ring.xlsx	Ring	C93	HISTORICAL_2022_CURRENT_AUTHORITY_UNCONFIRMED
Muaro Jambi	MUARO JAMBI	TAMAN RAJO	MWP Sengeti	Ring 3	MAPPING RING 2022/Summary Pembagian Ring.xlsx	Ring	D93	HISTORICAL_2022_CURRENT_AUTHORITY_UNCONFIRMED
Muaro Jambi	MUARO JAMBI	TAMAN RAJO	POS PAS Mendalo	Ring 3	MAPPING RING 2022/Summary Pembagian Ring.xlsx	Ring	E93	HISTORICAL_2022_CURRENT_AUTHORITY_UNCONFIRMED
Muaro Jambi	MUARO JAMBI	TAMAN RAJO	POS PAS Sei Gelam	Ring 3	MAPPING RING 2022/Summary Pembagian Ring.xlsx	Ring	F93	HISTORICAL_2022_CURRENT_AUTHORITY_UNCONFIRMED
Muaro Jambi	MUARO JAMBI	TAMAN RAJO	SSP Bahar	Other	MAPPING RING 2022/Summary Pembagian Ring.xlsx	Ring	G93	HISTORICAL_2022_CURRENT_AUTHORITY_UNCONFIRMED
Muaro Jambi	MUARO JAMBI	TAMAN RAJO	SM Tempino	Ring 3	MAPPING RING 2022/Summary Pembagian Ring.xlsx	Ring	H93	HISTORICAL_2022_CURRENT_AUTHORITY_UNCONFIRMED
Sarolangun	SAROLANGUN	AIR HITAM	CLS Singkut	Other	MAPPING RING 2022/Summary Pembagian Ring.xlsx	Ring	C99	HISTORICAL_2022_CURRENT_AUTHORITY_UNCONFIRMED
Sarolangun	SAROLANGUN	AIR HITAM	CSM Mandiangin	Ring 2	MAPPING RING 2022/Summary Pembagian Ring.xlsx	Ring	D99	HISTORICAL_2022_CURRENT_AUTHORITY_UNCONFIRMED
Sarolangun	SAROLANGUN	AIR HITAM	CSM Sarolangun	Ring 3	MAPPING RING 2022/Summary Pembagian Ring.xlsx	Ring	E99	HISTORICAL_2022_CURRENT_AUTHORITY_UNCONFIRMED
Sarolangun	SAROLANGUN	AIR HITAM	NSS Sarolangun	Ring 3	MAPPING RING 2022/Summary Pembagian Ring.xlsx	Ring	F99	HISTORICAL_2022_CURRENT_AUTHORITY_UNCONFIRMED
Sarolangun	SAROLANGUN	AIR HITAM	PAS Sarolangun	Ring 3	MAPPING RING 2022/Summary Pembagian Ring.xlsx	Ring	G99	HISTORICAL_2022_CURRENT_AUTHORITY_UNCONFIRMED
Sarolangun	SAROLANGUN	AIR HITAM	POS PAS Pauh	Ring 1	MAPPING RING 2022/Summary Pembagian Ring.xlsx	Ring	H99	HISTORICAL_2022_CURRENT_AUTHORITY_UNCONFIRMED
Sarolangun	SAROLANGUN	BATANG ASAI	CLS Singkut	Other	MAPPING RING 2022/Summary Pembagian Ring.xlsx	Ring	C100	HISTORICAL_2022_CURRENT_AUTHORITY_UNCONFIRMED
Sarolangun	SAROLANGUN	BATANG ASAI	CSM Mandiangin	Other	MAPPING RING 2022/Summary Pembagian Ring.xlsx	Ring	D100	HISTORICAL_2022_CURRENT_AUTHORITY_UNCONFIRMED
Sarolangun	SAROLANGUN	BATANG ASAI	CSM Sarolangun	Other	MAPPING RING 2022/Summary Pembagian Ring.xlsx	Ring	E100	HISTORICAL_2022_CURRENT_AUTHORITY_UNCONFIRMED
Sarolangun	SAROLANGUN	BATANG ASAI	NSS Sarolangun	Other	MAPPING RING 2022/Summary Pembagian Ring.xlsx	Ring	F100	HISTORICAL_2022_CURRENT_AUTHORITY_UNCONFIRMED
Sarolangun	SAROLANGUN	BATANG ASAI	PAS Sarolangun	Other	MAPPING RING 2022/Summary Pembagian Ring.xlsx	Ring	G100	HISTORICAL_2022_CURRENT_AUTHORITY_UNCONFIRMED
Sarolangun	SAROLANGUN	BATANG ASAI	POS PAS Pauh	Other	MAPPING RING 2022/Summary Pembagian Ring.xlsx	Ring	H100	HISTORICAL_2022_CURRENT_AUTHORITY_UNCONFIRMED
Sarolangun	SAROLANGUN	BATHIN VIII	CLS Singkut	Ring 3	MAPPING RING 2022/Summary Pembagian Ring.xlsx	Ring	C101	HISTORICAL_2022_CURRENT_AUTHORITY_UNCONFIRMED
Sarolangun	SAROLANGUN	BATHIN VIII	CSM Mandiangin	Other	MAPPING RING 2022/Summary Pembagian Ring.xlsx	Ring	D101	HISTORICAL_2022_CURRENT_AUTHORITY_UNCONFIRMED
Sarolangun	SAROLANGUN	BATHIN VIII	CSM Sarolangun	Ring 1	MAPPING RING 2022/Summary Pembagian Ring.xlsx	Ring	E101	HISTORICAL_2022_CURRENT_AUTHORITY_UNCONFIRMED
Sarolangun	SAROLANGUN	BATHIN VIII	NSS Sarolangun	Ring 1	MAPPING RING 2022/Summary Pembagian Ring.xlsx	Ring	F101	HISTORICAL_2022_CURRENT_AUTHORITY_UNCONFIRMED
Sarolangun	SAROLANGUN	BATHIN VIII	PAS Sarolangun	Ring 1	MAPPING RING 2022/Summary Pembagian Ring.xlsx	Ring	G101	HISTORICAL_2022_CURRENT_AUTHORITY_UNCONFIRMED
Sarolangun	SAROLANGUN	BATHIN VIII	POS PAS Pauh	Ring 2	MAPPING RING 2022/Summary Pembagian Ring.xlsx	Ring	H101	HISTORICAL_2022_CURRENT_AUTHORITY_UNCONFIRMED
Sarolangun	SAROLANGUN	CERMIN NAN GEDANG	CLS Singkut	Ring 2	MAPPING RING 2022/Summary Pembagian Ring.xlsx	Ring	C102	HISTORICAL_2022_CURRENT_AUTHORITY_UNCONFIRMED
Sarolangun	SAROLANGUN	CERMIN NAN GEDANG	CSM Mandiangin	Other	MAPPING RING 2022/Summary Pembagian Ring.xlsx	Ring	D102	HISTORICAL_2022_CURRENT_AUTHORITY_UNCONFIRMED
Sarolangun	SAROLANGUN	CERMIN NAN GEDANG	CSM Sarolangun	Ring 1	MAPPING RING 2022/Summary Pembagian Ring.xlsx	Ring	E102	HISTORICAL_2022_CURRENT_AUTHORITY_UNCONFIRMED
Sarolangun	SAROLANGUN	CERMIN NAN GEDANG	NSS Sarolangun	Ring 1	MAPPING RING 2022/Summary Pembagian Ring.xlsx	Ring	F102	HISTORICAL_2022_CURRENT_AUTHORITY_UNCONFIRMED
Sarolangun	SAROLANGUN	CERMIN NAN GEDANG	PAS Sarolangun	Ring 1	MAPPING RING 2022/Summary Pembagian Ring.xlsx	Ring	G102	HISTORICAL_2022_CURRENT_AUTHORITY_UNCONFIRMED
Sarolangun	SAROLANGUN	CERMIN NAN GEDANG	POS PAS Pauh	Ring 3	MAPPING RING 2022/Summary Pembagian Ring.xlsx	Ring	H102	HISTORICAL_2022_CURRENT_AUTHORITY_UNCONFIRMED
Sarolangun	SAROLANGUN	LIMUN	CLS Singkut	Ring 1	MAPPING RING 2022/Summary Pembagian Ring.xlsx	Ring	C103	HISTORICAL_2022_CURRENT_AUTHORITY_UNCONFIRMED
Sarolangun	SAROLANGUN	LIMUN	CSM Mandiangin	Other	MAPPING RING 2022/Summary Pembagian Ring.xlsx	Ring	D103	HISTORICAL_2022_CURRENT_AUTHORITY_UNCONFIRMED
Sarolangun	SAROLANGUN	LIMUN	CSM Sarolangun	Ring 2	MAPPING RING 2022/Summary Pembagian Ring.xlsx	Ring	E103	HISTORICAL_2022_CURRENT_AUTHORITY_UNCONFIRMED
Sarolangun	SAROLANGUN	LIMUN	NSS Sarolangun	Ring 2	MAPPING RING 2022/Summary Pembagian Ring.xlsx	Ring	F103	HISTORICAL_2022_CURRENT_AUTHORITY_UNCONFIRMED
Sarolangun	SAROLANGUN	LIMUN	PAS Sarolangun	Ring 2	MAPPING RING 2022/Summary Pembagian Ring.xlsx	Ring	G103	HISTORICAL_2022_CURRENT_AUTHORITY_UNCONFIRMED
Sarolangun	SAROLANGUN	LIMUN	POS PAS Pauh	Other	MAPPING RING 2022/Summary Pembagian Ring.xlsx	Ring	H103	HISTORICAL_2022_CURRENT_AUTHORITY_UNCONFIRMED
Sarolangun	SAROLANGUN	MANDIANGIN	CLS Singkut	Other	MAPPING RING 2022/Summary Pembagian Ring.xlsx	Ring	C104	HISTORICAL_2022_CURRENT_AUTHORITY_UNCONFIRMED
Sarolangun	SAROLANGUN	MANDIANGIN	CSM Mandiangin	Lokasi	MAPPING RING 2022/Summary Pembagian Ring.xlsx	Ring	D104	HISTORICAL_2022_CURRENT_AUTHORITY_UNCONFIRMED
Sarolangun	SAROLANGUN	MANDIANGIN	CSM Sarolangun	Ring 3	MAPPING RING 2022/Summary Pembagian Ring.xlsx	Ring	E104	HISTORICAL_2022_CURRENT_AUTHORITY_UNCONFIRMED
Sarolangun	SAROLANGUN	MANDIANGIN	NSS Sarolangun	Ring 3	MAPPING RING 2022/Summary Pembagian Ring.xlsx	Ring	F104	HISTORICAL_2022_CURRENT_AUTHORITY_UNCONFIRMED
Sarolangun	SAROLANGUN	MANDIANGIN	PAS Sarolangun	Ring 3	MAPPING RING 2022/Summary Pembagian Ring.xlsx	Ring	G104	HISTORICAL_2022_CURRENT_AUTHORITY_UNCONFIRMED
Sarolangun	SAROLANGUN	MANDIANGIN	POS PAS Pauh	Ring 1	MAPPING RING 2022/Summary Pembagian Ring.xlsx	Ring	H104	HISTORICAL_2022_CURRENT_AUTHORITY_UNCONFIRMED
Sarolangun	SAROLANGUN	PAUH	CLS Singkut	Other	MAPPING RING 2022/Summary Pembagian Ring.xlsx	Ring	C105	HISTORICAL_2022_CURRENT_AUTHORITY_UNCONFIRMED
Sarolangun	SAROLANGUN	PAUH	CSM Mandiangin	Ring 2	MAPPING RING 2022/Summary Pembagian Ring.xlsx	Ring	D105	HISTORICAL_2022_CURRENT_AUTHORITY_UNCONFIRMED
Sarolangun	SAROLANGUN	PAUH	CSM Sarolangun	Ring 2	MAPPING RING 2022/Summary Pembagian Ring.xlsx	Ring	E105	HISTORICAL_2022_CURRENT_AUTHORITY_UNCONFIRMED
Sarolangun	SAROLANGUN	PAUH	NSS Sarolangun	Ring 2	MAPPING RING 2022/Summary Pembagian Ring.xlsx	Ring	F105	HISTORICAL_2022_CURRENT_AUTHORITY_UNCONFIRMED
Sarolangun	SAROLANGUN	PAUH	PAS Sarolangun	Ring 2	MAPPING RING 2022/Summary Pembagian Ring.xlsx	Ring	G105	HISTORICAL_2022_CURRENT_AUTHORITY_UNCONFIRMED
Sarolangun	SAROLANGUN	PAUH	POS PAS Pauh	Lokasi	MAPPING RING 2022/Summary Pembagian Ring.xlsx	Ring	H105	HISTORICAL_2022_CURRENT_AUTHORITY_UNCONFIRMED
Sarolangun	SAROLANGUN	PELAWAN	CLS Singkut	Ring 1	MAPPING RING 2022/Summary Pembagian Ring.xlsx	Ring	C106	HISTORICAL_2022_CURRENT_AUTHORITY_UNCONFIRMED
Sarolangun	SAROLANGUN	PELAWAN	CSM Mandiangin	Other	MAPPING RING 2022/Summary Pembagian Ring.xlsx	Ring	D106	HISTORICAL_2022_CURRENT_AUTHORITY_UNCONFIRMED
Sarolangun	SAROLANGUN	PELAWAN	CSM Sarolangun	Ring 1	MAPPING RING 2022/Summary Pembagian Ring.xlsx	Ring	E106	HISTORICAL_2022_CURRENT_AUTHORITY_UNCONFIRMED
Sarolangun	SAROLANGUN	PELAWAN	NSS Sarolangun	Ring 1	MAPPING RING 2022/Summary Pembagian Ring.xlsx	Ring	F106	HISTORICAL_2022_CURRENT_AUTHORITY_UNCONFIRMED
Sarolangun	SAROLANGUN	PELAWAN	PAS Sarolangun	Ring 1	MAPPING RING 2022/Summary Pembagian Ring.xlsx	Ring	G106	HISTORICAL_2022_CURRENT_AUTHORITY_UNCONFIRMED
Sarolangun	SAROLANGUN	PELAWAN	POS PAS Pauh	Ring 3	MAPPING RING 2022/Summary Pembagian Ring.xlsx	Ring	H106	HISTORICAL_2022_CURRENT_AUTHORITY_UNCONFIRMED
Sarolangun	SAROLANGUN	SAROLANGUN	CLS Singkut	Ring 3	MAPPING RING 2022/Summary Pembagian Ring.xlsx	Ring	C107	HISTORICAL_2022_CURRENT_AUTHORITY_UNCONFIRMED
Sarolangun	SAROLANGUN	SAROLANGUN	CSM Mandiangin	Other	MAPPING RING 2022/Summary Pembagian Ring.xlsx	Ring	D107	HISTORICAL_2022_CURRENT_AUTHORITY_UNCONFIRMED
Sarolangun	SAROLANGUN	SAROLANGUN	CSM Sarolangun	Lokasi	MAPPING RING 2022/Summary Pembagian Ring.xlsx	Ring	E107	HISTORICAL_2022_CURRENT_AUTHORITY_UNCONFIRMED
Sarolangun	SAROLANGUN	SAROLANGUN	NSS Sarolangun	Lokasi	MAPPING RING 2022/Summary Pembagian Ring.xlsx	Ring	F107	HISTORICAL_2022_CURRENT_AUTHORITY_UNCONFIRMED
Sarolangun	SAROLANGUN	SAROLANGUN	PAS Sarolangun	Lokasi	MAPPING RING 2022/Summary Pembagian Ring.xlsx	Ring	G107	HISTORICAL_2022_CURRENT_AUTHORITY_UNCONFIRMED
Sarolangun	SAROLANGUN	SAROLANGUN	POS PAS Pauh	Ring 2	MAPPING RING 2022/Summary Pembagian Ring.xlsx	Ring	H107	HISTORICAL_2022_CURRENT_AUTHORITY_UNCONFIRMED
Sarolangun	SAROLANGUN	SINGKUT	CLS Singkut	Lokasi	MAPPING RING 2022/Summary Pembagian Ring.xlsx	Ring	C108	HISTORICAL_2022_CURRENT_AUTHORITY_UNCONFIRMED
Sarolangun	SAROLANGUN	SINGKUT	CSM Mandiangin	Other	MAPPING RING 2022/Summary Pembagian Ring.xlsx	Ring	D108	HISTORICAL_2022_CURRENT_AUTHORITY_UNCONFIRMED
Sarolangun	SAROLANGUN	SINGKUT	CSM Sarolangun	Ring 2	MAPPING RING 2022/Summary Pembagian Ring.xlsx	Ring	E108	HISTORICAL_2022_CURRENT_AUTHORITY_UNCONFIRMED
Sarolangun	SAROLANGUN	SINGKUT	NSS Sarolangun	Ring 2	MAPPING RING 2022/Summary Pembagian Ring.xlsx	Ring	F108	HISTORICAL_2022_CURRENT_AUTHORITY_UNCONFIRMED
Sarolangun	SAROLANGUN	SINGKUT	PAS Sarolangun	Ring 2	MAPPING RING 2022/Summary Pembagian Ring.xlsx	Ring	G108	HISTORICAL_2022_CURRENT_AUTHORITY_UNCONFIRMED
Sarolangun	SAROLANGUN	SINGKUT	POS PAS Pauh	Other	MAPPING RING 2022/Summary Pembagian Ring.xlsx	Ring	H108	HISTORICAL_2022_CURRENT_AUTHORITY_UNCONFIRMED
Tebo	TEBO	MUARA TABIR	Agung Motor	Ring 2	MAPPING RING 2022/Summary Pembagian Ring.xlsx	Ring	C113	HISTORICAL_2022_CURRENT_AUTHORITY_UNCONFIRMED
Tebo	TEBO	MUARA TABIR	Badoray Rimbo	Other	MAPPING RING 2022/Summary Pembagian Ring.xlsx	Ring	D113	HISTORICAL_2022_CURRENT_AUTHORITY_UNCONFIRMED
Tebo	TEBO	MUARA TABIR	DAM Rimbo	Other	MAPPING RING 2022/Summary Pembagian Ring.xlsx	Ring	E113	HISTORICAL_2022_CURRENT_AUTHORITY_UNCONFIRMED
Tebo	TEBO	MUARA TABIR	WJM Rimbo	Other	MAPPING RING 2022/Summary Pembagian Ring.xlsx	Ring	F113	HISTORICAL_2022_CURRENT_AUTHORITY_UNCONFIRMED
Tebo	TEBO	MUARA TABIR	WJM Tebo	Ring 2	MAPPING RING 2022/Summary Pembagian Ring.xlsx	Ring	G113	HISTORICAL_2022_CURRENT_AUTHORITY_UNCONFIRMED
Tebo	TEBO	RIMBO BUJANG	Agung Motor	Other	MAPPING RING 2022/Summary Pembagian Ring.xlsx	Ring	C114	HISTORICAL_2022_CURRENT_AUTHORITY_UNCONFIRMED
Tebo	TEBO	RIMBO BUJANG	Badoray Rimbo	Lokasi	MAPPING RING 2022/Summary Pembagian Ring.xlsx	Ring	D114	HISTORICAL_2022_CURRENT_AUTHORITY_UNCONFIRMED
Tebo	TEBO	RIMBO BUJANG	DAM Rimbo	Lokasi	MAPPING RING 2022/Summary Pembagian Ring.xlsx	Ring	E114	HISTORICAL_2022_CURRENT_AUTHORITY_UNCONFIRMED
Tebo	TEBO	RIMBO BUJANG	WJM Rimbo	Lokasi	MAPPING RING 2022/Summary Pembagian Ring.xlsx	Ring	F114	HISTORICAL_2022_CURRENT_AUTHORITY_UNCONFIRMED
Tebo	TEBO	RIMBO BUJANG	WJM Tebo	Other	MAPPING RING 2022/Summary Pembagian Ring.xlsx	Ring	G114	HISTORICAL_2022_CURRENT_AUTHORITY_UNCONFIRMED
Tebo	TEBO	RIMBO ILIR	Agung Motor	Ring 2	MAPPING RING 2022/Summary Pembagian Ring.xlsx	Ring	C115	HISTORICAL_2022_CURRENT_AUTHORITY_UNCONFIRMED
Tebo	TEBO	RIMBO ILIR	Badoray Rimbo	Ring 3	MAPPING RING 2022/Summary Pembagian Ring.xlsx	Ring	D115	HISTORICAL_2022_CURRENT_AUTHORITY_UNCONFIRMED
Tebo	TEBO	RIMBO ILIR	DAM Rimbo	Ring 3	MAPPING RING 2022/Summary Pembagian Ring.xlsx	Ring	E115	HISTORICAL_2022_CURRENT_AUTHORITY_UNCONFIRMED
Tebo	TEBO	RIMBO ILIR	WJM Rimbo	Ring 3	MAPPING RING 2022/Summary Pembagian Ring.xlsx	Ring	F115	HISTORICAL_2022_CURRENT_AUTHORITY_UNCONFIRMED
Tebo	TEBO	RIMBO ILIR	WJM Tebo	Ring 2	MAPPING RING 2022/Summary Pembagian Ring.xlsx	Ring	G115	HISTORICAL_2022_CURRENT_AUTHORITY_UNCONFIRMED
Tebo	TEBO	RIMBO ULU	Agung Motor	Other	MAPPING RING 2022/Summary Pembagian Ring.xlsx	Ring	C116	HISTORICAL_2022_CURRENT_AUTHORITY_UNCONFIRMED
Tebo	TEBO	RIMBO ULU	Badoray Rimbo	Ring 1	MAPPING RING 2022/Summary Pembagian Ring.xlsx	Ring	D116	HISTORICAL_2022_CURRENT_AUTHORITY_UNCONFIRMED
Tebo	TEBO	RIMBO ULU	DAM Rimbo	Ring 1	MAPPING RING 2022/Summary Pembagian Ring.xlsx	Ring	E116	HISTORICAL_2022_CURRENT_AUTHORITY_UNCONFIRMED
Tebo	TEBO	RIMBO ULU	WJM Rimbo	Ring 1	MAPPING RING 2022/Summary Pembagian Ring.xlsx	Ring	F116	HISTORICAL_2022_CURRENT_AUTHORITY_UNCONFIRMED
Tebo	TEBO	RIMBO ULU	WJM Tebo	Other	MAPPING RING 2022/Summary Pembagian Ring.xlsx	Ring	G116	HISTORICAL_2022_CURRENT_AUTHORITY_UNCONFIRMED
Tebo	TEBO	SERAI SERUMPUN	Agung Motor	Ring 3	MAPPING RING 2022/Summary Pembagian Ring.xlsx	Ring	C117	HISTORICAL_2022_CURRENT_AUTHORITY_UNCONFIRMED
Tebo	TEBO	SERAI SERUMPUN	Badoray Rimbo	Ring 3	MAPPING RING 2022/Summary Pembagian Ring.xlsx	Ring	D117	HISTORICAL_2022_CURRENT_AUTHORITY_UNCONFIRMED
Tebo	TEBO	SERAI SERUMPUN	DAM Rimbo	Ring 3	MAPPING RING 2022/Summary Pembagian Ring.xlsx	Ring	E117	HISTORICAL_2022_CURRENT_AUTHORITY_UNCONFIRMED
Tebo	TEBO	SERAI SERUMPUN	WJM Rimbo	Ring 3	MAPPING RING 2022/Summary Pembagian Ring.xlsx	Ring	F117	HISTORICAL_2022_CURRENT_AUTHORITY_UNCONFIRMED
Tebo	TEBO	SERAI SERUMPUN	WJM Tebo	Ring 3	MAPPING RING 2022/Summary Pembagian Ring.xlsx	Ring	G117	HISTORICAL_2022_CURRENT_AUTHORITY_UNCONFIRMED
Tebo	TEBO	SUMAY	Agung Motor	Ring 1	MAPPING RING 2022/Summary Pembagian Ring.xlsx	Ring	C118	HISTORICAL_2022_CURRENT_AUTHORITY_UNCONFIRMED
Tebo	TEBO	SUMAY	Badoray Rimbo	Other	MAPPING RING 2022/Summary Pembagian Ring.xlsx	Ring	D118	HISTORICAL_2022_CURRENT_AUTHORITY_UNCONFIRMED
Tebo	TEBO	SUMAY	DAM Rimbo	Other	MAPPING RING 2022/Summary Pembagian Ring.xlsx	Ring	E118	HISTORICAL_2022_CURRENT_AUTHORITY_UNCONFIRMED
Tebo	TEBO	SUMAY	WJM Rimbo	Other	MAPPING RING 2022/Summary Pembagian Ring.xlsx	Ring	F118	HISTORICAL_2022_CURRENT_AUTHORITY_UNCONFIRMED
Tebo	TEBO	SUMAY	WJM Tebo	Ring 1	MAPPING RING 2022/Summary Pembagian Ring.xlsx	Ring	G118	HISTORICAL_2022_CURRENT_AUTHORITY_UNCONFIRMED
Tebo	TEBO	TEBO ILIR	Agung Motor	Ring 3	MAPPING RING 2022/Summary Pembagian Ring.xlsx	Ring	C119	HISTORICAL_2022_CURRENT_AUTHORITY_UNCONFIRMED
Tebo	TEBO	TEBO ILIR	Badoray Rimbo	Other	MAPPING RING 2022/Summary Pembagian Ring.xlsx	Ring	D119	HISTORICAL_2022_CURRENT_AUTHORITY_UNCONFIRMED
Tebo	TEBO	TEBO ILIR	DAM Rimbo	Other	MAPPING RING 2022/Summary Pembagian Ring.xlsx	Ring	E119	HISTORICAL_2022_CURRENT_AUTHORITY_UNCONFIRMED
Tebo	TEBO	TEBO ILIR	WJM Rimbo	Other	MAPPING RING 2022/Summary Pembagian Ring.xlsx	Ring	F119	HISTORICAL_2022_CURRENT_AUTHORITY_UNCONFIRMED
Tebo	TEBO	TEBO ILIR	WJM Tebo	Ring 3	MAPPING RING 2022/Summary Pembagian Ring.xlsx	Ring	G119	HISTORICAL_2022_CURRENT_AUTHORITY_UNCONFIRMED
Tebo	TEBO	TEBO TENGAH	Agung Motor	Lokasi	MAPPING RING 2022/Summary Pembagian Ring.xlsx	Ring	C120	HISTORICAL_2022_CURRENT_AUTHORITY_UNCONFIRMED
Tebo	TEBO	TEBO TENGAH	Badoray Rimbo	Other	MAPPING RING 2022/Summary Pembagian Ring.xlsx	Ring	D120	HISTORICAL_2022_CURRENT_AUTHORITY_UNCONFIRMED
Tebo	TEBO	TEBO TENGAH	DAM Rimbo	Other	MAPPING RING 2022/Summary Pembagian Ring.xlsx	Ring	E120	HISTORICAL_2022_CURRENT_AUTHORITY_UNCONFIRMED
Tebo	TEBO	TEBO TENGAH	WJM Rimbo	Other	MAPPING RING 2022/Summary Pembagian Ring.xlsx	Ring	F120	HISTORICAL_2022_CURRENT_AUTHORITY_UNCONFIRMED
Tebo	TEBO	TEBO TENGAH	WJM Tebo	Lokasi	MAPPING RING 2022/Summary Pembagian Ring.xlsx	Ring	G120	HISTORICAL_2022_CURRENT_AUTHORITY_UNCONFIRMED
Tebo	TEBO	TEBO ULU	Agung Motor	Ring 2	MAPPING RING 2022/Summary Pembagian Ring.xlsx	Ring	C121	HISTORICAL_2022_CURRENT_AUTHORITY_UNCONFIRMED
Tebo	TEBO	TEBO ULU	Badoray Rimbo	Ring 2	MAPPING RING 2022/Summary Pembagian Ring.xlsx	Ring	D121	HISTORICAL_2022_CURRENT_AUTHORITY_UNCONFIRMED
Tebo	TEBO	TEBO ULU	DAM Rimbo	Ring 2	MAPPING RING 2022/Summary Pembagian Ring.xlsx	Ring	E121	HISTORICAL_2022_CURRENT_AUTHORITY_UNCONFIRMED
Tebo	TEBO	TEBO ULU	WJM Rimbo	Ring 2	MAPPING RING 2022/Summary Pembagian Ring.xlsx	Ring	F121	HISTORICAL_2022_CURRENT_AUTHORITY_UNCONFIRMED
Tebo	TEBO	TEBO ULU	WJM Tebo	Ring 2	MAPPING RING 2022/Summary Pembagian Ring.xlsx	Ring	G121	HISTORICAL_2022_CURRENT_AUTHORITY_UNCONFIRMED
Tebo	TEBO	TENGAH ILIR	Agung Motor	Ring 2	MAPPING RING 2022/Summary Pembagian Ring.xlsx	Ring	C122	HISTORICAL_2022_CURRENT_AUTHORITY_UNCONFIRMED
Tebo	TEBO	TENGAH ILIR	Badoray Rimbo	Other	MAPPING RING 2022/Summary Pembagian Ring.xlsx	Ring	D122	HISTORICAL_2022_CURRENT_AUTHORITY_UNCONFIRMED
Tebo	TEBO	TENGAH ILIR	DAM Rimbo	Other	MAPPING RING 2022/Summary Pembagian Ring.xlsx	Ring	E122	HISTORICAL_2022_CURRENT_AUTHORITY_UNCONFIRMED
Tebo	TEBO	TENGAH ILIR	WJM Rimbo	Other	MAPPING RING 2022/Summary Pembagian Ring.xlsx	Ring	F122	HISTORICAL_2022_CURRENT_AUTHORITY_UNCONFIRMED
Tebo	TEBO	TENGAH ILIR	WJM Tebo	Ring 2	MAPPING RING 2022/Summary Pembagian Ring.xlsx	Ring	G122	HISTORICAL_2022_CURRENT_AUTHORITY_UNCONFIRMED
Tebo	TEBO	VII KOTO	Agung Motor	Other	MAPPING RING 2022/Summary Pembagian Ring.xlsx	Ring	C123	HISTORICAL_2022_CURRENT_AUTHORITY_UNCONFIRMED
Tebo	TEBO	VII KOTO	Badoray Rimbo	Ring 2	MAPPING RING 2022/Summary Pembagian Ring.xlsx	Ring	D123	HISTORICAL_2022_CURRENT_AUTHORITY_UNCONFIRMED
Tebo	TEBO	VII KOTO	DAM Rimbo	Ring 2	MAPPING RING 2022/Summary Pembagian Ring.xlsx	Ring	E123	HISTORICAL_2022_CURRENT_AUTHORITY_UNCONFIRMED
Tebo	TEBO	VII KOTO	WJM Rimbo	Ring 2	MAPPING RING 2022/Summary Pembagian Ring.xlsx	Ring	F123	HISTORICAL_2022_CURRENT_AUTHORITY_UNCONFIRMED
Tebo	TEBO	VII KOTO	WJM Tebo	Other	MAPPING RING 2022/Summary Pembagian Ring.xlsx	Ring	G123	HISTORICAL_2022_CURRENT_AUTHORITY_UNCONFIRMED
Tebo	TEBO	VII KOTO ILIR	Agung Motor	Other	MAPPING RING 2022/Summary Pembagian Ring.xlsx	Ring	C124	HISTORICAL_2022_CURRENT_AUTHORITY_UNCONFIRMED
Tebo	TEBO	VII KOTO ILIR	Badoray Rimbo	Ring 2	MAPPING RING 2022/Summary Pembagian Ring.xlsx	Ring	D124	HISTORICAL_2022_CURRENT_AUTHORITY_UNCONFIRMED
Tebo	TEBO	VII KOTO ILIR	DAM Rimbo	Ring 2	MAPPING RING 2022/Summary Pembagian Ring.xlsx	Ring	E124	HISTORICAL_2022_CURRENT_AUTHORITY_UNCONFIRMED
Tebo	TEBO	VII KOTO ILIR	WJM Rimbo	Ring 2	MAPPING RING 2022/Summary Pembagian Ring.xlsx	Ring	F124	HISTORICAL_2022_CURRENT_AUTHORITY_UNCONFIRMED
Tebo	TEBO	VII KOTO ILIR	WJM Tebo	Other	MAPPING RING 2022/Summary Pembagian Ring.xlsx	Ring	G124	HISTORICAL_2022_CURRENT_AUTHORITY_UNCONFIRMED
Tanjab Tim	TANJAB TIMUR	BERBAK	Bulan Sabak	Other	MAPPING RING 2022/Summary Pembagian Ring.xlsx	Ring	C129	HISTORICAL_2022_CURRENT_AUTHORITY_UNCONFIRMED
Tanjab Tim	TANJAB TIMUR	BERBAK	TDM Muara Sabak	Other	MAPPING RING 2022/Summary Pembagian Ring.xlsx	Ring	D129	HISTORICAL_2022_CURRENT_AUTHORITY_UNCONFIRMED
Tanjab Tim	TANJAB TIMUR	BERBAK	POS TDM Rantau Rasau	Ring 1	MAPPING RING 2022/Summary Pembagian Ring.xlsx	Ring	E129	HISTORICAL_2022_CURRENT_AUTHORITY_UNCONFIRMED
Tanjab Tim	TANJAB TIMUR	DENDANG	Bulan Sabak	Ring 1	MAPPING RING 2022/Summary Pembagian Ring.xlsx	Ring	C130	HISTORICAL_2022_CURRENT_AUTHORITY_UNCONFIRMED
Tanjab Tim	TANJAB TIMUR	DENDANG	TDM Muara Sabak	Ring 1	MAPPING RING 2022/Summary Pembagian Ring.xlsx	Ring	D130	HISTORICAL_2022_CURRENT_AUTHORITY_UNCONFIRMED
Tanjab Tim	TANJAB TIMUR	DENDANG	POS TDM Rantau Rasau	Ring 2	MAPPING RING 2022/Summary Pembagian Ring.xlsx	Ring	E130	HISTORICAL_2022_CURRENT_AUTHORITY_UNCONFIRMED
Tanjab Tim	TANJAB TIMUR	GERAGAI	Bulan Sabak	Ring 1	MAPPING RING 2022/Summary Pembagian Ring.xlsx	Ring	C131	HISTORICAL_2022_CURRENT_AUTHORITY_UNCONFIRMED
Tanjab Tim	TANJAB TIMUR	GERAGAI	TDM Muara Sabak	Ring 1	MAPPING RING 2022/Summary Pembagian Ring.xlsx	Ring	D131	HISTORICAL_2022_CURRENT_AUTHORITY_UNCONFIRMED
Tanjab Tim	TANJAB TIMUR	GERAGAI	POS TDM Rantau Rasau	Other	MAPPING RING 2022/Summary Pembagian Ring.xlsx	Ring	E131	HISTORICAL_2022_CURRENT_AUTHORITY_UNCONFIRMED
Tanjab Tim	TANJAB TIMUR	KUALA JAMBI	Bulan Sabak	Ring 2	MAPPING RING 2022/Summary Pembagian Ring.xlsx	Ring	C132	HISTORICAL_2022_CURRENT_AUTHORITY_UNCONFIRMED
Tanjab Tim	TANJAB TIMUR	KUALA JAMBI	TDM Muara Sabak	Ring 2	MAPPING RING 2022/Summary Pembagian Ring.xlsx	Ring	D132	HISTORICAL_2022_CURRENT_AUTHORITY_UNCONFIRMED
Tanjab Tim	TANJAB TIMUR	KUALA JAMBI	POS TDM Rantau Rasau	Other	MAPPING RING 2022/Summary Pembagian Ring.xlsx	Ring	E132	HISTORICAL_2022_CURRENT_AUTHORITY_UNCONFIRMED
Tanjab Tim	TANJAB TIMUR	MENDAHARA	Bulan Sabak	Ring 3	MAPPING RING 2022/Summary Pembagian Ring.xlsx	Ring	C133	HISTORICAL_2022_CURRENT_AUTHORITY_UNCONFIRMED
Tanjab Tim	TANJAB TIMUR	MENDAHARA	TDM Muara Sabak	Ring 3	MAPPING RING 2022/Summary Pembagian Ring.xlsx	Ring	D133	HISTORICAL_2022_CURRENT_AUTHORITY_UNCONFIRMED
Tanjab Tim	TANJAB TIMUR	MENDAHARA	POS TDM Rantau Rasau	Other	MAPPING RING 2022/Summary Pembagian Ring.xlsx	Ring	E133	HISTORICAL_2022_CURRENT_AUTHORITY_UNCONFIRMED
Tanjab Tim	TANJAB TIMUR	MENDAHARA ULU	Bulan Sabak	Ring 3	MAPPING RING 2022/Summary Pembagian Ring.xlsx	Ring	C134	HISTORICAL_2022_CURRENT_AUTHORITY_UNCONFIRMED
Tanjab Tim	TANJAB TIMUR	MENDAHARA ULU	TDM Muara Sabak	Ring 3	MAPPING RING 2022/Summary Pembagian Ring.xlsx	Ring	D134	HISTORICAL_2022_CURRENT_AUTHORITY_UNCONFIRMED
Tanjab Tim	TANJAB TIMUR	MENDAHARA ULU	POS TDM Rantau Rasau	Other	MAPPING RING 2022/Summary Pembagian Ring.xlsx	Ring	E134	HISTORICAL_2022_CURRENT_AUTHORITY_UNCONFIRMED
Tanjab Tim	TANJAB TIMUR	MUARA SABAK BARAT	Bulan Sabak	Lokasi	MAPPING RING 2022/Summary Pembagian Ring.xlsx	Ring	C135	HISTORICAL_2022_CURRENT_AUTHORITY_UNCONFIRMED
Tanjab Tim	TANJAB TIMUR	MUARA SABAK BARAT	TDM Muara Sabak	Lokasi	MAPPING RING 2022/Summary Pembagian Ring.xlsx	Ring	D135	HISTORICAL_2022_CURRENT_AUTHORITY_UNCONFIRMED
Tanjab Tim	TANJAB TIMUR	MUARA SABAK BARAT	POS TDM Rantau Rasau	Other	MAPPING RING 2022/Summary Pembagian Ring.xlsx	Ring	E135	HISTORICAL_2022_CURRENT_AUTHORITY_UNCONFIRMED
Tanjab Tim	TANJAB TIMUR	MUARA SABAK TIMUR	Bulan Sabak	Ring 2	MAPPING RING 2022/Summary Pembagian Ring.xlsx	Ring	C136	HISTORICAL_2022_CURRENT_AUTHORITY_UNCONFIRMED
Tanjab Tim	TANJAB TIMUR	MUARA SABAK TIMUR	TDM Muara Sabak	Ring 2	MAPPING RING 2022/Summary Pembagian Ring.xlsx	Ring	D136	HISTORICAL_2022_CURRENT_AUTHORITY_UNCONFIRMED
Tanjab Tim	TANJAB TIMUR	MUARA SABAK TIMUR	POS TDM Rantau Rasau	Ring 1	MAPPING RING 2022/Summary Pembagian Ring.xlsx	Ring	E136	HISTORICAL_2022_CURRENT_AUTHORITY_UNCONFIRMED
Tanjab Tim	TANJAB TIMUR	NIPAH PANJANG	Bulan Sabak	Other	MAPPING RING 2022/Summary Pembagian Ring.xlsx	Ring	C137	HISTORICAL_2022_CURRENT_AUTHORITY_UNCONFIRMED
Tanjab Tim	TANJAB TIMUR	NIPAH PANJANG	TDM Muara Sabak	Other	MAPPING RING 2022/Summary Pembagian Ring.xlsx	Ring	D137	HISTORICAL_2022_CURRENT_AUTHORITY_UNCONFIRMED
Tanjab Tim	TANJAB TIMUR	NIPAH PANJANG	POS TDM Rantau Rasau	Ring 2	MAPPING RING 2022/Summary Pembagian Ring.xlsx	Ring	E137	HISTORICAL_2022_CURRENT_AUTHORITY_UNCONFIRMED
Tanjab Tim	TANJAB TIMUR	RANTAU RASAU	Bulan Sabak	Ring 3	MAPPING RING 2022/Summary Pembagian Ring.xlsx	Ring	C138	HISTORICAL_2022_CURRENT_AUTHORITY_UNCONFIRMED
Tanjab Tim	TANJAB TIMUR	RANTAU RASAU	TDM Muara Sabak	Ring 3	MAPPING RING 2022/Summary Pembagian Ring.xlsx	Ring	D138	HISTORICAL_2022_CURRENT_AUTHORITY_UNCONFIRMED
Tanjab Tim	TANJAB TIMUR	RANTAU RASAU	POS TDM Rantau Rasau	Lokasi	MAPPING RING 2022/Summary Pembagian Ring.xlsx	Ring	E138	HISTORICAL_2022_CURRENT_AUTHORITY_UNCONFIRMED
Tanjab Tim	TANJAB TIMUR	SADU	Bulan Sabak	Other	MAPPING RING 2022/Summary Pembagian Ring.xlsx	Ring	C139	HISTORICAL_2022_CURRENT_AUTHORITY_UNCONFIRMED
Tanjab Tim	TANJAB TIMUR	SADU	TDM Muara Sabak	Other	MAPPING RING 2022/Summary Pembagian Ring.xlsx	Ring	D139	HISTORICAL_2022_CURRENT_AUTHORITY_UNCONFIRMED
Tanjab Tim	TANJAB TIMUR	SADU	POS TDM Rantau Rasau	Ring 3	MAPPING RING 2022/Summary Pembagian Ring.xlsx	Ring	E139	HISTORICAL_2022_CURRENT_AUTHORITY_UNCONFIRMED
Tanjabar	TANJAB BARAT	BATANG ASAM	Bulan Merlung	Ring 2	MAPPING RING 2022/Summary Pembagian Ring.xlsx	Ring	C144	HISTORICAL_2022_CURRENT_AUTHORITY_UNCONFIRMED
Tanjabar	TANJAB BARAT	BATANG ASAM	Bulan Tungkal	Other	MAPPING RING 2022/Summary Pembagian Ring.xlsx	Ring	D144	HISTORICAL_2022_CURRENT_AUTHORITY_UNCONFIRMED
Tanjabar	TANJAB BARAT	BATANG ASAM	SSP Tebing	Ring 2	MAPPING RING 2022/Summary Pembagian Ring.xlsx	Ring	E144	HISTORICAL_2022_CURRENT_AUTHORITY_UNCONFIRMED
Tanjabar	TANJAB BARAT	BATANG ASAM	TDM Merlung	Ring 1	MAPPING RING 2022/Summary Pembagian Ring.xlsx	Ring	F144	HISTORICAL_2022_CURRENT_AUTHORITY_UNCONFIRMED
Tanjabar	TANJAB BARAT	BATANG ASAM	POS TDM Sei Badar	Lokasi	MAPPING RING 2022/Summary Pembagian Ring.xlsx	Ring	G144	HISTORICAL_2022_CURRENT_AUTHORITY_UNCONFIRMED
Tanjabar	TANJAB BARAT	BATANG ASAM	POS Patria Tungkal	Other	MAPPING RING 2022/Summary Pembagian Ring.xlsx	Ring	H144	HISTORICAL_2022_CURRENT_AUTHORITY_UNCONFIRMED
Tanjabar	TANJAB BARAT	BETARA	Bulan Merlung	Other	MAPPING RING 2022/Summary Pembagian Ring.xlsx	Ring	C145	HISTORICAL_2022_CURRENT_AUTHORITY_UNCONFIRMED
Tanjabar	TANJAB BARAT	BETARA	Bulan Tungkal	Ring 2	MAPPING RING 2022/Summary Pembagian Ring.xlsx	Ring	D145	HISTORICAL_2022_CURRENT_AUTHORITY_UNCONFIRMED
Tanjabar	TANJAB BARAT	BETARA	SSP Tebing	Other	MAPPING RING 2022/Summary Pembagian Ring.xlsx	Ring	E145	HISTORICAL_2022_CURRENT_AUTHORITY_UNCONFIRMED
Tanjabar	TANJAB BARAT	BETARA	TDM Merlung	Ring 3	MAPPING RING 2022/Summary Pembagian Ring.xlsx	Ring	F145	HISTORICAL_2022_CURRENT_AUTHORITY_UNCONFIRMED
Tanjabar	TANJAB BARAT	BETARA	POS TDM Sei Badar	Other	MAPPING RING 2022/Summary Pembagian Ring.xlsx	Ring	G145	HISTORICAL_2022_CURRENT_AUTHORITY_UNCONFIRMED
Tanjabar	TANJAB BARAT	BETARA	POS Patria Tungkal	Ring 2	MAPPING RING 2022/Summary Pembagian Ring.xlsx	Ring	H145	HISTORICAL_2022_CURRENT_AUTHORITY_UNCONFIRMED
Tanjabar	TANJAB BARAT	BRAM ITAM	Bulan Merlung	Other	MAPPING RING 2022/Summary Pembagian Ring.xlsx	Ring	C146	HISTORICAL_2022_CURRENT_AUTHORITY_UNCONFIRMED
Tanjabar	TANJAB BARAT	BRAM ITAM	Bulan Tungkal	Ring 1	MAPPING RING 2022/Summary Pembagian Ring.xlsx	Ring	D146	HISTORICAL_2022_CURRENT_AUTHORITY_UNCONFIRMED
Tanjabar	TANJAB BARAT	BRAM ITAM	SSP Tebing	Ring 3	MAPPING RING 2022/Summary Pembagian Ring.xlsx	Ring	E146	HISTORICAL_2022_CURRENT_AUTHORITY_UNCONFIRMED
Tanjabar	TANJAB BARAT	BRAM ITAM	TDM Merlung	Ring 3	MAPPING RING 2022/Summary Pembagian Ring.xlsx	Ring	F146	HISTORICAL_2022_CURRENT_AUTHORITY_UNCONFIRMED
Tanjabar	TANJAB BARAT	BRAM ITAM	POS TDM Sei Badar	Other	MAPPING RING 2022/Summary Pembagian Ring.xlsx	Ring	G146	HISTORICAL_2022_CURRENT_AUTHORITY_UNCONFIRMED
Tanjabar	TANJAB BARAT	BRAM ITAM	POS Patria Tungkal	Ring 1	MAPPING RING 2022/Summary Pembagian Ring.xlsx	Ring	H146	HISTORICAL_2022_CURRENT_AUTHORITY_UNCONFIRMED
Tanjabar	TANJAB BARAT	KUALA BETARA	Bulan Merlung	Other	MAPPING RING 2022/Summary Pembagian Ring.xlsx	Ring	C147	HISTORICAL_2022_CURRENT_AUTHORITY_UNCONFIRMED
Tanjabar	TANJAB BARAT	KUALA BETARA	Bulan Tungkal	Ring 2	MAPPING RING 2022/Summary Pembagian Ring.xlsx	Ring	D147	HISTORICAL_2022_CURRENT_AUTHORITY_UNCONFIRMED
Tanjabar	TANJAB BARAT	KUALA BETARA	SSP Tebing	Other	MAPPING RING 2022/Summary Pembagian Ring.xlsx	Ring	E147	HISTORICAL_2022_CURRENT_AUTHORITY_UNCONFIRMED
Tanjabar	TANJAB BARAT	KUALA BETARA	TDM Merlung	Other	MAPPING RING 2022/Summary Pembagian Ring.xlsx	Ring	F147	HISTORICAL_2022_CURRENT_AUTHORITY_UNCONFIRMED
Tanjabar	TANJAB BARAT	KUALA BETARA	POS TDM Sei Badar	Other	MAPPING RING 2022/Summary Pembagian Ring.xlsx	Ring	G147	HISTORICAL_2022_CURRENT_AUTHORITY_UNCONFIRMED
Tanjabar	TANJAB BARAT	KUALA BETARA	POS Patria Tungkal	Ring 2	MAPPING RING 2022/Summary Pembagian Ring.xlsx	Ring	H147	HISTORICAL_2022_CURRENT_AUTHORITY_UNCONFIRMED
Tanjabar	TANJAB BARAT	MERLUNG	Bulan Merlung	Lokasi	MAPPING RING 2022/Summary Pembagian Ring.xlsx	Ring	C148	HISTORICAL_2022_CURRENT_AUTHORITY_UNCONFIRMED
Tanjabar	TANJAB BARAT	MERLUNG	Bulan Tungkal	Other	MAPPING RING 2022/Summary Pembagian Ring.xlsx	Ring	D148	HISTORICAL_2022_CURRENT_AUTHORITY_UNCONFIRMED
Tanjabar	TANJAB BARAT	MERLUNG	SSP Tebing	Other	MAPPING RING 2022/Summary Pembagian Ring.xlsx	Ring	E148	HISTORICAL_2022_CURRENT_AUTHORITY_UNCONFIRMED
Tanjabar	TANJAB BARAT	MERLUNG	TDM Merlung	Ring 2	MAPPING RING 2022/Summary Pembagian Ring.xlsx	Ring	F148	HISTORICAL_2022_CURRENT_AUTHORITY_UNCONFIRMED
Tanjabar	TANJAB BARAT	MERLUNG	POS TDM Sei Badar	Ring 3	MAPPING RING 2022/Summary Pembagian Ring.xlsx	Ring	G148	HISTORICAL_2022_CURRENT_AUTHORITY_UNCONFIRMED
Tanjabar	TANJAB BARAT	MERLUNG	POS Patria Tungkal	Other	MAPPING RING 2022/Summary Pembagian Ring.xlsx	Ring	H148	HISTORICAL_2022_CURRENT_AUTHORITY_UNCONFIRMED
Tanjabar	TANJAB BARAT	MUARA PAPALIK	Bulan Merlung	Ring 1	MAPPING RING 2022/Summary Pembagian Ring.xlsx	Ring	C149	HISTORICAL_2022_CURRENT_AUTHORITY_UNCONFIRMED
Tanjabar	TANJAB BARAT	MUARA PAPALIK	Bulan Tungkal	Other	MAPPING RING 2022/Summary Pembagian Ring.xlsx	Ring	D149	HISTORICAL_2022_CURRENT_AUTHORITY_UNCONFIRMED
Tanjabar	TANJAB BARAT	MUARA PAPALIK	SSP Tebing	Other	MAPPING RING 2022/Summary Pembagian Ring.xlsx	Ring	E149	HISTORICAL_2022_CURRENT_AUTHORITY_UNCONFIRMED
Tanjabar	TANJAB BARAT	MUARA PAPALIK	TDM Merlung	Ring 2	MAPPING RING 2022/Summary Pembagian Ring.xlsx	Ring	F149	HISTORICAL_2022_CURRENT_AUTHORITY_UNCONFIRMED
Tanjabar	TANJAB BARAT	MUARA PAPALIK	POS TDM Sei Badar	Other	MAPPING RING 2022/Summary Pembagian Ring.xlsx	Ring	G149	HISTORICAL_2022_CURRENT_AUTHORITY_UNCONFIRMED
Tanjabar	TANJAB BARAT	MUARA PAPALIK	POS Patria Tungkal	Other	MAPPING RING 2022/Summary Pembagian Ring.xlsx	Ring	H149	HISTORICAL_2022_CURRENT_AUTHORITY_UNCONFIRMED
Tanjabar	TANJAB BARAT	PENGABUAN	Bulan Merlung	Other	MAPPING RING 2022/Summary Pembagian Ring.xlsx	Ring	C150	HISTORICAL_2022_CURRENT_AUTHORITY_UNCONFIRMED
Tanjabar	TANJAB BARAT	PENGABUAN	Bulan Tungkal	Ring 3	MAPPING RING 2022/Summary Pembagian Ring.xlsx	Ring	D150	HISTORICAL_2022_CURRENT_AUTHORITY_UNCONFIRMED
Tanjabar	TANJAB BARAT	PENGABUAN	SSP Tebing	Ring 2	MAPPING RING 2022/Summary Pembagian Ring.xlsx	Ring	E150	HISTORICAL_2022_CURRENT_AUTHORITY_UNCONFIRMED
Tanjabar	TANJAB BARAT	PENGABUAN	TDM Merlung	Ring 3	MAPPING RING 2022/Summary Pembagian Ring.xlsx	Ring	F150	HISTORICAL_2022_CURRENT_AUTHORITY_UNCONFIRMED
Tanjabar	TANJAB BARAT	PENGABUAN	POS TDM Sei Badar	Other	MAPPING RING 2022/Summary Pembagian Ring.xlsx	Ring	G150	HISTORICAL_2022_CURRENT_AUTHORITY_UNCONFIRMED
Tanjabar	TANJAB BARAT	PENGABUAN	POS Patria Tungkal	Ring 3	MAPPING RING 2022/Summary Pembagian Ring.xlsx	Ring	H150	HISTORICAL_2022_CURRENT_AUTHORITY_UNCONFIRMED
Tanjabar	TANJAB BARAT	RENAH MENDALUH	Bulan Merlung	Ring 2	MAPPING RING 2022/Summary Pembagian Ring.xlsx	Ring	C151	HISTORICAL_2022_CURRENT_AUTHORITY_UNCONFIRMED
Tanjabar	TANJAB BARAT	RENAH MENDALUH	Bulan Tungkal	Other	MAPPING RING 2022/Summary Pembagian Ring.xlsx	Ring	D151	HISTORICAL_2022_CURRENT_AUTHORITY_UNCONFIRMED
Tanjabar	TANJAB BARAT	RENAH MENDALUH	SSP Tebing	Other	MAPPING RING 2022/Summary Pembagian Ring.xlsx	Ring	E151	HISTORICAL_2022_CURRENT_AUTHORITY_UNCONFIRMED
Tanjabar	TANJAB BARAT	RENAH MENDALUH	TDM Merlung	Ring 3	MAPPING RING 2022/Summary Pembagian Ring.xlsx	Ring	F151	HISTORICAL_2022_CURRENT_AUTHORITY_UNCONFIRMED
Tanjabar	TANJAB BARAT	RENAH MENDALUH	POS TDM Sei Badar	Ring 3	MAPPING RING 2022/Summary Pembagian Ring.xlsx	Ring	G151	HISTORICAL_2022_CURRENT_AUTHORITY_UNCONFIRMED
Tanjabar	TANJAB BARAT	RENAH MENDALUH	POS Patria Tungkal	Other	MAPPING RING 2022/Summary Pembagian Ring.xlsx	Ring	H151	HISTORICAL_2022_CURRENT_AUTHORITY_UNCONFIRMED
Tanjabar	TANJAB BARAT	SEBERANG KOTA	Bulan Merlung	Other	MAPPING RING 2022/Summary Pembagian Ring.xlsx	Ring	C152	HISTORICAL_2022_CURRENT_AUTHORITY_UNCONFIRMED
Tanjabar	TANJAB BARAT	SEBERANG KOTA	Bulan Tungkal	Ring 1	MAPPING RING 2022/Summary Pembagian Ring.xlsx	Ring	D152	HISTORICAL_2022_CURRENT_AUTHORITY_UNCONFIRMED
Tanjabar	TANJAB BARAT	SEBERANG KOTA	SSP Tebing	Other	MAPPING RING 2022/Summary Pembagian Ring.xlsx	Ring	E152	HISTORICAL_2022_CURRENT_AUTHORITY_UNCONFIRMED
Tanjabar	TANJAB BARAT	SEBERANG KOTA	TDM Merlung	Other	MAPPING RING 2022/Summary Pembagian Ring.xlsx	Ring	F152	HISTORICAL_2022_CURRENT_AUTHORITY_UNCONFIRMED
Tanjabar	TANJAB BARAT	SEBERANG KOTA	POS TDM Sei Badar	Other	MAPPING RING 2022/Summary Pembagian Ring.xlsx	Ring	G152	HISTORICAL_2022_CURRENT_AUTHORITY_UNCONFIRMED
Tanjabar	TANJAB BARAT	SEBERANG KOTA	POS Patria Tungkal	Ring 1	MAPPING RING 2022/Summary Pembagian Ring.xlsx	Ring	H152	HISTORICAL_2022_CURRENT_AUTHORITY_UNCONFIRMED
Tanjabar	TANJAB BARAT	SENYERANG	Bulan Merlung	Other	MAPPING RING 2022/Summary Pembagian Ring.xlsx	Ring	C153	HISTORICAL_2022_CURRENT_AUTHORITY_UNCONFIRMED
Tanjabar	TANJAB BARAT	SENYERANG	Bulan Tungkal	Other	MAPPING RING 2022/Summary Pembagian Ring.xlsx	Ring	D153	HISTORICAL_2022_CURRENT_AUTHORITY_UNCONFIRMED
Tanjabar	TANJAB BARAT	SENYERANG	SSP Tebing	Ring 2	MAPPING RING 2022/Summary Pembagian Ring.xlsx	Ring	E153	HISTORICAL_2022_CURRENT_AUTHORITY_UNCONFIRMED
Tanjabar	TANJAB BARAT	SENYERANG	TDM Merlung	Other	MAPPING RING 2022/Summary Pembagian Ring.xlsx	Ring	F153	HISTORICAL_2022_CURRENT_AUTHORITY_UNCONFIRMED
Tanjabar	TANJAB BARAT	SENYERANG	POS TDM Sei Badar	Other	MAPPING RING 2022/Summary Pembagian Ring.xlsx	Ring	G153	HISTORICAL_2022_CURRENT_AUTHORITY_UNCONFIRMED
Tanjabar	TANJAB BARAT	SENYERANG	POS Patria Tungkal	Other	MAPPING RING 2022/Summary Pembagian Ring.xlsx	Ring	H153	HISTORICAL_2022_CURRENT_AUTHORITY_UNCONFIRMED
Tanjabar	TANJAB BARAT	TEBING TINGGI	Bulan Merlung	Ring 3	MAPPING RING 2022/Summary Pembagian Ring.xlsx	Ring	C154	HISTORICAL_2022_CURRENT_AUTHORITY_UNCONFIRMED
Tanjabar	TANJAB BARAT	TEBING TINGGI	Bulan Tungkal	Other	MAPPING RING 2022/Summary Pembagian Ring.xlsx	Ring	D154	HISTORICAL_2022_CURRENT_AUTHORITY_UNCONFIRMED
Tanjabar	TANJAB BARAT	TEBING TINGGI	SSP Tebing	Lokasi	MAPPING RING 2022/Summary Pembagian Ring.xlsx	Ring	E154	HISTORICAL_2022_CURRENT_AUTHORITY_UNCONFIRMED
Tanjabar	TANJAB BARAT	TEBING TINGGI	TDM Merlung	Ring 1	MAPPING RING 2022/Summary Pembagian Ring.xlsx	Ring	F154	HISTORICAL_2022_CURRENT_AUTHORITY_UNCONFIRMED
Tanjabar	TANJAB BARAT	TEBING TINGGI	POS TDM Sei Badar	Ring 2	MAPPING RING 2022/Summary Pembagian Ring.xlsx	Ring	G154	HISTORICAL_2022_CURRENT_AUTHORITY_UNCONFIRMED
Tanjabar	TANJAB BARAT	TEBING TINGGI	POS Patria Tungkal	Other	MAPPING RING 2022/Summary Pembagian Ring.xlsx	Ring	H154	HISTORICAL_2022_CURRENT_AUTHORITY_UNCONFIRMED
Tanjabar	TANJAB BARAT	TUNGKAL ILIR	Bulan Merlung	Other	MAPPING RING 2022/Summary Pembagian Ring.xlsx	Ring	C155	HISTORICAL_2022_CURRENT_AUTHORITY_UNCONFIRMED
Tanjabar	TANJAB BARAT	TUNGKAL ILIR	Bulan Tungkal	Lokasi	MAPPING RING 2022/Summary Pembagian Ring.xlsx	Ring	D155	HISTORICAL_2022_CURRENT_AUTHORITY_UNCONFIRMED
Tanjabar	TANJAB BARAT	TUNGKAL ILIR	SSP Tebing	Other	MAPPING RING 2022/Summary Pembagian Ring.xlsx	Ring	E155	HISTORICAL_2022_CURRENT_AUTHORITY_UNCONFIRMED
Tanjabar	TANJAB BARAT	TUNGKAL ILIR	TDM Merlung	Other	MAPPING RING 2022/Summary Pembagian Ring.xlsx	Ring	F155	HISTORICAL_2022_CURRENT_AUTHORITY_UNCONFIRMED
Tanjabar	TANJAB BARAT	TUNGKAL ILIR	POS TDM Sei Badar	Other	MAPPING RING 2022/Summary Pembagian Ring.xlsx	Ring	G155	HISTORICAL_2022_CURRENT_AUTHORITY_UNCONFIRMED
Tanjabar	TANJAB BARAT	TUNGKAL ILIR	POS Patria Tungkal	Lokasi	MAPPING RING 2022/Summary Pembagian Ring.xlsx	Ring	H155	HISTORICAL_2022_CURRENT_AUTHORITY_UNCONFIRMED
Tanjabar	TANJAB BARAT	TUNGKAL ULU	Bulan Merlung	Ring 2	MAPPING RING 2022/Summary Pembagian Ring.xlsx	Ring	C156	HISTORICAL_2022_CURRENT_AUTHORITY_UNCONFIRMED
Tanjabar	TANJAB BARAT	TUNGKAL ULU	Bulan Tungkal	Other	MAPPING RING 2022/Summary Pembagian Ring.xlsx	Ring	D156	HISTORICAL_2022_CURRENT_AUTHORITY_UNCONFIRMED
Tanjabar	TANJAB BARAT	TUNGKAL ULU	SSP Tebing	Ring 1	MAPPING RING 2022/Summary Pembagian Ring.xlsx	Ring	E156	HISTORICAL_2022_CURRENT_AUTHORITY_UNCONFIRMED
Tanjabar	TANJAB BARAT	TUNGKAL ULU	TDM Merlung	Lokasi	MAPPING RING 2022/Summary Pembagian Ring.xlsx	Ring	F156	HISTORICAL_2022_CURRENT_AUTHORITY_UNCONFIRMED
Tanjabar	TANJAB BARAT	TUNGKAL ULU	POS TDM Sei Badar	Ring 1	MAPPING RING 2022/Summary Pembagian Ring.xlsx	Ring	G156	HISTORICAL_2022_CURRENT_AUTHORITY_UNCONFIRMED
Tanjabar	TANJAB BARAT	TUNGKAL ULU	POS Patria Tungkal	Other	MAPPING RING 2022/Summary Pembagian Ring.xlsx	Ring	H156	HISTORICAL_2022_CURRENT_AUTHORITY_UNCONFIRMED
